game_id,season,week,season_type,game_date,qb,offense,opponent,quarter,clock,start_score_diff,start_field_position,required_result,classification,decision_note,team_result,xcdcr_pct,difficulty,manual_override,methodology_version
1999_01_ARI_PHI,1999,1,REG,1999-09-12,Jake Plummer,ARI,PHI,4,1:49,-2,PHI 43,Tie or take lead,CONVERSION,Offense reached required score state,W,48.009,AVERAGE,no,1.2
1999_01_CIN_TEN,1999,1,REG,1999-09-12,Akili Smith,CIN,TEN,4,0:08,-1,CIN 40,Tie or take lead,FAILURE,End of game,L,26.001,DIFFICULT,no,1.2
1999_01_CIN_TEN,1999,1,REG,1999-09-12,Steve McNair,TEN,CIN,4,2:24,-2,CIN 49,Tie or take lead,CONVERSION,Offense reached required score state,W,66.538,FAVORABLE,no,1.2
1999_01_DAL_WAS,1999,1,REG,1999-09-12,Troy Aikman,DAL,WAS,5,12:47,0,DAL 5,Take lead,CONVERSION,Offense reached required score state,W,41.12,AVERAGE,no,1.2
1999_01_DAL_WAS,1999,1,REG,1999-09-12,Brad Johnson,WAS,DAL,5,15:00,0,WAS 24,Take lead,FAILURE,Punt,L,55.593,FAVORABLE,no,1.2
1999_01_DET_SEA,1999,1,REG,1999-09-12,Jon Kitna,SEA,DET,4,2:10,-8,SEA 25,TD + 2-point conversion,FAILURE,Turnover on downs,L,8.336,VERY_DIFFICULT,no,1.2
1999_01_KC_CHI,1999,1,REG,1999-09-12,Elvis Grbac,KC,CHI,4,2:10,-3,KC 4,Tie or take lead,FAILURE,Turnover on downs,L,39.462,AVERAGE,no,1.2
1999_01_MIN_ATL,1999,1,REG,1999-09-12,Chris Chandler,ATL,MIN,4,5:50,-3,ATL 20,Tie or take lead,CONVERSION,Missed or blocked fg 45 or shorter,L,61.476,FAVORABLE,no,1.2
1999_01_NE_NYJ,1999,1,REG,1999-09-12,Drew Bledsoe,NE,NYJ,4,3:30,-1,NYJ 49,Tie or take lead,CONVERSION,Offense reached required score state,W,66.538,FAVORABLE,no,1.2
1999_01_NYG_TB,1999,1,REG,1999-09-12,Eric Zeier,TB,NYG,4,1:41,-4,TB 23,Tie or take lead,FAILURE,Interception,L,16.418,VERY_DIFFICULT,no,1.2
1999_01_OAK_GB,1999,1,REG,1999-09-12,Brett Favre,GB,LV,4,1:51,-3,GB 18,Tie or take lead,CONVERSION,Offense reached required score state,W,23.236,DIFFICULT,no,1.2
1999_01_OAK_GB,1999,1,REG,1999-09-12,Rich Gannon,LV,GB,4,0:11,-4,LV 40,Tie or take lead,FAILURE,End of game,L,11.284,VERY_DIFFICULT,no,1.2
1999_02_ARI_MIA,1999,2,REG,1999-09-19,Jake Plummer,ARI,MIA,4,1:14,-3,ARI 32,Tie or take lead,FAILURE,Interception,L,35.175,AVERAGE,no,1.2
1999_02_GB_DET,1999,2,REG,1999-09-19,Brett Favre,GB,DET,4,2:46,-8,GB 20,TD + 2-point conversion,FAILURE,Turnover on downs,L,8.336,VERY_DIFFICULT,no,1.2
1999_02_IND_NE,1999,2,REG,1999-09-19,Peyton Manning,IND,NE,4,0:35,-3,IND 28,Tie or take lead,FAILURE,Interception,L,17.114,VERY_DIFFICULT,no,1.2
1999_02_IND_NE,1999,2,REG,1999-09-19,Drew Bledsoe,NE,IND,4,2:32,0,IND 37,Take lead,CONVERSION,Offense reached required score state,W,92.742,VERY_FAVORABLE,no,1.2
1999_02_JAX_CAR,1999,2,REG,1999-09-19,Steve Beuerlein,CAR,JAX,4,1:48,-8,CAR 30,TD + 2-point conversion,FAILURE,Two point conversion failed,L,4.052,VERY_DIFFICULT,no,1.2
1999_02_NO_SF,1999,2,REG,1999-09-19,Billy Joe Hobert,NO,SF,4,1:31,-7,NO 20,Touchdown,FAILURE,Turnover on downs,L,10.987,VERY_DIFFICULT,no,1.2
1999_02_NO_SF,1999,2,REG,1999-09-19,Steve Young,SF,NO,4,6:53,-7,SF 38,Touchdown,CONVERSION,Touchdown down 7 kicker neutral,W,26.632,DIFFICULT,no,1.2
1999_02_OAK_MIN,1999,2,REG,1999-09-19,Randall Cunningham,MIN,LV,4,3:40,-5,MIN 32,Tie or take lead,FAILURE,Punt,L,29.726,DIFFICULT,no,1.2
1999_02_PIT_BAL,1999,2,REG,1999-09-19,Stoney Case,BAL,PIT,4,2:39,-7,BAL 28,Touchdown,CONVERSION,Touchdown down 7 kicker neutral,L,20.999,DIFFICULT,no,1.2
1999_02_PIT_BAL,1999,2,REG,1999-09-19,Kordell Stewart,PIT,BAL,4,1:22,0,50,Take lead,CONVERSION,Offense reached required score state,W,71.029,VERY_FAVORABLE,no,1.2
1999_02_SEA_CHI,1999,2,REG,1999-09-19,Shane Matthews,CHI,SEA,4,2:42,-1,CHI 25,Tie or take lead,ND-K,Missed or blocked fg 46 to 55,L,,,no,1.2
1999_03_CHI_OAK,1999,3,REG,1999-09-26,Shane Matthews,CHI,LV,4,2:36,-7,CHI 15,Touchdown,FAILURE,Fumble lost,L,12.913,VERY_DIFFICULT,no,1.2
1999_03_CLE_BAL,1999,3,REG,1999-09-26,Tim Couch,CLE,BAL,4,2:34,-7,CLE 26,Touchdown,FAILURE,Interception,L,20.999,DIFFICULT,no,1.2
1999_03_DEN_TB,1999,3,REG,1999-09-26,Brian Griese,DEN,TB,4,2:15,-3,DEN 15,Tie or take lead,FAILURE,Turnover on downs,L,39.462,AVERAGE,no,1.2
1999_03_IND_SD,1999,3,REG,1999-09-26,Jim Harbaugh,LAC,IND,4,2:34,-8,LAC 30,TD + 2-point conversion,FAILURE,Interception,L,8.336,VERY_DIFFICULT,no,1.2
1999_03_MIN_GB,1999,3,REG,1999-09-26,Brett Favre,GB,MIN,4,1:56,-4,GB 23,Tie or take lead,CONVERSION,Offense reached required score state,W,16.418,VERY_DIFFICULT,no,1.2
1999_03_MIN_GB,1999,3,REG,1999-09-26,Randall Cunningham,MIN,GB,4,0:12,-3,MIN 34,Tie or take lead,FAILURE,Interception,L,17.114,VERY_DIFFICULT,no,1.2
1999_03_TEN_JAX,1999,3,REG,1999-09-26,Mark Brunell,JAX,TEN,4,3:26,-3,JAX 30,Tie or take lead,FAILURE,Interception,L,53.885,AVERAGE,no,1.2
1999_03_TEN_JAX,1999,3,REG,1999-09-26,Neil O'Donnell,TEN,JAX,4,5:07,-4,JAX 45,Tie or take lead,CONVERSION,Offense reached required score state,W,49.573,AVERAGE,no,1.2
1999_04_BAL_ATL,1999,4,REG,1999-10-03,Danny Kanell,ATL,BAL,5,15:00,0,ATL 18,Take lead,FAILURE,Punt,L,41.12,AVERAGE,no,1.2
1999_04_BAL_ATL,1999,4,REG,1999-10-03,Stoney Case,BAL,ATL,5,13:53,0,BAL 36,Take lead,CONVERSION,Offense reached required score state,W,55.593,FAVORABLE,no,1.2
1999_04_BUF_MIA,1999,4,REG,1999-10-04,Dan Marino,MIA,BUF,4,2:59,-5,MIA 33,Tie or take lead,FAILURE,Turnover on downs,L,29.726,DIFFICULT,no,1.2
1999_04_CAR_WAS,1999,4,REG,1999-10-03,Brad Johnson,WAS,CAR,4,4:19,-1,WAS 19,Tie or take lead,CONVERSION,Offense reached required score state,W,39.462,AVERAGE,no,1.2
1999_04_KC_SD,1999,4,REG,1999-10-03,Elvis Grbac,KC,LAC,4,1:01,-7,LAC 49,Touchdown,FAILURE,End of game,L,17.359,VERY_DIFFICULT,no,1.2
1999_04_NO_CHI,1999,4,REG,1999-10-03,Shane Matthews,CHI,NO,4,1:08,-3,CHI 33,Tie or take lead,CONVERSION,Offense reached required score state,W,35.175,AVERAGE,no,1.2
1999_04_NYJ_DEN,1999,4,REG,1999-10-03,Bubby Brister,DEN,NYJ,4,1:49,-8,DEN 2,TD + 2-point conversion,FAILURE,Interception,L,2.302,VERY_DIFFICULT,no,1.2
1999_04_OAK_SEA,1999,4,REG,1999-10-03,Rich Gannon,LV,SEA,4,0:45,-1,LV 13,Tie or take lead,MANUAL_REVIEW,Missed or blocked fg 56 plus,L,,,no,1.2
1999_04_PHI_NYG,1999,4,REG,1999-10-03,Donovan McNabb,PHI,NYG,4,3:37,-1,PHI 10,Tie or take lead,FAILURE,Punt,L,39.462,AVERAGE,no,1.2
1999_04_TB_MIN,1999,4,REG,1999-10-03,Trent Dilfer,TB,MIN,4,1:36,-7,TB 35,Touchdown,FAILURE,End of game,L,10.987,VERY_DIFFICULT,no,1.2
1999_04_TEN_SF,1999,4,REG,1999-10-03,Neil O'Donnell,TEN,SF,4,2:25,-8,TEN 48,TD + 2-point conversion,FAILURE,Two point conversion failed,L,13.402,VERY_DIFFICULT,no,1.2
1999_05_ATL_NO,1999,5,REG,1999-10-10,Billy Joe Tolliver,NO,ATL,4,0:42,-3,NO 13,Tie or take lead,FAILURE,End of game,L,10.329,VERY_DIFFICULT,no,1.2
1999_05_BAL_TEN,1999,5,REG,1999-10-10,Stoney Case,BAL,TEN,4,0:36,-3,BAL 7,Tie or take lead,FAILURE,End of game,L,10.329,VERY_DIFFICULT,no,1.2
1999_05_CIN_CLE,1999,5,REG,1999-10-10,Akili Smith,CIN,CLE,4,2:04,-5,CIN 20,Tie or take lead,CONVERSION,Offense reached required score state,W,29.726,DIFFICULT,no,1.2
1999_05_DAL_PHI,1999,5,REG,1999-10-10,Troy Aikman,DAL,PHI,4,1:07,-3,DAL 13,Tie or take lead,FAILURE,Interception,L,23.236,DIFFICULT,no,1.2
1999_05_DAL_PHI,1999,5,REG,1999-10-10,Doug Pederson,PHI,DAL,4,3:13,-4,PHI 38,Tie or take lead,CONVERSION,Offense reached required score state,W,29.726,DIFFICULT,no,1.2
1999_05_DEN_OAK,1999,5,REG,1999-10-10,Rich Gannon,LV,DEN,4,2:13,-3,LV 38,Tie or take lead,FAILURE,Interception,L,53.885,AVERAGE,no,1.2
1999_05_MIA_IND,1999,5,REG,1999-10-10,Peyton Manning,IND,MIA,4,0:27,-3,IND 26,Tie or take lead,FAILURE,Interception,L,17.114,VERY_DIFFICULT,no,1.2
1999_05_MIA_IND,1999,5,REG,1999-10-10,Dan Marino,MIA,IND,4,1:54,-4,MIA 36,Tie or take lead,CONVERSION,Offense reached required score state,W,16.418,VERY_DIFFICULT,no,1.2
1999_05_NE_KC,1999,5,REG,1999-10-10,Drew Bledsoe,NE,KC,4,0:30,-2,NE 33,Tie or take lead,CONVERSION,Missed or blocked fg 45 or shorter,L,17.114,VERY_DIFFICULT,no,1.2
1999_05_TB_GB,1999,5,REG,1999-10-10,Brett Favre,GB,TB,4,1:45,-4,GB 27,Tie or take lead,CONVERSION,Offense reached required score state,W,16.418,VERY_DIFFICULT,no,1.2
1999_05_TB_GB,1999,5,REG,1999-10-10,Trent Dilfer,TB,GB,4,1:05,-3,TB 21,Tie or take lead,FAILURE,Interception,L,35.175,AVERAGE,no,1.2
1999_06_CAR_SF,1999,6,REG,1999-10-17,Jeff Garcia,SF,CAR,4,0:56,-2,SF 7,Tie or take lead,FAILURE,End of game,L,10.329,VERY_DIFFICULT,no,1.2
1999_06_DAL_NYG,1999,6,REG,1999-10-18,Troy Aikman,DAL,NYG,4,5:03,-7,DAL 32,Touchdown,CONVERSION,Touchdown down 7 kicker neutral,L,26.632,DIFFICULT,no,1.2
1999_06_DAL_NYG,1999,6,REG,1999-10-18,Kent Graham,NYG,DAL,4,1:57,0,NYG 19,Take lead,CONVERSION,Offense reached required score state,W,44.559,AVERAGE,no,1.2
1999_06_IND_NYJ,1999,6,REG,1999-10-17,Peyton Manning,IND,NYJ,4,4:32,0,NYJ 45,Take lead,CONVERSION,Offense reached required score state,W,84.076,VERY_FAVORABLE,no,1.2
1999_06_IND_NYJ,1999,6,REG,1999-10-17,Ray Lucas,NYJ,IND,4,7:50,0,50,Take lead,FAILURE,Interception,L,87.82,VERY_FAVORABLE,no,1.2
1999_06_MIA_NE,1999,6,REG,1999-10-17,Damon Huard,MIA,NE,4,2:10,-5,MIA 41,Tie or take lead,CONVERSION,Offense reached required score state,W,41.855,AVERAGE,no,1.2
1999_06_MIA_NE,1999,6,REG,1999-10-17,Drew Bledsoe,NE,MIA,4,0:23,-1,NE 20,Tie or take lead,FAILURE,End of game,L,17.114,VERY_DIFFICULT,no,1.2
1999_06_MIN_DET,1999,6,REG,1999-10-17,Gus Frerotte,DET,MIN,4,1:40,-1,DET 27,Tie or take lead,CONVERSION,Offense reached required score state,W,35.175,AVERAGE,no,1.2
1999_06_MIN_DET,1999,6,REG,1999-10-17,Jeff George,MIN,DET,4,7:06,-2,MIN 21,Tie or take lead,CONVERSION,Offense reached required score state,L,61.476,FAVORABLE,no,1.2
1999_06_OAK_BUF,1999,6,REG,1999-10-17,Doug Flutie,BUF,LV,4,0:59,-6,BUF 23,Tie or take lead,FAILURE,Interception,L,6.955,VERY_DIFFICULT,no,1.2
1999_06_PHI_CHI,1999,6,REG,1999-10-17,Cade McNown,CHI,PHI,4,2:49,-4,CHI 14,Tie or take lead,FAILURE,Punt,L,19.092,VERY_DIFFICULT,no,1.2
1999_06_SEA_SD,1999,6,REG,1999-10-17,Erik Kramer,LAC,SEA,4,1:34,0,LAC 32,Take lead,CONVERSION,Offense reached required score state,W,59.028,FAVORABLE,no,1.2
1999_06_SEA_SD,1999,6,REG,1999-10-17,Jon Kitna,SEA,LAC,4,2:54,0,SEA 17,Take lead,FAILURE,Punt,L,63.38,FAVORABLE,no,1.2
1999_07_ATL_PIT,1999,7,REG,1999-10-25,Chris Chandler,ATL,PIT,4,1:20,-4,ATL 36,Tie or take lead,FAILURE,End of game,L,16.418,VERY_DIFFICULT,no,1.2
1999_07_CHI_TB,1999,7,REG,1999-10-24,Jim Miller,CHI,TB,4,1:43,-3,CHI 29,Tie or take lead,FAILURE,Interception,L,35.175,AVERAGE,no,1.2
1999_07_DEN_NE,1999,7,REG,1999-10-24,Brian Griese,DEN,NE,4,3:15,-1,DEN 20,Tie or take lead,MANUAL_REVIEW,Missed or blocked fg 56 plus,L,,,no,1.2
1999_07_NYJ_OAK,1999,7,REG,1999-10-24,Rich Gannon,LV,NYJ,4,1:55,-6,LV 10,Tie or take lead,CONVERSION,Offense reached required score state,W,9.876,VERY_DIFFICULT,no,1.2
1999_07_NYJ_OAK,1999,7,REG,1999-10-24,Rick Mirer,NYJ,LV,4,0:26,-1,NYJ 20,Tie or take lead,FAILURE,Interception,L,17.114,VERY_DIFFICULT,no,1.2
1999_07_PHI_MIA,1999,7,REG,1999-10-24,Doug Pederson,PHI,MIA,4,2:37,-3,PHI 42,Tie or take lead,CONVERSION,Missed or blocked fg 45 or shorter,L,66.538,FAVORABLE,no,1.2
1999_08_BUF_BAL,1999,8,REG,1999-10-31,Tony Banks,BAL,BUF,4,1:35,-3,BAL 20,Tie or take lead,FAILURE,Turnover on downs,L,35.175,AVERAGE,no,1.2
1999_08_BUF_BAL,1999,8,REG,1999-10-31,Doug Flutie,BUF,BAL,4,3:25,-4,BAL 45,Tie or take lead,CONVERSION,Offense reached required score state,W,41.855,AVERAGE,no,1.2
1999_08_CLE_NO,1999,8,REG,1999-10-31,Tim Couch,CLE,NO,4,0:21,-2,CLE 25,Tie or take lead,CONVERSION,Offense reached required score state,W,17.114,VERY_DIFFICULT,no,1.2
1999_08_CLE_NO,1999,8,REG,1999-10-31,Billy Joe Tolliver,NO,CLE,4,3:41,-1,NO 37,Tie or take lead,CONVERSION,Offense reached required score state,L,53.885,AVERAGE,no,1.2
1999_08_MIA_OAK,1999,8,REG,1999-10-31,Rich Gannon,LV,MIA,4,3:21,-7,LV 40,Touchdown,FAILURE,Punt,L,31.145,DIFFICULT,no,1.2
1999_08_MIN_DEN,1999,8,REG,1999-10-31,Brian Griese,DEN,MIN,4,8:16,-8,DEN 45,TD + 2-point conversion,CONVERSION,Offense reached required score state,L,17.448,VERY_DIFFICULT,no,1.2
1999_08_MIN_DEN,1999,8,REG,1999-10-31,Jeff George,MIN,DEN,4,5:09,0,MIN 22,Take lead,CONVERSION,Offense reached required score state,W,80.905,VERY_FAVORABLE,no,1.2
1999_08_NYG_PHI,1999,8,REG,1999-10-31,Kent Graham,NYG,PHI,5,15:00,0,NYG 27,Take lead,FAILURE,Punt,W,55.593,FAVORABLE,no,1.2
1999_08_NYG_PHI,1999,8,REG,1999-10-31,Doug Pederson,PHI,NYG,5,13:30,0,PHI 28,Take lead,FAILURE,Interception,L,55.593,FAVORABLE,no,1.2
1999_08_STL_TEN,1999,8,REG,1999-10-31,Kurt Warner,LA,TEN,4,2:14,-3,LA 42,Tie or take lead,CONVERSION,Missed or blocked fg 45 or shorter,L,66.538,FAVORABLE,no,1.2
1999_09_ARI_NYJ,1999,9,REG,1999-11-07,Dave Brown,ARI,NYJ,4,2:50,-5,ARI 35,Tie or take lead,FAILURE,Punt,L,29.726,DIFFICULT,no,1.2
1999_09_CHI_GB,1999,9,REG,1999-11-07,Brett Favre,GB,CHI,4,3:19,-1,GB 17,Tie or take lead,CONVERSION,Missed or blocked fg 45 or shorter,L,39.462,AVERAGE,no,1.2
1999_09_KC_IND,1999,9,REG,1999-11-07,Unresolved,KC,IND,4,1:10,-8,KC 30,TD + 2-point conversion,MANUAL_REVIEW,Multi qb material participation,L,,,no,1.2
1999_09_STL_DET,1999,9,REG,1999-11-07,Gus Frerotte,DET,LA,4,2:42,-3,DET 23,Tie or take lead,CONVERSION,Offense reached required score state,W,53.885,AVERAGE,no,1.2
1999_09_STL_DET,1999,9,REG,1999-11-07,Kurt Warner,LA,DET,4,0:28,-4,LA 23,Tie or take lead,FAILURE,Interception,L,6.955,VERY_DIFFICULT,no,1.2
1999_10_BAL_JAX,1999,10,REG,1999-11-14,Tony Banks,BAL,JAX,4,7:56,-3,BAL 32,Tie or take lead,FAILURE,Turnover on downs,L,61.476,FAVORABLE,no,1.2
1999_10_CLE_PIT,1999,10,REG,1999-11-14,Tim Couch,CLE,PIT,4,1:51,-2,CLE 20,Tie or take lead,CONVERSION,Offense reached required score state,W,35.175,AVERAGE,no,1.2
1999_10_DEN_SEA,1999,10,REG,1999-11-14,Chris Miller,DEN,SEA,4,0:21,-3,DEN 20,Tie or take lead,FAILURE,End of game,L,17.114,VERY_DIFFICULT,no,1.2
1999_10_DET_ARI,1999,10,REG,1999-11-14,Gus Frerotte,DET,ARI,4,4:09,-4,DET 42,Tie or take lead,FAILURE,Turnover on downs,L,41.855,AVERAGE,no,1.2
1999_10_GB_DAL,1999,10,REG,1999-11-14,Brett Favre,GB,DAL,4,1:21,-7,GB 43,Touchdown,FAILURE,Interception,L,17.359,VERY_DIFFICULT,no,1.2
1999_10_IND_NYG,1999,10,REG,1999-11-14,Kent Graham,NYG,IND,4,3:36,-8,IND 47,TD + 2-point conversion,FAILURE,Fumble lost,L,13.402,VERY_DIFFICULT,no,1.2
1999_10_KC_TB,1999,10,REG,1999-11-14,Elvis Grbac,KC,TB,4,2:47,-7,KC 21,Touchdown,FAILURE,Interception,L,20.999,DIFFICULT,no,1.2
1999_10_MIN_CHI,1999,10,REG,1999-11-14,Jim Miller,CHI,MIN,5,14:45,0,MIN 29,Take lead,CONVERSION,Missed or blocked fg 45 or shorter,L,83.756,VERY_FAVORABLE,no,1.2
1999_10_MIN_CHI,1999,10,REG,1999-11-14,Jeff George,MIN,CHI,5,12:58,0,MIN 31,Take lead,CONVERSION,Offense reached required score state,W,55.593,FAVORABLE,no,1.2
1999_10_NYJ_NE,1999,10,REG,1999-11-15,Drew Bledsoe,NE,NYJ,4,1:51,-7,NE 20,Touchdown,FAILURE,Turnover on downs,L,10.987,VERY_DIFFICULT,no,1.2
1999_10_WAS_PHI,1999,10,REG,1999-11-14,Donovan McNabb,PHI,WAS,4,5:49,-1,WAS 50,Tie or take lead,CONVERSION,Offense reached required score state,W,73.087,VERY_FAVORABLE,no,1.2
1999_10_WAS_PHI,1999,10,REG,1999-11-14,Brad Johnson,WAS,PHI,4,3:38,-7,WAS 36,Touchdown,FAILURE,Turnover on downs,L,20.999,DIFFICULT,no,1.2
1999_11_ATL_TB,1999,11,REG,1999-11-21,Trent Dilfer,TB,ATL,4,3:45,-1,TB 40,Tie or take lead,CONVERSION,Offense reached required score state,W,66.538,FAVORABLE,no,1.2
1999_11_BAL_CIN,1999,11,REG,1999-11-21,Tony Banks,BAL,CIN,4,1:50,0,BAL 31,Take lead,CONVERSION,Offense reached required score state,W,59.028,FAVORABLE,no,1.2
1999_11_BAL_CIN,1999,11,REG,1999-11-21,Jeff Blake,CIN,BAL,4,5:28,-3,CIN 20,Tie or take lead,CONVERSION,Offense reached required score state,L,61.476,FAVORABLE,no,1.2
1999_11_CHI_SD,1999,11,REG,1999-11-21,Jim Miller,CHI,LAC,5,15:00,0,CHI 22,Take lead,CONVERSION,Offense reached required score state,W,55.593,FAVORABLE,no,1.2
1999_11_CHI_SD,1999,11,REG,1999-11-21,Jim Harbaugh,LAC,CHI,4,1:54,-3,LAC 23,Tie or take lead,CONVERSION,Offense reached required score state,L,35.175,AVERAGE,no,1.2
1999_11_DAL_ARI,1999,11,REG,1999-11-21,Jason Garrett,DAL,ARI,4,1:49,-4,ARI 43,Tie or take lead,FAILURE,Turnover on downs,L,25.053,DIFFICULT,no,1.2
1999_11_OAK_DEN,1999,11,REG,1999-11-22,Brian Griese,DEN,LV,5,12:26,0,LV 24,Take lead,CONVERSION,active qb verified after q4 replacement; Griese was active in overtime,W,83.756,VERY_FAVORABLE,yes,1.2
1999_11_OAK_DEN,1999,11,REG,1999-11-22,Rich Gannon,LV,DEN,5,13:54,0,LV 19,Take lead,FAILURE,Fumble lost,L,41.12,AVERAGE,no,1.2
1999_11_PIT_TEN,1999,11,REG,1999-11-21,Kordell Stewart,PIT,TEN,4,3:15,-6,PIT 9,Tie or take lead,FAILURE,Interception,L,19.092,VERY_DIFFICULT,no,1.2
1999_12_ATL_CAR,1999,12,REG,1999-11-28,Chris Chandler,ATL,CAR,4,1:06,-6,ATL 31,Tie or take lead,FAILURE,Turnover on downs,L,16.418,VERY_DIFFICULT,no,1.2
1999_12_CHI_DET,1999,12,REG,1999-11-25,Jim Miller,CHI,DET,4,6:34,-4,CHI 15,Tie or take lead,FAILURE,Punt,L,24.372,DIFFICULT,no,1.2
1999_12_CIN_PIT,1999,12,REG,1999-11-28,Mike Tomczak,PIT,CIN,4,4:12,-7,PIT 13,Touchdown,FAILURE,Turnover on downs,L,12.913,VERY_DIFFICULT,no,1.2
1999_12_JAX_BAL,1999,12,REG,1999-11-28,Tony Banks,BAL,JAX,4,1:39,-7,BAL 31,Touchdown,FAILURE,Fumble lost,L,10.987,VERY_DIFFICULT,no,1.2
1999_12_JAX_BAL,1999,12,REG,1999-11-28,Mark Brunell,JAX,BAL,4,6:26,-1,JAX 22,Tie or take lead,CONVERSION,Offense reached required score state,W,61.476,FAVORABLE,no,1.2
1999_12_KC_OAK,1999,12,REG,1999-11-28,Elvis Grbac,KC,LV,4,2:56,0,KC 34,Take lead,CONVERSION,Offense reached required score state,W,75.625,VERY_FAVORABLE,no,1.2
1999_12_KC_OAK,1999,12,REG,1999-11-28,Rich Gannon,LV,KC,4,6:24,0,LV 34,Take lead,CONVERSION,Missed or blocked fg 45 or shorter,L,80.905,VERY_FAVORABLE,no,1.2
1999_12_NYJ_IND,1999,12,REG,1999-11-28,Ray Lucas,NYJ,IND,4,9:00,-7,NYJ 25,Touchdown,FAILURE,Turnover on downs,L,26.632,DIFFICULT,no,1.2
1999_12_PHI_WAS,1999,12,REG,1999-11-28,Donovan McNabb,PHI,WAS,4,6:10,-7,PHI 9,Touchdown,CONVERSION,Touchdown down 7 kicker neutral,L,16.84,VERY_DIFFICULT,no,1.2
1999_12_PHI_WAS,1999,12,REG,1999-11-28,Brad Johnson,WAS,PHI,5,15:00,0,PHI 46,Take lead,CONVERSION,Offense reached required score state,W,68.055,FAVORABLE,no,1.2
1999_12_SD_MIN,1999,12,REG,1999-11-28,Jim Harbaugh,LAC,MIN,4,7:36,-8,LAC 4,TD + 2-point conversion,FAILURE,Interception,L,6.48,VERY_DIFFICULT,no,1.2
1999_13_IND_MIA,1999,13,REG,1999-12-05,Peyton Manning,IND,MIA,4,0:36,0,IND 32,Take lead,CONVERSION,Offense reached required score state,W,35.41,AVERAGE,no,1.2
1999_13_IND_MIA,1999,13,REG,1999-12-05,Dan Marino,MIA,IND,4,4:24,-3,MIA 20,Tie or take lead,CONVERSION,Offense reached required score state,L,53.885,AVERAGE,no,1.2
1999_13_KC_DEN,1999,13,REG,1999-12-05,Brian Griese,DEN,KC,4,3:20,-6,DEN 20,Tie or take lead,FAILURE,Turnover on downs,L,29.726,DIFFICULT,no,1.2
1999_13_MIN_TB,1999,13,REG,1999-12-06,Jeff George,MIN,TB,4,3:24,-7,MIN 30,Touchdown,FAILURE,Turnover on downs,L,20.999,DIFFICULT,no,1.2
1999_13_PHI_ARI,1999,13,REG,1999-12-05,Jake Plummer,ARI,PHI,4,2:10,-3,ARI 31,Tie or take lead,CONVERSION,Offense reached required score state,W,53.885,AVERAGE,no,1.2
1999_13_PHI_ARI,1999,13,REG,1999-12-05,Donovan McNabb,PHI,ARI,4,0:57,-4,PHI 22,Tie or take lead,FAILURE,Turnover on downs,L,6.955,VERY_DIFFICULT,no,1.2
1999_14_CAR_GB,1999,14,REG,1999-12-12,Steve Beuerlein,CAR,GB,4,4:00,-4,CAR 37,Tie or take lead,CONVERSION,Offense reached required score state,W,29.726,DIFFICULT,no,1.2
1999_14_CAR_GB,1999,14,REG,1999-12-12,Brett Favre,GB,CAR,4,7:48,-3,GB 48,Tie or take lead,CONVERSION,Offense reached required score state,L,73.087,VERY_FAVORABLE,no,1.2
1999_14_DEN_JAX,1999,14,REG,1999-12-13,Brian Griese,DEN,JAX,4,2:35,-7,DEN 20,Touchdown,CONVERSION,Touchdown down 7 kicker neutral,L,20.999,DIFFICULT,no,1.2
1999_14_DEN_JAX,1999,14,REG,1999-12-13,Mark Brunell,JAX,DEN,4,1:43,0,JAX 27,Take lead,CONVERSION,Offense reached required score state,W,59.028,FAVORABLE,no,1.2
1999_14_DET_TB,1999,14,REG,1999-12-12,Gus Frerotte,DET,TB,4,4:18,-7,DET 13,Touchdown,FAILURE,Turnover on downs,L,12.913,VERY_DIFFICULT,no,1.2
1999_14_MIN_KC,1999,14,REG,1999-12-12,Elvis Grbac,KC,MIN,4,1:38,0,KC 33,Take lead,CONVERSION,Offense reached required score state,W,59.028,FAVORABLE,no,1.2
1999_14_MIN_KC,1999,14,REG,1999-12-12,Jeff George,MIN,KC,4,8:01,-7,MIN 48,Touchdown,FAILURE,Fumble lost,L,38.185,AVERAGE,no,1.2
1999_14_NE_IND,1999,14,REG,1999-12-12,Drew Bledsoe,NE,IND,4,2:11,-5,NE 33,Tie or take lead,FAILURE,Turnover on downs,L,29.726,DIFFICULT,no,1.2
1999_14_NYG_BUF,1999,14,REG,1999-12-12,Doug Flutie,BUF,NYG,4,0:40,-2,BUF 46,Tie or take lead,FAILURE,Interception,L,26.001,DIFFICULT,no,1.2
1999_14_NYG_BUF,1999,14,REG,1999-12-12,Kerry Collins,NYG,BUF,4,2:09,-1,NYG 36,Tie or take lead,CONVERSION,Offense reached required score state,W,53.885,AVERAGE,no,1.2
1999_14_SD_SEA,1999,14,REG,1999-12-12,Jon Kitna,SEA,LAC,4,3:19,-3,SEA 16,Tie or take lead,CONVERSION,Missed or blocked fg 45 or shorter,L,39.462,AVERAGE,no,1.2
1999_15_GB_MIN,1999,15,REG,1999-12-20,Brett Favre,GB,MIN,4,0:45,-4,GB 22,Tie or take lead,FAILURE,Interception,L,6.955,VERY_DIFFICULT,no,1.2
1999_15_NYJ_DAL,1999,15,REG,1999-12-19,Troy Aikman,DAL,NYJ,4,1:35,-1,DAL 16,Tie or take lead,FAILURE,Turnover on downs,L,23.236,DIFFICULT,no,1.2
1999_15_SD_MIA,1999,15,REG,1999-12-19,Jim Harbaugh,LAC,MIA,4,3:22,-3,LAC 20,Tie or take lead,CONVERSION,Missed or blocked fg 45 or shorter,L,53.885,AVERAGE,no,1.2
1999_15_SEA_DEN,1999,15,REG,1999-12-19,Brian Griese,DEN,SEA,5,15:00,0,DEN 27,Take lead,FAILURE,Punt,W,55.593,FAVORABLE,no,1.2
1999_15_SEA_DEN,1999,15,REG,1999-12-19,Jon Kitna,SEA,DEN,5,13:59,0,SEA 25,Take lead,FAILURE,Fumble lost,L,55.593,FAVORABLE,no,1.2
1999_15_WAS_IND,1999,15,REG,1999-12-19,Brad Johnson,WAS,IND,4,1:24,-3,WAS 46,Tie or take lead,FAILURE,Turnover on downs,L,48.009,AVERAGE,no,1.2
1999_16_BUF_NE,1999,16,REG,1999-12-26,Doug Flutie,BUF,NE,5,7:31,0,BUF 42,Take lead,CONVERSION,Offense reached required score state,W,68.055,FAVORABLE,no,1.2
1999_16_BUF_NE,1999,16,REG,1999-12-26,Drew Bledsoe,NE,BUF,5,9:54,0,NE 21,Take lead,FAILURE,Punt,L,55.593,FAVORABLE,no,1.2
1999_16_DAL_NO,1999,16,REG,1999-12-24,Troy Aikman,DAL,NO,4,5:54,-7,DAL 20,Touchdown,FAILURE,Interception,L,26.632,DIFFICULT,no,1.2
1999_16_IND_CLE,1999,16,REG,1999-12-26,Peyton Manning,IND,CLE,4,4:12,-2,IND 43,Tie or take lead,CONVERSION,Offense reached required score state,W,66.538,FAVORABLE,no,1.2
1999_16_OAK_SD,1999,16,REG,1999-12-26,Rich Gannon,LV,LAC,4,8:09,-3,LV 28,Tie or take lead,CONVERSION,Missed or blocked fg 45 or shorter,L,61.476,FAVORABLE,no,1.2
1999_16_WAS_SF,1999,16,REG,1999-12-26,Jeff Garcia,SF,WAS,4,0:18,0,SF 2,Take lead,FAILURE,End of half,L,23.42,DIFFICULT,no,1.2
1999_16_WAS_SF,1999,16,REG,1999-12-26,Brad Johnson,WAS,SF,5,15:00,0,WAS 22,Take lead,CONVERSION,Offense reached required score state,W,55.593,FAVORABLE,no,1.2
1999_17_OAK_KC,1999,17,REG,2000-01-02,Elvis Grbac,KC,LV,4,0:45,0,KC 30,Take lead,CONVERSION,Missed or blocked fg 45 or shorter,L,35.41,AVERAGE,no,1.2
1999_17_OAK_KC,1999,17,REG,2000-01-02,Rich Gannon,LV,KC,5,15:00,0,LV 40,Take lead,CONVERSION,Offense reached required score state,W,68.055,FAVORABLE,no,1.2
1999_17_SD_DEN,1999,17,REG,2000-01-02,Brian Griese,DEN,LAC,4,0:21,-6,DEN 32,Tie or take lead,FAILURE,End of game,L,6.955,VERY_DIFFICULT,no,1.2
1999_17_SF_ATL,1999,17,REG,2000-01-03,Jeff Garcia,SF,ATL,4,0:20,-5,SF 2,Tie or take lead,FAILURE,End of game,L,4.003,VERY_DIFFICULT,no,1.2
1999_18_BUF_TEN,1999,18,POST,2000-01-08,Rob Johnson,BUF,TEN,4,1:48,-2,BUF 39,Tie or take lead,CONVERSION,Offense reached required score state,L,35.175,AVERAGE,no,1.2
1999_18_BUF_TEN,1999,18,POST,2000-01-08,Steve McNair,TEN,BUF,4,6:15,-1,BUF 45,Tie or take lead,CONVERSION,Offense reached required score state,W,73.087,VERY_FAVORABLE,no,1.2
1999_18_MIA_SEA,1999,18,POST,2000-01-09,Jon Kitna,SEA,MIA,4,1:05,-3,SEA 12,Tie or take lead,FAILURE,Interception,L,23.236,DIFFICULT,no,1.2
1999_19_WAS_TB,1999,19,POST,2000-01-15,Brad Johnson,WAS,TB,4,3:05,-1,WAS 38,Tie or take lead,FAILURE,Turnover on downs,L,53.885,AVERAGE,no,1.2
1999_20_TB_STL,1999,20,POST,2000-01-23,Kurt Warner,LA,TB,4,8:01,-1,TB 47,Tie or take lead,CONVERSION,Offense reached required score state,W,73.087,VERY_FAVORABLE,no,1.2
1999_20_TB_STL,1999,20,POST,2000-01-23,Shaun King,TB,LA,4,4:44,-5,TB 23,Tie or take lead,FAILURE,Turnover on downs,L,29.726,DIFFICULT,no,1.2
1999_21_STL_TEN,1999,21,POST,2000-01-30,Kurt Warner,LA,TEN,4,2:12,0,LA 27,Take lead,CONVERSION,Offense reached required score state,W,75.625,VERY_FAVORABLE,no,1.2
1999_21_STL_TEN,1999,21,POST,2000-01-30,Steve McNair,TEN,LA,4,1:54,-7,TEN 12,Touchdown,FAILURE,End of game,L,6.442,VERY_DIFFICULT,no,1.2
2000_01_DEN_STL,2000,1,REG,2000-09-04,Brian Griese,DEN,LA,4,2:58,-5,DEN 20,Tie or take lead,FAILURE,Turnover on downs,L,31.26,DIFFICULT,no,1.2
2000_01_DET_NO,2000,1,REG,2000-09-03,Jeff Blake,NO,DET,4,3:01,-4,NO 21,Tie or take lead,FAILURE,Turnover on downs,L,31.26,DIFFICULT,no,1.2
2000_01_NYJ_GB,2000,1,REG,2000-09-03,Brett Favre,GB,NYJ,4,3:28,-4,GB 31,Tie or take lead,FAILURE,Interception,L,31.26,DIFFICULT,no,1.2
2000_01_SD_OAK,2000,1,REG,2000-09-03,Ryan Leaf,LAC,LV,4,2:37,-3,LAC 20,Tie or take lead,FAILURE,Interception,L,56.344,FAVORABLE,no,1.2
2000_01_TB_NE,2000,1,REG,2000-09-03,Drew Bledsoe,NE,TB,4,1:53,-5,TB 45,Tie or take lead,FAILURE,Turnover on downs,L,27.549,DIFFICULT,no,1.2
2000_01_TEN_BUF,2000,1,REG,2000-09-03,Alex Van Pelt,BUF,TEN,4,1:01,0,BUF 44,Take lead,CONVERSION,Offense reached required score state,W,73.579,VERY_FAVORABLE,no,1.2
2000_01_TEN_BUF,2000,1,REG,2000-09-03,Steve McNair,TEN,BUF,4,0:31,-3,TEN 49,Tie or take lead,MANUAL_REVIEW,Missed or blocked fg 56 plus,L,,,no,1.2
2000_02_DAL_ARI,2000,2,REG,2000-09-10,Randall Cunningham,DAL,ARI,4,1:54,-1,DAL 25,Tie or take lead,FAILURE,Turnover on downs,L,38.164,AVERAGE,no,1.2
2000_02_JAX_BAL,2000,2,REG,2000-09-10,Tony Banks,BAL,JAX,4,1:45,-4,BAL 25,Tie or take lead,CONVERSION,Offense reached required score state,W,17.862,VERY_DIFFICULT,no,1.2
2000_02_JAX_BAL,2000,2,REG,2000-09-10,Mark Brunell,JAX,BAL,4,0:41,-3,JAX 28,Tie or take lead,FAILURE,Interception,L,18.704,VERY_DIFFICULT,no,1.2
2000_02_KC_TEN,2000,2,REG,2000-09-10,Elvis Grbac,KC,TEN,4,0:50,0,KC 26,Take lead,FAILURE,Punt,L,37.254,AVERAGE,no,1.2
2000_02_KC_TEN,2000,2,REG,2000-09-10,Neil O'Donnell,TEN,KC,5,15:00,0,TEN 34,Take lead,CONVERSION,Offense reached required score state,W,56.391,FAVORABLE,no,1.2
2000_02_NE_NYJ,2000,2,REG,2000-09-11,Drew Bledsoe,NE,NYJ,4,1:55,-1,NE 32,Tie or take lead,FAILURE,Turnover on downs,L,38.164,AVERAGE,no,1.2
2000_02_NO_SD,2000,2,REG,2000-09-10,Ryan Leaf,LAC,NO,4,0:47,-1,LAC 26,Tie or take lead,FAILURE,Interception,L,18.704,VERY_DIFFICULT,no,1.2
2000_02_OAK_IND,2000,2,REG,2000-09-10,Peyton Manning,IND,LV,4,2:49,-7,IND 36,Touchdown,FAILURE,Interception,L,22.102,DIFFICULT,no,1.2
2000_02_STL_SEA,2000,2,REG,2000-09-10,Kurt Warner,LA,SEA,4,2:05,0,LA 30,Take lead,CONVERSION,Offense reached required score state,W,76.908,VERY_FAVORABLE,no,1.2
2000_02_STL_SEA,2000,2,REG,2000-09-10,Jon Kitna,SEA,LA,4,0:23,-3,SEA 29,Tie or take lead,FAILURE,Interception,L,18.704,VERY_DIFFICULT,no,1.2
2000_02_WAS_DET,2000,2,REG,2000-09-10,Brad Johnson,WAS,DET,4,1:59,-5,WAS 11,Tie or take lead,FAILURE,Interception,L,10.651,VERY_DIFFICULT,no,1.2
2000_03_ATL_CAR,2000,3,REG,2000-09-17,Steve Beuerlein,CAR,ATL,4,4:10,-3,CAR 27,Tie or take lead,FAILURE,Fumble lost,L,56.344,FAVORABLE,no,1.2
2000_03_DAL_WAS,2000,3,REG,2000-09-18,Brad Johnson,WAS,DAL,4,1:46,-6,WAS 14,Tie or take lead,FAILURE,End of game,L,10.651,VERY_DIFFICULT,no,1.2
2000_03_MIN_NE,2000,3,REG,2000-09-17,Drew Bledsoe,NE,MIN,4,2:06,-8,NE 36,TD + 2-point conversion,FAILURE,Turnover on downs,L,9.207,VERY_DIFFICULT,no,1.2
2000_03_NYG_CHI,2000,3,REG,2000-09-17,Cade McNown,CHI,NYG,4,1:08,-7,CHI 21,Touchdown,FAILURE,Turnover on downs,L,11.947,VERY_DIFFICULT,no,1.2
2000_03_PHI_GB,2000,3,REG,2000-09-17,Brett Favre,GB,PHI,4,5:20,0,GB 20,Take lead,CONVERSION,Offense reached required score state,W,82.541,VERY_FAVORABLE,no,1.2
2000_03_PHI_GB,2000,3,REG,2000-09-17,Donovan McNabb,PHI,GB,4,6:14,0,PHI 43,Take lead,FAILURE,Punt,L,89.209,VERY_FAVORABLE,no,1.2
2000_03_PIT_CLE,2000,3,REG,2000-09-17,Tim Couch,CLE,PIT,4,6:57,0,CLE 4,Take lead,CONVERSION,Offense reached required score state,W,72.158,VERY_FAVORABLE,no,1.2
2000_03_PIT_CLE,2000,3,REG,2000-09-17,Kent Graham,PIT,CLE,4,2:45,-3,PIT 31,Tie or take lead,FAILURE,End of game,L,56.344,FAVORABLE,no,1.2
2000_04_DET_CHI,2000,4,REG,2000-09-24,Cade McNown,CHI,DET,4,0:46,-7,CHI 48,Touchdown,FAILURE,Turnover on downs,L,8.125,VERY_DIFFICULT,no,1.2
2000_04_KC_DEN,2000,4,REG,2000-09-24,Gus Frerotte,DEN,KC,4,2:21,-1,DEN 15,Tie or take lead,FAILURE,Interception,L,41.434,AVERAGE,no,1.2
2000_04_NE_MIA,2000,4,REG,2000-09-24,Drew Bledsoe,NE,MIA,4,3:52,-7,MIA 50,Touchdown,FAILURE,Turnover on downs,L,33.159,DIFFICULT,no,1.2
2000_04_NYJ_TB,2000,4,REG,2000-09-24,Vinny Testaverde,NYJ,TB,4,1:39,-3,TB 24,Tie or take lead,CONVERSION,active qb verified; Testaverde remained primary QB for halfback-option winning drive,W,71.273,VERY_FAVORABLE,yes,1.2
2000_04_NYJ_TB,2000,4,REG,2000-09-24,Shaun King,TB,NYJ,4,0:52,-4,TB 20,Tie or take lead,FAILURE,Fumble lost,L,7.499,VERY_DIFFICULT,no,1.2
2000_04_SEA_SD,2000,4,REG,2000-09-24,Jim Harbaugh,LAC,SEA,4,7:26,-8,LAC 24,TD + 2-point conversion,FAILURE,Turnover on downs,L,12.584,VERY_DIFFICULT,no,1.2
2000_04_TEN_PIT,2000,4,REG,2000-09-24,Unresolved,PIT,TEN,4,1:25,-3,PIT 26,Tie or take lead,MANUAL_REVIEW,Multi qb material participation,L,,,no,1.2
2000_05_CHI_GB,2000,5,REG,2000-10-01,Brett Favre,GB,CHI,4,1:19,-3,GB 18,Tie or take lead,FAILURE,Turnover on downs,L,25.28,DIFFICULT,no,1.2
2000_05_DAL_CAR,2000,5,REG,2000-10-01,Steve Beuerlein,CAR,DAL,4,1:02,0,CAR 35,Take lead,FAILURE,Punt,L,61.43,FAVORABLE,no,1.2
2000_05_DAL_CAR,2000,5,REG,2000-10-01,Troy Aikman,DAL,CAR,5,15:00,0,DAL 26,Take lead,CONVERSION,Offense reached required score state,W,56.391,FAVORABLE,no,1.2
2000_05_IND_BUF,2000,5,REG,2000-10-01,Rob Johnson,BUF,IND,4,2:05,-6,BUF 20,Tie or take lead,CONVERSION,Offense reached required score state,L,31.26,DIFFICULT,no,1.2
2000_05_IND_BUF,2000,5,REG,2000-10-01,Peyton Manning,IND,BUF,4,1:08,-1,IND 31,Tie or take lead,CONVERSION,Offense reached required score state,W,38.164,AVERAGE,no,1.2
2000_05_SEA_KC,2000,5,REG,2000-10-02,Jon Kitna,SEA,KC,4,0:40,-7,SEA 30,Touchdown,FAILURE,Interception,L,4.814,VERY_DIFFICULT,no,1.2
2000_05_TB_WAS,2000,5,REG,2000-10-01,Shaun King,TB,WAS,5,14:00,0,TB 14,Take lead,FAILURE,Punt,L,41.481,AVERAGE,no,1.2
2000_05_TB_WAS,2000,5,REG,2000-10-01,Brad Johnson,WAS,TB,5,12:55,0,TB 8,Take lead,CONVERSION,Offense reached required score state,W,84.816,VERY_FAVORABLE,no,1.2
2000_06_BAL_JAX,2000,6,REG,2000-10-08,Jamie Martin,JAX,BAL,4,2:44,-5,JAX 12,Tie or take lead,FAILURE,Interception,L,19.954,VERY_DIFFICULT,no,1.2
2000_06_CLE_ARI,2000,6,REG,2000-10-08,Tim Couch,CLE,ARI,4,3:00,-8,CLE 32,TD + 2-point conversion,FAILURE,Turnover on downs,L,9.207,VERY_DIFFICULT,no,1.2
2000_06_GB_DET,2000,6,REG,2000-10-08,Brett Favre,GB,DET,4,1:51,-7,GB 9,Touchdown,FAILURE,Interception,L,6.923,VERY_DIFFICULT,no,1.2
2000_06_NYG_ATL,2000,6,REG,2000-10-08,Danny Kanell,ATL,NYG,4,3:40,-7,ATL 26,Touchdown,FAILURE,Turnover on downs,L,22.102,DIFFICULT,no,1.2
2000_06_OAK_SF,2000,6,REG,2000-10-08,Rich Gannon,LV,SF,5,6:15,0,LV 16,Take lead,CONVERSION,Offense reached required score state,W,41.481,AVERAGE,no,1.2
2000_06_OAK_SF,2000,6,REG,2000-10-08,Jeff Garcia,SF,LV,5,11:49,0,SF 25,Take lead,CONVERSION,Missed or blocked fg 45 or shorter,L,56.391,FAVORABLE,no,1.2
2000_06_TB_MIN,2000,6,REG,2000-10-09,Shaun King,TB,MIN,4,0:59,-7,TB 23,Touchdown,FAILURE,Turnover on downs,L,4.814,VERY_DIFFICULT,no,1.2
2000_06_WAS_PHI,2000,6,REG,2000-10-08,Donovan McNabb,PHI,WAS,4,0:40,0,PHI 24,Take lead,FAILURE,Interception,L,37.254,AVERAGE,no,1.2
2000_06_WAS_PHI,2000,6,REG,2000-10-08,Brad Johnson,WAS,PHI,4,0:23,0,PHI 19,Take lead,CONVERSION,Offense reached required score state,W,71.948,VERY_FAVORABLE,no,1.2
2000_07_BAL_WAS,2000,7,REG,2000-10-15,Tony Banks,BAL,WAS,4,9:31,-7,BAL 30,Touchdown,FAILURE,Punt,L,28.712,DIFFICULT,no,1.2
2000_07_DAL_NYG,2000,7,REG,2000-10-15,Troy Aikman,DAL,NYG,4,2:56,-5,DAL 23,Tie or take lead,FAILURE,End of game,L,31.26,DIFFICULT,no,1.2
2000_07_OAK_KC,2000,7,REG,2000-10-15,Elvis Grbac,KC,LV,4,0:25,-3,KC 22,Tie or take lead,FAILURE,Turnover on downs,L,18.704,VERY_DIFFICULT,no,1.2
2000_07_SD_BUF,2000,7,REG,2000-10-15,Doug Flutie,BUF,LAC,5,9:35,0,BUF 41,Take lead,CONVERSION,Offense reached required score state,W,69.335,FAVORABLE,no,1.2
2000_07_SD_BUF,2000,7,REG,2000-10-15,Jim Harbaugh,LAC,BUF,5,12:04,0,LAC 11,Take lead,FAILURE,Interception,L,41.481,AVERAGE,no,1.2
2000_07_SF_GB,2000,7,REG,2000-10-15,Brett Favre,GB,SF,4,5:30,0,GB 39,Take lead,CONVERSION,Offense reached required score state,W,82.541,VERY_FAVORABLE,no,1.2
2000_07_SF_GB,2000,7,REG,2000-10-15,Jeff Garcia,SF,GB,4,0:54,-3,SF 21,Tie or take lead,FAILURE,End of game,L,18.704,VERY_DIFFICULT,no,1.2
2000_08_BUF_MIN,2000,8,REG,2000-10-22,Doug Flutie,BUF,MIN,4,1:04,-4,BUF 20,Tie or take lead,FAILURE,End of game,L,17.862,VERY_DIFFICULT,no,1.2
2000_08_CHI_PHI,2000,8,REG,2000-10-22,Jim Miller,CHI,PHI,4,1:04,-4,CHI 19,Tie or take lead,FAILURE,End of game,L,10.651,VERY_DIFFICULT,no,1.2
2000_08_MIA_NYJ,2000,8,REG,2000-10-23,Jay Fiedler,MIA,NYJ,5,13:50,0,MIA 34,Take lead,FAILURE,Interception,L,56.391,FAVORABLE,no,1.2
2000_08_MIA_NYJ,2000,8,REG,2000-10-23,Vinny Testaverde,NYJ,MIA,5,11:06,0,NYJ 34,Take lead,CONVERSION,Offense reached required score state,W,56.391,FAVORABLE,no,1.2
2000_08_NE_IND,2000,8,REG,2000-10-22,Drew Bledsoe,NE,IND,4,0:18,-7,NE 28,Touchdown,FAILURE,Fumble lost,L,4.814,VERY_DIFFICULT,no,1.2
2000_08_NO_ATL,2000,8,REG,2000-10-22,Chris Chandler,ATL,NO,4,4:10,-8,ATL 31,TD + 2-point conversion,FAILURE,Two point conversion failed,L,9.207,VERY_DIFFICULT,no,1.2
2000_08_TEN_BAL,2000,8,REG,2000-10-22,Trent Dilfer,BAL,TEN,4,4:27,-8,BAL 20,TD + 2-point conversion,FAILURE,Turnover on downs,L,9.207,VERY_DIFFICULT,no,1.2
2000_09_CAR_ATL,2000,9,REG,2000-10-29,Steve Beuerlein,CAR,ATL,4,0:50,-1,CAR 32,Tie or take lead,FAILURE,Interception,L,18.704,VERY_DIFFICULT,no,1.2
2000_09_GB_MIA,2000,9,REG,2000-10-29,Brett Favre,GB,MIA,4,2:22,-8,GB 20,TD + 2-point conversion,FAILURE,Fumble lost,L,9.207,VERY_DIFFICULT,no,1.2
2000_09_JAX_DAL,2000,9,REG,2000-10-29,Randall Cunningham,DAL,JAX,4,3:59,-7,DAL 29,Touchdown,CONVERSION,Touchdown down 7 kicker neutral,L,22.102,DIFFICULT,no,1.2
2000_09_JAX_DAL,2000,9,REG,2000-10-29,Mark Brunell,JAX,DAL,5,15:00,0,JAX 34,Take lead,CONVERSION,Offense reached required score state,W,56.391,FAVORABLE,no,1.2
2000_09_KC_SEA,2000,9,REG,2000-10-29,Jon Kitna,SEA,KC,4,0:42,-5,SEA 34,Tie or take lead,FAILURE,End of game,L,7.499,VERY_DIFFICULT,no,1.2
2000_09_NYJ_BUF,2000,9,REG,2000-10-29,Doug Flutie,BUF,NYJ,4,2:20,0,BUF 27,Take lead,CONVERSION,Offense reached required score state,W,76.908,VERY_FAVORABLE,no,1.2
2000_09_NYJ_BUF,2000,9,REG,2000-10-29,Vinny Testaverde,NYJ,BUF,4,6:14,-3,NYJ 26,Tie or take lead,CONVERSION,Offense reached required score state,L,64.69,FAVORABLE,no,1.2
2000_09_OAK_SD,2000,9,REG,2000-10-29,Jim Harbaugh,LAC,LV,4,0:13,-2,50,Tie or take lead,FAILURE,Interception,L,28.688,DIFFICULT,no,1.2
2000_09_OAK_SD,2000,9,REG,2000-10-29,Rich Gannon,LV,LAC,4,5:58,-1,LV 36,Tie or take lead,CONVERSION,Offense reached required score state,W,64.69,FAVORABLE,no,1.2
2000_09_PIT_BAL,2000,9,REG,2000-10-29,Trent Dilfer,BAL,PIT,4,2:54,-3,BAL 10,Tie or take lead,FAILURE,Turnover on downs,L,41.434,AVERAGE,no,1.2
2000_09_TEN_WAS,2000,9,REG,2000-10-30,Brad Johnson,WAS,TEN,4,2:15,-6,WAS 20,Tie or take lead,FAILURE,Interception,L,31.26,DIFFICULT,no,1.2
2000_10_BUF_NE,2000,10,REG,2000-11-05,Doug Flutie,BUF,NE,5,13:18,0,BUF 35,Take lead,CONVERSION,Offense reached required score state,W,56.391,FAVORABLE,no,1.2
2000_10_BUF_NE,2000,10,REG,2000-11-05,John Friesz,NE,BUF,5,15:00,0,NE 23,Take lead,FAILURE,Punt,L,56.391,FAVORABLE,no,1.2
2000_10_CAR_STL,2000,10,REG,2000-11-05,Steve Beuerlein,CAR,LA,4,6:31,0,CAR 27,Take lead,CONVERSION,Offense reached required score state,W,82.541,VERY_FAVORABLE,no,1.2
2000_10_CAR_STL,2000,10,REG,2000-11-05,Trent Green,LA,CAR,4,0:40,-3,LA 19,Tie or take lead,FAILURE,End of game,L,11.2,VERY_DIFFICULT,no,1.2
2000_10_DAL_PHI,2000,10,REG,2000-11-05,Randall Cunningham,DAL,PHI,5,12:46,0,DAL 31,Take lead,FAILURE,Fumble lost,L,56.391,FAVORABLE,no,1.2
2000_10_DAL_PHI,2000,10,REG,2000-11-05,Donovan McNabb,PHI,DAL,5,10:54,0,DAL 48,Take lead,CONVERSION,Offense reached required score state,W,69.335,FAVORABLE,no,1.2
2000_10_DEN_NYJ,2000,10,REG,2000-11-05,Vinny Testaverde,NYJ,DEN,4,1:53,-7,NYJ 34,Touchdown,FAILURE,Turnover on downs,L,11.947,VERY_DIFFICULT,no,1.2
2000_10_IND_CHI,2000,10,REG,2000-11-05,Peyton Manning,IND,CHI,4,1:36,-3,IND 42,Tie or take lead,FAILURE,Fumble lost,L,51.904,AVERAGE,no,1.2
2000_10_MIN_GB,2000,10,REG,2000-11-06,Brett Favre,GB,MIN,5,15:00,0,GB 18,Take lead,CONVERSION,Offense reached required score state,W,41.481,AVERAGE,no,1.2
2000_10_MIN_GB,2000,10,REG,2000-11-06,Daunte Culpepper,MIN,GB,4,0:52,0,GB 48,Take lead,FAILURE,Interception,L,50.936,AVERAGE,no,1.2
2000_10_PIT_TEN,2000,10,REG,2000-11-05,Steve McNair,TEN,PIT,4,3:42,-1,TEN 26,Tie or take lead,CONVERSION,Offense reached required score state,W,56.344,FAVORABLE,no,1.2
2000_10_SD_SEA,2000,10,REG,2000-11-05,Moses Moreno,LAC,SEA,4,14:48,-2,LAC 17,Tie or take lead,CONVERSION,Offense reached required score state,L,50.971,AVERAGE,no,1.2
2000_10_SD_SEA,2000,10,REG,2000-11-05,Jon Kitna,SEA,LAC,4,5:36,-1,SEA 34,Tie or take lead,CONVERSION,Offense reached required score state,W,64.69,FAVORABLE,no,1.2
2000_10_WAS_ARI,2000,10,REG,2000-11-05,Jeff George,WAS,ARI,4,2:13,-1,WAS 10,Tie or take lead,FAILURE,Turnover on downs,L,41.434,AVERAGE,no,1.2
2000_11_ATL_DET,2000,11,REG,2000-11-12,Danny Kanell,ATL,DET,4,1:43,-3,ATL 20,Tie or take lead,FAILURE,Interception,L,38.164,AVERAGE,no,1.2
2000_11_BAL_TEN,2000,11,REG,2000-11-12,Trent Dilfer,BAL,TEN,4,2:30,-6,BAL 30,Tie or take lead,CONVERSION,Offense reached required score state,W,31.26,DIFFICULT,no,1.2
2000_11_BAL_TEN,2000,11,REG,2000-11-12,Steve McNair,TEN,BAL,4,0:25,-1,TEN 44,Tie or take lead,CONVERSION,Missed or blocked fg 45 or shorter,L,28.688,DIFFICULT,no,1.2
2000_11_GB_TB,2000,11,REG,2000-11-12,Matt Hasselbeck,GB,TB,4,2:29,-5,GB 20,Tie or take lead,FAILURE,Turnover on downs,L,31.26,DIFFICULT,no,1.2
2000_11_NE_CLE,2000,11,REG,2000-11-12,Drew Bledsoe,NE,CLE,4,3:49,-8,NE 37,TD + 2-point conversion,FAILURE,Punt,L,9.207,VERY_DIFFICULT,no,1.2
2000_11_NYJ_IND,2000,11,REG,2000-11-12,Vinny Testaverde,NYJ,IND,4,2:23,-8,NYJ 25,TD + 2-point conversion,FAILURE,Turnover on downs,L,9.207,VERY_DIFFICULT,no,1.2
2000_11_OAK_DEN,2000,11,REG,2000-11-13,Brian Griese,DEN,LV,4,1:06,0,DEN 33,Take lead,CONVERSION,active qb verified; Griese directed the final drive ending in Elam FG,W,61.43,FAVORABLE,yes,1.2
2000_11_OAK_DEN,2000,11,REG,2000-11-13,Rich Gannon,LV,DEN,4,4:11,-7,LV 14,Touchdown,CONVERSION,Touchdown down 7 kicker neutral,L,13.46,VERY_DIFFICULT,no,1.2
2000_11_PHI_PIT,2000,11,REG,2000-11-12,Donovan McNabb,PHI,PIT,5,15:00,0,PHI 37,Take lead,CONVERSION,Offense reached required score state,W,56.391,FAVORABLE,no,1.2
2000_11_SEA_JAX,2000,11,REG,2000-11-12,Mark Brunell,JAX,SEA,4,2:01,-7,JAX 26,Touchdown,FAILURE,End of game,L,22.102,DIFFICULT,no,1.2
2000_11_SEA_JAX,2000,11,REG,2000-11-12,Jon Kitna,SEA,JAX,4,4:23,0,SEA 33,Take lead,CONVERSION,Offense reached required score state,W,76.908,VERY_FAVORABLE,no,1.2
2000_12_BUF_KC,2000,12,REG,2000-11-19,Elvis Grbac,KC,BUF,4,0:58,-4,KC 45,Tie or take lead,FAILURE,End of game,L,12.415,VERY_DIFFICULT,no,1.2
2000_12_CIN_NE,2000,12,REG,2000-11-19,Scott Mitchell,CIN,NE,4,7:03,0,CIN 12,Take lead,FAILURE,Punt,L,72.158,VERY_FAVORABLE,no,1.2
2000_12_CIN_NE,2000,12,REG,2000-11-19,Drew Bledsoe,NE,CIN,4,3:08,0,NE 15,Take lead,CONVERSION,Offense reached required score state,W,64.611,FAVORABLE,no,1.2
2000_12_SD_DEN,2000,12,REG,2000-11-19,Ryan Leaf,LAC,DEN,4,1:33,-1,LAC 16,Tie or take lead,FAILURE,Turnover on downs,L,25.28,DIFFICULT,no,1.2
2000_12_TB_CHI,2000,12,REG,2000-11-19,Shaun King,TB,CHI,4,5:01,-3,TB 20,Tie or take lead,FAILURE,Interception,L,64.69,FAVORABLE,no,1.2
2000_13_CHI_NYJ,2000,13,REG,2000-11-26,Shane Matthews,CHI,NYJ,4,2:04,-7,CHI 25,Touchdown,FAILURE,Turnover on downs,L,22.102,DIFFICULT,no,1.2
2000_13_DEN_SEA,2000,13,REG,2000-11-26,Jon Kitna,SEA,DEN,4,2:06,-7,SEA 24,Touchdown,FAILURE,Turnover on downs,L,22.102,DIFFICULT,no,1.2
2000_13_KC_SD,2000,13,REG,2000-11-26,Warren Moon,KC,LAC,4,2:14,-1,KC 25,Tie or take lead,FAILURE,Turnover on downs,L,56.344,FAVORABLE,no,1.2
2000_13_MIA_IND,2000,13,REG,2000-11-26,Peyton Manning,IND,MIA,4,1:10,-3,IND 20,Tie or take lead,MANUAL_REVIEW,Missed or blocked fg 56 plus,L,,,no,1.2
2000_13_MIA_IND,2000,13,REG,2000-11-26,Damon Huard,MIA,IND,4,2:56,-4,MIA 14,Tie or take lead,CONVERSION,Offense reached required score state,W,19.954,VERY_DIFFICULT,no,1.2
2000_13_NO_STL,2000,13,REG,2000-11-26,Trent Green,LA,NO,4,2:21,-7,LA 34,Touchdown,FAILURE,Interception,L,22.102,DIFFICULT,no,1.2
2000_13_PHI_WAS,2000,13,REG,2000-11-26,Jeff George,WAS,PHI,4,3:00,-3,WAS 27,Tie or take lead,CONVERSION,Missed or blocked fg 45 or shorter,L,56.344,FAVORABLE,no,1.2
2000_13_TEN_JAX,2000,13,REG,2000-11-26,Mark Brunell,JAX,TEN,4,3:08,0,JAX 20,Take lead,CONVERSION,Offense reached required score state,W,76.908,VERY_FAVORABLE,no,1.2
2000_13_TEN_JAX,2000,13,REG,2000-11-26,Steve McNair,TEN,JAX,4,6:10,0,TEN 44,Take lead,CONVERSION,Missed or blocked fg 45 or shorter,L,89.209,VERY_FAVORABLE,no,1.2
2000_14_KC_NE,2000,14,REG,2000-12-04,Elvis Grbac,KC,NE,4,1:02,-6,KC 26,Tie or take lead,FAILURE,End of game,L,17.862,VERY_DIFFICULT,no,1.2
2000_14_NYG_WAS,2000,14,REG,2000-12-03,Jeff George,WAS,NYG,4,2:39,-2,WAS 14,Tie or take lead,ND-K,Missed or blocked fg 46 to 55,L,,,no,1.2
2000_14_OAK_PIT,2000,14,REG,2000-12-03,Rich Gannon,LV,PIT,4,1:39,-1,LV 10,Tie or take lead,FAILURE,Turnover on downs,L,25.28,DIFFICULT,no,1.2
2000_14_TEN_PHI,2000,14,REG,2000-12-03,Steve McNair,TEN,PHI,4,1:43,-1,TEN 36,Tie or take lead,CONVERSION,Offense reached required score state,W,38.164,AVERAGE,no,1.2
2000_15_CAR_KC,2000,15,REG,2000-12-10,Steve Beuerlein,CAR,KC,4,3:43,-1,CAR 28,Tie or take lead,ND-K,Missed or blocked fg 46 to 55,L,,,no,1.2
2000_15_NE_CHI,2000,15,REG,2000-12-10,Drew Bledsoe,NE,CHI,4,1:05,-7,NE 38,Touchdown,FAILURE,End of game,L,11.947,VERY_DIFFICULT,no,1.2
2000_15_NO_SF,2000,15,REG,2000-12-10,Jeff Garcia,SF,NO,4,0:46,-4,SF 24,Tie or take lead,FAILURE,Interception,L,7.499,VERY_DIFFICULT,no,1.2
2000_15_TB_MIA,2000,15,REG,2000-12-10,Jay Fiedler,MIA,TB,4,1:57,-3,50,Tie or take lead,FAILURE,Interception,L,51.904,AVERAGE,no,1.2
2000_16_BAL_ARI,2000,16,REG,2000-12-17,Jake Plummer,ARI,BAL,4,7:46,-6,ARI 40,Tie or take lead,FAILURE,Turnover on downs,L,53.024,AVERAGE,no,1.2
2000_16_DET_NYJ,2000,16,REG,2000-12-17,Vinny Testaverde,NYJ,DET,4,2:26,-3,NYJ 31,Tie or take lead,CONVERSION,Missed or blocked fg 45 or shorter,L,56.344,FAVORABLE,no,1.2
2000_16_IND_MIA,2000,16,REG,2000-12-17,Jay Fiedler,MIA,IND,4,0:24,-7,MIA 24,Touchdown,FAILURE,End of game,L,4.814,VERY_DIFFICULT,no,1.2
2000_16_JAX_CIN,2000,16,REG,2000-12-17,Scott Mitchell,CIN,JAX,4,1:07,0,JAX 34,Take lead,CONVERSION,Offense reached required score state,W,86.491,VERY_FAVORABLE,no,1.2
2000_16_NE_BUF,2000,16,REG,2000-12-17,Doug Flutie,BUF,NE,5,13:11,0,BUF 28,Take lead,CONVERSION,Missed or blocked fg 45 or shorter,L,56.391,FAVORABLE,no,1.2
2000_16_NE_BUF,2000,16,REG,2000-12-17,Drew Bledsoe,NE,BUF,5,6:15,0,NE 11,Take lead,CONVERSION,Offense reached required score state,W,41.481,AVERAGE,no,1.2
2000_16_NYG_DAL,2000,16,REG,2000-12-17,Anthony Wright,DAL,NYG,4,1:49,-4,DAL 32,Tie or take lead,FAILURE,Turnover on downs,L,17.862,VERY_DIFFICULT,no,1.2
2000_16_OAK_SEA,2000,16,REG,2000-12-16,Rich Gannon,LV,SEA,4,0:28,-3,LV 40,Tie or take lead,FAILURE,Interception,L,28.688,DIFFICULT,no,1.2
2000_16_SD_CAR,2000,16,REG,2000-12-17,Ryan Leaf,LAC,CAR,4,6:51,-8,LAC 49,TD + 2-point conversion,FAILURE,Turnover on downs,L,20.109,DIFFICULT,no,1.2
2000_16_STL_TB,2000,16,REG,2000-12-18,Kurt Warner,LA,TB,4,0:48,-3,LA 21,Tie or take lead,FAILURE,Interception,L,18.704,VERY_DIFFICULT,no,1.2
2000_16_STL_TB,2000,16,REG,2000-12-18,Shaun King,TB,LA,4,2:22,-4,TB 20,Tie or take lead,CONVERSION,Offense reached required score state,W,31.26,DIFFICULT,no,1.2
2000_17_CHI_DET,2000,17,REG,2000-12-24,Cade McNown,CHI,DET,4,0:39,0,CHI 45,Take lead,CONVERSION,Offense reached required score state,W,50.936,AVERAGE,no,1.2
2000_17_CHI_DET,2000,17,REG,2000-12-24,Stoney Case,DET,CHI,4,1:29,0,DET 39,Take lead,FAILURE,Fumble lost,L,61.43,FAVORABLE,no,1.2
2000_17_MIA_NE,2000,17,REG,2000-12-24,Jay Fiedler,MIA,NE,4,3:44,0,MIA 24,Take lead,CONVERSION,Offense reached required score state,W,76.908,VERY_FAVORABLE,no,1.2
2000_17_MIA_NE,2000,17,REG,2000-12-24,Unresolved,NE,MIA,4,0:09,-3,NE 40,Tie or take lead,MANUAL_REVIEW,Multi qb material participation,L,,,no,1.2
2000_17_TB_GB,2000,17,REG,2000-12-24,Brett Favre,GB,TB,5,15:00,0,GB 38,Take lead,CONVERSION,Offense reached required score state,W,56.391,FAVORABLE,no,1.2
2000_17_TB_GB,2000,17,REG,2000-12-24,Shaun King,TB,GB,4,1:45,0,TB 43,Take lead,CONVERSION,Missed or blocked fg 45 or shorter,L,73.579,VERY_FAVORABLE,no,1.2
2000_18_IND_MIA,2000,18,POST,2000-12-30,Peyton Manning,IND,MIA,5,12:04,0,IND 18,Take lead,ND-K,Missed or blocked fg 46 to 55,L,,,no,1.2
2000_18_IND_MIA,2000,18,POST,2000-12-30,Jay Fiedler,MIA,IND,5,9:16,0,MIA 39,Take lead,CONVERSION,Offense reached required score state,W,56.391,FAVORABLE,no,1.2
2001_01_ATL_SF,2001,1,REG,2001-09-09,Chris Chandler,ATL,SF,4,00:08,0,ATL 27,Take lead,FAILURE,End of half,L,37.518,AVERAGE,no,1.2
2001_01_ATL_SF,2001,1,REG,2001-09-09,Jeff Garcia,SF,ATL,5,15:00,0,SF 20,Take lead,CONVERSION,Offense reached required score state,W,57.319,FAVORABLE,no,1.2
2001_01_MIA_TEN,2001,1,REG,2001-09-09,Neil O'Donnell,TEN,MIA,4,00:23,-8,TEN 21,TD + 2-point conversion,FAILURE,End of half,L,1.667,VERY_DIFFICULT,no,1.2
2001_01_NE_CIN,2001,1,REG,2001-09-09,Drew Bledsoe,NE,CIN,4,01:54,-6,NE 31,Tie or take lead,FAILURE,Turnover on downs,L,17.866,VERY_DIFFICULT,no,1.2
2001_01_OAK_KC,2001,1,REG,2001-09-09,Trent Green,KC,LV,4,00:15,-3,KC 33,Tie or take lead,FAILURE,Interception,L,18.671,VERY_DIFFICULT,no,1.2
2001_01_OAK_KC,2001,1,REG,2001-09-09,Rich Gannon,LV,KC,4,01:21,0,KC 49,Take lead,CONVERSION,Offense reached required score state,W,73.325,VERY_FAVORABLE,no,1.2
2001_01_SEA_CLE,2001,1,REG,2001-09-09,Tim Couch,CLE,SEA,4,08:39,-3,CLE 34,Tie or take lead,CONVERSION,Offense reached required score state,L,64.977,FAVORABLE,no,1.2
2001_01_SEA_CLE,2001,1,REG,2001-09-09,Matt Hasselbeck,SEA,CLE,4,02:14,0,SEA 47,Take lead,CONVERSION,Offense reached required score state,W,85.656,VERY_FAVORABLE,no,1.2
2001_01_STL_PHI,2001,1,REG,2001-09-09,Kurt Warner,LA,PHI,5,11:01,0,LA 36,Take lead,CONVERSION,Offense reached required score state,W,57.319,FAVORABLE,no,1.2
2001_01_STL_PHI,2001,1,REG,2001-09-09,Donovan McNabb,PHI,LA,5,15:00,0,PHI 20,Take lead,FAILURE,Punt,L,57.319,FAVORABLE,no,1.2
2001_01_TB_DAL,2001,1,REG,2001-09-09,Quincy Carter,DAL,TB,4,01:50,-4,TB 39,Tie or take lead,FAILURE,Interception,L,49.462,AVERAGE,no,1.2
2001_02_MIN_CHI,2001,2,REG,2001-09-23,Daunte Culpepper,MIN,CHI,4,03:39,-7,MIN 23,Touchdown,FAILURE,Turnover on downs,L,22.179,DIFFICULT,no,1.2
2001_02_NYJ_NE,2001,2,REG,2001-09-23,Tom Brady,NE,NYJ,4,02:16,-7,NE 26,Touchdown,FAILURE,Turnover on downs,L,22.179,DIFFICULT,no,1.2
2001_02_OAK_MIA,2001,2,REG,2001-09-23,Jay Fiedler,MIA,LV,4,01:41,-5,MIA 20,Tie or take lead,CONVERSION,Offense reached required score state,W,17.866,VERY_DIFFICULT,no,1.2
2001_02_STL_SF,2001,2,REG,2001-09-23,Jeff Garcia,SF,LA,4,09:37,-7,LA 35,Touchdown,FAILURE,Field goal no conversion,L,64.532,FAVORABLE,no,1.2
2001_02_TEN_JAX,2001,2,REG,2001-09-23,Mark Brunell,JAX,TEN,4,01:01,-5,TEN 42,Tie or take lead,FAILURE,End of half,W,27.525,DIFFICULT,no,1.2
2001_03_BAL_DEN,2001,3,REG,2001-09-30,Brian Griese,DEN,BAL,4,02:36,-7,DEN 20,Touchdown,FAILURE,Interception,L,22.179,DIFFICULT,no,1.2
2001_03_NO_NYG,2001,3,REG,2001-09-30,Aaron Brooks,NO,NYG,4,03:17,-8,NO 30,TD + 2-point conversion,FAILURE,End of half,L,8.804,VERY_DIFFICULT,no,1.2
2001_03_TB_MIN,2001,3,REG,2001-09-30,Brad Johnson,TB,MIN,4,01:03,-4,TB 25,Tie or take lead,FAILURE,Interception,L,17.866,VERY_DIFFICULT,no,1.2
2001_04_ARI_PHI,2001,4,REG,2001-10-07,Jake Plummer,ARI,PHI,4,01:13,-6,ARI 26,Tie or take lead,CONVERSION,Offense reached required score state,W,17.866,VERY_DIFFICULT,no,1.2
2001_04_GB_TB,2001,4,REG,2001-10-07,Brett Favre,GB,TB,4,04:17,-4,GB 16,Tie or take lead,FAILURE,Turnover on downs,L,20.538,DIFFICULT,no,1.2
2001_04_SD_CLE,2001,4,REG,2001-10-07,Tim Couch,CLE,LAC,4,03:52,-3,50,Tie or take lead,CONVERSION,Offense reached required score state,W,69.54,FAVORABLE,no,1.2
2001_04_SD_CLE,2001,4,REG,2001-10-07,Doug Flutie,LAC,CLE,4,01:15,-4,LAC 17,Tie or take lead,FAILURE,End of half,L,10.633,VERY_DIFFICULT,no,1.2
2001_05_ARI_CHI,2001,5,REG,2001-10-14,Jake Plummer,ARI,CHI,4,01:02,-7,ARI 37,Touchdown,FAILURE,End of half,L,11.598,VERY_DIFFICULT,no,1.2
2001_05_DET_MIN,2001,5,REG,2001-10-14,Charlie Batch,DET,MIN,4,01:34,-5,DET 20,Tie or take lead,FAILURE,End of half,L,17.866,VERY_DIFFICULT,no,1.2
2001_05_MIA_NYJ,2001,5,REG,2001-10-14,Jay Fiedler,MIA,NYJ,4,00:46,-4,MIA 47,Tie or take lead,FAILURE,Interception,L,12.652,VERY_DIFFICULT,no,1.2
2001_05_NO_CAR,2001,5,REG,2001-10-14,Chris Weinke,CAR,NO,4,08:43,-8,CAR 39,TD + 2-point conversion,FAILURE,Two point conversion failed,L,12.047,VERY_DIFFICULT,no,1.2
2001_05_NO_CAR,2001,5,REG,2001-10-14,Aaron Brooks,NO,CAR,4,01:48,-5,NO 18,Tie or take lead,CONVERSION,Offense reached required score state,W,10.633,VERY_DIFFICULT,no,1.2
2001_05_NYG_STL,2001,5,REG,2001-10-14,Kerry Collins,NYG,LA,4,01:51,-1,NYG 37,Tie or take lead,FAILURE,Interception,L,37.575,AVERAGE,no,1.2
2001_05_OAK_IND,2001,5,REG,2001-10-14,Peyton Manning,IND,LV,4,02:22,-5,IND 20,Tie or take lead,FAILURE,Interception,L,32.09,DIFFICULT,no,1.2
2001_05_SD_NE,2001,5,REG,2001-10-14,Doug Flutie,LAC,NE,5,15:00,0,LAC 40,Take lead,FAILURE,Punt,L,70.103,VERY_FAVORABLE,no,1.2
2001_05_SD_NE,2001,5,REG,2001-10-14,Tom Brady,NE,LAC,5,13:54,0,NE 23,Take lead,CONVERSION,Offense reached required score state,W,57.319,FAVORABLE,no,1.2
2001_05_SF_ATL,2001,5,REG,2001-10-14,Chris Chandler,ATL,SF,5,12:06,0,ATL 16,Take lead,FAILURE,Punt,L,42.349,AVERAGE,no,1.2
2001_05_SF_ATL,2001,5,REG,2001-10-14,Jeff Garcia,SF,ATL,5,09:55,0,SF 33,Take lead,CONVERSION,Offense reached required score state,W,57.319,FAVORABLE,no,1.2
2001_05_TB_TEN,2001,5,REG,2001-10-14,Brad Johnson,TB,TEN,5,15:00,0,TB 9,Take lead,FAILURE,Punt,L,42.349,AVERAGE,no,1.2
2001_05_TB_TEN,2001,5,REG,2001-10-14,Steve McNair,TEN,TB,5,14:25,0,TB 46,Take lead,CONVERSION,Offense reached required score state,W,70.103,VERY_FAVORABLE,no,1.2
2001_05_WAS_DAL,2001,5,REG,2001-10-15,Anthony Wright,DAL,WAS,4,02:39,-1,DAL 33,Tie or take lead,CONVERSION,Offense reached required score state,W,56.665,FAVORABLE,no,1.2
2001_06_ATL_NO,2001,6,REG,2001-10-21,Aaron Brooks,NO,ATL,4,00:26,-7,NO 43,Touchdown,FAILURE,End of half,L,8.034,VERY_DIFFICULT,no,1.2
2001_06_CAR_WAS,2001,6,REG,2001-10-21,Chris Weinke,CAR,WAS,4,00:36,0,CAR 22,Take lead,FAILURE,End of half,L,37.518,AVERAGE,no,1.2
2001_06_CAR_WAS,2001,6,REG,2001-10-21,Tony Banks,WAS,CAR,5,15:00,0,WAS 14,Take lead,CONVERSION,Offense reached required score state,W,42.349,AVERAGE,no,1.2
2001_06_KC_ARI,2001,6,REG,2001-10-21,Trent Green,KC,ARI,4,01:06,-8,KC 1,TD + 2-point conversion,FAILURE,Interception,L,2.373,VERY_DIFFICULT,no,1.2
2001_06_PHI_NYG,2001,6,REG,2001-10-22,Kerry Collins,NYG,PHI,4,01:52,-1,NYG 30,Tie or take lead,FAILURE,Fumble lost,L,37.575,AVERAGE,no,1.2
2001_06_TEN_DET,2001,6,REG,2001-10-21,Charlie Batch,DET,TEN,4,02:18,-7,DET 21,Touchdown,CONVERSION,Touchdown down 7 kicker neutral,L,22.179,DIFFICULT,no,1.2
2001_06_TEN_DET,2001,6,REG,2001-10-21,Steve McNair,TEN,DET,4,01:18,0,TEN 32,Take lead,CONVERSION,Offense reached required score state,W,61.155,FAVORABLE,no,1.2
2001_07_BUF_SD,2001,7,REG,2001-10-28,Rob Johnson,BUF,LAC,4,01:10,-3,BUF 36,Tie or take lead,CONVERSION,Missed or blocked fg 45 or shorter,L,37.575,AVERAGE,no,1.2
2001_07_CIN_DET,2001,7,REG,2001-10-28,Charlie Batch,DET,CIN,4,00:42,-4,DET 6,Tie or take lead,FAILURE,End of half,L,4.341,VERY_DIFFICULT,no,1.2
2001_07_JAX_BAL,2001,7,REG,2001-10-28,Mark Brunell,JAX,BAL,4,00:19,-1,JAX 42,Tie or take lead,FAILURE,End of half,L,28.613,DIFFICULT,no,1.2
2001_07_MIA_SEA,2001,7,REG,2001-10-28,Matt Hasselbeck,SEA,MIA,4,03:34,-4,MIA 23,Tie or take lead,FAILURE,Field goal no conversion,L,68.012,FAVORABLE,no,1.2
2001_07_NO_STL,2001,7,REG,2001-10-28,Kurt Warner,LA,NO,4,07:02,0,NO 40,Take lead,FAILURE,Fumble lost,L,95.621,VERY_FAVORABLE,no,1.2
2001_07_NO_STL,2001,7,REG,2001-10-28,Aaron Brooks,NO,LA,4,04:00,0,LA 36,Take lead,CONVERSION,Offense reached required score state,W,93.898,VERY_FAVORABLE,no,1.2
2001_07_NYJ_CAR,2001,7,REG,2001-10-28,Chris Weinke,CAR,NYJ,4,01:01,-1,CAR 11,Tie or take lead,FAILURE,Turnover on downs,L,24.769,DIFFICULT,no,1.2
2001_07_SF_CHI,2001,7,REG,2001-10-28,Shane Matthews,CHI,SF,4,02:46,-8,CHI 33,TD + 2-point conversion,CONVERSION,Offense reached required score state,W,8.804,VERY_DIFFICULT,no,1.2
2001_07_SF_CHI,2001,7,REG,2001-10-28,Jeff Garcia,SF,CHI,5,15:00,0,SF 20,Take lead,FAILURE,Interception,L,57.319,FAVORABLE,no,1.2
2001_08_BAL_PIT,2001,8,REG,2001-11-04,Kordell Stewart,PIT,BAL,4,01:49,-3,PIT 38,Tie or take lead,CONVERSION,Missed or blocked fg 45 or shorter,L,37.575,AVERAGE,no,1.2
2001_08_CLE_CHI,2001,8,REG,2001-11-04,Shane Matthews,CHI,CLE,5,15:00,0,CHI 32,Take lead,FAILURE,Punt,W,57.319,FAVORABLE,no,1.2
2001_08_CLE_CHI,2001,8,REG,2001-11-04,Tim Couch,CLE,CHI,5,13:17,0,CLE 12,Take lead,FAILURE,Interception,L,42.349,AVERAGE,no,1.2
2001_08_DAL_NYG,2001,8,REG,2001-11-04,Ryan Leaf,DAL,NYG,5,15:00,0,DAL 29,Take lead,FAILURE,Punt,L,57.319,FAVORABLE,no,1.2
2001_08_DAL_NYG,2001,8,REG,2001-11-04,Kerry Collins,NYG,DAL,5,12:05,0,NYG 15,Take lead,CONVERSION,Offense reached required score state,W,42.349,AVERAGE,no,1.2
2001_08_DET_SF,2001,8,REG,2001-11-04,Charlie Batch,DET,SF,4,01:56,-8,DET 10,TD + 2-point conversion,FAILURE,Turnover on downs,L,2.373,VERY_DIFFICULT,no,1.2
2001_08_JAX_TEN,2001,8,REG,2001-11-04,Mark Brunell,JAX,TEN,4,00:44,-4,JAX 20,Tie or take lead,FAILURE,End of half,L,7.661,VERY_DIFFICULT,no,1.2
2001_08_JAX_TEN,2001,8,REG,2001-11-04,Steve McNair,TEN,JAX,4,03:05,-3,TEN 41,Tie or take lead,CONVERSION,Offense reached required score state,W,69.54,FAVORABLE,no,1.2
2001_08_KC_SD,2001,8,REG,2001-11-04,Trent Green,KC,LAC,4,06:10,-1,KC 29,Tie or take lead,CONVERSION,Offense reached required score state,W,64.977,FAVORABLE,no,1.2
2001_08_KC_SD,2001,8,REG,2001-11-04,Drew Brees,LAC,KC,4,01:26,-5,LAC 32,Tie or take lead,FAILURE,End of half,L,17.866,VERY_DIFFICULT,no,1.2
2001_08_NYJ_NO,2001,8,REG,2001-11-04,Aaron Brooks,NO,NYJ,4,01:51,-7,NO 46,Touchdown,FAILURE,Turnover on downs,L,18.637,VERY_DIFFICULT,no,1.2
2001_08_TB_GB,2001,8,REG,2001-11-04,Brad Johnson,TB,GB,4,00:24,-1,TB 39,Tie or take lead,FAILURE,End of half,L,18.671,VERY_DIFFICULT,no,1.2
2001_09_BAL_TEN,2001,9,REG,2001-11-12,Steve McNair,TEN,BAL,4,03:06,-6,TEN 22,Tie or take lead,FAILURE,Turnover on downs,L,32.09,DIFFICULT,no,1.2
2001_09_DAL_ATL,2001,9,REG,2001-11-11,Ryan Leaf,DAL,ATL,4,01:11,-7,DAL 17,Touchdown,FAILURE,Interception,L,6.695,VERY_DIFFICULT,no,1.2
2001_09_GB_CHI,2001,9,REG,2001-11-11,Jim Miller,CHI,GB,4,04:19,-8,CHI 20,TD + 2-point conversion,FAILURE,Turnover on downs,L,8.804,VERY_DIFFICULT,no,1.2
2001_09_MIA_IND,2001,9,REG,2001-11-11,Peyton Manning,IND,MIA,4,02:21,-3,IND 28,Tie or take lead,FAILURE,Turnover on downs,L,56.665,FAVORABLE,no,1.2
2001_09_NO_SF,2001,9,REG,2001-11-11,Aaron Brooks,NO,SF,4,05:40,-1,NO 10,Tie or take lead,FAILURE,Punt,L,50.367,AVERAGE,no,1.2
2001_09_NYG_ARI,2001,9,REG,2001-11-11,Jake Plummer,ARI,NYG,4,11:39,-7,ARI 10,Touchdown,FAILURE,Turnover on downs,L,19.485,VERY_DIFFICULT,no,1.2
2001_09_OAK_SEA,2001,9,REG,2001-11-11,Rich Gannon,LV,SEA,4,01:07,-7,LV 23,Touchdown,FAILURE,End of half,L,11.598,VERY_DIFFICULT,no,1.2
2001_09_PIT_CLE,2001,9,REG,2001-11-11,Tim Couch,CLE,PIT,4,01:37,0,CLE 35,Take lead,FAILURE,Punt,L,61.155,FAVORABLE,no,1.2
2001_09_PIT_CLE,2001,9,REG,2001-11-11,Kordell Stewart,PIT,CLE,5,15:00,0,PIT 28,Take lead,CONVERSION,Offense reached required score state,W,57.319,FAVORABLE,no,1.2
2001_09_TB_DET,2001,9,REG,2001-11-11,Charlie Batch,DET,TB,4,05:43,-7,DET 39,Touchdown,CONVERSION,Touchdown down 7 kicker neutral,L,28.794,DIFFICULT,no,1.2
2001_09_TB_DET,2001,9,REG,2001-11-11,Brad Johnson,TB,DET,4,01:49,0,TB 20,Take lead,CONVERSION,Offense reached required score state,W,61.155,FAVORABLE,no,1.2
2001_10_ATL_GB,2001,10,REG,2001-11-18,Brett Favre,GB,ATL,4,01:52,-3,GB 24,Tie or take lead,FAILURE,Interception,L,37.575,AVERAGE,no,1.2
2001_10_CHI_TB,2001,10,REG,2001-11-18,Brad Johnson,TB,CHI,4,00:18,-3,TB 32,Tie or take lead,ND-K,Missed or blocked fg 46 to 55,L,,,no,1.2
2001_10_DET_ARI,2001,10,REG,2001-11-18,Charlie Batch,DET,ARI,4,00:23,-7,DET 35,Touchdown,FAILURE,End of half,L,4.765,VERY_DIFFICULT,no,1.2
2001_10_SF_CAR,2001,10,REG,2001-11-18,Jeff Garcia,SF,CAR,5,15:00,0,SF 26,Take lead,CONVERSION,Offense reached required score state,W,57.319,FAVORABLE,no,1.2
2001_10_WAS_DEN,2001,10,REG,2001-11-18,Brian Griese,DEN,WAS,4,02:48,-7,DEN 25,Touchdown,FAILURE,Turnover on downs,L,22.179,DIFFICULT,no,1.2
2001_11_ARI_SD,2001,11,REG,2001-11-25,Jake Plummer,ARI,LAC,4,01:54,0,ARI 36,Take lead,CONVERSION,Offense reached required score state,W,61.155,FAVORABLE,no,1.2
2001_11_ARI_SD,2001,11,REG,2001-11-25,Doug Flutie,LAC,ARI,4,06:00,-7,LAC 28,Touchdown,CONVERSION,Touchdown down 7 kicker neutral,L,28.794,DIFFICULT,no,1.2
2001_11_ATL_CAR,2001,11,REG,2001-11-25,Chris Weinke,CAR,ATL,4,00:35,-3,CAR 2,Tie or take lead,FAILURE,Interception,L,11.156,VERY_DIFFICULT,no,1.2
2001_11_GB_DET,2001,11,REG,2001-11-22,Mike McMahon,DET,GB,4,01:17,-8,GB 31,TD + 2-point conversion,FAILURE,Two point conversion failed,L,16.662,VERY_DIFFICULT,no,1.2
2001_11_MIA_BUF,2001,11,REG,2001-11-25,Alex Van Pelt,BUF,MIA,4,00:48,-7,BUF 27,Touchdown,FAILURE,End of half,L,4.765,VERY_DIFFICULT,no,1.2
2001_11_MIA_BUF,2001,11,REG,2001-11-25,Jay Fiedler,MIA,BUF,4,01:05,0,BUF 42,Take lead,CONVERSION,Offense reached required score state,W,73.325,VERY_FAVORABLE,no,1.2
2001_11_TB_STL,2001,11,REG,2001-11-26,Kurt Warner,LA,TB,4,02:36,-7,LA 44,Touchdown,FAILURE,Interception,L,33.227,DIFFICULT,no,1.2
2001_12_ARI_OAK,2001,12,REG,2001-12-02,Jake Plummer,ARI,LV,5,08:42,0,LV 25,Take lead,CONVERSION,Offense reached required score state,W,85.801,VERY_FAVORABLE,no,1.2
2001_12_ARI_OAK,2001,12,REG,2001-12-02,Rich Gannon,LV,ARI,5,15:00,0,LV 20,Take lead,FAILURE,Punt,L,57.319,FAVORABLE,no,1.2
2001_12_CAR_NO,2001,12,REG,2001-12-02,Unresolved,CAR,NO,4,01:31,-4,CAR 23,Tie or take lead,MANUAL_REVIEW,Multi qb material participation,L,,,no,1.2
2001_12_CAR_NO,2001,12,REG,2001-12-02,Aaron Brooks,NO,CAR,4,02:40,-3,NO 26,Tie or take lead,CONVERSION,Offense reached required score state,W,56.665,FAVORABLE,no,1.2
2001_12_DET_CHI,2001,12,REG,2001-12-02,Mike McMahon,DET,CHI,4,02:18,-3,DET 30,Tie or take lead,CONVERSION,Missed or blocked fg 45 or shorter,L,56.665,FAVORABLE,no,1.2
2001_12_MIN_PIT,2001,12,REG,2001-12-02,Todd Bouman,MIN,PIT,4,02:13,-5,PIT 10,Tie or take lead,FAILURE,Turnover on downs,L,70.572,VERY_FAVORABLE,no,1.2
2001_12_NE_NYJ,2001,12,REG,2001-12-02,Vinny Testaverde,NYJ,NE,4,06:29,-1,NYJ 25,Tie or take lead,FAILURE,Interception,L,64.977,FAVORABLE,no,1.2
2001_12_SD_SEA,2001,12,REG,2001-12-02,Doug Flutie,LAC,SEA,4,04:25,0,LAC 34,Take lead,FAILURE,Punt,L,77.376,VERY_FAVORABLE,no,1.2
2001_12_SD_SEA,2001,12,REG,2001-12-02,Matt Hasselbeck,SEA,LAC,5,15:00,0,SEA 32,Take lead,CONVERSION,Offense reached required score state,W,57.319,FAVORABLE,no,1.2
2001_12_TB_CIN,2001,12,REG,2001-12-02,Jon Kitna,CIN,TB,5,10:04,0,CIN 4,Take lead,FAILURE,Fumble lost,L,42.349,AVERAGE,no,1.2
2001_12_TB_CIN,2001,12,REG,2001-12-02,Brad Johnson,TB,CIN,5,09:58,0,CIN 3,Take lead,CONVERSION,Offense reached required score state,W,87.205,VERY_FAVORABLE,no,1.2
2001_13_CAR_BUF,2001,13,REG,2001-12-09,Chris Weinke,CAR,BUF,4,04:59,-1,CAR 34,Tie or take lead,FAILURE,Turnover on downs,L,56.665,FAVORABLE,no,1.2
2001_13_JAX_CIN,2001,13,REG,2001-12-09,Jon Kitna,CIN,JAX,4,07:14,-4,CIN 46,Tie or take lead,FAILURE,Turnover on downs,L,53.93,AVERAGE,no,1.2
2001_13_KC_OAK,2001,13,REG,2001-12-09,Trent Green,KC,LV,4,01:49,-8,LV 27,TD + 2-point conversion,FAILURE,Two point conversion failed,L,16.662,VERY_DIFFICULT,no,1.2
2001_13_NYG_DAL,2001,13,REG,2001-12-09,Kerry Collins,NYG,DAL,4,05:10,-7,NYG 17,Touchdown,FAILURE,Punt,L,18.112,VERY_DIFFICULT,no,1.2
2001_14_ARI_NYG,2001,14,REG,2001-12-15,Jake Plummer,ARI,NYG,4,00:25,-4,ARI 45,Tie or take lead,FAILURE,End of half,L,12.652,VERY_DIFFICULT,no,1.2
2001_14_ARI_NYG,2001,14,REG,2001-12-15,Kerry Collins,NYG,ARI,4,04:04,-3,NYG 30,Tie or take lead,CONVERSION,Offense reached required score state,W,56.665,FAVORABLE,no,1.2
2001_14_CIN_NYJ,2001,14,REG,2001-12-16,Jon Kitna,CIN,NYJ,4,01:11,-1,CIN 25,Tie or take lead,FAILURE,Interception,L,37.575,AVERAGE,no,1.2
2001_14_DEN_KC,2001,14,REG,2001-12-16,Jarious Jackson,DEN,KC,5,08:16,0,DEN 31,Take lead,FAILURE,Punt,L,57.319,FAVORABLE,no,1.2
2001_14_DEN_KC,2001,14,REG,2001-12-16,Trent Green,KC,DEN,5,06:20,0,KC 30,Take lead,CONVERSION,Offense reached required score state,W,57.319,FAVORABLE,no,1.2
2001_14_GB_TEN,2001,14,REG,2001-12-16,Brett Favre,GB,TEN,4,04:11,-6,GB 32,Tie or take lead,FAILURE,Punt,L,32.09,DIFFICULT,no,1.2
2001_14_JAX_CLE,2001,14,REG,2001-12-16,Tim Couch,CLE,JAX,4,02:57,-5,CLE 34,Tie or take lead,FAILURE,Turnover on downs,L,32.09,DIFFICULT,no,1.2
2001_14_MIN_DET,2001,14,REG,2001-12-16,Todd Bouman,MIN,DET,4,01:00,-3,MIN 19,Tie or take lead,FAILURE,Turnover on downs,L,11.156,VERY_DIFFICULT,no,1.2
2001_14_NE_BUF,2001,14,REG,2001-12-16,Alex Van Pelt,BUF,NE,5,15:00,0,BUF 28,Take lead,FAILURE,Punt,L,57.319,FAVORABLE,no,1.2
2001_14_NE_BUF,2001,14,REG,2001-12-16,Tom Brady,NE,BUF,5,12:33,0,NE 20,Take lead,CONVERSION,Offense reached required score state,W,57.319,FAVORABLE,no,1.2
2001_14_OAK_SD,2001,14,REG,2001-12-15,Doug Flutie,LAC,LV,4,01:07,-7,LAC 42,Touchdown,FAILURE,Turnover on downs,L,18.637,VERY_DIFFICULT,no,1.2
2001_15_BUF_ATL,2001,15,REG,2001-12-23,Chris Chandler,ATL,BUF,4,00:48,0,ATL 43,Take lead,CONVERSION,Offense reached required score state,W,51.181,AVERAGE,no,1.2
2001_15_BUF_ATL,2001,15,REG,2001-12-23,Alex Van Pelt,BUF,ATL,4,02:29,-7,BUF 18,Touchdown,CONVERSION,Touchdown down 7 kicker neutral,L,13.486,VERY_DIFFICULT,no,1.2
2001_15_CHI_WAS,2001,15,REG,2001-12-23,Tony Banks,WAS,CHI,4,03:23,-7,WAS 36,Touchdown,FAILURE,Turnover on downs,L,22.179,DIFFICULT,no,1.2
2001_15_DAL_ARI,2001,15,REG,2001-12-23,Quincy Carter,DAL,ARI,4,01:03,-7,DAL 20,Touchdown,FAILURE,End of half,L,11.598,VERY_DIFFICULT,no,1.2
2001_15_NYJ_IND,2001,15,REG,2001-12-23,Peyton Manning,IND,NYJ,4,00:58,-1,IND 20,Tie or take lead,FAILURE,Turnover on downs,L,18.671,VERY_DIFFICULT,no,1.2
2001_15_SD_KC,2001,15,REG,2001-12-23,Trent Green,KC,LAC,4,05:01,-4,KC 35,Tie or take lead,CONVERSION,Offense reached required score state,W,40.137,AVERAGE,no,1.2
2001_15_SD_KC,2001,15,REG,2001-12-23,Doug Flutie,LAC,KC,4,00:48,-3,LAC 26,Tie or take lead,FAILURE,End of half,L,18.671,VERY_DIFFICULT,no,1.2
2001_15_SEA_NYG,2001,15,REG,2001-12-23,Matt Hasselbeck,SEA,NYG,4,00:20,-3,SEA 36,Tie or take lead,FAILURE,Interception,L,18.671,VERY_DIFFICULT,no,1.2
2001_15_TEN_OAK,2001,15,REG,2001-12-22,Rich Gannon,LV,TEN,4,01:47,-3,LV 22,Tie or take lead,CONVERSION,Missed or blocked fg 45 or shorter,L,37.575,AVERAGE,no,1.2
2001_16_ATL_MIA,2001,16,REG,2001-12-30,Mike Vick,ATL,MIA,4,05:22,-7,ATL 23,Touchdown,FAILURE,Turnover on downs,L,28.794,DIFFICULT,no,1.2
2001_16_BAL_TB,2001,16,REG,2001-12-29,Elvis Grbac,BAL,TB,4,02:56,-6,BAL 12,Tie or take lead,FAILURE,Turnover on downs,L,20.538,DIFFICULT,no,1.2
2001_16_BUF_NYJ,2001,16,REG,2001-12-30,Vinny Testaverde,NYJ,BUF,4,00:47,-5,50,Tie or take lead,FAILURE,End of half,L,12.652,VERY_DIFFICULT,no,1.2
2001_16_CLE_TEN,2001,16,REG,2001-12-30,Steve McNair,TEN,CLE,4,00:55,-3,TEN 31,Tie or take lead,FAILURE,Turnover on downs,L,18.671,VERY_DIFFICULT,no,1.2
2001_16_NYG_PHI,2001,16,REG,2001-12-30,Kerry Collins,NYG,PHI,4,01:49,0,NYG 26,Take lead,FAILURE,Punt,L,61.155,FAVORABLE,no,1.2
2001_16_NYG_PHI,2001,16,REG,2001-12-30,Donovan McNabb,PHI,NYG,4,00:58,0,PHI 29,Take lead,CONVERSION,Offense reached required score state,W,37.518,AVERAGE,no,1.2
2001_16_OAK_DEN,2001,16,REG,2001-12-30,Rich Gannon,LV,DEN,4,01:32,-6,LV 25,Tie or take lead,FAILURE,Interception,L,17.866,VERY_DIFFICULT,no,1.2
2001_16_PIT_CIN,2001,16,REG,2001-12-30,Jon Kitna,CIN,PIT,5,09:44,0,CIN 1,Take lead,CONVERSION,Offense reached required score state,W,42.349,AVERAGE,no,1.2
2001_16_PIT_CIN,2001,16,REG,2001-12-30,Kordell Stewart,PIT,CIN,5,15:00,0,PIT 38,Take lead,FAILURE,Punt,L,57.319,FAVORABLE,no,1.2
2001_16_SEA_SD,2001,16,REG,2001-12-30,Doug Flutie,LAC,SEA,4,02:37,-3,LAC 38,Tie or take lead,CONVERSION,Offense reached required score state,L,56.665,FAVORABLE,no,1.2
2001_16_SEA_SD,2001,16,REG,2001-12-30,Trent Dilfer,SEA,LAC,4,00:16,0,LAC 36,Take lead,CONVERSION,Offense reached required score state,W,72.985,VERY_FAVORABLE,no,1.2
2001_17_ARI_WAS,2001,17,REG,2002-01-06,Jake Plummer,ARI,WAS,4,03:11,-3,ARI 41,Tie or take lead,FAILURE,Turnover on downs,L,69.54,FAVORABLE,no,1.2
2001_17_CIN_TEN,2001,17,REG,2002-01-06,Jon Kitna,CIN,TEN,4,01:52,-1,CIN 30,Tie or take lead,CONVERSION,Offense reached required score state,W,37.575,AVERAGE,no,1.2
2001_17_CIN_TEN,2001,17,REG,2002-01-06,Neil O'Donnell,TEN,CIN,4,00:20,-2,TEN 20,Tie or take lead,FAILURE,End of half,L,18.671,VERY_DIFFICULT,no,1.2
2001_17_DAL_DET,2001,17,REG,2002-01-06,Quincy Carter,DAL,DET,4,03:23,-5,DAL 40,Tie or take lead,FAILURE,Turnover on downs,L,45.207,AVERAGE,no,1.2
2001_17_NYJ_OAK,2001,17,REG,2002-01-06,Rich Gannon,LV,NYJ,4,00:59,-2,LV 20,Tie or take lead,FAILURE,Turnover on downs,L,18.671,VERY_DIFFICULT,no,1.2
2001_17_PHI_TB,2001,17,REG,2002-01-06,A.J. Feeley,PHI,TB,4,02:00,-3,TB 24,Tie or take lead,CONVERSION,Offense reached required score state,W,73.033,VERY_FAVORABLE,no,1.2
2001_17_PHI_TB,2001,17,REG,2002-01-06,Shaun King,TB,PHI,4,01:46,-4,TB 26,Tie or take lead,FAILURE,End of half,L,17.866,VERY_DIFFICULT,no,1.2
2001_18_SF_GB,2001,18,POST,2002-01-13,Jeff Garcia,SF,GB,4,07:02,-3,SF 28,Tie or take lead,FAILURE,Interception,L,64.977,FAVORABLE,no,1.2
2001_19_OAK_NE,2001,19,POST,2002-01-19,Rich Gannon,LV,NE,4,00:27,0,LV 35,Take lead,FAILURE,End of half,L,37.518,AVERAGE,no,1.2
2001_19_OAK_NE,2001,19,POST,2002-01-19,Tom Brady,NE,LV,5,15:00,0,NE 34,Take lead,CONVERSION,Offense reached required score state,W,57.319,FAVORABLE,no,1.2
2001_20_NE_PIT,2001,20,POST,2002-01-27,Kordell Stewart,PIT,NE,4,02:15,-7,PIT 40,Touchdown,FAILURE,Interception,L,33.227,DIFFICULT,no,1.2
2001_20_PHI_STL,2001,20,POST,2002-01-27,Donovan McNabb,PHI,LA,4,02:20,-5,PHI 45,Tie or take lead,FAILURE,Interception,L,45.207,AVERAGE,no,1.2
2001_21_STL_NE,2001,21,POST,2002-02-03,Kurt Warner,LA,NE,4,01:51,-7,LA 45,Touchdown,CONVERSION,Touchdown down 7 kicker neutral,L,18.637,VERY_DIFFICULT,no,1.2
2001_21_STL_NE,2001,21,POST,2002-02-03,Tom Brady,NE,LA,4,01:30,0,NE 17,Take lead,CONVERSION,Offense reached required score state,W,46.269,AVERAGE,no,1.2
2002_01_ARI_WAS,2002,1,REG,2002-09-08,Jake Plummer,ARI,WAS,4,01:04,-8,ARI 19,TD + 2-point conversion,FAILURE,Interception,L,2.592,VERY_DIFFICULT,no,1.2
2002_01_ATL_GB,2002,1,REG,2002-09-08,Mike Vick,ATL,GB,5,10:28,0,ATL 12,Take lead,FAILURE,Punt,L,41.482,AVERAGE,no,1.2
2002_01_ATL_GB,2002,1,REG,2002-09-08,Brett Favre,GB,ATL,5,09:30,0,GB 40,Take lead,CONVERSION,Offense reached required score state,W,69.259,FAVORABLE,no,1.2
2002_01_BAL_CAR,2002,1,REG,2002-09-08,Chris Redman,BAL,CAR,4,01:55,-3,BAL 41,Tie or take lead,FAILURE,Interception,L,51.687,AVERAGE,no,1.2
2002_01_DAL_HOU,2002,1,REG,2002-09-08,Quincy Carter,DAL,HOU,4,02:47,-7,DAL 4,Touchdown,FAILURE,Safety,L,13.328,VERY_DIFFICULT,no,1.2
2002_01_KC_CLE,2002,1,REG,2002-09-08,Kelly Holcomb,CLE,KC,4,03:05,-1,CLE 32,Tie or take lead,CONVERSION,Offense reached required score state,L,55.485,FAVORABLE,no,1.2
2002_01_KC_CLE,2002,1,REG,2002-09-08,Trent Green,KC,CLE,4,00:29,-2,KC 35,Tie or take lead,CONVERSION,Offense reached required score state,W,18.278,VERY_DIFFICULT,no,1.2
2002_01_MIN_CHI,2002,1,REG,2002-09-08,Daunte Culpepper,MIN,CHI,4,00:28,-4,MIN 33,Tie or take lead,FAILURE,Fumble lost,L,7.349,VERY_DIFFICULT,no,1.2
2002_01_NO_TB,2002,1,REG,2002-09-08,Aaron Brooks,NO,TB,5,07:18,0,NO 20,Take lead,FAILURE,Punt,W,56.053,FAVORABLE,no,1.2
2002_01_NO_TB,2002,1,REG,2002-09-08,Brad Johnson,TB,NO,5,04:14,0,TB 6,Take lead,FAILURE,Interception,L,41.482,AVERAGE,no,1.2
2002_01_NYJ_BUF,2002,1,REG,2002-09-08,Drew Bledsoe,BUF,NYJ,4,04:47,-7,BUF 24,Touchdown,CONVERSION,Touchdown down 7 kicker neutral,L,21.672,DIFFICULT,no,1.2
2002_01_NYJ_BUF,2002,1,REG,2002-09-08,Vinny Testaverde,NYJ,BUF,4,00:26,0,NYJ 26,Take lead,FAILURE,End of half,W,36.942,AVERAGE,no,1.2
2002_01_PHI_TEN,2002,1,REG,2002-09-08,Donovan McNabb,PHI,TEN,4,01:23,-3,PHI 34,Tie or take lead,FAILURE,Fumble lost,L,37.72,AVERAGE,no,1.2
2002_01_SF_NYG,2002,1,REG,2002-09-05,Kerry Collins,NYG,SF,4,08:08,-7,NYG 23,Touchdown,CONVERSION,Touchdown down 7 kicker neutral,L,27.858,DIFFICULT,no,1.2
2002_01_SF_NYG,2002,1,REG,2002-09-05,Jeff Garcia,SF,NYG,4,01:55,0,SF 30,Take lead,CONVERSION,Offense reached required score state,W,61.337,FAVORABLE,no,1.2
2002_02_BUF_MIN,2002,2,REG,2002-09-15,Drew Bledsoe,BUF,MIN,5,05:28,0,BUF 24,Take lead,CONVERSION,Offense reached required score state,W,56.053,FAVORABLE,no,1.2
2002_02_BUF_MIN,2002,2,REG,2002-09-15,Daunte Culpepper,MIN,BUF,5,07:07,0,MIN 35,Take lead,FAILURE,Punt,L,56.053,FAVORABLE,no,1.2
2002_02_CHI_ATL,2002,2,REG,2002-09-15,Mike Vick,ATL,CHI,4,02:11,-1,ATL 28,Tie or take lead,CONVERSION,Missed or blocked fg 45 or shorter,L,55.485,FAVORABLE,no,1.2
2002_02_MIA_IND,2002,2,REG,2002-09-15,Peyton Manning,IND,MIA,4,02:15,-8,IND 16,TD + 2-point conversion,FAILURE,End of half,L,5.193,VERY_DIFFICULT,no,1.2
2002_02_NYG_STL,2002,2,REG,2002-09-15,Kurt Warner,LA,NYG,4,01:50,-5,LA 20,Tie or take lead,FAILURE,Interception,L,17.682,VERY_DIFFICULT,no,1.2
2002_02_TEN_DAL,2002,2,REG,2002-09-15,Steve McNair,TEN,DAL,4,01:48,-8,DAL 50,TD + 2-point conversion,FAILURE,Turnover on downs,L,7.799,VERY_DIFFICULT,no,1.2
2002_03_CAR_MIN,2002,3,REG,2002-09-22,Daunte Culpepper,MIN,CAR,4,02:16,-7,MIN 22,Touchdown,FAILURE,Turnover on downs,L,21.672,DIFFICULT,no,1.2
2002_03_CLE_TEN,2002,3,REG,2002-09-22,Tim Couch,CLE,TEN,5,15:00,0,CLE 20,Take lead,CONVERSION,Offense reached required score state,W,56.053,FAVORABLE,no,1.2
2002_03_GB_DET,2002,3,REG,2002-09-22,Joey Harrington,DET,GB,4,01:15,-6,GB 48,Tie or take lead,FAILURE,Interception,L,27.505,DIFFICULT,no,1.2
2002_03_KC_NE,2002,3,REG,2002-09-22,Trent Green,KC,NE,4,02:30,-7,KC 46,Touchdown,CONVERSION,Touchdown down 7 kicker neutral,L,32.828,DIFFICULT,no,1.2
2002_03_KC_NE,2002,3,REG,2002-09-22,Tom Brady,NE,KC,5,15:00,0,NE 30,Take lead,CONVERSION,Offense reached required score state,W,56.053,FAVORABLE,no,1.2
2002_03_NO_CHI,2002,3,REG,2002-09-22,Jim Miller,CHI,NO,4,01:11,-6,CHI 31,Tie or take lead,FAILURE,Interception,L,17.682,VERY_DIFFICULT,no,1.2
2002_03_SD_ARI,2002,3,REG,2002-09-22,Jake Plummer,ARI,LAC,4,00:35,-8,ARI 46,TD + 2-point conversion,FAILURE,End of half,L,3.029,VERY_DIFFICULT,no,1.2
2002_03_SEA_NYG,2002,3,REG,2002-09-22,Trent Dilfer,SEA,NYG,4,02:04,-3,SEA 29,Tie or take lead,FAILURE,Interception,L,55.485,FAVORABLE,no,1.2
2002_04_CAR_GB,2002,4,REG,2002-09-29,Rodney Peete,CAR,GB,4,04:10,-3,CAR 20,Tie or take lead,CONVERSION,Missed or blocked fg 45 or shorter,L,55.485,FAVORABLE,no,1.2
2002_04_CAR_GB,2002,4,REG,2002-09-29,Brett Favre,GB,CAR,4,06:29,-4,GB 35,Tie or take lead,CONVERSION,Offense reached required score state,W,38.154,AVERAGE,no,1.2
2002_04_CHI_BUF,2002,4,REG,2002-09-29,Drew Bledsoe,BUF,CHI,5,13:55,0,BUF 44,Take lead,CONVERSION,Offense reached required score state,W,69.259,FAVORABLE,no,1.2
2002_04_CHI_BUF,2002,4,REG,2002-09-29,Jim Miller,CHI,BUF,5,15:00,0,CHI 20,Take lead,FAILURE,Punt,L,56.053,FAVORABLE,no,1.2
2002_04_CLE_PIT,2002,4,REG,2002-09-29,Tim Couch,CLE,PIT,5,14:46,0,PIT 34,Take lead,CONVERSION,Missed or blocked fg 45 or shorter,L,83.873,VERY_FAVORABLE,no,1.2
2002_04_CLE_PIT,2002,4,REG,2002-09-29,Tommy Maddox,PIT,CLE,5,13:10,0,PIT 35,Take lead,CONVERSION,Offense reached required score state,W,56.053,FAVORABLE,no,1.2
2002_04_DAL_STL,2002,4,REG,2002-09-29,Quincy Carter,DAL,LA,4,01:27,0,DAL 39,Take lead,CONVERSION,Offense reached required score state,W,61.337,FAVORABLE,no,1.2
2002_04_DAL_STL,2002,4,REG,2002-09-29,Jamie Martin,LA,DAL,4,04:23,0,LA 28,Take lead,ND-K,Missed or blocked fg 46 to 55,L,,,no,1.2
2002_04_NE_SD,2002,4,REG,2002-09-29,Tom Brady,NE,LAC,4,01:51,-7,NE 4,Touchdown,FAILURE,Fumble lost,L,6.953,VERY_DIFFICULT,no,1.2
2002_05_ARI_CAR,2002,5,REG,2002-10-06,Jake Plummer,ARI,CAR,4,01:26,0,ARI 21,Take lead,CONVERSION,Offense reached required score state,W,61.337,FAVORABLE,no,1.2
2002_05_ARI_CAR,2002,5,REG,2002-10-06,Rodney Peete,CAR,ARI,4,00:16,-3,CAR 40,Tie or take lead,FAILURE,Interception,L,28.318,DIFFICULT,no,1.2
2002_05_BAL_CLE,2002,5,REG,2002-10-06,Kelly Holcomb,CLE,BAL,4,00:58,-5,CLE 43,Tie or take lead,FAILURE,Interception,L,12.289,VERY_DIFFICULT,no,1.2
2002_05_CIN_IND,2002,5,REG,2002-10-06,Jon Kitna,CIN,IND,4,00:53,-7,CIN 43,Touchdown,FAILURE,Interception,L,8.062,VERY_DIFFICULT,no,1.2
2002_05_KC_NYJ,2002,5,REG,2002-10-06,Trent Green,KC,NYJ,4,02:54,-3,KC 22,Tie or take lead,CONVERSION,Offense reached required score state,W,55.485,FAVORABLE,no,1.2
2002_05_KC_NYJ,2002,5,REG,2002-10-06,Chad Pennington,NYJ,KC,4,00:27,-4,NYJ 23,Tie or take lead,FAILURE,End of half,L,7.349,VERY_DIFFICULT,no,1.2
2002_05_NYG_DAL,2002,5,REG,2002-10-06,Quincy Carter,DAL,NYG,4,03:37,-4,DAL 23,Tie or take lead,FAILURE,Punt,L,30.654,DIFFICULT,no,1.2
2002_06_ATL_NYG,2002,6,REG,2002-10-13,Kerry Collins,NYG,ATL,4,08:06,-7,NYG 30,Touchdown,FAILURE,Fumble lost,L,27.858,DIFFICULT,no,1.2
2002_06_BAL_IND,2002,6,REG,2002-10-13,Peyton Manning,IND,BAL,4,02:22,-1,IND 20,Tie or take lead,CONVERSION,Offense reached required score state,W,55.485,FAVORABLE,no,1.2
2002_06_BUF_HOU,2002,6,REG,2002-10-13,David Carr,HOU,BUF,4,03:55,-7,HOU 27,Touchdown,FAILURE,Turnover on downs,L,21.672,DIFFICULT,no,1.2
2002_06_CAR_DAL,2002,6,REG,2002-10-13,Chris Weinke,CAR,DAL,4,00:56,-1,CAR 19,Tie or take lead,FAILURE,End of half,L,11.056,VERY_DIFFICULT,no,1.2
2002_06_CAR_DAL,2002,6,REG,2002-10-13,Quincy Carter,DAL,CAR,4,02:48,-6,DAL 33,Tie or take lead,CONVERSION,Offense reached required score state,W,30.654,DIFFICULT,no,1.2
2002_06_DET_MIN,2002,6,REG,2002-10-13,Joey Harrington,DET,MIN,4,02:12,-7,DET 31,Touchdown,FAILURE,Interception,L,21.672,DIFFICULT,no,1.2
2002_06_KC_SD,2002,6,REG,2002-10-13,Trent Green,KC,LAC,4,00:14,-1,KC 47,Tie or take lead,FAILURE,Interception,L,28.318,DIFFICULT,no,1.2
2002_06_KC_SD,2002,6,REG,2002-10-13,Drew Brees,LAC,KC,4,02:30,-6,LAC 29,Tie or take lead,CONVERSION,Offense reached required score state,W,30.654,DIFFICULT,no,1.2
2002_06_MIA_DEN,2002,6,REG,2002-10-13,Brian Griese,DEN,MIA,4,01:51,-2,DEN 20,Tie or take lead,CONVERSION,Offense reached required score state,L,37.72,AVERAGE,no,1.2
2002_06_MIA_DEN,2002,6,REG,2002-10-13,Jay Fiedler,MIA,DEN,4,00:45,-1,MIA 26,Tie or take lead,CONVERSION,Offense reached required score state,W,18.278,VERY_DIFFICULT,no,1.2
2002_06_SF_SEA,2002,6,REG,2002-10-14,Trent Dilfer,SEA,SF,4,07:46,-7,SEA 35,Touchdown,FAILURE,Punt,L,27.858,DIFFICULT,no,1.2
2002_07_CHI_DET,2002,7,REG,2002-10-20,Joey Harrington,DET,CHI,5,15:00,0,DET 40,Take lead,CONVERSION,Offense reached required score state,W,69.259,FAVORABLE,no,1.2
2002_07_DAL_ARI,2002,7,REG,2002-10-20,Jake Plummer,ARI,DAL,5,08:07,0,ARI 33,Take lead,CONVERSION,Offense reached required score state,W,56.053,FAVORABLE,no,1.2
2002_07_DAL_ARI,2002,7,REG,2002-10-20,Quincy Carter,DAL,ARI,5,11:41,0,DAL 20,Take lead,FAILURE,Punt,L,56.053,FAVORABLE,no,1.2
2002_07_DEN_KC,2002,7,REG,2002-10-20,Brian Griese,DEN,KC,5,12:45,0,KC 32,Take lead,CONVERSION,Offense reached required score state,W,83.873,VERY_FAVORABLE,no,1.2
2002_07_DEN_KC,2002,7,REG,2002-10-20,Trent Green,KC,DEN,5,13:45,0,KC 37,Take lead,FAILURE,Punt,L,56.053,FAVORABLE,no,1.2
2002_07_JAX_BAL,2002,7,REG,2002-10-20,Mark Brunell,JAX,BAL,4,02:05,-7,JAX 17,Touchdown,FAILURE,Interception,L,13.328,VERY_DIFFICULT,no,1.2
2002_07_SD_OAK,2002,7,REG,2002-10-20,Drew Brees,LAC,LV,5,15:00,0,LAC 20,Take lead,CONVERSION,Offense reached required score state,W,56.053,FAVORABLE,no,1.2
2002_07_SD_OAK,2002,7,REG,2002-10-20,Rich Gannon,LV,LAC,4,00:47,0,LV 33,Take lead,FAILURE,End of half,L,36.942,AVERAGE,no,1.2
2002_07_SF_NO,2002,7,REG,2002-10-20,Jeff Garcia,SF,NO,4,01:56,-8,SF 9,TD + 2-point conversion,FAILURE,End of half,L,2.592,VERY_DIFFICULT,no,1.2
2002_08_ATL_NO,2002,8,REG,2002-10-27,Mike Vick,ATL,NO,4,02:20,-1,ATL 11,Tie or take lead,CONVERSION,Offense reached required score state,W,40.924,AVERAGE,no,1.2
2002_08_ATL_NO,2002,8,REG,2002-10-27,Aaron Brooks,NO,ATL,4,03:23,-6,ATL 28,Tie or take lead,CONVERSION,Offense reached required score state,L,64.316,FAVORABLE,no,1.2
2002_08_CLE_NYJ,2002,8,REG,2002-10-27,Tim Couch,CLE,NYJ,4,12:03,0,CLE 20,Take lead,CONVERSION,Offense reached required score state,W,82.04,VERY_FAVORABLE,no,1.2
2002_08_CLE_NYJ,2002,8,REG,2002-10-27,Chad Pennington,NYJ,CLE,4,03:30,-3,NYJ 18,Tie or take lead,CONVERSION,Missed or blocked fg 45 or shorter,L,40.924,AVERAGE,no,1.2
2002_08_DEN_NE,2002,8,REG,2002-10-27,Tom Brady,NE,DEN,4,04:21,-8,NE 29,TD + 2-point conversion,FAILURE,Punt,L,8.971,VERY_DIFFICULT,no,1.2
2002_08_DET_BUF,2002,8,REG,2002-10-27,Joey Harrington,DET,BUF,4,02:47,-7,BUF 29,Touchdown,FAILURE,Turnover on downs,L,53.011,AVERAGE,no,1.2
2002_08_IND_WAS,2002,8,REG,2002-10-27,Peyton Manning,IND,WAS,4,00:18,-5,IND 37,Tie or take lead,FAILURE,Fumble lost,L,7.349,VERY_DIFFICULT,no,1.2
2002_08_SEA_DAL,2002,8,REG,2002-10-27,Chad Hutchinson,DAL,SEA,4,00:25,-3,DAL 26,Tie or take lead,FAILURE,End of half,L,18.278,VERY_DIFFICULT,no,1.2
2002_08_SEA_DAL,2002,8,REG,2002-10-27,Matt Hasselbeck,SEA,DAL,4,05:35,0,SEA 26,Take lead,CONVERSION,Offense reached required score state,W,82.004,VERY_FAVORABLE,no,1.2
2002_08_TB_CAR,2002,8,REG,2002-10-27,Randy Fasani,CAR,TB,4,01:55,0,CAR 24,Take lead,FAILURE,Punt,L,61.337,FAVORABLE,no,1.2
2002_08_TB_CAR,2002,8,REG,2002-10-27,Unresolved,TB,CAR,4,01:20,0,TB 28,Take lead,MANUAL_REVIEW,Multi qb material participation,W,,,no,1.2
2002_08_TEN_CIN,2002,8,REG,2002-10-27,Jon Kitna,CIN,TEN,4,08:04,-6,CIN 32,Tie or take lead,FAILURE,Turnover on downs,L,38.154,AVERAGE,no,1.2
2002_09_BAL_ATL,2002,9,REG,2002-11-03,Jeff Blake,BAL,ATL,4,06:23,-3,BAL 18,Tie or take lead,FAILURE,Punt,L,49.156,AVERAGE,no,1.2
2002_09_DAL_DET,2002,9,REG,2002-11-03,Chad Hutchinson,DAL,DET,4,00:48,-2,DAL 20,Tie or take lead,FAILURE,End of half,L,18.278,VERY_DIFFICULT,no,1.2
2002_09_DAL_DET,2002,9,REG,2002-11-03,Joey Harrington,DET,DAL,4,03:47,-1,DET 37,Tie or take lead,CONVERSION,Offense reached required score state,W,55.485,FAVORABLE,no,1.2
2002_09_PHI_CHI,2002,9,REG,2002-11-03,Jim Miller,CHI,PHI,4,03:42,-6,CHI 25,Tie or take lead,FAILURE,Turnover on downs,L,30.654,DIFFICULT,no,1.2
2002_09_PIT_CLE,2002,9,REG,2002-11-03,Tim Couch,CLE,PIT,4,00:57,-3,CLE 11,Tie or take lead,FAILURE,End of half,L,11.056,VERY_DIFFICULT,no,1.2
2002_09_SF_OAK,2002,9,REG,2002-11-03,Rich Gannon,LV,SF,4,12:57,-7,LV 40,Touchdown,CONVERSION,Touchdown down 7 kicker neutral,L,40.609,AVERAGE,no,1.2
2002_09_SF_OAK,2002,9,REG,2002-11-03,Jeff Garcia,SF,LV,5,15:00,0,SF 22,Take lead,CONVERSION,Offense reached required score state,W,56.053,FAVORABLE,no,1.2
2002_09_TEN_IND,2002,9,REG,2002-11-03,Peyton Manning,IND,TEN,4,01:29,-8,IND 8,TD + 2-point conversion,FAILURE,Turnover on downs,L,2.592,VERY_DIFFICULT,no,1.2
2002_10_ATL_PIT,2002,10,REG,2002-11-10,Mike Vick,ATL,PIT,5,01:48,0,PIT 44,Take lead,MANUAL_REVIEW,Missed or blocked fg 56 plus,T,,,no,1.2
2002_10_ATL_PIT,2002,10,REG,2002-11-10,Tommy Maddox,PIT,ATL,5,02:48,0,PIT 26,Take lead,FAILURE,Interception,T,56.053,FAVORABLE,no,1.2
2002_10_HOU_TEN,2002,10,REG,2002-11-10,David Carr,HOU,TEN,4,01:52,-7,HOU 46,Touchdown,FAILURE,Interception,L,19.191,VERY_DIFFICULT,no,1.2
2002_10_KC_SF,2002,10,REG,2002-11-10,Trent Green,KC,SF,4,02:00,-4,KC 11,Tie or take lead,FAILURE,Turnover on downs,L,10.665,VERY_DIFFICULT,no,1.2
2002_10_MIA_NYJ,2002,10,REG,2002-11-10,Ray Lucas,MIA,NYJ,4,02:17,-3,MIA 34,Tie or take lead,FAILURE,Turnover on downs,L,55.485,FAVORABLE,no,1.2
2002_10_MIA_NYJ,2002,10,REG,2002-11-10,Chad Pennington,NYJ,MIA,4,07:26,0,NYJ 8,Take lead,CONVERSION,Offense reached required score state,W,71.691,VERY_FAVORABLE,no,1.2
2002_10_NE_CHI,2002,10,REG,2002-11-10,Jim Miller,CHI,NE,4,00:21,-3,CHI 20,Tie or take lead,FAILURE,End of half,L,18.278,VERY_DIFFICULT,no,1.2
2002_10_NE_CHI,2002,10,REG,2002-11-10,Tom Brady,NE,CHI,4,01:50,-5,NE 44,Tie or take lead,CONVERSION,Offense reached required score state,W,27.505,DIFFICULT,no,1.2
2002_10_NO_CAR,2002,10,REG,2002-11-10,Rodney Peete,CAR,NO,4,00:31,-3,CAR 33,Tie or take lead,FAILURE,Fumble lost,L,18.278,VERY_DIFFICULT,no,1.2
2002_10_NO_CAR,2002,10,REG,2002-11-10,Aaron Brooks,NO,CAR,4,03:31,-4,NO 5,Tie or take lead,CONVERSION,Offense reached required score state,W,19.722,VERY_DIFFICULT,no,1.2
2002_10_NYG_MIN,2002,10,REG,2002-11-10,Todd Bouman,MIN,NYG,4,02:43,-7,MIN 33,Touchdown,FAILURE,Punt,L,21.672,DIFFICULT,no,1.2
2002_10_SD_STL,2002,10,REG,2002-11-10,Drew Brees,LAC,LA,4,01:14,-4,LA 46,Tie or take lead,FAILURE,Interception,L,27.505,DIFFICULT,no,1.2
2002_10_WAS_JAX,2002,10,REG,2002-11-10,Mark Brunell,JAX,WAS,4,01:45,-5,JAX 12,Tie or take lead,FAILURE,End of half,W,10.665,VERY_DIFFICULT,no,1.2
2002_11_BUF_KC,2002,11,REG,2002-11-17,Drew Bledsoe,BUF,KC,4,04:53,-1,BUF 44,Tie or take lead,FAILURE,Interception,L,68.766,FAVORABLE,no,1.2
2002_11_CHI_STL,2002,11,REG,2002-11-18,Chris Chandler,CHI,LA,4,01:07,-5,CHI 25,Tie or take lead,FAILURE,Turnover on downs,L,17.682,VERY_DIFFICULT,no,1.2
2002_11_CLE_CIN,2002,11,REG,2002-11-17,Jon Kitna,CIN,CLE,4,01:41,-7,CIN 11,Touchdown,FAILURE,End of half,L,6.953,VERY_DIFFICULT,no,1.2
2002_11_JAX_HOU,2002,11,REG,2002-11-17,David Carr,HOU,JAX,4,01:32,-3,HOU 18,Tie or take lead,FAILURE,Turnover on downs,L,25.184,DIFFICULT,no,1.2
2002_11_SF_SD,2002,11,REG,2002-11-17,Drew Brees,LAC,SF,5,08:46,0,LAC 31,Take lead,CONVERSION,Offense reached required score state,W,56.053,FAVORABLE,no,1.2
2002_11_SF_SD,2002,11,REG,2002-11-17,Jeff Garcia,SF,LAC,5,14:27,0,SF 24,Take lead,CONVERSION,Missed or blocked fg 45 or shorter,L,56.053,FAVORABLE,no,1.2
2002_11_WAS_NYG,2002,11,REG,2002-11-17,Shane Matthews,WAS,NYG,4,02:29,-2,WAS 14,Tie or take lead,FAILURE,Turnover on downs,L,40.924,AVERAGE,no,1.2
2002_12_CIN_PIT,2002,12,REG,2002-11-24,Jon Kitna,CIN,PIT,4,02:45,-8,PIT 31,TD + 2-point conversion,FAILURE,Turnover on downs,L,28.665,DIFFICULT,no,1.2
2002_12_DET_CHI,2002,12,REG,2002-11-24,Jim Miller,CHI,DET,5,15:00,0,CHI 35,Take lead,CONVERSION,Offense reached required score state,W,56.053,FAVORABLE,no,1.2
2002_12_IND_DEN,2002,12,REG,2002-11-24,Peyton Manning,IND,DEN,5,15:00,0,IND 32,Take lead,CONVERSION,Offense reached required score state,W,56.053,FAVORABLE,no,1.2
2002_12_MIN_NE,2002,12,REG,2002-11-24,Daunte Culpepper,MIN,NE,4,01:04,-7,MIN 20,Touchdown,FAILURE,Turnover on downs,L,11.851,VERY_DIFFICULT,no,1.2
2002_12_NYG_HOU,2002,12,REG,2002-11-24,Kerry Collins,NYG,HOU,4,00:22,-2,NYG 30,Tie or take lead,FAILURE,End of half,L,18.278,VERY_DIFFICULT,no,1.2
2002_12_STL_WAS,2002,12,REG,2002-11-24,Kurt Warner,LA,WAS,4,03:28,-3,LA 20,Tie or take lead,FAILURE,Fumble lost,L,55.485,FAVORABLE,no,1.2
2002_12_TEN_BAL,2002,12,REG,2002-11-24,Steve McNair,TEN,BAL,4,02:44,-1,TEN 9,Tie or take lead,FAILURE,Turnover on downs,L,40.924,AVERAGE,no,1.2
2002_13_ATL_MIN,2002,13,REG,2002-12-01,Mike Vick,ATL,MIN,5,13:26,0,MIN 48,Take lead,CONVERSION,Offense reached required score state,W,69.259,FAVORABLE,no,1.2
2002_13_ATL_MIN,2002,13,REG,2002-12-01,Daunte Culpepper,MIN,ATL,5,15:00,0,MIN 20,Take lead,FAILURE,Punt,L,56.053,FAVORABLE,no,1.2
2002_13_BAL_CIN,2002,13,REG,2002-12-01,Jeff Blake,BAL,CIN,4,10:27,-2,BAL 31,Tie or take lead,CONVERSION,Offense reached required score state,W,63.555,FAVORABLE,no,1.2
2002_13_BAL_CIN,2002,13,REG,2002-12-01,Jon Kitna,CIN,BAL,4,05:12,-4,CIN 21,Tie or take lead,FAILURE,Turnover on downs,L,38.154,AVERAGE,no,1.2
2002_13_CAR_CLE,2002,13,REG,2002-12-01,Tim Couch,CLE,CAR,4,02:53,-7,CLE 29,Touchdown,FAILURE,Interception,L,21.672,DIFFICULT,no,1.2
2002_13_DEN_SD,2002,13,REG,2002-12-01,Steve Beuerlein,DEN,LAC,5,10:35,0,DEN 27,Take lead,ND-K,Missed or blocked fg 46 to 55,L,,,no,1.2
2002_13_DEN_SD,2002,13,REG,2002-12-01,Drew Brees,LAC,DEN,5,07:26,0,LAC 43,Take lead,CONVERSION,Offense reached required score state,W,69.259,FAVORABLE,no,1.2
2002_13_NYJ_OAK,2002,13,REG,2002-12-02,Chad Pennington,NYJ,LV,4,01:12,-6,NYJ 26,Tie or take lead,FAILURE,Interception,L,17.682,VERY_DIFFICULT,no,1.2
2002_13_SEA_SF,2002,13,REG,2002-12-01,Matt Hasselbeck,SEA,SF,4,01:57,-7,SEA 43,Touchdown,FAILURE,Interception,L,19.191,VERY_DIFFICULT,no,1.2
2002_13_STL_PHI,2002,13,REG,2002-12-01,Kurt Warner,LA,PHI,4,00:19,-7,LA 30,Touchdown,FAILURE,End of half,L,4.73,VERY_DIFFICULT,no,1.2
2002_13_TEN_NYG,2002,13,REG,2002-12-01,Kerry Collins,NYG,TEN,5,15:00,0,NYG 40,Take lead,FAILURE,Punt,L,69.259,FAVORABLE,no,1.2
2002_13_TEN_NYG,2002,13,REG,2002-12-01,Steve McNair,TEN,NYG,5,12:48,0,TEN 20,Take lead,CONVERSION,Offense reached required score state,W,56.053,FAVORABLE,no,1.2
2002_13_WAS_DAL,2002,13,REG,2002-11-28,Unresolved,WAS,DAL,4,00:44,-7,WAS 16,Touchdown,MANUAL_REVIEW,Multi qb material participation,L,,,no,1.2
2002_14_DEN_NYJ,2002,14,REG,2002-12-08,Brian Griese,DEN,NYJ,4,05:56,-6,DEN 21,Tie or take lead,FAILURE,Interception,L,38.154,AVERAGE,no,1.2
2002_14_DET_ARI,2002,14,REG,2002-12-08,Jake Plummer,ARI,DET,5,15:00,0,ARI 30,Take lead,CONVERSION,Offense reached required score state,W,56.053,FAVORABLE,no,1.2
2002_14_DET_ARI,2002,14,REG,2002-12-08,Joey Harrington,DET,ARI,4,01:05,0,DET 19,Take lead,FAILURE,Punt,L,46.857,AVERAGE,no,1.2
2002_14_MIN_GB,2002,14,REG,2002-12-08,Brett Favre,GB,MIN,4,04:32,-2,GB 15,Tie or take lead,CONVERSION,Offense reached required score state,W,40.924,AVERAGE,no,1.2
2002_14_MIN_GB,2002,14,REG,2002-12-08,Daunte Culpepper,MIN,GB,4,01:06,-4,MIN 34,Tie or take lead,FAILURE,Interception,L,17.682,VERY_DIFFICULT,no,1.2
2002_14_NYG_WAS,2002,14,REG,2002-12-08,Patrick Ramsey,WAS,NYG,4,00:55,-6,WAS 17,Tie or take lead,FAILURE,End of half,L,4.222,VERY_DIFFICULT,no,1.2
2002_14_SF_DAL,2002,14,REG,2002-12-08,Chad Hutchinson,DAL,SF,4,00:12,-4,DAL 33,Tie or take lead,FAILURE,End of half,L,7.349,VERY_DIFFICULT,no,1.2
2002_14_SF_DAL,2002,14,REG,2002-12-08,Jeff Garcia,SF,DAL,4,02:16,-3,SF 37,Tie or take lead,CONVERSION,Offense reached required score state,W,55.485,FAVORABLE,no,1.2
2002_15_ARI_STL,2002,15,REG,2002-12-15,Jake Plummer,ARI,LA,4,00:20,-2,ARI 33,Tie or take lead,FAILURE,Interception,L,18.278,VERY_DIFFICULT,no,1.2
2002_15_BAL_HOU,2002,15,REG,2002-12-15,David Carr,HOU,BAL,4,02:19,-4,HOU 32,Tie or take lead,FAILURE,Interception,L,30.654,DIFFICULT,no,1.2
2002_15_GB_SF,2002,15,REG,2002-12-15,Jeff Garcia,SF,GB,4,04:41,-6,SF 26,Tie or take lead,FAILURE,Turnover on downs,L,30.654,DIFFICULT,no,1.2
2002_15_IND_CLE,2002,15,REG,2002-12-15,Tim Couch,CLE,IND,4,02:52,-5,IND 48,Tie or take lead,FAILURE,Turnover on downs,L,43.846,AVERAGE,no,1.2
2002_15_KC_DEN,2002,15,REG,2002-12-15,Trent Green,KC,DEN,4,01:50,-7,KC 39,Touchdown,FAILURE,End of half,L,11.851,VERY_DIFFICULT,no,1.2
2002_15_MIN_NO,2002,15,REG,2002-12-15,Daunte Culpepper,MIN,NO,4,05:21,-7,MIN 27,Touchdown,CONVERSION,Touchdown down 7 kicker neutral,W,27.858,DIFFICULT,no,1.2
2002_15_MIN_NO,2002,15,REG,2002-12-15,Aaron Brooks,NO,MIN,4,09:56,-1,NO 26,Tie or take lead,CONVERSION,Offense reached required score state,L,63.498,FAVORABLE,no,1.2
2002_15_NYJ_CHI,2002,15,REG,2002-12-15,Chad Pennington,NYJ,CHI,4,02:38,-7,NYJ 24,Touchdown,FAILURE,Fumble lost,L,21.672,DIFFICULT,no,1.2
2002_15_OAK_MIA,2002,15,REG,2002-12-15,Rich Gannon,LV,MIA,4,02:28,-6,LV 20,Tie or take lead,FAILURE,Interception,L,30.654,DIFFICULT,no,1.2
2002_15_SD_BUF,2002,15,REG,2002-12-15,Drew Bledsoe,BUF,LAC,4,03:04,0,BUF 36,Take lead,CONVERSION,Offense reached required score state,W,76.553,VERY_FAVORABLE,no,1.2
2002_15_SD_BUF,2002,15,REG,2002-12-15,Doug Flutie,LAC,BUF,4,00:52,-7,50,Touchdown,FAILURE,End of half,L,8.062,VERY_DIFFICULT,no,1.2
2002_15_SEA_ATL,2002,15,REG,2002-12-15,Mike Vick,ATL,SEA,5,15:00,0,ATL 18,Take lead,CONVERSION,Missed or blocked fg 45 or shorter,L,41.482,AVERAGE,no,1.2
2002_15_SEA_ATL,2002,15,REG,2002-12-15,Matt Hasselbeck,SEA,ATL,5,08:13,0,SEA 26,Take lead,CONVERSION,Offense reached required score state,W,56.053,FAVORABLE,no,1.2
2002_15_TB_DET,2002,15,REG,2002-12-15,Mike McMahon,DET,TB,4,03:04,-3,DET 33,Tie or take lead,MANUAL_REVIEW,Missed or blocked fg 56 plus,L,,,no,1.2
2002_16_CLE_BAL,2002,16,REG,2002-12-22,Jeff Blake,BAL,CLE,4,00:29,-1,BAL 16,Tie or take lead,FAILURE,Interception,L,11.056,VERY_DIFFICULT,no,1.2
2002_16_CLE_BAL,2002,16,REG,2002-12-22,Tim Couch,CLE,BAL,4,02:18,-6,CLE 8,Tie or take lead,CONVERSION,Offense reached required score state,W,19.722,VERY_DIFFICULT,no,1.2
2002_16_MIA_MIN,2002,16,REG,2002-12-21,Jay Fiedler,MIA,MIN,4,00:17,-3,MIA 32,Tie or take lead,FAILURE,End of half,L,18.278,VERY_DIFFICULT,no,1.2
2002_16_MIA_MIN,2002,16,REG,2002-12-21,Daunte Culpepper,MIN,MIA,4,06:09,0,MIN 20,Take lead,CONVERSION,Offense reached required score state,W,82.004,VERY_FAVORABLE,no,1.2
2002_16_NO_CIN,2002,16,REG,2002-12-22,Jon Kitna,CIN,NO,4,07:33,0,CIN 36,Take lead,CONVERSION,Offense reached required score state,W,82.004,VERY_FAVORABLE,no,1.2
2002_16_NO_CIN,2002,16,REG,2002-12-22,Aaron Brooks,NO,CIN,4,01:46,-7,NO 26,Touchdown,FAILURE,Turnover on downs,L,11.851,VERY_DIFFICULT,no,1.2
2002_16_SD_KC,2002,16,REG,2002-12-22,Drew Brees,LAC,KC,4,01:08,-2,LAC 35,Tie or take lead,FAILURE,Fumble lost,L,37.72,AVERAGE,no,1.2
2002_17_ATL_CLE,2002,17,REG,2002-12-29,Mike Vick,ATL,CLE,4,03:53,-8,ATL 42,TD + 2-point conversion,FAILURE,Turnover on downs,L,14.827,VERY_DIFFICULT,no,1.2
2002_17_BAL_PIT,2002,17,REG,2002-12-29,Jeff Blake,BAL,PIT,4,02:29,-3,BAL 20,Tie or take lead,FAILURE,Interception,L,55.485,FAVORABLE,no,1.2
2002_17_BAL_PIT,2002,17,REG,2002-12-29,Tommy Maddox,PIT,BAL,4,07:51,-5,BAL 31,Tie or take lead,CONVERSION,Offense reached required score state,W,71.554,VERY_FAVORABLE,no,1.2
2002_17_CAR_NO,2002,17,REG,2002-12-29,Aaron Brooks,NO,CAR,4,01:02,-4,NO 40,Tie or take lead,FAILURE,Interception,L,27.505,DIFFICULT,no,1.2
2002_17_JAX_IND,2002,17,REG,2002-12-29,Peyton Manning,IND,JAX,4,04:37,0,JAX 47,Take lead,CONVERSION,Offense reached required score state,W,85.223,VERY_FAVORABLE,no,1.2
2002_17_JAX_IND,2002,17,REG,2002-12-29,David Garrard,JAX,IND,4,02:26,-7,JAX 24,Touchdown,FAILURE,Turnover on downs,L,21.672,DIFFICULT,no,1.2
2002_17_MIA_NE,2002,17,REG,2002-12-29,Jay Fiedler,MIA,NE,4,01:09,0,MIA 12,Take lead,FAILURE,Punt,L,46.857,AVERAGE,no,1.2
2002_17_MIA_NE,2002,17,REG,2002-12-29,Tom Brady,NE,MIA,5,15:00,0,NE 40,Take lead,CONVERSION,Offense reached required score state,W,69.259,FAVORABLE,no,1.2
2002_17_MIN_DET,2002,17,REG,2002-12-29,Mike McMahon,DET,MIN,4,01:09,-8,DET 39,TD + 2-point conversion,FAILURE,Two point conversion failed,L,4.57,VERY_DIFFICULT,no,1.2
2002_17_PHI_NYG,2002,17,REG,2002-12-28,Kerry Collins,NYG,PHI,5,13:36,0,NYG 37,Take lead,CONVERSION,Offense reached required score state,W,56.053,FAVORABLE,no,1.2
2002_17_PHI_NYG,2002,17,REG,2002-12-28,A.J. Feeley,PHI,NYG,5,15:00,0,PHI 45,Take lead,FAILURE,Interception,L,69.259,FAVORABLE,no,1.2
2002_17_SEA_SD,2002,17,REG,2002-12-29,Drew Brees,LAC,SEA,5,10:31,0,LAC 21,Take lead,FAILURE,Punt,L,56.053,FAVORABLE,no,1.2
2002_17_SEA_SD,2002,17,REG,2002-12-29,Matt Hasselbeck,SEA,LAC,5,09:54,0,SEA 48,Take lead,CONVERSION,Offense reached required score state,W,69.259,FAVORABLE,no,1.2
2002_18_CLE_PIT,2002,18,POST,2003-01-05,Kelly Holcomb,CLE,PIT,4,00:54,-3,CLE 24,Tie or take lead,FAILURE,End of half,L,18.278,VERY_DIFFICULT,no,1.2
2002_18_CLE_PIT,2002,18,POST,2003-01-05,Tommy Maddox,PIT,CLE,4,02:35,-5,PIT 39,Tie or take lead,CONVERSION,Offense reached required score state,W,30.654,DIFFICULT,no,1.2
2002_18_NYG_SF,2002,18,POST,2003-01-05,Kerry Collins,NYG,SF,4,01:00,-1,NYG 48,Tie or take lead,FAILURE,End of half,L,28.318,DIFFICULT,no,1.2
2002_18_NYG_SF,2002,18,POST,2003-01-05,Jeff Garcia,SF,NYG,4,03:01,-5,SF 32,Tie or take lead,CONVERSION,Offense reached required score state,W,30.654,DIFFICULT,no,1.2
2002_19_PIT_TEN,2002,19,POST,2003-01-11,Tommy Maddox,PIT,TEN,4,02:08,0,50,Take lead,FAILURE,Punt,L,85.223,VERY_FAVORABLE,no,1.2
2002_19_PIT_TEN,2002,19,POST,2003-01-11,Steve McNair,TEN,PIT,5,15:00,0,TEN 31,Take lead,CONVERSION,Offense reached required score state,W,56.053,FAVORABLE,no,1.2
2003_01_HOU_MIA,2003,1,REG,2003-09-07,David Carr,HOU,MIA,4,03:53,-2,MIA 36,Tie or take lead,CONVERSION,Offense reached required score state,W,84.873,VERY_FAVORABLE,no,1.2
2003_01_HOU_MIA,2003,1,REG,2003-09-07,Jay Fiedler,MIA,HOU,4,00:25,-1,MIA 45,Tie or take lead,FAILURE,Turnover,L,28.799,DIFFICULT,no,1.2
2003_01_IND_CLE,2003,1,REG,2003-09-07,Kelly Holcomb,CLE,IND,4,05:02,0,CLE 27,Take lead,FAILURE,Punt,L,83.035,VERY_FAVORABLE,no,1.2
2003_01_IND_CLE,2003,1,REG,2003-09-07,Peyton Manning,IND,CLE,4,02:39,0,IND 8,Take lead,CONVERSION,Offense reached required score state,W,64.846,FAVORABLE,no,1.2
2003_01_JAX_CAR,2003,1,REG,2003-09-07,Jake Delhomme,CAR,JAX,4,03:34,-5,CAR 46,Tie or take lead,CONVERSION,Offense reached required score state,W,44.302,AVERAGE,no,1.2
2003_01_JAX_CAR,2003,1,REG,2003-09-07,Mark Brunell,JAX,CAR,4,00:16,-1,JAX 37,Tie or take lead,ND-K,Missed or blocked fg 46 to 55,L,,,no,1.2
2003_01_NYJ_WAS,2003,1,REG,2003-09-04,Vinny Testaverde,NYJ,WAS,4,04:29,0,NYJ 22,Take lead,FAILURE,Punt,L,77.704,VERY_FAVORABLE,no,1.2
2003_01_NYJ_WAS,2003,1,REG,2003-09-04,Patrick Ramsey,WAS,NYJ,4,02:16,0,WAS 39,Take lead,CONVERSION,Offense reached required score state,W,77.704,VERY_FAVORABLE,no,1.2
2003_01_OAK_TEN,2003,1,REG,2003-09-07,Rich Gannon,LV,TEN,4,00:32,-5,LV 15,Tie or take lead,FAILURE,End game,L,4.196,VERY_DIFFICULT,no,1.2
2003_02_CAR_TB,2003,2,REG,2003-09-14,Jake Delhomme,CAR,TB,5,06:02,0,TB 40,Take lead,CONVERSION,Offense reached required score state,W,85.295,VERY_FAVORABLE,no,1.2
2003_02_CAR_TB,2003,2,REG,2003-09-14,Brad Johnson,TB,CAR,5,11:49,0,TB 18,Take lead,FAILURE,Punt,L,42.149,AVERAGE,no,1.2
2003_02_CIN_OAK,2003,2,REG,2003-09-14,Jon Kitna,CIN,LV,4,03:46,-7,CIN 47,Touchdown,CONVERSION,Touchdown down 7 kicker neutral,L,33.465,DIFFICULT,no,1.2
2003_02_CIN_OAK,2003,2,REG,2003-09-14,Rich Gannon,LV,CIN,4,01:18,0,LV 24,Take lead,CONVERSION,Offense reached required score state,W,62.443,FAVORABLE,no,1.2
2003_02_DAL_NYG,2003,2,REG,2003-09-15,Quincy Carter,DAL,NYG,5,10:09,0,DAL 43,Take lead,CONVERSION,Offense reached required score state,W,70.168,VERY_FAVORABLE,no,1.2
2003_02_DAL_NYG,2003,2,REG,2003-09-15,Kerry Collins,NYG,DAL,5,10:34,0,NYG 20,Take lead,FAILURE,Punt,L,57.922,FAVORABLE,no,1.2
2003_02_SF_STL,2003,2,REG,2003-09-14,Marc Bulger,LA,SF,5,15:00,0,LA 48,Take lead,CONVERSION,Offense reached required score state,W,70.168,VERY_FAVORABLE,no,1.2
2003_02_SF_STL,2003,2,REG,2003-09-14,Jeff Garcia,SF,LA,4,00:19,0,50,Take lead,FAILURE,End half,L,51.425,AVERAGE,no,1.2
2003_02_WAS_ATL,2003,2,REG,2003-09-14,Doug Johnson,ATL,WAS,4,00:19,-2,ATL 9,Tie or take lead,FAILURE,End game,L,11.134,VERY_DIFFICULT,no,1.2
2003_03_CLE_SF,2003,3,REG,2003-09-21,Kelly Holcomb,CLE,SF,4,06:19,-5,CLE 9,Tie or take lead,CONVERSION,Offense reached required score state,W,25.707,DIFFICULT,no,1.2
2003_03_CLE_SF,2003,3,REG,2003-09-21,Jeff Garcia,SF,CLE,4,00:29,-1,SF 19,Tie or take lead,FAILURE,Turnover,L,11.134,VERY_DIFFICULT,no,1.2
2003_03_GB_ARI,2003,3,REG,2003-09-21,Brett Favre,GB,ARI,4,03:59,-7,GB 25,Touchdown,FAILURE,Interception,L,22.742,DIFFICULT,no,1.2
2003_03_NYG_WAS,2003,3,REG,2003-09-21,Kerry Collins,NYG,WAS,5,15:00,0,NYG 6,Take lead,CONVERSION,Offense reached required score state,W,42.149,AVERAGE,no,1.2
2003_03_NYG_WAS,2003,3,REG,2003-09-21,Patrick Ramsey,WAS,NYG,4,02:01,-3,WAS 28,Tie or take lead,CONVERSION,Offense reached required score state,L,57.11,FAVORABLE,no,1.2
2003_03_NYJ_NE,2003,3,REG,2003-09-21,Vinny Testaverde,NYJ,NE,4,03:06,-7,NYJ 10,Touchdown,FAILURE,Turnover on downs,L,13.48,VERY_DIFFICULT,no,1.2
2003_03_STL_SEA,2003,3,REG,2003-09-21,Marc Bulger,LA,SEA,4,01:00,-1,LA 29,Tie or take lead,FAILURE,Turnover on downs,L,19.141,VERY_DIFFICULT,no,1.2
2003_03_STL_SEA,2003,3,REG,2003-09-21,Matt Hasselbeck,SEA,LA,4,03:15,-6,SEA 26,Tie or take lead,CONVERSION,Offense reached required score state,W,31.764,DIFFICULT,no,1.2
2003_04_CIN_CLE,2003,4,REG,2003-09-28,Tim Couch,CLE,CIN,4,01:49,-7,CLE 31,Touchdown,FAILURE,Interception,L,12.314,VERY_DIFFICULT,no,1.2
2003_04_DET_DEN,2003,4,REG,2003-09-28,Joey Harrington,DET,DEN,4,03:13,-4,DET 20,Tie or take lead,FAILURE,Turnover on downs,L,31.764,DIFFICULT,no,1.2
2003_04_JAX_HOU,2003,4,REG,2003-09-28,David Carr,HOU,JAX,4,02:42,-3,JAX 41,Tie or take lead,CONVERSION,Offense reached required score state,W,69.467,FAVORABLE,no,1.2
2003_04_KC_BAL,2003,4,REG,2003-09-28,Kyle Boller,BAL,KC,4,01:52,-7,BAL 17,Touchdown,FAILURE,Interception,L,6.918,VERY_DIFFICULT,no,1.2
2003_04_NE_WAS,2003,4,REG,2003-09-28,Tom Brady,NE,WAS,4,01:39,-3,WAS 45,Tie or take lead,FAILURE,Turnover on downs,L,52.047,AVERAGE,no,1.2
2003_04_SD_OAK,2003,4,REG,2003-09-28,Drew Brees,LAC,LV,5,11:23,0,LAC 43,Take lead,FAILURE,Punt,L,70.168,VERY_FAVORABLE,no,1.2
2003_04_SD_OAK,2003,4,REG,2003-09-28,Rich Gannon,LV,LAC,5,09:45,0,LV 8,Take lead,CONVERSION,Offense reached required score state,W,42.149,AVERAGE,no,1.2
2003_05_CIN_BUF,2003,5,REG,2003-10-05,Drew Bledsoe,BUF,CIN,5,13:30,0,BUF 43,Take lead,CONVERSION,Offense reached required score state,W,70.168,VERY_FAVORABLE,no,1.2
2003_05_CIN_BUF,2003,5,REG,2003-10-05,Jon Kitna,CIN,BUF,5,15:00,0,CIN 20,Take lead,FAILURE,Punt,L,57.922,FAVORABLE,no,1.2
2003_05_DEN_KC,2003,5,REG,2003-10-05,Jake Plummer,DEN,KC,4,02:21,-1,DEN 8,Tie or take lead,FAILURE,Turnover on downs,L,41.341,AVERAGE,no,1.2
2003_05_DET_SF,2003,5,REG,2003-10-05,Joey Harrington,DET,SF,4,03:54,-7,DET 27,Touchdown,FAILURE,Punt,L,22.742,DIFFICULT,no,1.2
2003_05_IND_TB,2003,5,REG,2003-10-06,Peyton Manning,IND,TB,5,10:33,0,IND 13,Take lead,CONVERSION,Offense reached required score state,W,42.149,AVERAGE,no,1.2
2003_05_IND_TB,2003,5,REG,2003-10-06,Brad Johnson,TB,IND,5,14:53,0,TB 30,Take lead,FAILURE,Punt,L,57.922,FAVORABLE,no,1.2
2003_05_OAK_CHI,2003,5,REG,2003-10-05,Kordell Stewart,CHI,LV,4,03:30,0,CHI 27,Take lead,CONVERSION,Offense reached required score state,W,77.704,VERY_FAVORABLE,no,1.2
2003_05_OAK_CHI,2003,5,REG,2003-10-05,Rich Gannon,LV,CHI,4,06:58,-3,LV 38,Tie or take lead,CONVERSION,Offense reached required score state,L,65.157,FAVORABLE,no,1.2
2003_05_TEN_NE,2003,5,REG,2003-10-05,Tom Brady,NE,TEN,4,04:40,-3,TEN 30,Tie or take lead,CONVERSION,Offense reached required score state,W,84.873,VERY_FAVORABLE,no,1.2
2003_05_WAS_PHI,2003,5,REG,2003-10-05,Patrick Ramsey,WAS,PHI,4,01:14,-8,WAS 43,TD + 2-point conversion,FAILURE,Two point conversion failed,L,7.348,VERY_DIFFICULT,no,1.2
2003_06_CAR_IND,2003,6,REG,2003-10-12,Jake Delhomme,CAR,IND,5,15:00,0,CAR 27,Take lead,CONVERSION,Offense reached required score state,W,57.922,FAVORABLE,no,1.2
2003_06_CAR_IND,2003,6,REG,2003-10-12,Peyton Manning,IND,CAR,4,03:08,-7,IND 9,Touchdown,CONVERSION,Touchdown down 7 kicker neutral,L,13.48,VERY_DIFFICULT,no,1.2
2003_06_KC_GB,2003,6,REG,2003-10-12,Brett Favre,GB,KC,5,08:59,0,GB 39,Take lead,FAILURE,Fumble lost,L,57.922,FAVORABLE,no,1.2
2003_06_KC_GB,2003,6,REG,2003-10-12,Trent Green,KC,GB,5,08:50,0,KC 49,Take lead,CONVERSION,Offense reached required score state,W,70.168,VERY_FAVORABLE,no,1.2
2003_06_OAK_CLE,2003,6,REG,2003-10-12,Rich Gannon,LV,CLE,4,02:29,-6,LV 23,Tie or take lead,FAILURE,Turnover on downs,L,31.764,DIFFICULT,no,1.2
2003_06_PHI_DAL,2003,6,REG,2003-10-12,Donovan McNabb,PHI,DAL,4,01:11,-2,PHI 48,Tie or take lead,FAILURE,Fumble lost,L,52.047,AVERAGE,no,1.2
2003_06_PIT_DEN,2003,6,REG,2003-10-12,Steve Beuerlein,DEN,PIT,4,02:41,0,DEN 20,Take lead,CONVERSION,Offense reached required score state,W,77.704,VERY_FAVORABLE,no,1.2
2003_06_PIT_DEN,2003,6,REG,2003-10-12,Tommy Maddox,PIT,DEN,4,09:22,-8,PIT 26,TD + 2-point conversion,CONVERSION,Offense reached required score state,L,12.021,VERY_DIFFICULT,no,1.2
2003_06_SF_SEA,2003,6,REG,2003-10-12,Jeff Garcia,SF,SEA,4,03:04,-1,SF 29,Tie or take lead,FAILURE,Fumble lost,L,57.11,FAVORABLE,no,1.2
2003_07_CHI_SEA,2003,7,REG,2003-10-19,Chris Chandler,CHI,SEA,4,00:58,-7,CHI 26,Touchdown,FAILURE,Interception,L,4.973,VERY_DIFFICULT,no,1.2
2003_07_DEN_MIN,2003,7,REG,2003-10-19,Danny Kanell,DEN,MIN,4,03:24,-8,DEN 33,TD + 2-point conversion,FAILURE,Turnover on downs,L,8.867,VERY_DIFFICULT,no,1.2
2003_07_KC_OAK,2003,7,REG,2003-10-20,Marques Tuiasosopo,LV,KC,4,01:47,-7,LV 6,Touchdown,FAILURE,End game,L,6.918,VERY_DIFFICULT,no,1.2
2003_07_NE_MIA,2003,7,REG,2003-10-19,Jay Fiedler,MIA,NE,5,07:26,0,MIA 30,Take lead,FAILURE,Interception,L,57.922,FAVORABLE,no,1.2
2003_07_NE_MIA,2003,7,REG,2003-10-19,Tom Brady,NE,MIA,5,05:57,0,NE 18,Take lead,CONVERSION,Offense reached required score state,W,42.149,AVERAGE,no,1.2
2003_07_NYJ_HOU,2003,7,REG,2003-10-19,David Carr,HOU,NYJ,4,01:21,-5,NYJ 27,Tie or take lead,FAILURE,Turnover on downs,L,48.341,AVERAGE,no,1.2
2003_07_PHI_NYG,2003,7,REG,2003-10-19,Kerry Collins,NYG,PHI,4,01:16,-4,NYG 36,Tie or take lead,FAILURE,Turnover on downs,L,18.172,VERY_DIFFICULT,no,1.2
2003_07_PHI_NYG,2003,7,REG,2003-10-19,Donovan McNabb,PHI,NYG,4,02:50,-3,PHI 24,Tie or take lead,FAILURE,Punt,W,57.11,FAVORABLE,no,1.2
2003_07_SD_CLE,2003,7,REG,2003-10-19,Kelly Holcomb,CLE,LAC,4,00:25,-6,CLE 20,Tie or take lead,FAILURE,End game,L,7.643,VERY_DIFFICULT,no,1.2
2003_08_CAR_NO,2003,8,REG,2003-10-26,Jake Delhomme,CAR,NO,5,13:06,0,CAR 38,Take lead,CONVERSION,Offense reached required score state,W,57.922,FAVORABLE,no,1.2
2003_08_CAR_NO,2003,8,REG,2003-10-26,Aaron Brooks,NO,CAR,5,15:00,0,CAR 46,Take lead,FAILURE,Fumble lost,L,70.168,VERY_FAVORABLE,no,1.2
2003_08_CLE_NE,2003,8,REG,2003-10-26,Kelly Holcomb,CLE,NE,4,02:05,-6,CLE 33,Tie or take lead,FAILURE,Interception,L,31.764,DIFFICULT,no,1.2
2003_08_NYJ_PHI,2003,8,REG,2003-10-26,Chad Pennington,NYJ,PHI,4,01:12,-7,NYJ 10,Touchdown,FAILURE,End game,L,6.918,VERY_DIFFICULT,no,1.2
2003_08_SEA_CIN,2003,8,REG,2003-10-26,Matt Hasselbeck,SEA,CIN,4,02:44,-3,SEA 20,Tie or take lead,FAILURE,Interception,L,57.11,FAVORABLE,no,1.2
2003_08_SF_ARI,2003,8,REG,2003-10-26,Jeff Blake,ARI,SF,5,15:00,0,ARI 40,Take lead,CONVERSION,Offense reached required score state,W,70.168,VERY_FAVORABLE,no,1.2
2003_08_SF_ARI,2003,8,REG,2003-10-26,Jeff Garcia,SF,ARI,4,05:40,0,ARI 48,Take lead,CONVERSION,Missed or blocked fg 45 or shorter,L,89.32,VERY_FAVORABLE,no,1.2
2003_09_CAR_HOU,2003,9,REG,2003-11-02,Jake Delhomme,CAR,HOU,4,09:30,-4,CAR 20,Tie or take lead,FAILURE,Punt,L,39.531,AVERAGE,no,1.2
2003_09_CIN_ARI,2003,9,REG,2003-11-02,Jon Kitna,CIN,ARI,4,01:23,-3,CIN 7,Tie or take lead,FAILURE,Turnover on downs,L,25.162,DIFFICULT,no,1.2
2003_09_IND_MIA,2003,9,REG,2003-11-02,Brian Griese,MIA,IND,4,02:45,-6,IND 15,Tie or take lead,FAILURE,Fumble lost,L,69.604,FAVORABLE,no,1.2
2003_09_JAX_BAL,2003,9,REG,2003-11-02,Byron Leftwich,JAX,BAL,4,01:49,-7,JAX 20,Touchdown,FAILURE,Interception,L,12.314,VERY_DIFFICULT,no,1.2
2003_09_NE_DEN,2003,9,REG,2003-11-03,Danny Kanell,DEN,NE,4,00:30,-4,DEN 13,Tie or take lead,FAILURE,Interception,L,4.196,VERY_DIFFICULT,no,1.2
2003_09_NE_DEN,2003,9,REG,2003-11-03,Tom Brady,NE,DEN,4,02:15,-3,NE 42,Tie or take lead,CONVERSION,Offense reached required score state,W,69.467,FAVORABLE,no,1.2
2003_09_NO_TB,2003,9,REG,2003-11-02,Aaron Brooks,NO,TB,4,02:08,0,NO 28,Take lead,CONVERSION,Offense reached required score state,W,77.704,VERY_FAVORABLE,no,1.2
2003_09_NO_TB,2003,9,REG,2003-11-02,Brad Johnson,TB,NO,4,03:53,-7,TB 29,Touchdown,CONVERSION,Touchdown down 7 kicker neutral,L,22.742,DIFFICULT,no,1.2
2003_09_NYG_NYJ,2003,9,REG,2003-11-02,Kerry Collins,NYG,NYJ,5,03:54,0,NYG 36,Take lead,CONVERSION,Offense reached required score state,W,57.922,FAVORABLE,no,1.2
2003_09_NYG_NYJ,2003,9,REG,2003-11-02,Chad Pennington,NYJ,NYG,5,06:59,0,NYJ 29,Take lead,ND-K,Missed or blocked fg 46 to 55,L,,,no,1.2
2003_09_PHI_ATL,2003,9,REG,2003-11-02,Doug Johnson,ATL,PHI,4,03:28,-7,ATL 12,Touchdown,FAILURE,Punt,L,13.48,VERY_DIFFICULT,no,1.2
2003_09_PIT_SEA,2003,9,REG,2003-11-02,Tommy Maddox,PIT,SEA,4,01:05,-7,PIT 24,Touchdown,FAILURE,Turnover on downs,L,12.314,VERY_DIFFICULT,no,1.2
2003_10_BUF_DAL,2003,10,REG,2003-11-09,Drew Bledsoe,BUF,DAL,4,03:54,-4,BUF 20,Tie or take lead,FAILURE,Punt,L,31.764,DIFFICULT,no,1.2
2003_10_CHI_DET,2003,10,REG,2003-11-09,Chris Chandler,CHI,DET,4,00:39,-2,CHI 42,Tie or take lead,FAILURE,Interception,L,28.799,DIFFICULT,no,1.2
2003_10_CHI_DET,2003,10,REG,2003-11-09,Joey Harrington,DET,CHI,4,02:27,-1,DET 35,Tie or take lead,CONVERSION,Offense reached required score state,W,57.11,FAVORABLE,no,1.2
2003_10_HOU_CIN,2003,10,REG,2003-11-09,David Carr,HOU,CIN,4,02:32,-7,HOU 14,Touchdown,FAILURE,Interception,L,13.48,VERY_DIFFICULT,no,1.2
2003_10_IND_JAX,2003,10,REG,2003-11-09,Peyton Manning,IND,JAX,4,01:08,-5,IND 34,Tie or take lead,FAILURE,Interception,L,18.172,VERY_DIFFICULT,no,1.2
2003_10_NYJ_OAK,2003,10,REG,2003-11-09,Rick Mirer,LV,NYJ,4,01:09,0,LV 27,Take lead,FAILURE,End half,L,62.443,FAVORABLE,no,1.2
2003_10_NYJ_OAK,2003,10,REG,2003-11-09,Chad Pennington,NYJ,LV,5,15:00,0,NYJ 25,Take lead,CONVERSION,Offense reached required score state,W,57.922,FAVORABLE,no,1.2
2003_10_PHI_GB,2003,10,REG,2003-11-10,Brett Favre,GB,PHI,4,00:27,-3,GB 36,Tie or take lead,FAILURE,Fumble lost,L,19.141,VERY_DIFFICULT,no,1.2
2003_10_SEA_WAS,2003,10,REG,2003-11-09,Matt Hasselbeck,SEA,WAS,4,01:57,-7,SEA 35,Touchdown,FAILURE,Interception,L,12.314,VERY_DIFFICULT,no,1.2
2003_10_SEA_WAS,2003,10,REG,2003-11-09,Patrick Ramsey,WAS,SEA,4,07:10,0,WAS 16,Take lead,CONVERSION,Offense reached required score state,W,72.149,VERY_FAVORABLE,no,1.2
2003_10_TB_CAR,2003,10,REG,2003-11-09,Jake Delhomme,CAR,TB,4,02:41,-4,CAR 22,Tie or take lead,CONVERSION,Offense reached required score state,W,31.764,DIFFICULT,no,1.2
2003_10_TB_CAR,2003,10,REG,2003-11-09,Brad Johnson,TB,CAR,4,01:06,-3,TB 22,Tie or take lead,FAILURE,Turnover on downs,L,38.846,AVERAGE,no,1.2
2003_11_ATL_NO,2003,11,REG,2003-11-16,K.Kittner,ATL,NO,5,14:05,0,ATL 20,Take lead,ND-K,Missed or blocked fg 46 to 55,L,,,no,1.2
2003_11_ATL_NO,2003,11,REG,2003-11-16,Aaron Brooks,NO,ATL,5,12:02,0,NO 45,Take lead,CONVERSION,Offense reached required score state,W,70.168,VERY_FAVORABLE,no,1.2
2003_11_BAL_MIA,2003,11,REG,2003-11-16,Anthony Wright,BAL,MIA,5,12:17,0,BAL 9,Take lead,FAILURE,Fumble lost,L,42.149,AVERAGE,no,1.2
2003_11_BAL_MIA,2003,11,REG,2003-11-16,Brian Griese,MIA,BAL,5,10:37,0,BAL 33,Take lead,CONVERSION,Offense reached required score state,W,85.295,VERY_FAVORABLE,no,1.2
2003_11_GB_TB,2003,11,REG,2003-11-16,Brad Johnson,TB,GB,4,00:25,-7,TB 20,Touchdown,FAILURE,Turnover,L,4.973,VERY_DIFFICULT,no,1.2
2003_11_HOU_BUF,2003,11,REG,2003-11-16,Drew Bledsoe,BUF,HOU,4,03:23,-4,BUF 31,Tie or take lead,FAILURE,Fumble lost,L,31.764,DIFFICULT,no,1.2
2003_11_JAX_TEN,2003,11,REG,2003-11-16,Byron Leftwich,JAX,TEN,4,04:58,-7,JAX 41,Touchdown,FAILURE,Turnover on downs,L,33.465,DIFFICULT,no,1.2
2003_11_NYJ_IND,2003,11,REG,2003-11-16,Chad Pennington,NYJ,IND,4,05:31,-7,NYJ 40,Touchdown,FAILURE,Punt,L,41.396,AVERAGE,no,1.2
2003_11_STL_CHI,2003,11,REG,2003-11-16,Chris Chandler,CHI,LA,4,00:38,-2,CHI 45,Tie or take lead,FAILURE,Turnover on downs,L,28.799,DIFFICULT,no,1.2
2003_11_STL_CHI,2003,11,REG,2003-11-16,Marc Bulger,LA,CHI,4,02:41,-1,LA 20,Tie or take lead,CONVERSION,Offense reached required score state,W,57.11,FAVORABLE,no,1.2
2003_11_WAS_CAR,2003,11,REG,2003-11-16,Jake Delhomme,CAR,WAS,4,04:19,-4,CAR 29,Tie or take lead,CONVERSION,Offense reached required score state,W,31.764,DIFFICULT,no,1.2
2003_11_WAS_CAR,2003,11,REG,2003-11-16,Patrick Ramsey,WAS,CAR,4,01:09,-3,WAS 27,Tie or take lead,FAILURE,Turnover on downs,L,38.846,AVERAGE,no,1.2
2003_12_CAR_DAL,2003,12,REG,2003-11-23,Jake Delhomme,CAR,DAL,4,06:03,-7,CAR 34,Touchdown,FAILURE,Field goal no conversion,L,29.249,DIFFICULT,no,1.2
2003_12_DET_MIN,2003,12,REG,2003-11-23,Daunte Culpepper,MIN,DET,4,11:34,0,MIN 21,Take lead,CONVERSION,Offense reached required score state,W,84.09,VERY_FAVORABLE,no,1.2
2003_12_IND_BUF,2003,12,REG,2003-11-23,Drew Bledsoe,BUF,IND,4,01:38,-3,BUF 24,Tie or take lead,FAILURE,Interception,L,38.846,AVERAGE,no,1.2
2003_12_IND_BUF,2003,12,REG,2003-11-23,Peyton Manning,IND,BUF,4,07:38,-5,IND 17,Tie or take lead,CONVERSION,Offense reached required score state,W,25.707,DIFFICULT,no,1.2
2003_12_JAX_NYJ,2003,12,REG,2003-11-23,Byron Leftwich,JAX,NYJ,4,00:26,-3,JAX 31,Tie or take lead,FAILURE,Turnover on downs,L,19.141,VERY_DIFFICULT,no,1.2
2003_12_JAX_NYJ,2003,12,REG,2003-11-23,Chad Pennington,NYJ,JAX,4,03:00,-4,NYJ 6,Tie or take lead,CONVERSION,Offense reached required score state,W,19.768,VERY_DIFFICULT,no,1.2
2003_12_NE_HOU,2003,12,REG,2003-11-23,Tony Banks,HOU,NE,5,05:50,0,NE 35,Take lead,FAILURE,Punt,L,85.295,VERY_FAVORABLE,no,1.2
2003_12_NE_HOU,2003,12,REG,2003-11-23,Tom Brady,NE,HOU,5,04:20,0,NE 14,Take lead,CONVERSION,Offense reached required score state,W,42.149,AVERAGE,no,1.2
2003_12_NYG_TB,2003,12,REG,2003-11-24,Kerry Collins,NYG,TB,4,02:15,-4,NYG 12,Tie or take lead,FAILURE,Turnover on downs,L,19.768,VERY_DIFFICULT,no,1.2
2003_12_OAK_KC,2003,12,REG,2003-11-23,Trent Green,KC,LV,4,02:18,0,KC 45,Take lead,CONVERSION,Offense reached required score state,W,85.622,VERY_FAVORABLE,no,1.2
2003_12_OAK_KC,2003,12,REG,2003-11-23,Rick Mirer,LV,KC,4,03:51,-3,KC 41,Tie or take lead,CONVERSION,Offense reached required score state,L,69.467,FAVORABLE,no,1.2
2003_12_PIT_CLE,2003,12,REG,2003-11-23,Kelly Holcomb,CLE,PIT,4,03:05,-7,CLE 20,Touchdown,FAILURE,Interception,L,22.742,DIFFICULT,no,1.2
2003_12_SEA_BAL,2003,12,REG,2003-11-23,Anthony Wright,BAL,SEA,5,13:16,0,BAL 21,Take lead,CONVERSION,Offense reached required score state,W,57.922,FAVORABLE,no,1.2
2003_12_SEA_BAL,2003,12,REG,2003-11-23,Unresolved,SEA,BAL,5,15:00,0,SEA 27,Take lead,MANUAL_REVIEW,Multi qb material participation,L,,,no,1.2
2003_12_STL_ARI,2003,12,REG,2003-11-23,Marc Bulger,LA,ARI,5,15:00,0,LA 14,Take lead,CONVERSION,Offense reached required score state,W,42.149,AVERAGE,no,1.2
2003_12_TEN_ATL,2003,12,REG,2003-11-23,Doug Johnson,ATL,TEN,4,02:21,-7,ATL 2,Touchdown,FAILURE,Turnover on downs,L,13.48,VERY_DIFFICULT,no,1.2
2003_12_WAS_MIA,2003,12,REG,2003-11-23,Tim Hasselbeck,WAS,MIA,4,04:19,-1,WAS 43,Tie or take lead,FAILURE,Interception,L,69.467,FAVORABLE,no,1.2
2003_13_ATL_HOU,2003,13,REG,2003-11-30,Mike Vick,ATL,HOU,4,07:09,-7,ATL 20,Touchdown,FAILURE,Field goal no conversion,L,29.249,DIFFICULT,no,1.2
2003_13_CIN_PIT,2003,13,REG,2003-11-30,Jon Kitna,CIN,PIT,4,01:05,-3,CIN 48,Tie or take lead,CONVERSION,Offense reached required score state,W,52.047,AVERAGE,no,1.2
2003_13_CIN_PIT,2003,13,REG,2003-11-30,Tommy Maddox,PIT,CIN,4,04:20,-4,PIT 20,Tie or take lead,CONVERSION,Offense reached required score state,L,31.764,DIFFICULT,no,1.2
2003_13_GB_DET,2003,13,REG,2003-11-27,Brett Favre,GB,DET,4,00:29,-8,GB 15,TD + 2-point conversion,FAILURE,End game,L,0.907,VERY_DIFFICULT,no,1.2
2003_13_NE_IND,2003,13,REG,2003-11-30,Peyton Manning,IND,NE,4,02:57,-4,NE 48,Tie or take lead,FAILURE,Turnover on downs,L,44.302,AVERAGE,no,1.2
2003_13_NO_WAS,2003,13,REG,2003-11-30,Tim Hasselbeck,WAS,NO,4,02:12,-4,WAS 20,Tie or take lead,FAILURE,Turnover on downs,L,31.764,DIFFICULT,no,1.2
2003_13_PHI_CAR,2003,13,REG,2003-11-30,Jake Delhomme,CAR,PHI,4,06:07,-6,CAR 22,Tie or take lead,FAILURE,Punt,L,39.531,AVERAGE,no,1.2
2003_13_TB_JAX,2003,13,REG,2003-11-30,Brad Johnson,TB,JAX,4,05:12,-7,TB 33,Touchdown,FAILURE,Turnover on downs,L,29.249,DIFFICULT,no,1.2
2003_14_CAR_ATL,2003,14,REG,2003-12-07,Mike Vick,ATL,CAR,4,01:46,0,ATL 24,Take lead,FAILURE,Interception,W,62.443,FAVORABLE,no,1.2
2003_14_CAR_ATL,2003,14,REG,2003-12-07,Jake Delhomme,CAR,ATL,5,15:00,0,CAR 22,Take lead,FAILURE,Interception,L,57.922,FAVORABLE,no,1.2
2003_14_IND_TEN,2003,14,REG,2003-12-07,Steve McNair,TEN,IND,4,02:40,-8,IND 48,TD + 2-point conversion,FAILURE,Two point conversion failed,L,14.255,VERY_DIFFICULT,no,1.2
2003_14_SD_DET,2003,14,REG,2003-12-07,Joey Harrington,DET,LAC,4,01:49,-7,DET 41,Touchdown,FAILURE,Turnover on downs,L,19.351,VERY_DIFFICULT,no,1.2
2003_14_STL_CLE,2003,14,REG,2003-12-08,Tim Couch,CLE,LA,4,02:11,-6,LA 47,Tie or take lead,FAILURE,Turnover on downs,L,44.302,AVERAGE,no,1.2
2003_14_TB_NO,2003,14,REG,2003-12-07,Aaron Brooks,NO,TB,4,02:14,-7,NO 25,Touchdown,FAILURE,Turnover on downs,L,22.742,DIFFICULT,no,1.2
2003_15_BAL_OAK,2003,15,REG,2003-12-14,Anthony Wright,BAL,LV,4,01:40,-8,BAL 21,TD + 2-point conversion,FAILURE,Turnover on downs,L,4.436,VERY_DIFFICULT,no,1.2
2003_15_BUF_TEN,2003,15,REG,2003-12-14,Drew Bledsoe,BUF,TEN,4,02:24,-8,BUF 19,TD + 2-point conversion,FAILURE,Two point conversion failed,L,4.898,VERY_DIFFICULT,no,1.2
2003_15_CAR_ARI,2003,15,REG,2003-12-14,Josh McCown,ARI,CAR,4,06:54,-3,ARI 30,Tie or take lead,CONVERSION,Offense reached required score state,L,65.157,FAVORABLE,no,1.2
2003_15_CAR_ARI,2003,15,REG,2003-12-14,Jake Delhomme,CAR,ARI,4,01:09,0,CAR 20,Take lead,CONVERSION,Offense reached required score state,W,62.443,FAVORABLE,no,1.2
2003_15_CLE_DEN,2003,15,REG,2003-12-14,Tim Couch,CLE,DEN,5,15:00,0,CLE 20,Take lead,FAILURE,Punt,L,57.922,FAVORABLE,no,1.2
2003_15_CLE_DEN,2003,15,REG,2003-12-14,Jake Plummer,DEN,CLE,5,14:00,0,DEN 47,Take lead,CONVERSION,Offense reached required score state,W,70.168,VERY_FAVORABLE,no,1.2
2003_15_MIN_CHI,2003,15,REG,2003-12-14,Daunte Culpepper,MIN,CHI,4,04:53,-3,MIN 11,Tie or take lead,FAILURE,Interception,L,41.341,AVERAGE,no,1.2
2003_15_PIT_NYJ,2003,15,REG,2003-12-14,Tommy Maddox,PIT,NYJ,4,02:13,-6,PIT 45,Tie or take lead,FAILURE,Turnover on downs,L,44.302,AVERAGE,no,1.2
2003_15_SEA_STL,2003,15,REG,2003-12-14,Matt Hasselbeck,SEA,LA,4,01:37,-5,SEA 20,Tie or take lead,FAILURE,Turnover on downs,L,18.172,VERY_DIFFICULT,no,1.2
2003_16_ATL_TB,2003,16,REG,2003-12-20,Brad Johnson,TB,ATL,4,02:20,-8,TB 38,TD + 2-point conversion,FAILURE,Two point conversion failed,L,8.867,VERY_DIFFICULT,no,1.2
2003_16_NE_NYJ,2003,16,REG,2003-12-20,Chad Pennington,NYJ,NE,4,02:12,-5,NYJ 18,Tie or take lead,FAILURE,Interception,L,19.768,VERY_DIFFICULT,no,1.2
2003_16_NO_JAX,2003,16,REG,2003-12-21,Aaron Brooks,NO,JAX,4,04:05,-7,JAX 28,Touchdown,FAILURE,Turnover on downs,L,55.365,FAVORABLE,no,1.2
2003_16_SF_PHI,2003,16,REG,2003-12-21,Donovan McNabb,PHI,SF,5,15:00,0,PHI 21,Take lead,FAILURE,Interception,L,57.922,FAVORABLE,no,1.2
2003_16_SF_PHI,2003,16,REG,2003-12-21,Jeff Garcia,SF,PHI,5,14:37,0,PHI 4,Take lead,CONVERSION,Offense reached required score state,W,87.132,VERY_FAVORABLE,no,1.2
2003_16_TEN_HOU,2003,16,REG,2003-12-21,David Carr,HOU,TEN,4,00:17,-3,HOU 33,Tie or take lead,FAILURE,Interception,L,19.141,VERY_DIFFICULT,no,1.2
2003_16_TEN_HOU,2003,16,REG,2003-12-21,Steve McNair,TEN,HOU,4,01:48,-4,TEN 25,Tie or take lead,CONVERSION,Offense reached required score state,W,18.172,VERY_DIFFICULT,no,1.2
2003_16_WAS_CHI,2003,16,REG,2003-12-21,Rex Grossman,CHI,WAS,4,05:12,0,CHI 21,Take lead,CONVERSION,Offense reached required score state,W,83.035,VERY_FAVORABLE,no,1.2
2003_16_WAS_CHI,2003,16,REG,2003-12-21,Tim Hasselbeck,WAS,CHI,4,08:09,0,WAS 23,Take lead,FAILURE,Punt,L,83.035,VERY_FAVORABLE,no,1.2
2003_17_CLE_CIN,2003,17,REG,2003-12-28,Jon Kitna,CIN,CLE,4,01:13,-8,CIN 33,TD + 2-point conversion,FAILURE,Interception,L,4.436,VERY_DIFFICULT,no,1.2
2003_17_DAL_NO,2003,17,REG,2003-12-28,Quincy Carter,DAL,NO,4,00:20,-6,DAL 36,Tie or take lead,FAILURE,End game,L,7.643,VERY_DIFFICULT,no,1.2
2003_17_IND_HOU,2003,17,REG,2003-12-28,David Carr,HOU,IND,4,03:50,0,HOU 28,Take lead,FAILURE,Punt,L,77.704,VERY_FAVORABLE,no,1.2
2003_17_IND_HOU,2003,17,REG,2003-12-28,Peyton Manning,IND,HOU,4,02:40,0,IND 10,Take lead,CONVERSION,Offense reached required score state,W,64.846,FAVORABLE,no,1.2
2003_17_JAX_ATL,2003,17,REG,2003-12-28,Byron Leftwich,JAX,ATL,4,04:16,-7,JAX 12,Touchdown,FAILURE,Turnover on downs,L,13.48,VERY_DIFFICULT,no,1.2
2003_17_MIN_ARI,2003,17,REG,2003-12-28,Josh McCown,ARI,MIN,4,01:54,-5,ARI 39,Tie or take lead,CONVERSION,Offense reached required score state,W,18.172,VERY_DIFFICULT,no,1.2
2003_17_NYJ_MIA,2003,17,REG,2003-12-28,Jay Fiedler,MIA,NYJ,4,02:56,-1,NYJ 49,Tie or take lead,CONVERSION,Offense reached required score state,W,69.467,FAVORABLE,no,1.2
2003_17_OAK_SD,2003,17,REG,2003-12-28,Unresolved,LV,LAC,4,02:32,-7,LV 3,Touchdown,MANUAL_REVIEW,Multi qb material participation,L,,,no,1.2
2003_17_PIT_BAL,2003,17,REG,2003-12-28,Anthony Wright,BAL,PIT,5,13:49,0,BAL 36,Take lead,CONVERSION,Offense reached required score state,W,57.922,FAVORABLE,no,1.2
2003_17_PIT_BAL,2003,17,REG,2003-12-28,Tommy Maddox,PIT,BAL,5,15:00,0,PIT 20,Take lead,FAILURE,Punt,L,57.922,FAVORABLE,no,1.2
2003_17_SEA_SF,2003,17,REG,2003-12-27,Jeff Garcia,SF,SEA,4,01:56,-7,SF 30,Touchdown,FAILURE,Turnover on downs,L,12.314,VERY_DIFFICULT,no,1.2
2003_18_SEA_GB,2003,18,POST,2004-01-04,Brett Favre,GB,SEA,5,13:55,0,GB 26,Take lead,FAILURE,Punt,W,57.922,FAVORABLE,no,1.2
2003_18_SEA_GB,2003,18,POST,2004-01-04,Matt Hasselbeck,SEA,GB,5,12:54,0,SEA 34,Take lead,FAILURE,Interception,L,57.922,FAVORABLE,no,1.2
2003_18_TEN_BAL,2003,18,POST,2004-01-03,Anthony Wright,BAL,TEN,4,00:29,-3,BAL 28,Tie or take lead,FAILURE,End game,L,19.141,VERY_DIFFICULT,no,1.2
2003_18_TEN_BAL,2003,18,POST,2004-01-03,Steve McNair,TEN,BAL,4,02:44,0,TEN 37,Take lead,CONVERSION,Offense reached required score state,W,77.704,VERY_FAVORABLE,no,1.2
2003_19_CAR_STL,2003,19,POST,2004-01-10,Jake Delhomme,CAR,LA,5,01:01,0,CAR 35,Take lead,CONVERSION,Offense reached required score state,W,57.922,FAVORABLE,no,1.2
2003_19_CAR_STL,2003,19,POST,2004-01-10,Marc Bulger,LA,CAR,5,04:29,0,LA 13,Take lead,FAILURE,Interception,L,42.149,AVERAGE,no,1.2
2003_19_GB_PHI,2003,19,POST,2004-01-11,Brett Favre,GB,PHI,5,13:12,0,GB 32,Take lead,FAILURE,Interception,L,57.922,FAVORABLE,no,1.2
2003_19_GB_PHI,2003,19,POST,2004-01-11,Donovan McNabb,PHI,GB,5,12:57,0,GB 34,Take lead,CONVERSION,Offense reached required score state,W,85.295,VERY_FAVORABLE,no,1.2
2003_19_TEN_NE,2003,19,POST,2004-01-10,Steve McNair,TEN,NE,4,04:06,-3,TEN 24,Tie or take lead,FAILURE,Turnover on downs,L,57.11,FAVORABLE,no,1.2
2003_21_CAR_NE,2003,21,POST,2004-02-01,Jake Delhomme,CAR,NE,4,02:51,-7,CAR 20,Touchdown,CONVERSION,Touchdown down 7 kicker neutral,L,22.742,DIFFICULT,no,1.2
2003_21_CAR_NE,2003,21,POST,2004-02-01,Tom Brady,NE,CAR,4,01:08,0,NE 40,Take lead,CONVERSION,Offense reached required score state,W,73.964,VERY_FAVORABLE,no,1.2
2004_01_ARI_STL,2004,1,REG,2004-09-12,Josh McCown,ARI,LA,4,05:06,-7,ARI 24,Touchdown,FAILURE,Punt,L,29.087,DIFFICULT,no,1.2
2004_01_ATL_SF,2004,1,REG,2004-09-12,Tim Rattay,SF,ATL,4,04:33,-8,SF 38,TD + 2-point conversion,FAILURE,Two point conversion failed,L,8.684,VERY_DIFFICULT,no,1.2
2004_01_CIN_NYJ,2004,1,REG,2004-09-12,Carson Palmer,CIN,NYJ,4,03:48,-7,CIN 5,Touchdown,FAILURE,Interception,L,13.959,VERY_DIFFICULT,no,1.2
2004_01_DET_CHI,2004,1,REG,2004-09-12,Rex Grossman,CHI,DET,4,01:53,-4,DET 47,Tie or take lead,FAILURE,Interception,L,25.923,DIFFICULT,no,1.2
2004_01_IND_NE,2004,1,REG,2004-09-09,Peyton Manning,IND,NE,4,01:43,-3,IND 36,Tie or take lead,ND-K,Missed or blocked fg 46 to 55,L,,,no,1.2
2004_01_JAX_BUF,2004,1,REG,2004-09-12,Byron Leftwich,JAX,BUF,4,02:07,-4,JAX 20,Tie or take lead,CONVERSION,Offense reached required score state,W,31.353,DIFFICULT,no,1.2
2004_01_OAK_PIT,2004,1,REG,2004-09-12,Rich Gannon,LV,PIT,4,08:14,-8,LV 36,TD + 2-point conversion,CONVERSION,Offense reached required score state,L,11.931,VERY_DIFFICULT,no,1.2
2004_01_OAK_PIT,2004,1,REG,2004-09-12,Tommy Maddox,PIT,LV,4,04:51,0,PIT 22,Take lead,CONVERSION,Offense reached required score state,W,77.471,VERY_FAVORABLE,no,1.2
2004_01_SD_HOU,2004,1,REG,2004-09-12,David Carr,HOU,LAC,4,04:41,-7,LAC 34,Touchdown,FAILURE,Fumble lost,L,53.567,AVERAGE,no,1.2
2004_01_TB_WAS,2004,1,REG,2004-09-12,Brad Johnson,TB,WAS,4,00:16,-6,TB 34,Tie or take lead,FAILURE,End game,L,7.477,VERY_DIFFICULT,no,1.2
2004_02_CLE_DAL,2004,2,REG,2004-09-19,Jeff Garcia,CLE,DAL,4,03:45,-5,CLE 10,Tie or take lead,FAILURE,Punt,L,20.468,DIFFICULT,no,1.2
2004_02_DEN_JAX,2004,2,REG,2004-09-19,Jake Plummer,DEN,JAX,4,02:20,-1,DEN 11,Tie or take lead,FAILURE,Fumble lost,L,42.562,AVERAGE,no,1.2
2004_02_MIA_CIN,2004,2,REG,2004-09-19,Carson Palmer,CIN,MIA,4,01:53,0,CIN 20,Take lead,CONVERSION,Offense reached required score state,W,60.762,FAVORABLE,no,1.2
2004_02_MIA_CIN,2004,2,REG,2004-09-19,A.J. Feeley,MIA,CIN,4,02:34,-3,CIN 31,Tie or take lead,CONVERSION,Offense reached required score state,L,84.049,VERY_FAVORABLE,no,1.2
2004_02_SEA_TB,2004,2,REG,2004-09-19,Chris Simms,TB,SEA,4,02:31,-4,TB 12,Tie or take lead,FAILURE,Interception,L,20.468,DIFFICULT,no,1.2
2004_02_SF_NO,2004,2,REG,2004-09-19,Aaron Brooks,NO,SF,4,03:42,-4,NO 41,Tie or take lead,CONVERSION,Offense reached required score state,W,43.728,AVERAGE,no,1.2
2004_02_SF_NO,2004,2,REG,2004-09-19,Ken Dorsey,SF,NO,4,01:01,-3,SF 29,Tie or take lead,FAILURE,Interception,L,37.195,AVERAGE,no,1.2
2004_02_WAS_NYG,2004,2,REG,2004-09-19,Patrick Ramsey,WAS,NYG,4,00:18,-6,WAS 30,Tie or take lead,FAILURE,End game,L,7.477,VERY_DIFFICULT,no,1.2
2004_03_ARI_ATL,2004,3,REG,2004-09-26,Shaun King,ARI,ATL,4,03:19,-3,ATL 19,Tie or take lead,FAILURE,active qb verified; McCown was benched for King in fourth quarter before handoff-only final drive,L,87.232,VERY_FAVORABLE,yes,1.2
2004_03_CHI_MIN,2004,3,REG,2004-09-26,Jonathan Quinn,CHI,MIN,4,01:36,-5,CHI 10,Tie or take lead,FAILURE,Turnover on downs,L,10.386,VERY_DIFFICULT,no,1.2
2004_03_DAL_WAS,2004,3,REG,2004-09-27,Mark Brunell,WAS,DAL,4,00:21,-3,WAS 24,Tie or take lead,FAILURE,End game,L,18.876,VERY_DIFFICULT,no,1.2
2004_03_HOU_KC,2004,3,REG,2004-09-26,David Carr,HOU,KC,4,02:18,0,HOU 27,Take lead,CONVERSION,Offense reached required score state,W,77.471,VERY_FAVORABLE,no,1.2
2004_03_HOU_KC,2004,3,REG,2004-09-26,Trent Green,KC,HOU,4,05:20,0,KC 27,Take lead,FAILURE,Punt,L,83.047,VERY_FAVORABLE,no,1.2
2004_03_JAX_TEN,2004,3,REG,2004-09-26,Byron Leftwich,JAX,TEN,4,05:37,-5,JAX 31,Tie or take lead,CONVERSION,Offense reached required score state,W,39.419,AVERAGE,no,1.2
2004_03_JAX_TEN,2004,3,REG,2004-09-26,Steve McNair,TEN,JAX,4,10:24,-1,TEN 26,Tie or take lead,CONVERSION,Offense reached required score state,L,66.808,FAVORABLE,no,1.2
2004_03_NO_STL,2004,3,REG,2004-09-26,Marc Bulger,LA,NO,5,15:00,0,LA 32,Take lead,FAILURE,Punt,L,56.9,FAVORABLE,no,1.2
2004_03_NO_STL,2004,3,REG,2004-09-26,Aaron Brooks,NO,LA,5,10:42,0,NO 33,Take lead,CONVERSION,Offense reached required score state,W,56.9,FAVORABLE,no,1.2
2004_04_DEN_TB,2004,4,REG,2004-10-03,Brad Johnson,TB,DEN,4,09:03,-3,TB 45,Tie or take lead,FAILURE,Punt,L,76.12,VERY_FAVORABLE,no,1.2
2004_04_IND_JAX,2004,4,REG,2004-10-03,Byron Leftwich,JAX,IND,4,03:33,-7,JAX 20,Touchdown,FAILURE,Turnover on downs,L,22.356,DIFFICULT,no,1.2
2004_04_KC_BAL,2004,4,REG,2004-10-04,Kyle Boller,BAL,KC,4,02:33,-3,BAL 27,Tie or take lead,FAILURE,Turnover on downs,L,56.805,FAVORABLE,no,1.2
2004_04_NYG_GB,2004,4,REG,2004-10-03,Unresolved,GB,NYG,4,00:25,-7,GB 24,Touchdown,MANUAL_REVIEW,Multi qb material participation,L,,,no,1.2
2004_04_NYJ_MIA,2004,4,REG,2004-10-03,Jay Fiedler,MIA,NYJ,4,02:23,-8,MIA 2,TD + 2-point conversion,FAILURE,Fumble lost,L,5.086,VERY_DIFFICULT,no,1.2
2004_04_WAS_CLE,2004,4,REG,2004-10-03,Mark Brunell,WAS,CLE,4,02:15,-4,WAS 27,Tie or take lead,FAILURE,Fumble lost,L,31.353,DIFFICULT,no,1.2
2004_05_ARI_SF,2004,5,REG,2004-10-10,Josh McCown,ARI,SF,4,01:07,0,ARI 39,Take lead,FAILURE,Punt,L,60.762,FAVORABLE,no,1.2
2004_05_ARI_SF,2004,5,REG,2004-10-10,Tim Rattay,SF,ARI,5,15:00,0,SF 39,Take lead,CONVERSION,Offense reached required score state,W,56.9,FAVORABLE,no,1.2
2004_05_BAL_WAS,2004,5,REG,2004-10-10,Mark Brunell,WAS,BAL,4,05:36,-7,WAS 49,Touchdown,FAILURE,Punt,L,41.104,AVERAGE,no,1.2
2004_05_BUF_NYJ,2004,5,REG,2004-10-10,Drew Bledsoe,BUF,NYJ,4,00:58,-2,BUF 35,Tie or take lead,FAILURE,Interception,L,18.876,VERY_DIFFICULT,no,1.2
2004_05_BUF_NYJ,2004,5,REG,2004-10-10,Chad Pennington,NYJ,BUF,4,05:58,-1,NYJ 20,Tie or take lead,CONVERSION,Offense reached required score state,W,65.199,FAVORABLE,no,1.2
2004_05_CAR_DEN,2004,5,REG,2004-10-10,Jake Delhomme,CAR,DEN,4,09:42,-3,CAR 20,Tie or take lead,FAILURE,Punt,L,65.199,FAVORABLE,no,1.2
2004_05_DET_ATL,2004,5,REG,2004-10-10,Mike Vick,ATL,DET,4,02:07,-7,ATL 29,Touchdown,FAILURE,Fumble lost,L,22.356,DIFFICULT,no,1.2
2004_05_MIN_HOU,2004,5,REG,2004-10-10,David Carr,HOU,MIN,5,12:33,0,HOU 18,Take lead,FAILURE,Punt,L,42.657,AVERAGE,no,1.2
2004_05_MIN_HOU,2004,5,REG,2004-10-10,Daunte Culpepper,MIN,HOU,5,09:35,0,MIN 19,Take lead,CONVERSION,Offense reached required score state,W,42.657,AVERAGE,no,1.2
2004_05_STL_SEA,2004,5,REG,2004-10-10,Marc Bulger,LA,SEA,5,15:00,0,LA 29,Take lead,CONVERSION,Offense reached required score state,W,56.9,FAVORABLE,no,1.2
2004_05_TB_NO,2004,5,REG,2004-10-10,Aaron Brooks,NO,TB,4,08:01,-6,NO 31,Tie or take lead,FAILURE,Field goal no conversion,L,39.419,AVERAGE,no,1.2
2004_06_KC_JAX,2004,6,REG,2004-10-17,Byron Leftwich,JAX,KC,4,02:16,-2,JAX 33,Tie or take lead,CONVERSION,Offense reached required score state,W,56.805,FAVORABLE,no,1.2
2004_06_KC_JAX,2004,6,REG,2004-10-17,Trent Green,KC,JAX,4,00:45,-6,KC 20,Tie or take lead,FAILURE,Interception,L,7.477,VERY_DIFFICULT,no,1.2
2004_06_MIA_BUF,2004,6,REG,2004-10-17,Jay Fiedler,MIA,BUF,4,07:57,-7,MIA 40,Touchdown,FAILURE,Punt,L,41.104,AVERAGE,no,1.2
2004_06_PIT_DAL,2004,6,REG,2004-10-17,Vinny Testaverde,DAL,PIT,4,00:30,-4,DAL 35,Tie or take lead,FAILURE,End game,L,7.477,VERY_DIFFICULT,no,1.2
2004_06_PIT_DAL,2004,6,REG,2004-10-17,Ben Roethlisberger,PIT,DAL,4,02:20,-3,DAL 24,Tie or take lead,CONVERSION,Offense reached required score state,W,84.049,VERY_FAVORABLE,no,1.2
2004_06_SD_ATL,2004,6,REG,2004-10-17,Drew Brees,LAC,ATL,4,10:12,-4,LAC 25,Tie or take lead,FAILURE,Field goal no conversion,L,41.143,AVERAGE,no,1.2
2004_06_SF_NYJ,2004,6,REG,2004-10-17,Tim Rattay,SF,NYJ,4,00:25,-8,SF 20,TD + 2-point conversion,FAILURE,Fumble lost,L,1.655,VERY_DIFFICULT,no,1.2
2004_06_TB_STL,2004,6,REG,2004-10-18,Brian Griese,TB,LA,4,01:09,-7,TB 34,Touchdown,FAILURE,Fumble lost,L,11.478,VERY_DIFFICULT,no,1.2
2004_06_WAS_CHI,2004,6,REG,2004-10-17,Jonathan Quinn,CHI,WAS,4,01:28,-3,CHI 35,Tie or take lead,FAILURE,Interception,L,37.195,AVERAGE,no,1.2
2004_07_JAX_IND,2004,7,REG,2004-10-24,Peyton Manning,IND,JAX,4,00:38,-3,IND 16,Tie or take lead,FAILURE,End game,L,11.591,VERY_DIFFICULT,no,1.2
2004_07_JAX_IND,2004,7,REG,2004-10-24,Byron Leftwich,JAX,IND,4,03:52,0,JAX 35,Take lead,CONVERSION,Offense reached required score state,W,77.471,VERY_FAVORABLE,no,1.2
2004_07_NYJ_NE,2004,7,REG,2004-10-24,Chad Pennington,NYJ,NE,4,08:02,-6,NYJ 14,Tie or take lead,FAILURE,Turnover on downs,L,26.827,DIFFICULT,no,1.2
2004_07_PHI_CLE,2004,7,REG,2004-10-24,Jeff Garcia,CLE,PHI,5,12:20,0,CLE 20,Take lead,FAILURE,Punt,L,56.9,FAVORABLE,no,1.2
2004_07_PHI_CLE,2004,7,REG,2004-10-24,Donovan McNabb,PHI,CLE,5,09:15,0,PHI 22,Take lead,CONVERSION,Offense reached required score state,W,56.9,FAVORABLE,no,1.2
2004_07_SEA_ARI,2004,7,REG,2004-10-24,Matt Hasselbeck,SEA,ARI,4,01:53,-8,SEA 20,TD + 2-point conversion,FAILURE,Interception,L,4.107,VERY_DIFFICULT,no,1.2
2004_08_BAL_PHI,2004,8,REG,2004-10-31,Kyle Boller,BAL,PHI,4,01:34,-5,BAL 29,Tie or take lead,FAILURE,Turnover on downs,L,17.059,VERY_DIFFICULT,no,1.2
2004_08_CIN_TEN,2004,8,REG,2004-10-31,Carson Palmer,CIN,TEN,4,02:07,-7,CIN 33,Touchdown,FAILURE,Fumble lost,L,22.356,DIFFICULT,no,1.2
2004_09_ARI_MIA,2004,9,REG,2004-11-07,Josh McCown,ARI,MIA,4,01:56,-6,ARI 30,Tie or take lead,CONVERSION,Offense reached required score state,W,17.059,VERY_DIFFICULT,no,1.2
2004_09_ARI_MIA,2004,9,REG,2004-11-07,A.J. Feeley,MIA,ARI,4,00:19,-1,MIA 24,Tie or take lead,FAILURE,End game,L,18.876,VERY_DIFFICULT,no,1.2
2004_09_CHI_NYG,2004,9,REG,2004-11-07,Kurt Warner,NYG,CHI,4,01:56,-7,NYG 40,Touchdown,FAILURE,Turnover on downs,L,18.074,VERY_DIFFICULT,no,1.2
2004_09_CLE_BAL,2004,9,REG,2004-11-07,Kyle Boller,BAL,CLE,4,08:27,-1,CLE 9,Tie or take lead,CONVERSION,Offense reached required score state,W,90.683,VERY_FAVORABLE,no,1.2
2004_09_KC_TB,2004,9,REG,2004-11-07,Trent Green,KC,TB,4,03:42,-3,KC 19,Tie or take lead,FAILURE,Turnover on downs,L,42.562,AVERAGE,no,1.2
2004_09_MIN_IND,2004,9,REG,2004-11-08,Peyton Manning,IND,MIN,4,02:54,0,IND 27,Take lead,CONVERSION,Offense reached required score state,W,77.471,VERY_FAVORABLE,no,1.2
2004_09_MIN_IND,2004,9,REG,2004-11-08,Daunte Culpepper,MIN,IND,4,07:24,-7,MIN 35,Touchdown,CONVERSION,Touchdown down 7 kicker neutral,L,29.087,DIFFICULT,no,1.2
2004_09_OAK_CAR,2004,9,REG,2004-11-07,Jake Delhomme,CAR,LV,4,03:16,-7,CAR 25,Touchdown,CONVERSION,Touchdown down 7 kicker neutral,L,22.356,DIFFICULT,no,1.2
2004_09_OAK_CAR,2004,9,REG,2004-11-07,Kerry Collins,LV,CAR,4,02:25,0,LV 28,Take lead,CONVERSION,Offense reached required score state,W,77.471,VERY_FAVORABLE,no,1.2
2004_09_WAS_DET,2004,9,REG,2004-11-07,Joey Harrington,DET,WAS,4,01:36,-7,DET 2,Touchdown,FAILURE,End game,L,6.809,VERY_DIFFICULT,no,1.2
2004_10_BAL_NYJ,2004,10,REG,2004-11-14,Kyle Boller,BAL,NYJ,5,10:31,0,BAL 44,Take lead,CONVERSION,Offense reached required score state,W,69.195,FAVORABLE,no,1.2
2004_10_BAL_NYJ,2004,10,REG,2004-11-14,Quincy Carter,NYJ,BAL,5,12:10,0,NYJ 9,Take lead,FAILURE,Punt,L,42.657,AVERAGE,no,1.2
2004_10_CHI_TEN,2004,10,REG,2004-11-14,Craig Krenzel,CHI,TEN,5,15:00,0,CHI 26,Take lead,FAILURE,Punt,W,56.9,FAVORABLE,no,1.2
2004_10_CHI_TEN,2004,10,REG,2004-11-14,Billy Volek,TEN,CHI,5,12:16,0,TEN 9,Take lead,FAILURE,Safety,L,42.657,AVERAGE,no,1.2
2004_10_CIN_WAS,2004,10,REG,2004-11-14,Patrick Ramsey,WAS,CIN,4,01:01,-7,WAS 11,Touchdown,FAILURE,Interception,L,6.809,VERY_DIFFICULT,no,1.2
2004_10_DET_JAX,2004,10,REG,2004-11-14,Joey Harrington,DET,JAX,4,01:43,-7,JAX 38,Touchdown,FAILURE,Turnover on downs,L,34.19,DIFFICULT,no,1.2
2004_10_DET_JAX,2004,10,REG,2004-11-14,David Garrard,JAX,DET,5,15:00,0,JAX 24,Take lead,CONVERSION,Offense reached required score state,W,56.9,FAVORABLE,no,1.2
2004_10_KC_NO,2004,10,REG,2004-11-14,Trent Green,KC,NO,4,00:08,-7,NO 39,Touchdown,FAILURE,Fumble lost,L,16.952,VERY_DIFFICULT,no,1.2
2004_10_MIN_GB,2004,10,REG,2004-11-14,Brett Favre,GB,MIN,4,01:20,0,GB 46,Take lead,CONVERSION,Offense reached required score state,W,72.487,VERY_FAVORABLE,no,1.2
2004_10_MIN_GB,2004,10,REG,2004-11-14,Daunte Culpepper,MIN,GB,4,02:18,-7,MIN 34,Touchdown,CONVERSION,Touchdown down 7 kicker neutral,L,22.356,DIFFICULT,no,1.2
2004_10_NYG_ARI,2004,10,REG,2004-11-14,Kurt Warner,NYG,ARI,4,01:51,-3,NYG 11,Tie or take lead,FAILURE,Turnover on downs,L,25.021,DIFFICULT,no,1.2
2004_11_ATL_NYG,2004,11,REG,2004-11-21,Eli Manning,NYG,ATL,4,01:52,-4,NYG 26,Tie or take lead,FAILURE,Turnover on downs,L,17.059,VERY_DIFFICULT,no,1.2
2004_11_DET_MIN,2004,11,REG,2004-11-21,Joey Harrington,DET,MIN,4,01:49,-3,DET 12,Tie or take lead,FAILURE,Interception,L,25.021,DIFFICULT,no,1.2
2004_11_GB_HOU,2004,11,REG,2004-11-21,Brett Favre,GB,HOU,4,02:00,0,GB 31,Take lead,CONVERSION,Offense reached required score state,W,60.762,FAVORABLE,no,1.2
2004_11_GB_HOU,2004,11,REG,2004-11-21,David Carr,HOU,GB,4,03:06,0,HOU 16,Take lead,FAILURE,Punt,L,65.958,FAVORABLE,no,1.2
2004_11_MIA_SEA,2004,11,REG,2004-11-21,A.J. Feeley,MIA,SEA,4,00:56,-7,MIA 29,Touchdown,FAILURE,Fumble lost,L,4.847,VERY_DIFFICULT,no,1.2
2004_11_MIA_SEA,2004,11,REG,2004-11-21,Trent Dilfer,SEA,MIA,4,02:20,0,SEA 30,Take lead,FAILURE,Punt,W,77.471,VERY_FAVORABLE,no,1.2
2004_11_NE_KC,2004,11,REG,2004-11-22,Trent Green,KC,NE,4,01:46,-8,KC 32,TD + 2-point conversion,FAILURE,Turnover on downs,L,4.107,VERY_DIFFICULT,no,1.2
2004_11_NYJ_CLE,2004,11,REG,2004-11-21,Kelly Holcomb,CLE,NYJ,4,05:32,-3,CLE 24,Tie or take lead,FAILURE,Punt,L,65.199,FAVORABLE,no,1.2
2004_11_PIT_CIN,2004,11,REG,2004-11-21,Carson Palmer,CIN,PIT,4,03:15,-3,CIN 9,Tie or take lead,FAILURE,Safety,L,42.562,AVERAGE,no,1.2
2004_11_SD_OAK,2004,11,REG,2004-11-21,Kerry Collins,LV,LAC,4,04:22,-6,LV 14,Tie or take lead,FAILURE,Punt,L,20.468,DIFFICULT,no,1.2
2004_11_TEN_JAX,2004,11,REG,2004-11-21,David Garrard,JAX,TEN,4,00:25,-3,JAX 20,Tie or take lead,FAILURE,Interception,L,18.876,VERY_DIFFICULT,no,1.2
2004_12_NO_ATL,2004,12,REG,2004-11-28,Mike Vick,ATL,NO,4,01:56,-4,NO 47,Tie or take lead,CONVERSION,Offense reached required score state,W,25.923,DIFFICULT,no,1.2
2004_12_NO_ATL,2004,12,REG,2004-11-28,Aaron Brooks,NO,ATL,4,01:22,-3,NO 17,Tie or take lead,FAILURE,Interception,L,25.021,DIFFICULT,no,1.2
2004_12_OAK_DEN,2004,12,REG,2004-11-28,Jake Plummer,DEN,LV,4,01:49,-1,DEN 32,Tie or take lead,CONVERSION,Missed or blocked fg 45 or shorter,L,37.195,AVERAGE,no,1.2
2004_12_OAK_DEN,2004,12,REG,2004-11-28,Kerry Collins,LV,DEN,4,03:37,-5,LV 18,Tie or take lead,CONVERSION,Offense reached required score state,W,20.468,DIFFICULT,no,1.2
2004_12_SD_KC,2004,12,REG,2004-11-28,Trent Green,KC,LAC,4,02:24,-3,KC 24,Tie or take lead,FAILURE,Turnover on downs,L,56.805,FAVORABLE,no,1.2
2004_12_SD_KC,2004,12,REG,2004-11-28,Drew Brees,LAC,KC,4,04:50,0,KC 32,Take lead,CONVERSION,Offense reached required score state,W,93.233,VERY_FAVORABLE,no,1.2
2004_12_TB_CAR,2004,12,REG,2004-11-28,Jake Delhomme,CAR,TB,4,01:48,0,CAR 27,Take lead,CONVERSION,Offense reached required score state,W,60.762,FAVORABLE,no,1.2
2004_12_TB_CAR,2004,12,REG,2004-11-28,Brian Griese,TB,CAR,4,00:20,-7,TB 33,Touchdown,FAILURE,End game,L,4.847,VERY_DIFFICULT,no,1.2
2004_13_CIN_BAL,2004,13,REG,2004-12-05,Kyle Boller,BAL,CIN,4,05:38,-1,BAL 46,Tie or take lead,CONVERSION,Offense reached required score state,L,76.12,VERY_FAVORABLE,no,1.2
2004_13_CIN_BAL,2004,13,REG,2004-12-05,Carson Palmer,CIN,BAL,4,01:42,-2,CIN 34,Tie or take lead,CONVERSION,Offense reached required score state,W,37.195,AVERAGE,no,1.2
2004_13_DAL_SEA,2004,13,REG,2004-12-06,Vinny Testaverde,DAL,SEA,4,01:45,-3,DAL 43,Tie or take lead,CONVERSION,Offense reached required score state,W,50.19,AVERAGE,no,1.2
2004_13_DAL_SEA,2004,13,REG,2004-12-06,Matt Hasselbeck,SEA,DAL,4,00:32,-4,SEA 25,Tie or take lead,FAILURE,End game,L,7.477,VERY_DIFFICULT,no,1.2
2004_13_DEN_SD,2004,13,REG,2004-12-05,Jake Plummer,DEN,LAC,4,00:50,-3,DEN 41,Tie or take lead,FAILURE,End game,L,28.362,DIFFICULT,no,1.2
2004_13_KC_OAK,2004,13,REG,2004-12-05,Trent Green,KC,LV,4,04:01,0,KC 12,Take lead,CONVERSION,Offense reached required score state,W,65.958,FAVORABLE,no,1.2
2004_13_KC_OAK,2004,13,REG,2004-12-05,Kerry Collins,LV,KC,4,02:04,-7,LV 25,Touchdown,FAILURE,Turnover on downs,L,22.356,DIFFICULT,no,1.2
2004_13_PIT_JAX,2004,13,REG,2004-12-05,Byron Leftwich,JAX,PIT,4,00:18,-1,JAX 39,Tie or take lead,MANUAL_REVIEW,Missed or blocked fg 56 plus,L,,,no,1.2
2004_13_PIT_JAX,2004,13,REG,2004-12-05,Ben Roethlisberger,PIT,JAX,4,01:55,-2,PIT 25,Tie or take lead,CONVERSION,Offense reached required score state,W,37.195,AVERAGE,no,1.2
2004_14_DET_GB,2004,14,REG,2004-12-12,Joey Harrington,DET,GB,4,06:21,0,DET 10,Take lead,FAILURE,Punt,L,73.406,VERY_FAVORABLE,no,1.2
2004_14_DET_GB,2004,14,REG,2004-12-12,Brett Favre,GB,DET,4,03:27,0,DET 42,Take lead,CONVERSION,Offense reached required score state,W,85.403,VERY_FAVORABLE,no,1.2
2004_14_KC_TEN,2004,14,REG,2004-12-13,Trent Green,KC,TEN,4,01:39,-3,KC 36,Tie or take lead,CONVERSION,Offense reached required score state,W,37.195,AVERAGE,no,1.2
2004_14_KC_TEN,2004,14,REG,2004-12-13,Billy Volek,TEN,KC,4,00:32,-4,TEN 31,Tie or take lead,FAILURE,Fumble lost,L,7.477,VERY_DIFFICULT,no,1.2
2004_14_MIA_DEN,2004,14,REG,2004-12-12,A.J. Feeley,MIA,DEN,4,02:50,-3,MIA 32,Tie or take lead,FAILURE,Turnover on downs,L,56.805,FAVORABLE,no,1.2
2004_14_PHI_WAS,2004,14,REG,2004-12-12,Patrick Ramsey,WAS,PHI,4,00:43,-3,WAS 25,Tie or take lead,FAILURE,Turnover on downs,L,18.876,VERY_DIFFICULT,no,1.2
2004_14_SEA_MIN,2004,14,REG,2004-12-12,Daunte Culpepper,MIN,SEA,4,00:44,-4,MIN 11,Tie or take lead,FAILURE,End game,L,4.355,VERY_DIFFICULT,no,1.2
2004_14_SF_ARI,2004,14,REG,2004-12-12,Josh McCown,ARI,SF,5,12:22,0,ARI 3,Take lead,FAILURE,Punt,L,42.657,AVERAGE,no,1.2
2004_14_SF_ARI,2004,14,REG,2004-12-12,Ken Dorsey,SF,ARI,5,11:00,0,ARI 49,Take lead,CONVERSION,Offense reached required score state,W,69.195,FAVORABLE,no,1.2
2004_15_CAR_ATL,2004,15,REG,2004-12-18,Mike Vick,ATL,CAR,5,13:54,0,CAR 23,Take lead,CONVERSION,Offense reached required score state,W,84.101,VERY_FAVORABLE,no,1.2
2004_15_CAR_ATL,2004,15,REG,2004-12-18,Jake Delhomme,CAR,ATL,5,15:00,0,CAR 19,Take lead,FAILURE,Interception,L,42.657,AVERAGE,no,1.2
2004_15_DAL_PHI,2004,15,REG,2004-12-19,Vinny Testaverde,DAL,PHI,4,01:57,-5,DAL 25,Tie or take lead,FAILURE,Interception,L,17.059,VERY_DIFFICULT,no,1.2
2004_15_MIN_DET,2004,15,REG,2004-12-19,Joey Harrington,DET,MIN,4,01:37,-7,DET 20,Touchdown,CONVERSION,Touchdown down 7 kicker neutral,L,11.478,VERY_DIFFICULT,no,1.2
2004_15_MIN_DET,2004,15,REG,2004-12-19,Daunte Culpepper,MIN,DET,4,06:11,0,MIN 17,Take lead,CONVERSION,Offense reached required score state,W,73.406,VERY_FAVORABLE,no,1.2
2004_15_NE_MIA,2004,15,REG,2004-12-20,A.J. Feeley,MIA,NE,4,01:45,-5,NE 21,Tie or take lead,CONVERSION,Offense reached required score state,W,45.179,AVERAGE,no,1.2
2004_15_NE_MIA,2004,15,REG,2004-12-20,Tom Brady,NE,MIA,4,01:23,-1,NE 24,Tie or take lead,FAILURE,Interception,L,37.195,AVERAGE,no,1.2
2004_15_NO_TB,2004,15,REG,2004-12-19,Aaron Brooks,NO,TB,4,03:19,-3,TB 41,Tie or take lead,CONVERSION,Offense reached required score state,W,69.112,FAVORABLE,no,1.2
2004_15_NO_TB,2004,15,REG,2004-12-19,Brian Griese,TB,NO,4,00:32,-4,TB 32,Tie or take lead,FAILURE,Fumble,L,7.477,VERY_DIFFICULT,no,1.2
2004_15_PIT_NYG,2004,15,REG,2004-12-18,Eli Manning,NYG,PIT,4,04:57,-3,NYG 36,Tie or take lead,FAILURE,Interception,L,56.805,FAVORABLE,no,1.2
2004_16_CHI_DET,2004,16,REG,2004-12-26,Chad Hutchinson,CHI,DET,4,03:37,-6,CHI 27,Tie or take lead,FAILURE,Turnover on downs,L,31.353,DIFFICULT,no,1.2
2004_16_CLE_MIA,2004,16,REG,2004-12-26,Luke McCown,CLE,MIA,4,05:45,0,CLE 28,Take lead,FAILURE,Punt,L,83.047,VERY_FAVORABLE,no,1.2
2004_16_CLE_MIA,2004,16,REG,2004-12-26,A.J. Feeley,MIA,CLE,4,01:49,0,MIA 28,Take lead,CONVERSION,Offense reached required score state,W,60.762,FAVORABLE,no,1.2
2004_16_GB_MIN,2004,16,REG,2004-12-24,Brett Favre,GB,MIN,4,01:35,0,GB 13,Take lead,CONVERSION,Offense reached required score state,W,46.597,AVERAGE,no,1.2
2004_16_GB_MIN,2004,16,REG,2004-12-24,Daunte Culpepper,MIN,GB,4,03:34,0,MIN 38,Take lead,FAILURE,Punt,L,77.471,VERY_FAVORABLE,no,1.2
2004_16_NYG_CIN,2004,16,REG,2004-12-26,Jon Kitna,CIN,NYG,4,02:05,-5,NYG 24,Tie or take lead,CONVERSION,Offense reached required score state,W,64.665,FAVORABLE,no,1.2
2004_16_NYG_CIN,2004,16,REG,2004-12-26,Eli Manning,NYG,CIN,4,00:44,-1,CIN 47,Tie or take lead,FAILURE,Interception,L,28.362,DIFFICULT,no,1.2
2004_16_OAK_KC,2004,16,REG,2004-12-25,Trent Green,KC,LV,4,01:03,-2,LV 36,Tie or take lead,CONVERSION,Offense reached required score state,W,70.352,VERY_FAVORABLE,no,1.2
2004_16_OAK_KC,2004,16,REG,2004-12-25,Kerry Collins,LV,KC,4,00:22,-1,LV 23,Tie or take lead,FAILURE,Interception,L,18.876,VERY_DIFFICULT,no,1.2
2004_16_SD_IND,2004,16,REG,2004-12-26,Peyton Manning,IND,LAC,5,15:00,0,IND 27,Take lead,CONVERSION,Offense reached required score state,W,56.9,FAVORABLE,no,1.2
2004_16_SD_IND,2004,16,REG,2004-12-26,Drew Brees,LAC,IND,4,00:56,0,LAC 27,Take lead,FAILURE,Interception,L,37.827,AVERAGE,no,1.2
2004_16_WAS_DAL,2004,16,REG,2004-12-26,Vinny Testaverde,DAL,WAS,4,01:25,-4,DAL 25,Tie or take lead,CONVERSION,Offense reached required score state,W,17.059,VERY_DIFFICULT,no,1.2
2004_16_WAS_DAL,2004,16,REG,2004-12-26,Patrick Ramsey,WAS,DAL,4,00:30,-3,WAS 29,Tie or take lead,MANUAL_REVIEW,Missed or blocked fg 56 plus,L,,,no,1.2
2004_17_ATL_SEA,2004,17,REG,2005-01-02,Matt Schaub,ATL,SEA,4,04:28,-8,ATL 31,TD + 2-point conversion,FAILURE,Two point conversion failed,L,8.684,VERY_DIFFICULT,no,1.2
2004_17_DAL_NYG,2004,17,REG,2005-01-02,Vinny Testaverde,DAL,NYG,4,00:11,-4,DAL 37,Tie or take lead,FAILURE,End game,L,7.477,VERY_DIFFICULT,no,1.2
2004_17_DAL_NYG,2004,17,REG,2005-01-02,Eli Manning,NYG,DAL,4,01:49,-3,NYG 34,Tie or take lead,CONVERSION,Offense reached required score state,W,37.195,AVERAGE,no,1.2
2004_17_DET_TEN,2004,17,REG,2005-01-02,Joey Harrington,DET,TEN,4,02:52,-5,DET 14,Tie or take lead,FAILURE,Turnover on downs,L,20.468,DIFFICULT,no,1.2
2004_17_JAX_OAK,2004,17,REG,2005-01-02,Kerry Collins,LV,JAX,4,03:03,-7,LV 20,Touchdown,FAILURE,Turnover on downs,L,22.356,DIFFICULT,no,1.2
2004_17_KC_SD,2004,17,REG,2005-01-02,Trent Green,KC,LAC,4,00:59,-7,KC 9,Touchdown,FAILURE,Interception,L,2.79,VERY_DIFFICULT,no,1.2
2004_17_MIA_BAL,2004,17,REG,2005-01-02,Sage Rosenfels,MIA,BAL,4,00:42,-7,MIA 28,Touchdown,FAILURE,End game,L,4.847,VERY_DIFFICULT,no,1.2
2004_17_NO_CAR,2004,17,REG,2005-01-02,Jake Delhomme,CAR,NO,4,00:50,-3,CAR 2,Tie or take lead,MANUAL_REVIEW,Missed or blocked fg 56 plus,L,,,no,1.2
2004_17_NYJ_STL,2004,17,REG,2005-01-02,Marc Bulger,LA,NYJ,5,05:12,0,LA 43,Take lead,CONVERSION,Offense reached required score state,W,69.195,FAVORABLE,no,1.2
2004_17_NYJ_STL,2004,17,REG,2005-01-02,Chad Pennington,NYJ,LA,5,08:08,0,NYJ 29,Take lead,ND-K,Missed or blocked fg 46 to 55,L,,,no,1.2
2004_17_TB_ARI,2004,17,REG,2005-01-02,Chris Simms,TB,ARI,4,01:06,-5,TB 38,Tie or take lead,FAILURE,Interception,L,17.059,VERY_DIFFICULT,no,1.2
2004_18_NYJ_SD,2004,18,POST,2005-01-08,Drew Brees,LAC,NYJ,5,12:17,0,LAC 30,Take lead,CONVERSION,Missed or blocked fg 45 or shorter,L,56.9,FAVORABLE,no,1.2
2004_18_NYJ_SD,2004,18,POST,2005-01-08,Chad Pennington,NYJ,LAC,5,04:19,0,NYJ 30,Take lead,CONVERSION,Offense reached required score state,W,56.9,FAVORABLE,no,1.2
2004_18_STL_SEA,2004,18,POST,2005-01-08,Marc Bulger,LA,SEA,4,05:42,0,LA 24,Take lead,CONVERSION,Offense reached required score state,W,83.047,VERY_FAVORABLE,no,1.2
2004_18_STL_SEA,2004,18,POST,2005-01-08,Matt Hasselbeck,SEA,LA,4,02:11,-7,SEA 36,Touchdown,FAILURE,Turnover on downs,L,22.356,DIFFICULT,no,1.2
2004_19_NYJ_PIT,2004,19,POST,2005-01-15,Chad Pennington,NYJ,PIT,5,15:00,0,NYJ 31,Take lead,FAILURE,Punt,L,56.9,FAVORABLE,no,1.2
2004_19_NYJ_PIT,2004,19,POST,2005-01-15,Ben Roethlisberger,PIT,NYJ,5,12:15,0,PIT 13,Take lead,CONVERSION,Offense reached required score state,W,42.657,AVERAGE,no,1.2
2004_21_NE_PHI,2004,21,POST,2005-02-06,Donovan McNabb,PHI,NE,4,00:46,-3,PHI 4,Tie or take lead,FAILURE,Interception,L,11.591,VERY_DIFFICULT,no,1.2
2005_01_CHI_WAS,2005,1,REG,2005-09-11,Kyle Orton,CHI,WAS,4,01:43,-2,CHI 20,Tie or take lead,FAILURE,Fumble lost,L,37.225,AVERAGE,no,1.2
2005_01_DAL_SD,2005,1,REG,2005-09-11,Drew Brees,LAC,DAL,4,03:06,-4,LAC 34,Tie or take lead,FAILURE,Interception,L,31.487,DIFFICULT,no,1.2
2005_01_NO_CAR,2005,1,REG,2005-09-11,Jake Delhomme,CAR,NO,4,02:59,-3,CAR 9,Tie or take lead,CONVERSION,Offense reached required score state,L,41.118,AVERAGE,no,1.2
2005_01_NO_CAR,2005,1,REG,2005-09-11,Aaron Brooks,NO,CAR,4,01:04,0,NO 22,Take lead,CONVERSION,Offense reached required score state,W,60.501,FAVORABLE,no,1.2
2005_01_PHI_ATL,2005,1,REG,2005-09-12,Donovan McNabb,PHI,ATL,4,03:54,-4,PHI 24,Tie or take lead,FAILURE,Turnover on downs,L,31.487,DIFFICULT,no,1.2
2005_01_STL_SF,2005,1,REG,2005-09-11,Marc Bulger,LA,SF,4,00:59,-3,SF 38,Tie or take lead,FAILURE,Interception,L,47.855,AVERAGE,no,1.2
2005_02_ATL_SEA,2005,2,REG,2005-09-18,Unresolved,ATL,SEA,4,02:39,-3,ATL 27,Tie or take lead,MANUAL_REVIEW,Multi qb material participation,L,,,no,1.2
2005_02_JAX_IND,2005,2,REG,2005-09-18,Byron Leftwich,JAX,IND,4,01:50,-7,JAX 28,Touchdown,FAILURE,End game,L,11.384,VERY_DIFFICULT,no,1.2
2005_02_KC_OAK,2005,2,REG,2005-09-18,Kerry Collins,LV,KC,4,04:52,-6,LV 49,Tie or take lead,FAILURE,Turnover on downs,L,44.44,AVERAGE,no,1.2
2005_02_SD_DEN,2005,2,REG,2005-09-18,Jake Plummer,DEN,LAC,4,05:21,0,DEN 20,Take lead,CONVERSION,Offense reached required score state,W,82.18,VERY_FAVORABLE,no,1.2
2005_02_SD_DEN,2005,2,REG,2005-09-18,Drew Brees,LAC,DEN,4,08:46,-3,LAC 27,Tie or take lead,CONVERSION,Offense reached required score state,L,64.099,FAVORABLE,no,1.2
2005_02_STL_ARI,2005,2,REG,2005-09-18,Kurt Warner,ARI,LA,4,01:53,-5,ARI 14,Tie or take lead,FAILURE,End game,L,10.729,VERY_DIFFICULT,no,1.2
2005_02_WAS_DAL,2005,2,REG,2005-09-19,Drew Bledsoe,DAL,WAS,4,00:36,-1,DAL 21,Tie or take lead,FAILURE,End game,L,17.792,VERY_DIFFICULT,no,1.2
2005_03_ATL_BUF,2005,3,REG,2005-09-25,J.P. Losman,BUF,ATL,4,01:45,-8,BUF 27,TD + 2-point conversion,FAILURE,Fumble lost,L,3.949,VERY_DIFFICULT,no,1.2
2005_03_CAR_MIA,2005,3,REG,2005-09-25,Jake Delhomme,CAR,MIA,4,06:07,0,CAR 15,Take lead,FAILURE,Interception,L,71.904,VERY_FAVORABLE,no,1.2
2005_03_CAR_MIA,2005,3,REG,2005-09-25,Gus Frerotte,MIA,CAR,4,01:51,0,CAR 25,Take lead,CONVERSION,Offense reached required score state,W,86.657,VERY_FAVORABLE,no,1.2
2005_03_CLE_IND,2005,3,REG,2005-09-25,Trent Dilfer,CLE,IND,4,10:26,-7,CLE 16,Touchdown,FAILURE,Punt,L,17.832,VERY_DIFFICULT,no,1.2
2005_03_DAL_SF,2005,3,REG,2005-09-25,Tim Rattay,SF,DAL,4,01:51,-3,SF 23,Tie or take lead,FAILURE,Interception,L,37.225,AVERAGE,no,1.2
2005_03_JAX_NYJ,2005,3,REG,2005-09-25,Byron Leftwich,JAX,NYJ,5,10:24,0,NYJ 34,Take lead,CONVERSION,Offense reached required score state,W,84.716,VERY_FAVORABLE,no,1.2
2005_03_JAX_NYJ,2005,3,REG,2005-09-25,Chad Pennington,NYJ,JAX,5,12:19,0,NYJ 12,Take lead,FAILURE,Punt,L,42.042,AVERAGE,no,1.2
2005_03_NE_PIT,2005,3,REG,2005-09-25,Tom Brady,NE,PIT,4,01:21,0,NE 38,Take lead,CONVERSION,Offense reached required score state,W,60.501,FAVORABLE,no,1.2
2005_03_NE_PIT,2005,3,REG,2005-09-25,Ben Roethlisberger,PIT,NE,4,03:19,-7,PIT 49,Touchdown,CONVERSION,Touchdown down 7 kicker neutral,L,32.179,DIFFICULT,no,1.2
2005_03_OAK_PHI,2005,3,REG,2005-09-25,Kerry Collins,LV,PHI,4,04:17,-7,LV 35,Touchdown,CONVERSION,Touchdown down 7 kicker neutral,L,21.422,DIFFICULT,no,1.2
2005_03_OAK_PHI,2005,3,REG,2005-09-25,Donovan McNabb,PHI,LV,4,02:17,0,PHI 20,Take lead,CONVERSION,Offense reached required score state,W,76.472,VERY_FAVORABLE,no,1.2
2005_03_TB_GB,2005,3,REG,2005-09-25,Brett Favre,GB,TB,4,05:52,-1,TB 50,Tie or take lead,FAILURE,Interception,L,75.654,VERY_FAVORABLE,no,1.2
2005_03_TEN_STL,2005,3,REG,2005-09-25,Steve McNair,TEN,LA,4,02:19,-4,TEN 20,Tie or take lead,FAILURE,Turnover on downs,L,31.487,DIFFICULT,no,1.2
2005_04_DAL_OAK,2005,4,REG,2005-10-02,Drew Bledsoe,DAL,LV,4,04:29,-6,DAL 20,Tie or take lead,FAILURE,Turnover on downs,L,31.487,DIFFICULT,no,1.2
2005_04_DET_TB,2005,4,REG,2005-10-02,Joey Harrington,DET,TB,4,05:14,-4,DET 7,Tie or take lead,FAILURE,Turnover on downs,L,26.571,DIFFICULT,no,1.2
2005_04_GB_CAR,2005,4,REG,2005-10-03,Brett Favre,GB,CAR,4,01:58,-3,GB 37,Tie or take lead,FAILURE,Turnover on downs,L,37.225,AVERAGE,no,1.2
2005_04_HOU_CIN,2005,4,REG,2005-10-02,David Carr,HOU,CIN,4,01:10,-6,HOU 22,Tie or take lead,FAILURE,Turnover on downs,L,17.802,VERY_DIFFICULT,no,1.2
2005_04_SEA_WAS,2005,4,REG,2005-10-02,Matt Hasselbeck,SEA,WAS,4,00:49,0,WAS 33,Take lead,ND-K,Missed or blocked fg 46 to 55,L,,,no,1.2
2005_04_SEA_WAS,2005,4,REG,2005-10-02,Mark Brunell,WAS,SEA,5,15:00,0,WAS 23,Take lead,CONVERSION,Offense reached required score state,W,56.657,FAVORABLE,no,1.2
2005_05_CAR_ARI,2005,5,REG,2005-10-09,Josh McCown,ARI,CAR,4,01:41,-4,ARI 42,Tie or take lead,FAILURE,Turnover on downs,L,27.374,DIFFICULT,no,1.2
2005_05_CIN_JAX,2005,5,REG,2005-10-09,Carson Palmer,CIN,JAX,4,02:42,-3,CIN 22,Tie or take lead,FAILURE,Fumble lost,L,55.72,FAVORABLE,no,1.2
2005_05_MIA_BUF,2005,5,REG,2005-10-09,Gus Frerotte,MIA,BUF,4,00:21,-6,BUF 47,Tie or take lead,FAILURE,End game,L,12.093,VERY_DIFFICULT,no,1.2
2005_05_NE_ATL,2005,5,REG,2005-10-09,Matt Schaub,ATL,NE,4,06:04,-8,ATL 38,TD + 2-point conversion,CONVERSION,Offense reached required score state,L,11.016,VERY_DIFFICULT,no,1.2
2005_05_NE_ATL,2005,5,REG,2005-10-09,Tom Brady,NE,ATL,4,03:52,0,NE 36,Take lead,CONVERSION,Offense reached required score state,W,76.472,VERY_FAVORABLE,no,1.2
2005_05_PIT_SD,2005,5,REG,2005-10-10,Drew Brees,LAC,PIT,4,10:30,-5,LAC 38,Tie or take lead,CONVERSION,Offense reached required score state,L,39.733,AVERAGE,no,1.2
2005_05_PIT_SD,2005,5,REG,2005-10-10,Ben Roethlisberger,PIT,LAC,4,04:42,-1,PIT 38,Tie or take lead,CONVERSION,Offense reached required score state,W,55.72,FAVORABLE,no,1.2
2005_05_TB_NYJ,2005,5,REG,2005-10-09,Brian Griese,TB,NYJ,4,01:00,-2,TB 12,Tie or take lead,FAILURE,End game,L,10.722,VERY_DIFFICULT,no,1.2
2005_05_WAS_DEN,2005,5,REG,2005-10-09,Mark Brunell,WAS,DEN,4,01:09,-8,WAS 44,TD + 2-point conversion,FAILURE,Two point conversion failed,L,6.678,VERY_DIFFICULT,no,1.2
2005_06_ATL_NO,2005,6,REG,2005-10-16,Mike Vick,ATL,NO,4,00:46,0,ATL 32,Take lead,CONVERSION,Offense reached required score state,W,35.857,AVERAGE,no,1.2
2005_06_ATL_NO,2005,6,REG,2005-10-16,Aaron Brooks,NO,ATL,4,04:37,-7,NO 15,Touchdown,CONVERSION,Touchdown down 7 kicker neutral,L,13.14,VERY_DIFFICULT,no,1.2
2005_06_CAR_DET,2005,6,REG,2005-10-16,Unresolved,CAR,DET,4,03:13,-6,CAR 21,Tie or take lead,MANUAL_REVIEW,Multi qb material participation,W,,,no,1.2
2005_06_CAR_DET,2005,6,REG,2005-10-16,Joey Harrington,DET,CAR,4,00:32,-1,DET 49,Tie or take lead,FAILURE,Turnover on downs,L,27.361,DIFFICULT,no,1.2
2005_06_JAX_PIT,2005,6,REG,2005-10-16,Byron Leftwich,JAX,PIT,5,13:31,0,JAX 36,Take lead,FAILURE,Punt,W,56.657,FAVORABLE,no,1.2
2005_06_JAX_PIT,2005,6,REG,2005-10-16,Tommy Maddox,PIT,JAX,5,11:39,0,PIT 35,Take lead,FAILURE,Opp touchdown,L,56.657,FAVORABLE,no,1.2
2005_06_NE_DEN,2005,6,REG,2005-10-16,Tom Brady,NE,DEN,4,05:02,-8,NE 8,TD + 2-point conversion,FAILURE,Punt,L,6.428,VERY_DIFFICULT,no,1.2
2005_06_NYG_DAL,2005,6,REG,2005-10-16,Drew Bledsoe,DAL,NYG,5,15:00,0,DAL 23,Take lead,CONVERSION,Offense reached required score state,W,56.657,FAVORABLE,no,1.2
2005_06_NYG_DAL,2005,6,REG,2005-10-16,Eli Manning,NYG,DAL,4,00:52,-7,NYG 48,Touchdown,CONVERSION,Touchdown down 7 kicker neutral,L,7.545,VERY_DIFFICULT,no,1.2
2005_06_WAS_KC,2005,6,REG,2005-10-16,Mark Brunell,WAS,KC,4,01:46,-7,WAS 22,Touchdown,FAILURE,Turnover on downs,L,11.384,VERY_DIFFICULT,no,1.2
2005_07_BAL_CHI,2005,7,REG,2005-10-23,Anthony Wright,BAL,CHI,4,04:11,-4,BAL 34,Tie or take lead,FAILURE,Punt,L,31.487,DIFFICULT,no,1.2
2005_07_DAL_SEA,2005,7,REG,2005-10-23,Drew Bledsoe,DAL,SEA,4,00:40,0,DAL 41,Take lead,FAILURE,Interception,L,49.314,AVERAGE,no,1.2
2005_07_DAL_SEA,2005,7,REG,2005-10-23,Matt Hasselbeck,SEA,DAL,4,00:05,0,DAL 32,Take lead,CONVERSION,Offense reached required score state,W,70.33,VERY_FAVORABLE,no,1.2
2005_07_DEN_NYG,2005,7,REG,2005-10-23,Eli Manning,NYG,DEN,4,03:29,-6,NYG 17,Tie or take lead,CONVERSION,Offense reached required score state,W,20.321,DIFFICULT,no,1.2
2005_07_DET_CLE,2005,7,REG,2005-10-23,Trent Dilfer,CLE,DET,4,02:09,-3,CLE 28,Tie or take lead,FAILURE,Punt,L,55.72,FAVORABLE,no,1.2
2005_07_GB_MIN,2005,7,REG,2005-10-23,Brett Favre,GB,MIN,4,03:10,-3,GB 23,Tie or take lead,CONVERSION,Offense reached required score state,L,55.72,FAVORABLE,no,1.2
2005_07_GB_MIN,2005,7,REG,2005-10-23,Daunte Culpepper,MIN,GB,4,00:24,0,MIN 36,Take lead,CONVERSION,Offense reached required score state,W,35.857,AVERAGE,no,1.2
2005_07_SD_PHI,2005,7,REG,2005-10-23,Drew Brees,LAC,PHI,4,03:29,-3,PHI 30,Tie or take lead,FAILURE,Fumble lost,L,84.217,VERY_FAVORABLE,no,1.2
2005_07_SD_PHI,2005,7,REG,2005-10-23,Donovan McNabb,PHI,LAC,4,04:42,-4,PHI 21,Tie or take lead,FAILURE,Turnover on downs,W,31.487,DIFFICULT,no,1.2
2005_08_BAL_PIT,2005,8,REG,2005-10-31,Anthony Wright,BAL,PIT,4,01:36,-1,BAL 31,Tie or take lead,FAILURE,Turnover on downs,L,37.225,AVERAGE,no,1.2
2005_08_BAL_PIT,2005,8,REG,2005-10-31,Ben Roethlisberger,PIT,BAL,4,03:21,-2,PIT 21,Tie or take lead,CONVERSION,Offense reached required score state,W,55.72,FAVORABLE,no,1.2
2005_08_BUF_NE,2005,8,REG,2005-10-30,Kelly Holcomb,BUF,NE,4,05:32,-5,BUF 47,Tie or take lead,FAILURE,Turnover on downs,L,53.159,AVERAGE,no,1.2
2005_08_CHI_DET,2005,8,REG,2005-10-30,Kyle Orton,CHI,DET,5,12:29,0,CHI 13,Take lead,FAILURE,Punt,W,42.042,AVERAGE,no,1.2
2005_08_CHI_DET,2005,8,REG,2005-10-30,Jeff Garcia,DET,CHI,5,10:16,0,DET 13,Take lead,FAILURE,Opp touchdown,L,42.042,AVERAGE,no,1.2
2005_08_CLE_HOU,2005,8,REG,2005-10-30,Trent Dilfer,CLE,HOU,4,02:45,-3,CLE 27,Tie or take lead,FAILURE,Turnover on downs,L,55.72,FAVORABLE,no,1.2
2005_08_CLE_HOU,2005,8,REG,2005-10-30,David Carr,HOU,CLE,4,05:06,0,CLE 40,Take lead,CONVERSION,Offense reached required score state,W,95.135,VERY_FAVORABLE,no,1.2
2005_08_GB_CIN,2005,8,REG,2005-10-30,Brett Favre,GB,CIN,4,00:56,-7,GB 10,Touchdown,FAILURE,End game,L,2.536,VERY_DIFFICULT,no,1.2
2005_08_JAX_STL,2005,8,REG,2005-10-30,Byron Leftwich,JAX,LA,4,04:45,-3,JAX 30,Tie or take lead,FAILURE,Turnover on downs,L,55.72,FAVORABLE,no,1.2
2005_08_KC_SD,2005,8,REG,2005-10-30,Trent Green,KC,LAC,4,00:22,-8,KC 20,TD + 2-point conversion,FAILURE,End game,L,1.478,VERY_DIFFICULT,no,1.2
2005_08_TB_SF,2005,8,REG,2005-10-30,Chris Simms,TB,SF,4,00:39,-5,TB 29,Tie or take lead,FAILURE,End game,L,7.325,VERY_DIFFICULT,no,1.2
2005_09_ATL_MIA,2005,9,REG,2005-11-06,Gus Frerotte,MIA,ATL,4,06:38,-7,ATL 42,Touchdown,FAILURE,Interception,L,40.234,AVERAGE,no,1.2
2005_09_CHI_NO,2005,9,REG,2005-11-06,Kyle Orton,CHI,NO,4,04:08,0,CHI 25,Take lead,CONVERSION,Offense reached required score state,W,76.472,VERY_FAVORABLE,no,1.2
2005_09_CHI_NO,2005,9,REG,2005-11-06,Aaron Brooks,NO,CHI,4,06:17,0,NO 12,Take lead,FAILURE,Punt,L,71.904,VERY_FAVORABLE,no,1.2
2005_09_HOU_JAX,2005,9,REG,2005-11-06,David Carr,HOU,JAX,4,02:53,-7,HOU 29,Touchdown,FAILURE,Turnover on downs,L,21.422,DIFFICULT,no,1.2
2005_09_HOU_JAX,2005,9,REG,2005-11-06,Byron Leftwich,JAX,HOU,4,07:43,0,JAX 18,Take lead,CONVERSION,Offense reached required score state,W,71.904,VERY_FAVORABLE,no,1.2
2005_09_OAK_KC,2005,9,REG,2005-11-06,Trent Green,KC,LV,4,01:45,-3,KC 28,Tie or take lead,CONVERSION,Offense reached required score state,W,37.225,AVERAGE,no,1.2
2005_09_OAK_KC,2005,9,REG,2005-11-06,Kerry Collins,LV,KC,4,08:07,-5,LV 16,Tie or take lead,CONVERSION,Offense reached required score state,L,26.571,DIFFICULT,no,1.2
2005_09_PHI_WAS,2005,9,REG,2005-11-06,Donovan McNabb,PHI,WAS,4,02:41,-7,PHI 15,Touchdown,FAILURE,Interception,L,13.14,VERY_DIFFICULT,no,1.2
2005_09_SD_NYJ,2005,9,REG,2005-11-06,Brooks Bollinger,NYJ,LAC,4,03:06,-5,LAC 30,Tie or take lead,FAILURE,Turnover on downs,L,66.087,FAVORABLE,no,1.2
2005_09_TEN_CLE,2005,9,REG,2005-11-06,Steve McNair,TEN,CLE,4,00:39,-6,TEN 30,Tie or take lead,FAILURE,Interception,L,7.325,VERY_DIFFICULT,no,1.2
2005_10_ARI_DET,2005,10,REG,2005-11-13,Kurt Warner,ARI,DET,4,01:01,-8,ARI 18,TD + 2-point conversion,FAILURE,Turnover on downs,L,2.231,VERY_DIFFICULT,no,1.2
2005_10_DAL_PHI,2005,10,REG,2005-11-14,Mike McMahon,PHI,DAL,4,00:45,-1,PHI 35,Tie or take lead,MANUAL_REVIEW,Missed or blocked fg 56 plus,L,,,no,1.2
2005_10_MIN_NYG,2005,10,REG,2005-11-13,Brad Johnson,MIN,NYG,4,01:21,0,MIN 28,Take lead,CONVERSION,Offense reached required score state,W,60.501,FAVORABLE,no,1.2
2005_10_MIN_NYG,2005,10,REG,2005-11-13,Eli Manning,NYG,MIN,4,03:17,-8,NYG 33,TD + 2-point conversion,CONVERSION,Offense reached required score state,L,8.025,VERY_DIFFICULT,no,1.2
2005_10_NE_MIA,2005,10,REG,2005-11-13,Gus Frerotte,MIA,NE,4,02:16,-7,MIA 25,Touchdown,FAILURE,Turnover on downs,L,21.422,DIFFICULT,no,1.2
2005_10_NE_MIA,2005,10,REG,2005-11-13,Tom Brady,NE,MIA,4,02:59,-1,NE 24,Tie or take lead,CONVERSION,Offense reached required score state,W,55.72,FAVORABLE,no,1.2
2005_10_SF_CHI,2005,10,REG,2005-11-13,Cody Pickett,SF,CHI,4,01:48,-8,SF 15,TD + 2-point conversion,FAILURE,Turnover on downs,L,2.231,VERY_DIFFICULT,no,1.2
2005_10_WAS_TB,2005,10,REG,2005-11-13,Chris Simms,TB,WAS,4,01:52,-7,TB 46,Touchdown,CONVERSION,Touchdown down 7 kicker neutral,W,18.273,VERY_DIFFICULT,no,1.2
2005_10_WAS_TB,2005,10,REG,2005-11-13,Mark Brunell,WAS,TB,4,00:58,-1,WAS 20,Tie or take lead,FAILURE,Turnover on downs,L,17.792,VERY_DIFFICULT,no,1.2
2005_11_MIN_GB,2005,11,REG,2005-11-21,Brett Favre,GB,MIN,4,04:49,-3,GB 33,Tie or take lead,CONVERSION,Offense reached required score state,L,55.72,FAVORABLE,no,1.2
2005_11_MIN_GB,2005,11,REG,2005-11-21,Brad Johnson,MIN,GB,4,03:03,0,MIN 33,Take lead,CONVERSION,Offense reached required score state,W,76.472,VERY_FAVORABLE,no,1.2
2005_11_NO_NE,2005,11,REG,2005-11-20,Aaron Brooks,NO,NE,4,01:36,-7,NO 22,Touchdown,FAILURE,Interception,L,11.384,VERY_DIFFICULT,no,1.2
2005_11_OAK_WAS,2005,11,REG,2005-11-20,Kerry Collins,LV,WAS,4,05:41,0,LV 49,Take lead,CONVERSION,Offense reached required score state,W,88.921,VERY_FAVORABLE,no,1.2
2005_11_OAK_WAS,2005,11,REG,2005-11-20,Mark Brunell,WAS,LV,4,01:08,-3,WAS 25,Tie or take lead,FAILURE,Fumble lost,L,37.225,AVERAGE,no,1.2
2005_11_PIT_BAL,2005,11,REG,2005-11-20,Kyle Boller,BAL,PIT,5,08:09,0,BAL 44,Take lead,CONVERSION,Offense reached required score state,W,69.466,FAVORABLE,no,1.2
2005_11_PIT_BAL,2005,11,REG,2005-11-20,Tommy Maddox,PIT,BAL,5,09:36,0,PIT 35,Take lead,FAILURE,Punt,L,56.657,FAVORABLE,no,1.2
2005_11_SEA_SF,2005,11,REG,2005-11-20,Ken Dorsey,SF,SEA,4,06:07,-8,SF 24,TD + 2-point conversion,FAILURE,Two point conversion failed,L,11.016,VERY_DIFFICULT,no,1.2
2005_11_TB_ATL,2005,11,REG,2005-11-20,Mike Vick,ATL,TB,4,00:42,-3,ATL 25,Tie or take lead,ND-K,Missed or blocked fg 46 to 55,L,,,no,1.2
2005_11_TB_ATL,2005,11,REG,2005-11-20,Chris Simms,TB,ATL,4,01:07,0,ATL 34,Take lead,CONVERSION,Offense reached required score state,W,86.657,VERY_FAVORABLE,no,1.2
2005_12_CAR_BUF,2005,12,REG,2005-11-27,J.P. Losman,BUF,CAR,4,02:16,-4,BUF 29,Tie or take lead,FAILURE,Interception,L,31.487,DIFFICULT,no,1.2
2005_12_CAR_BUF,2005,12,REG,2005-11-27,Jake Delhomme,CAR,BUF,4,10:04,-3,CAR 32,Tie or take lead,CONVERSION,Offense reached required score state,W,64.352,FAVORABLE,no,1.2
2005_12_CHI_TB,2005,12,REG,2005-11-27,Chris Simms,TB,CHI,4,00:15,-3,TB 29,Tie or take lead,FAILURE,End game,L,17.792,VERY_DIFFICULT,no,1.2
2005_12_DEN_DAL,2005,12,REG,2005-11-24,Drew Bledsoe,DAL,DEN,4,00:44,0,DAL 30,Take lead,FAILURE,End half,L,35.857,AVERAGE,no,1.2
2005_12_DEN_DAL,2005,12,REG,2005-11-24,Jake Plummer,DEN,DAL,5,15:00,0,DEN 32,Take lead,CONVERSION,Offense reached required score state,W,56.657,FAVORABLE,no,1.2
2005_12_GB_PHI,2005,12,REG,2005-11-27,Brett Favre,GB,PHI,4,01:49,-5,GB 29,Tie or take lead,FAILURE,Interception,L,17.802,VERY_DIFFICULT,no,1.2
2005_12_JAX_ARI,2005,12,REG,2005-11-27,Kurt Warner,ARI,JAX,4,01:52,-7,ARI 20,Touchdown,FAILURE,Fumble lost,L,11.384,VERY_DIFFICULT,no,1.2
2005_12_NO_NYJ,2005,12,REG,2005-11-27,Brooks Bollinger,NYJ,NO,4,01:37,-2,NYJ 46,Tie or take lead,ND-K,Missed or blocked fg 46 to 55,L,,,no,1.2
2005_12_NYG_SEA,2005,12,REG,2005-11-27,Eli Manning,NYG,SEA,5,07:40,0,NYG 20,Take lead,CONVERSION,Missed or blocked fg 45 or shorter,L,56.657,FAVORABLE,no,1.2
2005_12_NYG_SEA,2005,12,REG,2005-11-27,Matt Hasselbeck,SEA,NYG,5,06:05,0,SEA 35,Take lead,CONVERSION,Offense reached required score state,W,56.657,FAVORABLE,no,1.2
2005_12_SD_WAS,2005,12,REG,2005-11-27,Drew Brees,LAC,WAS,5,15:00,0,LAC 35,Take lead,CONVERSION,Offense reached required score state,W,56.657,FAVORABLE,no,1.2
2005_12_SD_WAS,2005,12,REG,2005-11-27,Mark Brunell,WAS,LAC,4,01:04,0,LAC 31,Take lead,ND-K,Missed or blocked fg 46 to 55,L,,,no,1.2
2005_12_STL_HOU,2005,12,REG,2005-11-27,David Carr,HOU,LA,5,15:00,0,HOU 20,Take lead,FAILURE,Punt,L,56.657,FAVORABLE,no,1.2
2005_12_STL_HOU,2005,12,REG,2005-11-27,Ryan Fitzpatrick,LA,HOU,5,11:49,0,LA 10,Take lead,CONVERSION,Offense reached required score state,W,42.042,AVERAGE,no,1.2
2005_13_ARI_SF,2005,13,REG,2005-12-04,Alex Smith,SF,ARI,4,02:14,-7,SF 8,Touchdown,FAILURE,Interception,L,13.14,VERY_DIFFICULT,no,1.2
2005_13_BUF_MIA,2005,13,REG,2005-12-04,Sage Rosenfels,MIA,BUF,4,01:51,-6,MIA 27,Tie or take lead,CONVERSION,Offense reached required score state,W,17.802,VERY_DIFFICULT,no,1.2
2005_13_CIN_PIT,2005,13,REG,2005-12-04,Ben Roethlisberger,PIT,CIN,4,02:26,-7,PIT 24,Touchdown,FAILURE,Turnover on downs,L,21.422,DIFFICULT,no,1.2
2005_13_DAL_NYG,2005,13,REG,2005-12-04,Drew Bledsoe,DAL,NYG,4,01:22,-7,DAL 4,Touchdown,FAILURE,End game,L,6.655,VERY_DIFFICULT,no,1.2
2005_13_DEN_KC,2005,13,REG,2005-12-04,Jake Plummer,DEN,KC,4,03:42,-4,DEN 25,Tie or take lead,FAILURE,Turnover on downs,L,31.487,DIFFICULT,no,1.2
2005_13_HOU_BAL,2005,13,REG,2005-12-04,Kyle Boller,BAL,HOU,4,01:08,-2,BAL 13,Tie or take lead,CONVERSION,Offense reached required score state,W,24.759,DIFFICULT,no,1.2
2005_13_HOU_BAL,2005,13,REG,2005-12-04,David Carr,HOU,BAL,4,02:42,-1,BAL 29,Tie or take lead,CONVERSION,Offense reached required score state,L,84.217,VERY_FAVORABLE,no,1.2
2005_13_JAX_CLE,2005,13,REG,2005-12-04,Charlie Frye,CLE,JAX,4,05:28,-6,CLE 2,Tie or take lead,FAILURE,Punt,L,26.571,DIFFICULT,no,1.2
2005_13_MIN_DET,2005,13,REG,2005-12-04,Jeff Garcia,DET,MIN,4,02:46,-5,DET 7,Tie or take lead,FAILURE,Interception,L,20.321,DIFFICULT,no,1.2
2005_13_TB_NO,2005,13,REG,2005-12-04,Aaron Brooks,NO,TB,4,03:56,-7,NO 20,Touchdown,FAILURE,Interception,L,21.422,DIFFICULT,no,1.2
2005_14_CLE_CIN,2005,14,REG,2005-12-11,Carson Palmer,CIN,CLE,4,04:19,0,CIN 38,Take lead,CONVERSION,Offense reached required score state,W,76.472,VERY_FAVORABLE,no,1.2
2005_14_CLE_CIN,2005,14,REG,2005-12-11,Charlie Frye,CLE,CIN,4,09:46,-3,CLE 47,Tie or take lead,CONVERSION,Offense reached required score state,L,75.654,VERY_FAVORABLE,no,1.2
2005_14_DET_GB,2005,14,REG,2005-12-11,Jeff Garcia,DET,GB,4,01:02,0,DET 20,Take lead,FAILURE,Punt,L,60.501,FAVORABLE,no,1.2
2005_14_DET_GB,2005,14,REG,2005-12-11,Brett Favre,GB,DET,5,15:00,0,GB 35,Take lead,CONVERSION,Offense reached required score state,W,56.657,FAVORABLE,no,1.2
2005_14_HOU_TEN,2005,14,REG,2005-12-11,David Carr,HOU,TEN,4,00:10,-3,TEN 13,Tie or take lead,CONVERSION,Missed or blocked fg 45 or shorter,L,48.408,AVERAGE,no,1.2
2005_14_HOU_TEN,2005,14,REG,2005-12-11,Steve McNair,TEN,HOU,4,03:47,0,TEN 27,Take lead,CONVERSION,Offense reached required score state,W,76.472,VERY_FAVORABLE,no,1.2
2005_14_KC_DAL,2005,14,REG,2005-12-11,Drew Bledsoe,DAL,KC,4,03:55,-4,DAL 32,Tie or take lead,CONVERSION,Offense reached required score state,W,31.487,DIFFICULT,no,1.2
2005_14_KC_DAL,2005,14,REG,2005-12-11,Trent Green,KC,DAL,4,00:22,-3,KC 28,Tie or take lead,CONVERSION,Missed or blocked fg 45 or shorter,L,17.792,VERY_DIFFICULT,no,1.2
2005_14_NYG_PHI,2005,14,REG,2005-12-11,Eli Manning,NYG,PHI,5,05:38,0,PHI 27,Take lead,CONVERSION,Offense reached required score state,W,84.716,VERY_FAVORABLE,no,1.2
2005_14_NYG_PHI,2005,14,REG,2005-12-11,Mike McMahon,PHI,NYG,5,07:52,0,PHI 37,Take lead,FAILURE,Fumble lost,L,56.657,FAVORABLE,no,1.2
2005_14_WAS_ARI,2005,14,REG,2005-12-11,Kurt Warner,ARI,WAS,4,04:13,-4,ARI 41,Tie or take lead,FAILURE,Turnover on downs,L,44.44,AVERAGE,no,1.2
2005_15_CLE_OAK,2005,15,REG,2005-12-18,Charlie Frye,CLE,LV,4,03:15,-1,CLE 37,Tie or take lead,CONVERSION,Offense reached required score state,W,55.72,FAVORABLE,no,1.2
2005_15_NYJ_MIA,2005,15,REG,2005-12-18,Brooks Bollinger,NYJ,MIA,4,03:53,-4,NYJ 13,Tie or take lead,FAILURE,Turnover on downs,L,20.321,DIFFICULT,no,1.2
2005_15_PHI_STL,2005,15,REG,2005-12-18,Jamie Martin,LA,PHI,4,02:48,-1,LA 11,Tie or take lead,FAILURE,Turnover on downs,L,41.118,AVERAGE,no,1.2
2005_15_SEA_TEN,2005,15,REG,2005-12-18,Steve McNair,TEN,SEA,4,08:59,-4,TEN 35,Tie or take lead,FAILURE,Turnover on downs,L,39.47,AVERAGE,no,1.2
2005_15_SF_JAX,2005,15,REG,2005-12-18,Alex Smith,SF,JAX,4,01:06,-1,SF 20,Tie or take lead,FAILURE,Turnover on downs,L,37.225,AVERAGE,no,1.2
2005_16_ATL_TB,2005,16,REG,2005-12-24,Mike Vick,ATL,TB,5,01:52,0,ATL 16,Take lead,FAILURE,Punt,L,42.042,AVERAGE,no,1.2
2005_16_ATL_TB,2005,16,REG,2005-12-24,Chris Simms,TB,ATL,5,00:54,0,ATL 49,Take lead,CONVERSION,Offense reached required score state,W,69.466,FAVORABLE,no,1.2
2005_16_BUF_CIN,2005,16,REG,2005-12-24,Kelly Holcomb,BUF,CIN,4,07:27,0,BUF 30,Take lead,CONVERSION,Offense reached required score state,W,82.18,VERY_FAVORABLE,no,1.2
2005_16_CHI_GB,2005,16,REG,2005-12-25,Brett Favre,GB,CHI,4,01:26,-7,GB 9,Touchdown,FAILURE,Turnover,L,6.655,VERY_DIFFICULT,no,1.2
2005_16_DAL_CAR,2005,16,REG,2005-12-24,Jake Delhomme,CAR,DAL,4,00:24,-4,CAR 35,Tie or take lead,FAILURE,End game,L,7.325,VERY_DIFFICULT,no,1.2
2005_16_DAL_CAR,2005,16,REG,2005-12-24,Drew Bledsoe,DAL,CAR,4,02:32,-3,DAL 42,Tie or take lead,CONVERSION,Offense reached required score state,W,68.653,FAVORABLE,no,1.2
2005_16_DET_NO,2005,16,REG,2005-12-24,Joey Harrington,DET,NO,4,01:52,-2,DET 19,Tie or take lead,CONVERSION,Offense reached required score state,W,24.759,DIFFICULT,no,1.2
2005_16_DET_NO,2005,16,REG,2005-12-24,Todd Bouman,NO,DET,4,07:14,-1,NO 28,Tie or take lead,CONVERSION,Offense reached required score state,L,64.099,FAVORABLE,no,1.2
2005_16_SF_STL,2005,16,REG,2005-12-24,Jamie Martin,LA,SF,4,04:05,-4,LA 9,Tie or take lead,FAILURE,Interception,L,20.321,DIFFICULT,no,1.2
2005_16_SF_STL,2005,16,REG,2005-12-24,Alex Smith,SF,LA,4,09:11,-3,SF 23,Tie or take lead,CONVERSION,Offense reached required score state,W,64.099,FAVORABLE,no,1.2
2005_17_ARI_IND,2005,17,REG,2006-01-01,Josh McCown,ARI,IND,4,07:28,-4,ARI 11,Tie or take lead,FAILURE,Fumble lost,L,26.571,DIFFICULT,no,1.2
2005_17_BAL_CLE,2005,17,REG,2006-01-01,Kyle Boller,BAL,CLE,4,02:23,-4,BAL 28,Tie or take lead,FAILURE,Interception,L,31.487,DIFFICULT,no,1.2
2005_17_BUF_NYJ,2005,17,REG,2006-01-01,Kelly Holcomb,BUF,NYJ,4,00:54,-4,BUF 20,Tie or take lead,FAILURE,Interception,L,7.325,VERY_DIFFICULT,no,1.2
2005_17_HOU_SF,2005,17,REG,2006-01-01,Tony Banks,HOU,SF,5,06:52,0,HOU 4,Take lead,FAILURE,Interception,L,42.042,AVERAGE,no,1.2
2005_17_HOU_SF,2005,17,REG,2006-01-01,Alex Smith,SF,HOU,5,05:13,0,HOU 21,Take lead,CONVERSION,Offense reached required score state,W,84.716,VERY_FAVORABLE,no,1.2
2005_17_MIA_NE,2005,17,REG,2006-01-01,Matt Cassel,NE,MIA,4,01:55,-8,NE 38,TD + 2-point conversion,FAILURE,Two point conversion failed,L,3.949,VERY_DIFFICULT,no,1.2
2005_18_WAS_TB,2005,18,POST,2006-01-07,Chris Simms,TB,WAS,4,01:05,-7,TB 46,Touchdown,FAILURE,Interception,L,18.273,VERY_DIFFICULT,no,1.2
2005_19_CAR_CHI,2005,19,POST,2006-01-15,Rex Grossman,CHI,CAR,4,01:36,-8,CHI 20,TD + 2-point conversion,FAILURE,Turnover on downs,L,3.949,VERY_DIFFICULT,no,1.2
2005_19_PIT_IND,2005,19,POST,2006-01-15,Peyton Manning,IND,PIT,4,01:01,-3,IND 42,Tie or take lead,ND-K,Missed or blocked fg 46 to 55,L,,,no,1.2
2006_01_BUF_NE,2006,1,REG,2006-09-10,J.P. Losman,BUF,NE,4,08:14,-2,BUF 44,Tie or take lead,FAILURE,Punt,L,76.875,VERY_FAVORABLE,no,1.2
2006_01_DAL_JAX,2006,1,REG,2006-09-10,Drew Bledsoe,DAL,JAX,4,00:51,-7,DAL 20,Touchdown,FAILURE,Interception,L,4.794,VERY_DIFFICULT,no,1.2
2006_01_DEN_STL,2006,1,REG,2006-09-10,Jake Plummer,DEN,LA,4,06:24,-8,DEN 20,TD + 2-point conversion,FAILURE,Interception,L,12.718,VERY_DIFFICULT,no,1.2
2006_01_IND_NYG,2006,1,REG,2006-09-10,Eli Manning,NYG,IND,4,01:12,-5,NYG 23,Tie or take lead,FAILURE,End game,L,18.345,VERY_DIFFICULT,no,1.2
2006_01_MIN_WAS,2006,1,REG,2006-09-11,Brad Johnson,MIN,WAS,4,05:34,0,MIN 33,Take lead,CONVERSION,Offense reached required score state,W,82.783,VERY_FAVORABLE,no,1.2
2006_01_MIN_WAS,2006,1,REG,2006-09-11,Mark Brunell,WAS,MIN,4,01:00,-3,WAS 38,Tie or take lead,ND-K,Missed or blocked fg 46 to 55,L,,,no,1.2
2006_01_NO_CLE,2006,1,REG,2006-09-10,Charlie Frye,CLE,NO,4,01:57,-5,50,Tie or take lead,FAILURE,Interception,L,28.47,DIFFICULT,no,1.2
2006_01_NYJ_TEN,2006,1,REG,2006-09-10,Chad Pennington,NYJ,TEN,4,05:58,0,NYJ 43,Take lead,CONVERSION,Offense reached required score state,W,89.493,VERY_FAVORABLE,no,1.2
2006_01_NYJ_TEN,2006,1,REG,2006-09-10,Kerry Collins,TEN,NYJ,4,02:10,-7,TEN 26,Touchdown,FAILURE,Turnover on downs,L,22.509,DIFFICULT,no,1.2
2006_01_SEA_DET,2006,1,REG,2006-09-10,Jon Kitna,DET,SEA,4,04:52,0,SEA 43,Take lead,FAILURE,Punt,L,85.981,VERY_FAVORABLE,no,1.2
2006_01_SEA_DET,2006,1,REG,2006-09-10,Matt Hasselbeck,SEA,DET,4,03:13,0,SEA 20,Take lead,CONVERSION,Offense reached required score state,W,77.588,VERY_FAVORABLE,no,1.2
2006_01_SF_ARI,2006,1,REG,2006-09-10,Alex Smith,SF,ARI,4,00:32,-7,SF 39,Touchdown,FAILURE,End game,L,4.794,VERY_DIFFICULT,no,1.2
2006_02_CAR_MIN,2006,2,REG,2006-09-17,Jake Delhomme,CAR,MIN,5,15:00,0,CAR 18,Take lead,FAILURE,Punt,L,43.221,AVERAGE,no,1.2
2006_02_CAR_MIN,2006,2,REG,2006-09-17,Brad Johnson,MIN,CAR,5,13:05,0,MIN 21,Take lead,CONVERSION,Offense reached required score state,W,57.978,FAVORABLE,no,1.2
2006_02_KC_DEN,2006,2,REG,2006-09-17,Jake Plummer,DEN,KC,5,15:00,0,DEN 16,Take lead,CONVERSION,Offense reached required score state,W,43.221,AVERAGE,no,1.2
2006_02_KC_DEN,2006,2,REG,2006-09-17,Damon Huard,KC,DEN,4,03:07,0,KC 31,Take lead,FAILURE,Punt,L,77.588,VERY_FAVORABLE,no,1.2
2006_02_NE_NYJ,2006,2,REG,2006-09-17,Chad Pennington,NYJ,NE,4,01:05,-7,NYJ 9,Touchdown,FAILURE,Interception,L,7.069,VERY_DIFFICULT,no,1.2
2006_02_NO_GB,2006,2,REG,2006-09-17,Brett Favre,GB,NO,4,03:09,-7,GB 41,Touchdown,FAILURE,Turnover on downs,L,33.975,DIFFICULT,no,1.2
2006_02_NYG_PHI,2006,2,REG,2006-09-17,Eli Manning,NYG,PHI,5,09:55,0,NYG 15,Take lead,CONVERSION,Offense reached required score state,W,43.221,AVERAGE,no,1.2
2006_02_NYG_PHI,2006,2,REG,2006-09-17,Donovan McNabb,PHI,NYG,5,11:04,0,PHI 44,Take lead,FAILURE,Punt,L,70.966,VERY_FAVORABLE,no,1.2
2006_02_STL_SF,2006,2,REG,2006-09-17,Marc Bulger,LA,SF,4,05:20,-7,LA 39,Touchdown,FAILURE,Punt,L,28.746,DIFFICULT,no,1.2
2006_03_BAL_CLE,2006,3,REG,2006-09-24,Steve McNair,BAL,CLE,4,03:21,-2,BAL 20,Tie or take lead,CONVERSION,Offense reached required score state,W,57.468,FAVORABLE,no,1.2
2006_03_BAL_CLE,2006,3,REG,2006-09-24,Charlie Frye,CLE,BAL,4,00:20,-1,CLE 25,Tie or take lead,FAILURE,Fumble lost,L,18.977,VERY_DIFFICULT,no,1.2
2006_03_CAR_TB,2006,3,REG,2006-09-24,Jake Delhomme,CAR,TB,4,01:41,-1,CAR 23,Tie or take lead,CONVERSION,Offense reached required score state,W,39.073,AVERAGE,no,1.2
2006_03_CHI_MIN,2006,3,REG,2006-09-24,Rex Grossman,CHI,MIN,4,03:25,-4,MIN 37,Tie or take lead,CONVERSION,Offense reached required score state,W,66.171,FAVORABLE,no,1.2
2006_03_CHI_MIN,2006,3,REG,2006-09-24,Brad Johnson,MIN,CHI,4,01:53,-3,MIN 38,Tie or take lead,FAILURE,Turnover on downs,L,39.073,AVERAGE,no,1.2
2006_03_CIN_PIT,2006,3,REG,2006-09-24,Ben Roethlisberger,PIT,CIN,4,02:42,-8,PIT 11,TD + 2-point conversion,FAILURE,Interception,L,5.472,VERY_DIFFICULT,no,1.2
2006_03_GB_DET,2006,3,REG,2006-09-24,Jon Kitna,DET,GB,4,00:54,-7,DET 32,Touchdown,FAILURE,Turnover on downs,L,4.794,VERY_DIFFICULT,no,1.2
2006_03_JAX_IND,2006,3,REG,2006-09-24,Byron Leftwich,JAX,IND,4,01:00,-7,JAX 42,Touchdown,FAILURE,Interception,L,8.189,VERY_DIFFICULT,no,1.2
2006_03_NYJ_BUF,2006,3,REG,2006-09-24,J.P. Losman,BUF,NYJ,4,01:15,-8,BUF 38,TD + 2-point conversion,FAILURE,Turnover on downs,L,4.744,VERY_DIFFICULT,no,1.2
2006_03_STL_ARI,2006,3,REG,2006-09-24,Kurt Warner,ARI,LA,4,01:58,-2,LA 30,Tie or take lead,FAILURE,Fumble lost,L,72.604,VERY_FAVORABLE,no,1.2
2006_03_TEN_MIA,2006,3,REG,2006-09-24,Kerry Collins,TEN,MIA,4,03:39,-3,TEN 20,Tie or take lead,FAILURE,Interception,L,57.468,FAVORABLE,no,1.2
2006_04_CLE_OAK,2006,4,REG,2006-10-01,Andrew Walter,LV,CLE,4,03:58,-3,LV 20,Tie or take lead,FAILURE,Punt,L,57.468,FAVORABLE,no,1.2
2006_04_DET_STL,2006,4,REG,2006-10-01,Jon Kitna,DET,LA,4,00:47,-7,DET 37,Touchdown,FAILURE,Turnover on downs,L,4.794,VERY_DIFFICULT,no,1.2
2006_04_IND_NYJ,2006,4,REG,2006-10-01,Peyton Manning,IND,NYJ,4,02:20,-4,IND 39,Tie or take lead,CONVERSION,Offense reached required score state,W,32.127,DIFFICULT,no,1.2
2006_04_IND_NYJ,2006,4,REG,2006-10-01,Chad Pennington,NYJ,IND,4,00:50,-3,NYJ 2,Tie or take lead,FAILURE,Fumble lost,L,11.444,VERY_DIFFICULT,no,1.2
2006_04_JAX_WAS,2006,4,REG,2006-10-01,Byron Leftwich,JAX,WAS,4,01:55,-3,JAX 33,Tie or take lead,CONVERSION,Offense reached required score state,L,39.073,AVERAGE,no,1.2
2006_04_JAX_WAS,2006,4,REG,2006-10-01,Mark Brunell,WAS,JAX,5,15:00,0,WAS 20,Take lead,CONVERSION,Offense reached required score state,W,57.978,FAVORABLE,no,1.2
2006_04_MIA_HOU,2006,4,REG,2006-10-01,Daunte Culpepper,MIA,HOU,4,03:40,-8,MIA 20,TD + 2-point conversion,FAILURE,Two point conversion failed,L,9.496,VERY_DIFFICULT,no,1.2
2006_04_MIN_BUF,2006,4,REG,2006-10-01,Brad Johnson,MIN,BUF,4,01:39,-5,MIN 17,Tie or take lead,FAILURE,End game,L,11.029,VERY_DIFFICULT,no,1.2
2006_04_SD_BAL,2006,4,REG,2006-10-01,Steve McNair,BAL,LAC,4,03:12,-4,BAL 40,Tie or take lead,CONVERSION,Offense reached required score state,W,45.609,AVERAGE,no,1.2
2006_04_SD_BAL,2006,4,REG,2006-10-01,Philip Rivers,LAC,BAL,4,00:34,-3,LAC 24,Tie or take lead,FAILURE,End game,L,18.977,VERY_DIFFICULT,no,1.2
2006_05_DET_MIN,2006,5,REG,2006-10-08,Brad Johnson,MIN,DET,4,08:07,-1,MIN 37,Tie or take lead,CONVERSION,Offense reached required score state,W,65.236,FAVORABLE,no,1.2
2006_05_KC_ARI,2006,5,REG,2006-10-08,Matt Leinart,ARI,KC,4,01:36,-3,ARI 9,Tie or take lead,ND-K,Missed or blocked fg 46 to 55,L,,,no,1.2
2006_05_KC_ARI,2006,5,REG,2006-10-08,Damon Huard,KC,ARI,4,02:31,0,KC 13,Take lead,CONVERSION,Offense reached required score state,W,65.636,FAVORABLE,no,1.2
2006_05_STL_GB,2006,5,REG,2006-10-08,Brett Favre,GB,LA,4,02:46,-3,GB 21,Tie or take lead,FAILURE,Fumble lost,L,57.468,FAVORABLE,no,1.2
2006_05_TB_NO,2006,5,REG,2006-10-08,Bruce Gradkowski,TB,NO,4,04:17,-3,TB 20,Tie or take lead,FAILURE,Turnover on downs,L,57.468,FAVORABLE,no,1.2
2006_05_TEN_IND,2006,5,REG,2006-10-08,Vince Young,TEN,IND,4,00:17,-1,TEN 31,Tie or take lead,FAILURE,End game,L,18.977,VERY_DIFFICULT,no,1.2
2006_06_BUF_DET,2006,6,REG,2006-10-15,J.P. Losman,BUF,DET,4,07:20,-3,BUF 3,Tie or take lead,FAILURE,Punt,L,50.868,AVERAGE,no,1.2
2006_06_CHI_ARI,2006,6,REG,2006-10-16,Matt Leinart,ARI,CHI,4,02:58,-1,ARI 38,Tie or take lead,CONVERSION,Missed or blocked fg 45 or shorter,L,57.468,FAVORABLE,no,1.2
2006_06_CIN_TB,2006,6,REG,2006-10-15,Carson Palmer,CIN,TB,4,00:35,-1,CIN 28,Tie or take lead,MANUAL_REVIEW,Missed or blocked fg 56 plus,L,,,no,1.2
2006_06_CIN_TB,2006,6,REG,2006-10-15,Bruce Gradkowski,TB,CIN,4,04:21,-6,TB 46,Tie or take lead,CONVERSION,Offense reached required score state,W,45.609,AVERAGE,no,1.2
2006_06_MIA_NYJ,2006,6,REG,2006-10-15,Joey Harrington,MIA,NYJ,4,02:18,-3,MIA 11,Tie or take lead,ND-K,Missed or blocked fg 46 to 55,L,,,no,1.2
2006_06_PHI_NO,2006,6,REG,2006-10-15,Drew Brees,NO,PHI,4,08:26,0,NO 15,Take lead,CONVERSION,Offense reached required score state,W,72.624,VERY_FAVORABLE,no,1.2
2006_06_PHI_NO,2006,6,REG,2006-10-15,Donovan McNabb,PHI,NO,4,12:52,0,PHI 26,Take lead,FAILURE,Punt,L,84.804,VERY_FAVORABLE,no,1.2
2006_06_SEA_STL,2006,6,REG,2006-10-15,Marc Bulger,LA,SEA,4,02:48,-6,LA 7,Tie or take lead,CONVERSION,Offense reached required score state,L,20.708,DIFFICULT,no,1.2
2006_06_SEA_STL,2006,6,REG,2006-10-15,Matt Hasselbeck,SEA,LA,4,01:44,-1,SEA 17,Tie or take lead,CONVERSION,Offense reached required score state,W,26.135,DIFFICULT,no,1.2
2006_06_TEN_WAS,2006,6,REG,2006-10-15,Mark Brunell,WAS,TEN,4,01:06,-3,WAS 16,Tie or take lead,FAILURE,Interception,L,26.135,DIFFICULT,no,1.2
2006_07_CAR_CIN,2006,7,REG,2006-10-22,Jake Delhomme,CAR,CIN,4,05:04,-3,CAR 19,Tie or take lead,FAILURE,Interception,L,50.868,AVERAGE,no,1.2
2006_07_PHI_TB,2006,7,REG,2006-10-22,Donovan McNabb,PHI,TB,4,02:49,-6,PHI 20,Tie or take lead,CONVERSION,Offense reached required score state,L,32.127,DIFFICULT,no,1.2
2006_07_PHI_TB,2006,7,REG,2006-10-22,Bruce Gradkowski,TB,PHI,4,00:33,-1,TB 36,Tie or take lead,CONVERSION,Offense reached required score state,W,18.977,VERY_DIFFICULT,no,1.2
2006_07_PIT_ATL,2006,7,REG,2006-10-22,Mike Vick,ATL,PIT,5,15:00,0,ATL 21,Take lead,CONVERSION,Offense reached required score state,W,57.978,FAVORABLE,no,1.2
2006_07_PIT_ATL,2006,7,REG,2006-10-22,Charlie Batch,PIT,ATL,4,00:25,0,PIT 42,Take lead,FAILURE,End half,L,51.53,AVERAGE,no,1.2
2006_07_SD_KC,2006,7,REG,2006-10-22,Damon Huard,KC,LAC,4,00:33,0,KC 18,Take lead,CONVERSION,Offense reached required score state,W,24.874,DIFFICULT,no,1.2
2006_07_SD_KC,2006,7,REG,2006-10-22,Philip Rivers,LAC,KC,4,01:48,0,LAC 21,Take lead,FAILURE,Punt,L,62.167,FAVORABLE,no,1.2
2006_08_ATL_CIN,2006,8,REG,2006-10-29,Carson Palmer,CIN,ATL,4,00:19,-2,CIN 17,Tie or take lead,FAILURE,Fumble lost,L,11.444,VERY_DIFFICULT,no,1.2
2006_08_IND_DEN,2006,8,REG,2006-10-29,Jake Plummer,DEN,IND,4,03:35,-3,DEN 20,Tie or take lead,CONVERSION,Offense reached required score state,L,57.468,FAVORABLE,no,1.2
2006_08_IND_DEN,2006,8,REG,2006-10-29,Peyton Manning,IND,DEN,4,01:49,0,IND 20,Take lead,CONVERSION,Offense reached required score state,W,62.167,FAVORABLE,no,1.2
2006_08_NYJ_CLE,2006,8,REG,2006-10-29,Chad Pennington,NYJ,CLE,4,01:56,-7,CLE 47,Touchdown,FAILURE,Turnover on downs,L,19.63,VERY_DIFFICULT,no,1.2
2006_08_PIT_OAK,2006,8,REG,2006-10-29,Ben Roethlisberger,PIT,LV,4,00:36,-7,PIT 39,Touchdown,FAILURE,End game,L,4.794,VERY_DIFFICULT,no,1.2
2006_08_SEA_KC,2006,8,REG,2006-10-29,Damon Huard,KC,SEA,4,06:30,-1,KC 20,Tie or take lead,CONVERSION,Offense reached required score state,W,65.236,FAVORABLE,no,1.2
2006_08_SEA_KC,2006,8,REG,2006-10-29,Seneca Wallace,SEA,KC,4,01:58,-7,SEA 24,Touchdown,FAILURE,Turnover on downs,L,12.116,VERY_DIFFICULT,no,1.2
2006_09_CIN_BAL,2006,9,REG,2006-11-05,Carson Palmer,CIN,BAL,4,00:18,-6,CIN 28,Tie or take lead,FAILURE,Interception,L,7.583,VERY_DIFFICULT,no,1.2
2006_09_DAL_WAS,2006,9,REG,2006-11-05,Tony Romo,DAL,WAS,4,00:31,0,DAL 39,Take lead,CONVERSION,Missed or blocked fg 45 or shorter,L,37.504,AVERAGE,no,1.2
2006_09_DAL_WAS,2006,9,REG,2006-11-05,Mark Brunell,WAS,DAL,4,00:00,0,DAL 29,Take lead,CONVERSION,Offense reached required score state,W,71.263,VERY_FAVORABLE,no,1.2
2006_09_HOU_NYG,2006,9,REG,2006-11-05,David Carr,HOU,NYG,4,07:49,-4,HOU 30,Tie or take lead,FAILURE,Fumble lost,L,39.665,AVERAGE,no,1.2
2006_09_IND_NE,2006,9,REG,2006-11-05,Tom Brady,NE,IND,4,01:55,-7,NE 36,Touchdown,FAILURE,Interception,L,12.116,VERY_DIFFICULT,no,1.2
2006_09_MIN_SF,2006,9,REG,2006-11-05,Brad Johnson,MIN,SF,4,04:09,-6,MIN 39,Tie or take lead,FAILURE,Turnover on downs,L,32.127,DIFFICULT,no,1.2
2006_10_BAL_TEN,2006,10,REG,2006-11-12,Vince Young,TEN,BAL,4,01:50,-1,TEN 34,Tie or take lead,CONVERSION,Missed or blocked fg 45 or shorter,L,39.073,AVERAGE,no,1.2
2006_10_BUF_IND,2006,10,REG,2006-11-12,J.P. Losman,BUF,IND,4,08:49,-1,IND 41,Tie or take lead,CONVERSION,Missed or blocked fg 45 or shorter,L,76.875,VERY_FAVORABLE,no,1.2
2006_10_CLE_ATL,2006,10,REG,2006-11-12,Mike Vick,ATL,CLE,4,00:17,-4,ATL 40,Tie or take lead,FAILURE,End game,L,12.691,VERY_DIFFICULT,no,1.2
2006_10_DEN_OAK,2006,10,REG,2006-11-12,Andrew Walter,LV,DEN,4,01:56,-4,LV 32,Tie or take lead,FAILURE,Fumble lost,L,18.345,VERY_DIFFICULT,no,1.2
2006_10_HOU_JAX,2006,10,REG,2006-11-12,David Garrard,JAX,HOU,4,02:34,-3,JAX 36,Tie or take lead,FAILURE,Punt,L,57.468,FAVORABLE,no,1.2
2006_10_KC_MIA,2006,10,REG,2006-11-12,Damon Huard,KC,MIA,4,03:10,-3,KC 14,Tie or take lead,FAILURE,Turnover on downs,L,42.709,AVERAGE,no,1.2
2006_10_NO_PIT,2006,10,REG,2006-11-12,Drew Brees,NO,PIT,4,04:31,-7,NO 19,Touchdown,FAILURE,Fumble lost,L,13.812,VERY_DIFFICULT,no,1.2
2006_10_NYJ_NE,2006,10,REG,2006-11-12,Tom Brady,NE,NYJ,4,01:08,-3,NE 11,Tie or take lead,FAILURE,End game,L,26.135,DIFFICULT,no,1.2
2006_10_SD_CIN,2006,10,REG,2006-11-12,Carson Palmer,CIN,LAC,4,02:29,-8,CIN 40,TD + 2-point conversion,FAILURE,Turnover on downs,L,15.674,VERY_DIFFICULT,no,1.2
2006_10_SF_DET,2006,10,REG,2006-11-12,Jon Kitna,DET,SF,4,04:22,-6,DET 30,Tie or take lead,FAILURE,Interception,L,32.127,DIFFICULT,no,1.2
2006_10_STL_SEA,2006,10,REG,2006-11-12,Marc Bulger,LA,SEA,4,08:19,-5,LA 31,Tie or take lead,CONVERSION,Offense reached required score state,L,39.665,AVERAGE,no,1.2
2006_10_STL_SEA,2006,10,REG,2006-11-12,Seneca Wallace,SEA,LA,4,02:30,-1,LA 49,Tie or take lead,CONVERSION,Offense reached required score state,W,70.533,VERY_FAVORABLE,no,1.2
2006_11_BUF_HOU,2006,11,REG,2006-11-19,J.P. Losman,BUF,HOU,4,01:44,-4,BUF 45,Tie or take lead,CONVERSION,Offense reached required score state,W,28.47,DIFFICULT,no,1.2
2006_11_IND_DAL,2006,11,REG,2006-11-19,Peyton Manning,IND,DAL,4,06:00,-7,IND 31,Touchdown,FAILURE,Turnover on downs,L,28.746,DIFFICULT,no,1.2
2006_11_OAK_KC,2006,11,REG,2006-11-19,Trent Green,KC,LV,4,04:53,-3,KC 20,Tie or take lead,CONVERSION,Offense reached required score state,W,57.468,FAVORABLE,no,1.2
2006_11_OAK_KC,2006,11,REG,2006-11-19,Unresolved,LV,KC,4,01:32,-4,LV 26,Tie or take lead,MANUAL_REVIEW,Multi qb material participation,L,,,no,1.2
2006_11_PIT_CLE,2006,11,REG,2006-11-19,Charlie Frye,CLE,PIT,4,00:32,-4,CLE 43,Tie or take lead,FAILURE,End game,L,12.691,VERY_DIFFICULT,no,1.2
2006_11_PIT_CLE,2006,11,REG,2006-11-19,Ben Roethlisberger,PIT,CLE,4,03:06,-3,PIT 23,Tie or take lead,CONVERSION,Offense reached required score state,W,57.468,FAVORABLE,no,1.2
2006_11_SD_DEN,2006,11,REG,2006-11-19,Jake Plummer,DEN,LAC,4,01:14,-8,DEN 2,TD + 2-point conversion,FAILURE,End game,L,2.674,VERY_DIFFICULT,no,1.2
2006_11_SEA_SF,2006,11,REG,2006-11-19,Seneca Wallace,SEA,SF,4,00:34,-6,SEA 20,Tie or take lead,FAILURE,Fumble lost,L,7.583,VERY_DIFFICULT,no,1.2
2006_12_ARI_MIN,2006,12,REG,2006-11-26,Matt Leinart,ARI,MIN,4,00:39,-5,ARI 44,Tie or take lead,FAILURE,Interception,L,12.691,VERY_DIFFICULT,no,1.2
2006_12_CAR_WAS,2006,12,REG,2006-11-26,Jake Delhomme,CAR,WAS,4,01:40,-4,CAR 29,Tie or take lead,FAILURE,Interception,L,18.345,VERY_DIFFICULT,no,1.2
2006_12_CHI_NE,2006,12,REG,2006-11-26,Rex Grossman,CHI,NE,4,01:52,-4,CHI 22,Tie or take lead,FAILURE,Interception,L,18.345,VERY_DIFFICULT,no,1.2
2006_12_JAX_BUF,2006,12,REG,2006-11-26,J.P. Losman,BUF,JAX,4,00:28,0,BUF 40,Take lead,CONVERSION,Offense reached required score state,W,51.53,AVERAGE,no,1.2
2006_12_JAX_BUF,2006,12,REG,2006-11-26,David Garrard,JAX,BUF,4,02:58,-7,JAX 38,Touchdown,CONVERSION,Touchdown down 7 kicker neutral,L,22.509,DIFFICULT,no,1.2
2006_12_NYG_TEN,2006,12,REG,2006-11-26,Eli Manning,NYG,TEN,4,00:44,0,NYG 19,Take lead,FAILURE,Interception,L,24.874,DIFFICULT,no,1.2
2006_12_NYG_TEN,2006,12,REG,2006-11-26,Vince Young,TEN,NYG,4,00:23,0,NYG 49,Take lead,CONVERSION,Offense reached required score state,W,51.53,AVERAGE,no,1.2
2006_12_OAK_SD,2006,12,REG,2006-11-26,Aaron Brooks,LV,LAC,4,03:39,-7,LV 43,Touchdown,FAILURE,Interception,L,33.975,DIFFICULT,no,1.2
2006_12_SF_STL,2006,12,REG,2006-11-26,Marc Bulger,LA,SF,4,03:54,-4,LA 20,Tie or take lead,CONVERSION,Offense reached required score state,W,32.127,DIFFICULT,no,1.2
2006_12_SF_STL,2006,12,REG,2006-11-26,Alex Smith,SF,LA,4,00:27,-3,SF 24,Tie or take lead,FAILURE,Interception,L,18.977,VERY_DIFFICULT,no,1.2
2006_13_CAR_PHI,2006,13,REG,2006-12-04,Jake Delhomme,CAR,PHI,4,03:13,-3,CAR 24,Tie or take lead,FAILURE,Interception,L,57.468,FAVORABLE,no,1.2
2006_13_CAR_PHI,2006,13,REG,2006-12-04,Jeff Garcia,PHI,CAR,4,07:15,0,CAR 37,Take lead,CONVERSION,Offense reached required score state,W,95.208,VERY_FAVORABLE,no,1.2
2006_13_DAL_NYG,2006,13,REG,2006-12-03,Tony Romo,DAL,NYG,4,01:06,0,DAL 32,Take lead,CONVERSION,Offense reached required score state,W,62.167,FAVORABLE,no,1.2
2006_13_DAL_NYG,2006,13,REG,2006-12-03,Eli Manning,NYG,DAL,4,03:33,-7,NYG 37,Touchdown,CONVERSION,Touchdown down 7 kicker neutral,L,22.509,DIFFICULT,no,1.2
2006_13_DET_NE,2006,13,REG,2006-12-03,Jon Kitna,DET,NE,4,02:33,-7,DET 25,Touchdown,FAILURE,Interception,L,22.509,DIFFICULT,no,1.2
2006_13_DET_NE,2006,13,REG,2006-12-03,Tom Brady,NE,DET,4,05:57,0,DET 32,Take lead,CONVERSION,Offense reached required score state,W,95.208,VERY_FAVORABLE,no,1.2
2006_13_IND_TEN,2006,13,REG,2006-12-03,Peyton Manning,IND,TEN,4,07:19,-3,IND 15,Tie or take lead,CONVERSION,Offense reached required score state,L,50.868,AVERAGE,no,1.2
2006_13_IND_TEN,2006,13,REG,2006-12-03,Vince Young,TEN,IND,4,02:38,0,TEN 25,Take lead,CONVERSION,Offense reached required score state,W,77.588,VERY_FAVORABLE,no,1.2
2006_13_KC_CLE,2006,13,REG,2006-12-03,Derek Anderson,CLE,KC,5,13:03,0,CLE 22,Take lead,CONVERSION,Offense reached required score state,W,57.978,FAVORABLE,no,1.2
2006_13_KC_CLE,2006,13,REG,2006-12-03,Trent Green,KC,CLE,5,15:00,0,KC 20,Take lead,FAILURE,Punt,L,57.978,FAVORABLE,no,1.2
2006_13_SEA_DEN,2006,13,REG,2006-12-03,Jay Cutler,DEN,SEA,4,02:58,-7,DEN 29,Touchdown,CONVERSION,Touchdown down 7 kicker neutral,L,22.509,DIFFICULT,no,1.2
2006_13_SEA_DEN,2006,13,REG,2006-12-03,Matt Hasselbeck,SEA,DEN,4,02:37,0,SEA 14,Take lead,CONVERSION,Offense reached required score state,W,65.636,FAVORABLE,no,1.2
2006_14_PHI_WAS,2006,14,REG,2006-12-10,Jason Campbell,WAS,PHI,4,11:21,-5,WAS 15,Tie or take lead,FAILURE,Field goal no conversion,L,29.627,DIFFICULT,no,1.2
2006_14_SEA_ARI,2006,14,REG,2006-12-10,Matt Hasselbeck,SEA,ARI,4,03:30,-6,SEA 17,Tie or take lead,FAILURE,Turnover on downs,L,20.708,DIFFICULT,no,1.2
2006_14_TEN_HOU,2006,14,REG,2006-12-10,David Carr,HOU,TEN,4,03:53,-3,HOU 39,Tie or take lead,CONVERSION,Offense reached required score state,L,57.468,FAVORABLE,no,1.2
2006_14_TEN_HOU,2006,14,REG,2006-12-10,Vince Young,TEN,HOU,5,15:00,0,TEN 43,Take lead,CONVERSION,Offense reached required score state,W,70.966,VERY_FAVORABLE,no,1.2
2006_15_DET_GB,2006,15,REG,2006-12-17,Jon Kitna,DET,GB,4,02:48,-8,DET 15,TD + 2-point conversion,FAILURE,Turnover on downs,L,5.472,VERY_DIFFICULT,no,1.2
2006_15_JAX_TEN,2006,15,REG,2006-12-17,David Garrard,JAX,TEN,4,01:01,-7,JAX 11,Touchdown,FAILURE,Interception,L,7.069,VERY_DIFFICULT,no,1.2
2006_15_PHI_NYG,2006,15,REG,2006-12-17,Jeff Garcia,PHI,NYG,4,06:59,-1,PHI 20,Tie or take lead,CONVERSION,Offense reached required score state,W,65.236,FAVORABLE,no,1.2
2006_15_TB_CHI,2006,15,REG,2006-12-17,Rex Grossman,CHI,TB,5,06:23,0,50,Take lead,CONVERSION,Offense reached required score state,W,70.966,VERY_FAVORABLE,no,1.2
2006_15_TB_CHI,2006,15,REG,2006-12-17,Tim Rattay,TB,CHI,5,08:50,0,TB 2,Take lead,FAILURE,Punt,L,43.221,AVERAGE,no,1.2
2006_15_WAS_NO,2006,15,REG,2006-12-17,Drew Brees,NO,WAS,4,04:15,-6,NO 38,Tie or take lead,FAILURE,Turnover on downs,L,32.127,DIFFICULT,no,1.2
2006_16_CAR_ATL,2006,16,REG,2006-12-24,Mike Vick,ATL,CAR,4,03:40,-7,ATL 38,Touchdown,FAILURE,Turnover on downs,L,22.509,DIFFICULT,no,1.2
2006_16_CHI_DET,2006,16,REG,2006-12-24,Jon Kitna,DET,CHI,4,02:50,-5,DET 20,Tie or take lead,FAILURE,End game,L,32.127,DIFFICULT,no,1.2
2006_16_CIN_DEN,2006,16,REG,2006-12-24,Carson Palmer,CIN,DEN,4,03:52,-7,CIN 10,Touchdown,CONVERSION,Touchdown down 7 kicker neutral,L,13.812,VERY_DIFFICULT,no,1.2
2006_16_IND_HOU,2006,16,REG,2006-12-24,David Carr,HOU,IND,4,02:41,0,HOU 39,Take lead,CONVERSION,Offense reached required score state,W,77.588,VERY_FAVORABLE,no,1.2
2006_16_IND_HOU,2006,16,REG,2006-12-24,Peyton Manning,IND,HOU,4,06:54,-7,IND 29,Touchdown,CONVERSION,Touchdown down 7 kicker neutral,L,28.746,DIFFICULT,no,1.2
2006_16_MIN_GB,2006,16,REG,2006-12-21,Brett Favre,GB,MIN,4,04:47,-1,GB 33,Tie or take lead,CONVERSION,Offense reached required score state,W,57.468,FAVORABLE,no,1.2
2006_16_MIN_GB,2006,16,REG,2006-12-21,Tarvaris Jackson,MIN,GB,4,01:34,-2,MIN 31,Tie or take lead,FAILURE,Turnover on downs,L,39.073,AVERAGE,no,1.2
2006_16_NE_JAX,2006,16,REG,2006-12-24,David Garrard,JAX,NE,4,01:55,-3,JAX 45,Tie or take lead,FAILURE,Fumble lost,L,53.186,AVERAGE,no,1.2
2006_16_NYJ_MIA,2006,16,REG,2006-12-25,Cleo Lemon,MIA,NYJ,4,06:54,-3,NYJ 42,Tie or take lead,CONVERSION,Offense reached required score state,L,76.875,VERY_FAVORABLE,no,1.2
2006_16_NYJ_MIA,2006,16,REG,2006-12-25,Chad Pennington,NYJ,MIA,4,02:09,0,NYJ 20,Take lead,CONVERSION,Offense reached required score state,W,77.588,VERY_FAVORABLE,no,1.2
2006_16_SD_SEA,2006,16,REG,2006-12-24,Philip Rivers,LAC,SEA,4,02:00,-4,LAC 41,Tie or take lead,CONVERSION,Offense reached required score state,W,28.47,DIFFICULT,no,1.2
2006_16_SD_SEA,2006,16,REG,2006-12-24,Matt Hasselbeck,SEA,LAC,4,00:29,-3,SEA 28,Tie or take lead,FAILURE,End game,L,18.977,VERY_DIFFICULT,no,1.2
2006_16_TEN_BUF,2006,16,REG,2006-12-24,J.P. Losman,BUF,TEN,4,02:10,-1,BUF 40,Tie or take lead,FAILURE,Interception,L,70.533,VERY_FAVORABLE,no,1.2
2006_16_TEN_BUF,2006,16,REG,2006-12-24,Vince Young,TEN,BUF,4,09:25,-2,TEN 12,Tie or take lead,CONVERSION,Offense reached required score state,W,50.868,AVERAGE,no,1.2
2006_16_WAS_STL,2006,16,REG,2006-12-24,Marc Bulger,LA,WAS,5,10:32,0,WAS 39,Take lead,CONVERSION,Offense reached required score state,W,85.078,VERY_FAVORABLE,no,1.2
2006_16_WAS_STL,2006,16,REG,2006-12-24,Jason Campbell,WAS,LA,5,12:40,0,WAS 6,Take lead,FAILURE,Punt,L,43.221,AVERAGE,no,1.2
2006_17_ATL_PHI,2006,17,REG,2006-12-31,Matt Schaub,ATL,PHI,4,00:31,-7,ATL 41,Touchdown,FAILURE,End game,L,8.189,VERY_DIFFICULT,no,1.2
2006_17_CLE_HOU,2006,17,REG,2006-12-31,Charlie Frye,CLE,HOU,4,01:50,-8,CLE 6,TD + 2-point conversion,FAILURE,Turnover on downs,L,2.674,VERY_DIFFICULT,no,1.2
2006_17_DET_DAL,2006,17,REG,2006-12-31,Tony Romo,DAL,DET,4,02:58,-8,DAL 35,TD + 2-point conversion,FAILURE,Turnover on downs,L,9.496,VERY_DIFFICULT,no,1.2
2006_17_MIA_IND,2006,17,REG,2006-12-31,Cleo Lemon,MIA,IND,4,01:03,-5,MIA 20,Tie or take lead,FAILURE,End game,L,18.345,VERY_DIFFICULT,no,1.2
2006_17_NYG_WAS,2006,17,REG,2006-12-30,Jason Campbell,WAS,NYG,4,02:18,-6,WAS 22,Tie or take lead,FAILURE,Turnover on downs,L,32.127,DIFFICULT,no,1.2
2006_17_PIT_CIN,2006,17,REG,2006-12-31,Carson Palmer,CIN,PIT,4,01:03,0,CIN 33,Take lead,CONVERSION,Missed or blocked fg 45 or shorter,L,62.167,FAVORABLE,no,1.2
2006_17_PIT_CIN,2006,17,REG,2006-12-31,Ben Roethlisberger,PIT,CIN,5,15:00,0,PIT 22,Take lead,CONVERSION,Offense reached required score state,W,57.978,FAVORABLE,no,1.2
2006_17_SF_DEN,2006,17,REG,2006-12-31,Jay Cutler,DEN,SF,5,07:01,0,DEN 11,Take lead,FAILURE,Punt,L,43.221,AVERAGE,no,1.2
2006_17_SF_DEN,2006,17,REG,2006-12-31,Alex Smith,SF,DEN,5,04:28,0,SF 39,Take lead,CONVERSION,Offense reached required score state,W,57.978,FAVORABLE,no,1.2
2006_18_DAL_SEA,2006,18,POST,2007-01-06,Tony Romo,DAL,SEA,4,04:24,-1,DAL 28,Tie or take lead,FAILURE,Turnover on downs,L,57.468,FAVORABLE,no,1.2
2006_18_NYG_PHI,2006,18,POST,2007-01-07,Eli Manning,NYG,PHI,4,12:13,-7,NYG 20,Touchdown,CONVERSION,Touchdown down 7 kicker neutral,L,31.892,DIFFICULT,no,1.2
2006_18_NYG_PHI,2006,18,POST,2007-01-07,Jeff Garcia,PHI,NYG,4,05:04,0,PHI 34,Take lead,CONVERSION,Offense reached required score state,W,82.783,VERY_FAVORABLE,no,1.2
2006_19_NE_SD,2006,19,POST,2007-01-14,Philip Rivers,LAC,NE,4,01:10,-3,LAC 25,Tie or take lead,ND-K,Missed or blocked fg 46 to 55,L,,,no,1.2
2006_19_PHI_NO,2006,19,POST,2007-01-13,Jeff Garcia,PHI,NO,4,03:18,-3,PHI 44,Tie or take lead,FAILURE,Punt,L,70.533,VERY_FAVORABLE,no,1.2
2006_19_SEA_CHI,2006,19,POST,2007-01-14,Rex Grossman,CHI,SEA,5,12:51,0,CHI 34,Take lead,CONVERSION,Offense reached required score state,W,57.978,FAVORABLE,no,1.2
2006_19_SEA_CHI,2006,19,POST,2007-01-14,Matt Hasselbeck,SEA,CHI,5,15:00,0,SEA 30,Take lead,FAILURE,Punt,L,57.978,FAVORABLE,no,1.2
2006_20_NE_IND,2006,20,POST,2007-01-21,Peyton Manning,IND,NE,4,02:17,-3,IND 20,Tie or take lead,CONVERSION,Offense reached required score state,W,57.468,FAVORABLE,no,1.2
2006_20_NE_IND,2006,20,POST,2007-01-21,Tom Brady,NE,IND,4,01:00,-4,NE 21,Tie or take lead,FAILURE,Interception,L,7.583,VERY_DIFFICULT,no,1.2
2007_01_ARI_SF,2007,1,REG,2007-09-10,Matt Leinart,ARI,SF,4,00:22,-3,ARI 30,Tie or take lead,FAILURE,Interception,L,19.528,VERY_DIFFICULT,no,1.2
2007_01_ARI_SF,2007,1,REG,2007-09-10,Alex Smith,SF,ARI,4,02:58,-4,SF 14,Tie or take lead,CONVERSION,Offense reached required score state,W,21.114,DIFFICULT,no,1.2
2007_01_BAL_CIN,2007,1,REG,2007-09-10,Kyle Boller,BAL,CIN,4,04:42,-7,CIN 24,Touchdown,FAILURE,Interception,L,57.905,FAVORABLE,no,1.2
2007_01_DEN_BUF,2007,1,REG,2007-09-09,Jay Cutler,DEN,BUF,4,02:13,-2,DEN 34,Tie or take lead,CONVERSION,Offense reached required score state,W,58.553,FAVORABLE,no,1.2
2007_01_MIA_WAS,2007,1,REG,2007-09-09,Trent Green,MIA,WAS,4,01:00,0,MIA 22,Take lead,FAILURE,Punt,L,39.06,AVERAGE,no,1.2
2007_01_MIA_WAS,2007,1,REG,2007-09-09,Jason Campbell,WAS,MIA,5,15:00,0,WAS 20,Take lead,CONVERSION,Offense reached required score state,W,59.112,FAVORABLE,no,1.2
2007_01_PHI_GB,2007,1,REG,2007-09-09,Brett Favre,GB,PHI,4,00:59,0,PHI 31,Take lead,CONVERSION,Offense reached required score state,W,73.262,VERY_FAVORABLE,no,1.2
2007_01_PHI_GB,2007,1,REG,2007-09-09,Donovan McNabb,PHI,GB,4,04:18,0,GB 38,Take lead,FAILURE,Punt,L,94.101,VERY_FAVORABLE,no,1.2
2007_01_TEN_JAX,2007,1,REG,2007-09-09,David Garrard,JAX,TEN,4,04:18,-3,JAX 26,Tie or take lead,FAILURE,Punt,L,58.553,FAVORABLE,no,1.2
2007_02_ATL_JAX,2007,2,REG,2007-09-16,Joey Harrington,ATL,JAX,4,03:39,-6,ATL 28,Tie or take lead,FAILURE,Punt,L,33.55,DIFFICULT,no,1.2
2007_02_CIN_CLE,2007,2,REG,2007-09-16,Carson Palmer,CIN,CLE,4,01:03,-6,CIN 9,Tie or take lead,FAILURE,Interception,L,11.115,VERY_DIFFICULT,no,1.2
2007_02_IND_TEN,2007,2,REG,2007-09-16,Vince Young,TEN,IND,4,01:37,-2,TEN 20,Tie or take lead,FAILURE,Fumble lost,L,39.76,AVERAGE,no,1.2
2007_02_MIN_DET,2007,2,REG,2007-09-16,Jon Kitna,DET,MIN,5,11:35,0,50,Take lead,CONVERSION,Offense reached required score state,W,71.097,VERY_FAVORABLE,no,1.2
2007_02_MIN_DET,2007,2,REG,2007-09-16,Unresolved,MIN,DET,5,15:00,0,MIN 20,Take lead,MANUAL_REVIEW,Multi qb material participation,L,,,no,1.2
2007_02_NYJ_BAL,2007,2,REG,2007-09-16,Kellen Clemens,NYJ,BAL,4,02:38,-7,NYJ 20,Touchdown,FAILURE,Interception,L,24.345,DIFFICULT,no,1.2
2007_02_OAK_DEN,2007,2,REG,2007-09-16,Jay Cutler,DEN,LV,5,11:09,0,DEN 42,Take lead,CONVERSION,Offense reached required score state,W,71.097,VERY_FAVORABLE,no,1.2
2007_02_OAK_DEN,2007,2,REG,2007-09-16,Josh McCown,LV,DEN,5,13:24,0,LV 27,Take lead,ND-K,Missed or blocked fg 46 to 55,L,,,no,1.2
2007_02_SEA_ARI,2007,2,REG,2007-09-16,Matt Leinart,ARI,SEA,4,01:48,0,SEA 46,Take lead,CONVERSION,Offense reached required score state,W,74.788,VERY_FAVORABLE,no,1.2
2007_02_SEA_ARI,2007,2,REG,2007-09-16,Matt Hasselbeck,SEA,ARI,4,04:44,0,SEA 20,Take lead,FAILURE,Fumble lost,L,78.865,VERY_FAVORABLE,no,1.2
2007_02_SF_STL,2007,2,REG,2007-09-16,Marc Bulger,LA,SF,4,01:53,-1,LA 20,Tie or take lead,MANUAL_REVIEW,Missed or blocked fg 56 plus,L,,,no,1.2
2007_02_WAS_PHI,2007,2,REG,2007-09-17,Donovan McNabb,PHI,WAS,4,04:52,-8,PHI 20,TD + 2-point conversion,FAILURE,Turnover on downs,L,9.997,VERY_DIFFICULT,no,1.2
2007_03_ARI_BAL,2007,3,REG,2007-09-23,Kurt Warner,ARI,BAL,4,05:33,-3,ARI 13,Tie or take lead,CONVERSION,Offense reached required score state,L,51.439,AVERAGE,no,1.2
2007_03_ARI_BAL,2007,3,REG,2007-09-23,Kyle Boller,BAL,ARI,4,01:50,0,BAL 20,Take lead,CONVERSION,Offense reached required score state,W,63.549,FAVORABLE,no,1.2
2007_03_CIN_SEA,2007,3,REG,2007-09-23,Carson Palmer,CIN,SEA,4,06:00,-2,CIN 32,Tie or take lead,CONVERSION,Offense reached required score state,L,66.647,FAVORABLE,no,1.2
2007_03_CLE_OAK,2007,3,REG,2007-09-23,Derek Anderson,CLE,LV,4,01:04,-2,CLE 9,Tie or take lead,CONVERSION,Missed or blocked fg 45 or shorter,L,25.92,DIFFICULT,no,1.2
2007_03_IND_HOU,2007,3,REG,2007-09-23,Matt Schaub,HOU,IND,4,00:19,-6,HOU 20,Tie or take lead,FAILURE,End game,L,7.98,VERY_DIFFICULT,no,1.2
2007_03_MIN_KC,2007,3,REG,2007-09-23,Kelly Holcomb,MIN,KC,4,01:39,-3,MIN 20,Tie or take lead,FAILURE,Turnover on downs,L,39.76,AVERAGE,no,1.2
2007_03_NYG_WAS,2007,3,REG,2007-09-23,Jason Campbell,WAS,NYG,4,02:19,-7,NYG 35,Touchdown,FAILURE,Turnover on downs,L,57.905,FAVORABLE,no,1.2
2007_04_GB_MIN,2007,4,REG,2007-09-30,Kelly Holcomb,MIN,GB,4,01:40,-7,MIN 46,Touchdown,FAILURE,Interception,L,20.37,DIFFICULT,no,1.2
2007_04_NYJ_BUF,2007,4,REG,2007-09-30,Chad Pennington,NYJ,BUF,4,01:43,-3,NYJ 26,Tie or take lead,FAILURE,Interception,L,39.76,AVERAGE,no,1.2
2007_04_PIT_ARI,2007,4,REG,2007-09-30,Ben Roethlisberger,PIT,ARI,4,00:46,-7,PIT 9,Touchdown,FAILURE,Interception,L,2.847,VERY_DIFFICULT,no,1.2
2007_05_ATL_TEN,2007,5,REG,2007-10-07,Byron Leftwich,ATL,TEN,4,02:24,-7,TEN 19,Touchdown,FAILURE,Turnover on downs,L,63.188,FAVORABLE,no,1.2
2007_05_BAL_SF,2007,5,REG,2007-10-07,Trent Dilfer,SF,BAL,4,06:22,-2,SF 20,Tie or take lead,ND-K,Missed or blocked fg 46 to 55,L,,,no,1.2
2007_05_CAR_NO,2007,5,REG,2007-10-07,David Carr,CAR,NO,4,02:14,0,CAR 44,Take lead,CONVERSION,Offense reached required score state,W,86.393,VERY_FAVORABLE,no,1.2
2007_05_CAR_NO,2007,5,REG,2007-10-07,Drew Brees,NO,CAR,4,02:46,0,CAR 37,Take lead,ND-K,Missed or blocked fg 46 to 55,L,,,no,1.2
2007_05_CHI_GB,2007,5,REG,2007-10-07,Brian Griese,CHI,GB,4,05:27,0,CHI 21,Take lead,CONVERSION,Offense reached required score state,W,84.071,VERY_FAVORABLE,no,1.2
2007_05_CHI_GB,2007,5,REG,2007-10-07,Brett Favre,GB,CHI,4,02:05,-7,GB 27,Touchdown,FAILURE,Interception,L,24.345,DIFFICULT,no,1.2
2007_05_DAL_BUF,2007,5,REG,2007-10-08,Tony Romo,DAL,BUF,4,00:20,-2,BUF 47,Tie or take lead,CONVERSION,Offense reached required score state,W,29.223,DIFFICULT,no,1.2
2007_05_MIA_HOU,2007,5,REG,2007-10-07,Matt Schaub,HOU,MIA,4,01:33,0,HOU 3,Take lead,CONVERSION,Offense reached required score state,W,48.03,AVERAGE,no,1.2
2007_05_MIA_HOU,2007,5,REG,2007-10-07,Cleo Lemon,MIA,HOU,4,05:25,0,MIA 32,Take lead,FAILURE,Punt,L,84.071,VERY_FAVORABLE,no,1.2
2007_06_MIN_CHI,2007,6,REG,2007-10-14,Brian Griese,CHI,MIN,4,01:53,-7,CHI 19,Touchdown,CONVERSION,Touchdown down 7 kicker neutral,L,7.382,VERY_DIFFICULT,no,1.2
2007_06_MIN_CHI,2007,6,REG,2007-10-14,Tarvaris Jackson,MIN,CHI,4,01:38,0,CHI 38,Take lead,CONVERSION,Offense reached required score state,W,88.169,VERY_FAVORABLE,no,1.2
2007_06_PHI_NYJ,2007,6,REG,2007-10-14,Chad Pennington,NYJ,PHI,4,08:05,-7,NYJ 46,Touchdown,FAILURE,Turnover on downs,L,43.644,AVERAGE,no,1.2
2007_06_TEN_TB,2007,6,REG,2007-10-14,Jeff Garcia,TB,TEN,4,01:17,0,TB 20,Take lead,CONVERSION,Offense reached required score state,W,63.549,FAVORABLE,no,1.2
2007_06_TEN_TB,2007,6,REG,2007-10-14,Kerry Collins,TEN,TB,4,00:11,-3,TEN 28,Tie or take lead,FAILURE,End game,L,19.528,VERY_DIFFICULT,no,1.2
2007_06_WAS_GB,2007,6,REG,2007-10-14,Jason Campbell,WAS,GB,4,01:13,-3,WAS 20,Tie or take lead,FAILURE,Turnover on downs,L,39.76,AVERAGE,no,1.2
2007_07_ARI_WAS,2007,7,REG,2007-10-21,Kurt Warner,ARI,WAS,4,00:21,-2,ARI 41,Tie or take lead,ND-K,Missed or blocked fg 46 to 55,L,,,no,1.2
2007_07_ATL_NO,2007,7,REG,2007-10-21,Joey Harrington,ATL,NO,4,05:04,-6,ATL 20,Tie or take lead,FAILURE,Punt,L,41.662,AVERAGE,no,1.2
2007_07_BAL_BUF,2007,7,REG,2007-10-21,Kyle Boller,BAL,BUF,4,02:04,-5,BAL 42,Tie or take lead,FAILURE,Turnover on downs,L,46.209,AVERAGE,no,1.2
2007_07_CHI_PHI,2007,7,REG,2007-10-21,Brian Griese,CHI,PHI,4,01:52,-4,CHI 3,Tie or take lead,CONVERSION,Offense reached required score state,W,11.115,VERY_DIFFICULT,no,1.2
2007_07_CHI_PHI,2007,7,REG,2007-10-21,Donovan McNabb,PHI,CHI,4,00:09,-3,PHI 35,Tie or take lead,FAILURE,End game,L,19.528,VERY_DIFFICULT,no,1.2
2007_07_KC_OAK,2007,7,REG,2007-10-21,Daunte Culpepper,LV,KC,4,01:46,-2,LV 26,Tie or take lead,FAILURE,Interception,L,39.76,AVERAGE,no,1.2
2007_07_PIT_DEN,2007,7,REG,2007-10-21,Jay Cutler,DEN,PIT,4,01:10,0,DEN 20,Take lead,CONVERSION,Offense reached required score state,W,63.549,FAVORABLE,no,1.2
2007_07_PIT_DEN,2007,7,REG,2007-10-21,Ben Roethlisberger,PIT,DEN,4,07:47,-7,PIT 22,Touchdown,CONVERSION,Touchdown down 7 kicker neutral,L,31.279,DIFFICULT,no,1.2
2007_07_TEN_HOU,2007,7,REG,2007-10-21,Sage Rosenfels,HOU,TEN,4,01:37,-6,HOU 34,Tie or take lead,CONVERSION,Offense reached required score state,L,19.087,VERY_DIFFICULT,no,1.2
2007_07_TEN_HOU,2007,7,REG,2007-10-21,Kerry Collins,TEN,HOU,4,00:57,-1,TEN 20,Tie or take lead,CONVERSION,Offense reached required score state,W,19.528,VERY_DIFFICULT,no,1.2
2007_08_CLE_STL,2007,8,REG,2007-10-28,Marc Bulger,LA,CLE,4,01:28,-7,LA 24,Touchdown,FAILURE,Interception,L,13.07,VERY_DIFFICULT,no,1.2
2007_08_GB_DEN,2007,8,REG,2007-10-29,Jay Cutler,DEN,GB,4,02:27,-3,DEN 7,Tie or take lead,CONVERSION,Offense reached required score state,L,42.821,AVERAGE,no,1.2
2007_08_GB_DEN,2007,8,REG,2007-10-29,Brett Favre,GB,DEN,5,15:00,0,GB 18,Take lead,CONVERSION,Offense reached required score state,W,43.387,AVERAGE,no,1.2
2007_08_JAX_TB,2007,8,REG,2007-10-28,Jeff Garcia,TB,JAX,4,01:43,-1,TB 34,Tie or take lead,FAILURE,Interception,L,39.76,AVERAGE,no,1.2
2007_08_OAK_TEN,2007,8,REG,2007-10-28,Daunte Culpepper,LV,TEN,4,02:12,-4,LV 47,Tie or take lead,FAILURE,Turnover on downs,L,46.209,AVERAGE,no,1.2
2007_08_PHI_MIN,2007,8,REG,2007-10-28,Brooks Bollinger,MIN,PHI,4,05:09,-7,MIN 29,Touchdown,FAILURE,Punt,L,31.279,DIFFICULT,no,1.2
2007_09_ARI_TB,2007,9,REG,2007-11-04,Kurt Warner,ARI,TB,4,02:39,-7,ARI 16,Touchdown,FAILURE,Interception,L,14.573,VERY_DIFFICULT,no,1.2
2007_09_NE_IND,2007,9,REG,2007-11-04,Peyton Manning,IND,NE,4,03:15,-4,IND 24,Tie or take lead,FAILURE,Fumble lost,L,33.55,DIFFICULT,no,1.2
2007_09_SEA_CLE,2007,9,REG,2007-11-04,Derek Anderson,CLE,SEA,5,12:45,0,CLE 44,Take lead,CONVERSION,Offense reached required score state,W,71.097,VERY_FAVORABLE,no,1.2
2007_09_SEA_CLE,2007,9,REG,2007-11-04,Matt Hasselbeck,SEA,CLE,5,15:00,0,SEA 30,Take lead,FAILURE,Turnover on downs,L,59.112,FAVORABLE,no,1.2
2007_09_SF_ATL,2007,9,REG,2007-11-04,Alex Smith,SF,ATL,4,01:10,-4,SF 20,Tie or take lead,FAILURE,Interception,L,19.087,VERY_DIFFICULT,no,1.2
2007_09_WAS_NYJ,2007,9,REG,2007-11-04,Kellen Clemens,NYJ,WAS,5,15:00,0,NYJ 19,Take lead,FAILURE,Punt,L,43.387,AVERAGE,no,1.2
2007_09_WAS_NYJ,2007,9,REG,2007-11-04,Jason Campbell,WAS,NYJ,5,13:11,0,WAS 10,Take lead,CONVERSION,Offense reached required score state,W,43.387,AVERAGE,no,1.2
2007_10_ATL_CAR,2007,10,REG,2007-11-11,Joey Harrington,ATL,CAR,4,00:53,0,CAR 45,Take lead,CONVERSION,Offense reached required score state,W,52.167,AVERAGE,no,1.2
2007_10_ATL_CAR,2007,10,REG,2007-11-11,Unresolved,CAR,ATL,4,00:20,-7,CAR 41,Touchdown,MANUAL_REVIEW,Multi qb material participation,L,,,no,1.2
2007_10_BUF_MIA,2007,10,REG,2007-11-11,J.P. Losman,BUF,MIA,4,04:37,0,50,Take lead,CONVERSION,Offense reached required score state,W,86.393,VERY_FAVORABLE,no,1.2
2007_10_BUF_MIA,2007,10,REG,2007-11-11,Cleo Lemon,MIA,BUF,4,00:46,-3,MIA 45,Tie or take lead,FAILURE,Turnover on downs,L,29.223,DIFFICULT,no,1.2
2007_10_CLE_PIT,2007,10,REG,2007-11-11,Derek Anderson,CLE,PIT,4,01:04,-3,CLE 33,Tie or take lead,ND-K,Missed or blocked fg 46 to 55,L,,,no,1.2
2007_10_IND_SD,2007,10,REG,2007-11-11,Peyton Manning,IND,LAC,4,00:22,-2,IND 33,Tie or take lead,FAILURE,Interception,L,19.528,VERY_DIFFICULT,no,1.2
2007_10_PHI_WAS,2007,10,REG,2007-11-11,Jason Campbell,WAS,PHI,4,02:18,-8,WAS 30,TD + 2-point conversion,FAILURE,Turnover on downs,L,9.997,VERY_DIFFICULT,no,1.2
2007_11_ARI_CIN,2007,11,REG,2007-11-18,Carson Palmer,CIN,ARI,4,01:56,-8,CIN 32,TD + 2-point conversion,FAILURE,Interception,L,4.934,VERY_DIFFICULT,no,1.2
2007_11_CLE_BAL,2007,11,REG,2007-11-18,Kyle Boller,BAL,CLE,4,01:49,0,BAL 22,Take lead,CONVERSION,Offense reached required score state,L,63.549,FAVORABLE,no,1.2
2007_11_CLE_BAL,2007,11,REG,2007-11-18,Derek Anderson,CLE,BAL,5,15:00,0,CLE 41,Take lead,CONVERSION,Offense reached required score state,W,71.097,VERY_FAVORABLE,no,1.2
2007_11_KC_IND,2007,11,REG,2007-11-18,Peyton Manning,IND,KC,4,06:59,0,IND 33,Take lead,CONVERSION,Offense reached required score state,W,84.071,VERY_FAVORABLE,no,1.2
2007_11_KC_IND,2007,11,REG,2007-11-18,Brodie Croyle,KC,IND,4,10:59,0,KC 24,Take lead,FAILURE,Punt,L,85.993,VERY_FAVORABLE,no,1.2
2007_11_NYG_DET,2007,11,REG,2007-11-18,Jon Kitna,DET,NYG,4,01:25,-6,DET 32,Tie or take lead,FAILURE,Interception,L,19.087,VERY_DIFFICULT,no,1.2
2007_11_OAK_MIN,2007,11,REG,2007-11-18,Daunte Culpepper,LV,MIN,4,01:46,-7,LV 18,Touchdown,FAILURE,End game,L,7.382,VERY_DIFFICULT,no,1.2
2007_11_PIT_NYJ,2007,11,REG,2007-11-18,Kellen Clemens,NYJ,PIT,5,12:00,0,PIT 26,Take lead,CONVERSION,Offense reached required score state,W,86.073,VERY_FAVORABLE,no,1.2
2007_11_PIT_NYJ,2007,11,REG,2007-11-18,Ben Roethlisberger,PIT,NYJ,5,13:56,0,PIT 18,Take lead,FAILURE,Punt,L,43.387,AVERAGE,no,1.2
2007_11_SD_JAX,2007,11,REG,2007-11-18,Philip Rivers,LAC,JAX,4,02:13,-7,LAC 25,Touchdown,FAILURE,Interception,L,24.345,DIFFICULT,no,1.2
2007_11_STL_SF,2007,11,REG,2007-11-18,Trent Dilfer,SF,LA,4,01:28,-4,SF 11,Tie or take lead,FAILURE,Interception,L,11.115,VERY_DIFFICULT,no,1.2
2007_11_WAS_DAL,2007,11,REG,2007-11-18,Jason Campbell,WAS,DAL,4,00:34,-5,WAS 30,Tie or take lead,FAILURE,End game,L,7.98,VERY_DIFFICULT,no,1.2
2007_12_DEN_CHI,2007,12,REG,2007-11-25,Rex Grossman,CHI,DEN,5,15:00,0,CHI 24,Take lead,CONVERSION,Offense reached required score state,W,59.112,FAVORABLE,no,1.2
2007_12_DEN_CHI,2007,12,REG,2007-11-25,Jay Cutler,DEN,CHI,4,00:28,0,DEN 33,Take lead,FAILURE,End half,L,39.06,AVERAGE,no,1.2
2007_12_MIA_PIT,2007,12,REG,2007-11-26,John Beck,MIA,PIT,4,00:17,-3,MIA 31,Tie or take lead,FAILURE,End game,L,19.528,VERY_DIFFICULT,no,1.2
2007_12_MIA_PIT,2007,12,REG,2007-11-26,Ben Roethlisberger,PIT,MIA,4,04:13,0,MIA 42,Take lead,CONVERSION,Offense reached required score state,W,86.393,VERY_FAVORABLE,no,1.2
2007_12_OAK_KC,2007,12,REG,2007-11-25,Brodie Croyle,KC,LV,4,09:34,-3,KC 25,Tie or take lead,FAILURE,Turnover on downs,L,66.647,FAVORABLE,no,1.2
2007_12_PHI_NE,2007,12,REG,2007-11-25,A.J. Feeley,PHI,NE,4,00:18,-3,PHI 22,Tie or take lead,FAILURE,Interception,L,19.528,VERY_DIFFICULT,no,1.2
2007_12_SEA_STL,2007,12,REG,2007-11-25,Gus Frerotte,LA,SEA,4,02:44,-5,LA 42,Tie or take lead,FAILURE,Turnover on downs,L,46.209,AVERAGE,no,1.2
2007_12_SF_ARI,2007,12,REG,2007-11-25,Kurt Warner,ARI,SF,5,05:02,0,ARI 3,Take lead,FAILURE,Opp touchdown,L,43.387,AVERAGE,no,1.2
2007_12_SF_ARI,2007,12,REG,2007-11-25,Trent Dilfer,SF,ARI,5,06:43,0,SF 24,Take lead,FAILURE,Punt,W,59.112,FAVORABLE,no,1.2
2007_12_WAS_TB,2007,12,REG,2007-11-25,Jason Campbell,WAS,TB,4,03:05,-6,WAS 7,Tie or take lead,FAILURE,Interception,L,21.114,DIFFICULT,no,1.2
2007_13_BUF_WAS,2007,13,REG,2007-12-02,Trent Edwards,BUF,WAS,4,00:56,-2,BUF 22,Tie or take lead,CONVERSION,Offense reached required score state,W,19.528,VERY_DIFFICULT,no,1.2
2007_13_CLE_ARI,2007,13,REG,2007-12-02,Derek Anderson,CLE,ARI,4,01:48,-6,CLE 18,Tie or take lead,FAILURE,Turnover on downs,L,11.115,VERY_DIFFICULT,no,1.2
2007_13_HOU_TEN,2007,13,REG,2007-12-02,Sage Rosenfels,HOU,TEN,4,02:50,-8,HOU 14,TD + 2-point conversion,FAILURE,Interception,L,5.561,VERY_DIFFICULT,no,1.2
2007_13_NE_BAL,2007,13,REG,2007-12-03,Kyle Boller,BAL,NE,4,00:44,-3,BAL 20,Tie or take lead,FAILURE,End game,L,19.528,VERY_DIFFICULT,no,1.2
2007_13_NE_BAL,2007,13,REG,2007-12-03,Tom Brady,NE,BAL,4,03:30,-4,NE 27,Tie or take lead,CONVERSION,Offense reached required score state,W,33.55,DIFFICULT,no,1.2
2007_13_NYG_CHI,2007,13,REG,2007-12-02,Rex Grossman,CHI,NYG,4,01:33,-5,CHI 41,Tie or take lead,FAILURE,End game,L,28.641,DIFFICULT,no,1.2
2007_13_NYG_CHI,2007,13,REG,2007-12-02,Eli Manning,NYG,CHI,4,04:55,-2,NYG 23,Tie or take lead,CONVERSION,Offense reached required score state,W,58.553,FAVORABLE,no,1.2
2007_13_SEA_PHI,2007,13,REG,2007-12-02,A.J. Feeley,PHI,SEA,4,01:16,-4,SEA 14,Tie or take lead,FAILURE,Interception,L,55.718,FAVORABLE,no,1.2
2007_13_TB_NO,2007,13,REG,2007-12-02,Luke McCown,TB,NO,4,03:30,-3,NO 37,Tie or take lead,CONVERSION,Offense reached required score state,W,85.794,VERY_FAVORABLE,no,1.2
2007_14_DAL_DET,2007,14,REG,2007-12-09,Tony Romo,DAL,DET,4,02:15,-6,DAL 17,Tie or take lead,CONVERSION,Offense reached required score state,W,21.114,DIFFICULT,no,1.2
2007_14_DAL_DET,2007,14,REG,2007-12-09,Jon Kitna,DET,DAL,4,00:18,-1,DET 16,Tie or take lead,FAILURE,End game,L,11.398,VERY_DIFFICULT,no,1.2
2007_14_NYG_PHI,2007,14,REG,2007-12-09,Donovan McNabb,PHI,NYG,4,00:53,-3,PHI 11,Tie or take lead,MANUAL_REVIEW,Missed or blocked fg 56 plus,L,,,no,1.2
2007_14_SD_TEN,2007,14,REG,2007-12-09,Philip Rivers,LAC,TEN,5,10:44,0,TEN 48,Take lead,CONVERSION,Offense reached required score state,W,71.097,VERY_FAVORABLE,no,1.2
2007_14_SD_TEN,2007,14,REG,2007-12-09,Vince Young,TEN,LAC,5,12:17,0,TEN 2,Take lead,FAILURE,Punt,L,43.387,AVERAGE,no,1.2
2007_15_ARI_NO,2007,15,REG,2007-12-16,Kurt Warner,ARI,NO,4,07:06,-7,ARI 43,Touchdown,FAILURE,Punt,L,43.644,AVERAGE,no,1.2
2007_15_BAL_MIA,2007,15,REG,2007-12-16,Troy Smith,BAL,MIA,5,15:00,0,BAL 20,Take lead,CONVERSION,Missed or blocked fg 45 or shorter,L,59.112,FAVORABLE,no,1.2
2007_15_BAL_MIA,2007,15,REG,2007-12-16,Cleo Lemon,MIA,BAL,5,09:55,0,MIA 34,Take lead,CONVERSION,Offense reached required score state,W,59.112,FAVORABLE,no,1.2
2007_15_BUF_CLE,2007,15,REG,2007-12-16,Trent Edwards,BUF,CLE,4,01:51,-8,BUF 30,TD + 2-point conversion,FAILURE,Turnover on downs,L,4.934,VERY_DIFFICULT,no,1.2
2007_15_CHI_MIN,2007,15,REG,2007-12-17,Kyle Orton,CHI,MIN,4,02:45,-7,CHI 10,Touchdown,FAILURE,Interception,L,14.573,VERY_DIFFICULT,no,1.2
2007_15_CIN_SF,2007,15,REG,2007-12-15,Carson Palmer,CIN,SF,4,06:15,-7,CIN 24,Touchdown,FAILURE,Turnover on downs,L,31.279,DIFFICULT,no,1.2
2007_15_IND_OAK,2007,15,REG,2007-12-16,Josh McCown,LV,IND,4,04:49,-7,LV 45,Touchdown,FAILURE,Turnover on downs,L,35.381,AVERAGE,no,1.2
2007_15_JAX_PIT,2007,15,REG,2007-12-16,David Garrard,JAX,PIT,4,05:46,0,JAX 27,Take lead,CONVERSION,Offense reached required score state,W,84.071,VERY_FAVORABLE,no,1.2
2007_15_JAX_PIT,2007,15,REG,2007-12-16,Ben Roethlisberger,PIT,JAX,4,01:57,-7,PIT 41,Touchdown,FAILURE,Turnover on downs,L,20.37,DIFFICULT,no,1.2
2007_15_PHI_DAL,2007,15,REG,2007-12-16,Tony Romo,DAL,PHI,4,07:43,-4,DAL 12,Tie or take lead,FAILURE,Interception,L,27.461,DIFFICULT,no,1.2
2007_16_ATL_ARI,2007,16,REG,2007-12-23,Kurt Warner,ARI,ATL,5,15:00,0,ARI 29,Take lead,CONVERSION,Offense reached required score state,W,59.112,FAVORABLE,no,1.2
2007_16_ATL_ARI,2007,16,REG,2007-12-23,Chris Redman,ATL,ARI,4,03:00,0,ATL 41,Take lead,CONVERSION,Offense reached required score state,L,86.393,VERY_FAVORABLE,no,1.2
2007_16_CLE_CIN,2007,16,REG,2007-12-23,Derek Anderson,CLE,CIN,4,01:48,-5,CLE 17,Tie or take lead,FAILURE,End game,L,11.115,VERY_DIFFICULT,no,1.2
2007_16_KC_DET,2007,16,REG,2007-12-23,Damon Huard,KC,DET,4,00:43,-5,KC 17,Tie or take lead,FAILURE,End game,L,4.395,VERY_DIFFICULT,no,1.2
2007_16_NYJ_TEN,2007,16,REG,2007-12-23,Chad Pennington,NYJ,TEN,4,04:37,-4,NYJ 16,Tie or take lead,FAILURE,Turnover on downs,L,21.114,DIFFICULT,no,1.2
2007_16_TB_SF,2007,16,REG,2007-12-23,Luke McCown,TB,SF,4,02:45,-8,TB 39,TD + 2-point conversion,FAILURE,Two point conversion failed,L,9.997,VERY_DIFFICULT,no,1.2
2007_17_BUF_PHI,2007,17,REG,2007-12-30,Trent Edwards,BUF,PHI,4,05:53,-8,BUF 33,TD + 2-point conversion,FAILURE,Punt,L,13.578,VERY_DIFFICULT,no,1.2
2007_17_CAR_TB,2007,17,REG,2007-12-30,Luke McCown,TB,CAR,4,01:52,-8,TB 43,TD + 2-point conversion,FAILURE,Turnover on downs,L,8.114,VERY_DIFFICULT,no,1.2
2007_17_KC_NYJ,2007,17,REG,2007-12-30,Brodie Croyle,KC,NYJ,4,01:15,0,KC 15,Take lead,FAILURE,Punt,L,48.03,AVERAGE,no,1.2
2007_17_KC_NYJ,2007,17,REG,2007-12-30,Kellen Clemens,NYJ,KC,5,15:00,0,NYJ 30,Take lead,CONVERSION,Offense reached required score state,W,59.112,FAVORABLE,no,1.2
2007_17_MIN_DEN,2007,17,REG,2007-12-30,Jay Cutler,DEN,MIN,5,14:12,0,MIN 12,Take lead,CONVERSION,Offense reached required score state,W,88.521,VERY_FAVORABLE,no,1.2
2007_17_MIN_DEN,2007,17,REG,2007-12-30,Tarvaris Jackson,MIN,DEN,5,15:00,0,MIN 20,Take lead,FAILURE,Fumble lost,L,59.112,FAVORABLE,no,1.2
2007_17_PIT_BAL,2007,17,REG,2007-12-30,Charlie Batch,PIT,BAL,4,01:36,-6,PIT 11,Tie or take lead,FAILURE,Interception,L,11.115,VERY_DIFFICULT,no,1.2
2007_17_TEN_IND,2007,17,REG,2007-12-30,Jim Sorgi,IND,TEN,4,02:56,-6,IND 25,Tie or take lead,FAILURE,Turnover on downs,L,33.55,DIFFICULT,no,1.2
2007_18_JAX_PIT,2007,18,POST,2008-01-05,David Garrard,JAX,PIT,4,02:38,-1,JAX 49,Tie or take lead,CONVERSION,Offense reached required score state,W,70.62,VERY_FAVORABLE,no,1.2
2007_18_JAX_PIT,2007,18,POST,2008-01-05,Ben Roethlisberger,PIT,JAX,4,00:37,-2,PIT 28,Tie or take lead,FAILURE,Fumble lost,L,19.528,VERY_DIFFICULT,no,1.2
2007_19_NYG_DAL,2007,19,POST,2008-01-13,Tony Romo,DAL,NYG,4,01:50,-4,NYG 48,Tie or take lead,FAILURE,Interception,L,28.641,DIFFICULT,no,1.2
2007_19_SD_IND,2007,19,POST,2008-01-13,Peyton Manning,IND,LAC,4,01:30,-4,IND 32,Tie or take lead,FAILURE,Turnover on downs,L,19.087,VERY_DIFFICULT,no,1.2
2007_20_NYG_GB,2007,20,POST,2008-01-20,Brett Favre,GB,NYG,5,15:00,0,GB 26,Take lead,FAILURE,Interception,L,59.112,FAVORABLE,no,1.2
2007_20_NYG_GB,2007,20,POST,2008-01-20,Eli Manning,NYG,GB,5,14:04,0,GB 34,Take lead,CONVERSION,Offense reached required score state,W,86.073,VERY_FAVORABLE,no,1.2
2007_21_NYG_NE,2007,21,POST,2008-02-03,Tom Brady,NE,NYG,4,00:35,-3,NE 26,Tie or take lead,FAILURE,Turnover on downs,L,19.528,VERY_DIFFICULT,no,1.2
2007_21_NYG_NE,2007,21,POST,2008-02-03,Eli Manning,NYG,NE,4,02:42,-4,NYG 17,Tie or take lead,CONVERSION,Offense reached required score state,W,21.114,DIFFICULT,no,1.2
2008_01_CAR_SD,2008,1,REG,2008-09-07,Jake Delhomme,CAR,LAC,4,02:27,-5,CAR 32,Tie or take lead,CONVERSION,Offense reached required score state,W,32.364,DIFFICULT,no,1.2
2008_01_CAR_SD,2008,1,REG,2008-09-07,Philip Rivers,LAC,CAR,4,04:56,-2,CAR 28,Tie or take lead,CONVERSION,Offense reached required score state,L,83.878,VERY_FAVORABLE,no,1.2
2008_01_CIN_BAL,2008,1,REG,2008-09-07,Carson Palmer,CIN,BAL,4,08:50,-7,CIN 42,Touchdown,FAILURE,Turnover on downs,L,41.875,AVERAGE,no,1.2
2008_01_KC_NE,2008,1,REG,2008-09-07,Damon Huard,KC,NE,4,02:26,-7,KC 22,Touchdown,FAILURE,Turnover on downs,L,23.126,DIFFICULT,no,1.2
2008_01_MIN_GB,2008,1,REG,2008-09-08,Tarvaris Jackson,MIN,GB,4,01:51,-5,MIN 31,Tie or take lead,FAILURE,Interception,L,18.533,VERY_DIFFICULT,no,1.2
2008_01_NYJ_MIA,2008,1,REG,2008-09-07,Chad Pennington,MIA,NYJ,4,01:43,-6,MIA 39,Tie or take lead,FAILURE,Interception,L,18.533,VERY_DIFFICULT,no,1.2
2008_01_TB_NO,2008,1,REG,2008-09-07,Jeff Garcia,TB,NO,4,02:24,-4,TB 49,Tie or take lead,FAILURE,Interception,L,45.232,AVERAGE,no,1.2
2008_02_BUF_JAX,2008,2,REG,2008-09-14,David Garrard,JAX,BUF,4,00:24,-4,JAX 31,Tie or take lead,FAILURE,Fumble lost,L,7.897,VERY_DIFFICULT,no,1.2
2008_02_CHI_CAR,2008,2,REG,2008-09-14,Kyle Orton,CHI,CAR,4,02:24,-3,CHI 41,Tie or take lead,FAILURE,Turnover on downs,L,69.172,FAVORABLE,no,1.2
2008_02_IND_MIN,2008,2,REG,2008-09-14,Peyton Manning,IND,MIN,4,01:07,0,50,Take lead,CONVERSION,Offense reached required score state,W,74.343,VERY_FAVORABLE,no,1.2
2008_02_IND_MIN,2008,2,REG,2008-09-14,Tarvaris Jackson,MIN,IND,4,01:42,0,MIN 2,Take lead,FAILURE,Punt,L,48.493,AVERAGE,no,1.2
2008_02_NO_WAS,2008,2,REG,2008-09-14,Drew Brees,NO,WAS,4,03:29,-5,NO 36,Tie or take lead,FAILURE,Interception,L,32.364,DIFFICULT,no,1.2
2008_02_PHI_DAL,2008,2,REG,2008-09-15,Donovan McNabb,PHI,DAL,4,02:36,-4,PHI 22,Tie or take lead,FAILURE,Turnover on downs,L,32.364,DIFFICULT,no,1.2
2008_02_PIT_CLE,2008,2,REG,2008-09-14,Derek Anderson,CLE,PIT,4,00:26,-4,CLE 26,Tie or take lead,FAILURE,End game,L,7.897,VERY_DIFFICULT,no,1.2
2008_02_SD_DEN,2008,2,REG,2008-09-14,Jay Cutler,DEN,LAC,4,04:22,-7,DEN 20,Touchdown,CONVERSION,Touchdown down 7 kicker neutral,W,23.126,DIFFICULT,no,1.2
2008_02_SD_DEN,2008,2,REG,2008-09-14,Philip Rivers,LAC,DEN,4,00:24,-1,LAC 18,Tie or take lead,FAILURE,End game,L,11.555,VERY_DIFFICULT,no,1.2
2008_02_SF_SEA,2008,2,REG,2008-09-14,Matt Hasselbeck,SEA,SF,4,02:42,0,SEA 11,Take lead,FAILURE,Punt,L,66.446,FAVORABLE,no,1.2
2008_02_SF_SEA,2008,2,REG,2008-09-14,J.T. O'Sullivan,SF,SEA,5,15:00,0,SF 20,Take lead,CONVERSION,Offense reached required score state,W,57.832,FAVORABLE,no,1.2
2008_03_ARI_WAS,2008,3,REG,2008-09-21,Kurt Warner,ARI,WAS,4,02:33,-7,WAS 16,Touchdown,FAILURE,Punt,L,60.043,FAVORABLE,no,1.2
2008_03_CIN_NYG,2008,3,REG,2008-09-21,Carson Palmer,CIN,NYG,5,11:56,0,CIN 25,Take lead,FAILURE,Punt,L,57.832,FAVORABLE,no,1.2
2008_03_CIN_NYG,2008,3,REG,2008-09-21,Eli Manning,NYG,CIN,5,10:28,0,NYG 34,Take lead,CONVERSION,Offense reached required score state,W,57.832,FAVORABLE,no,1.2
2008_03_JAX_IND,2008,3,REG,2008-09-21,Peyton Manning,IND,JAX,4,02:33,-6,IND 23,Tie or take lead,CONVERSION,Offense reached required score state,L,32.364,DIFFICULT,no,1.2
2008_03_JAX_IND,2008,3,REG,2008-09-21,David Garrard,JAX,IND,4,01:07,-1,JAX 20,Tie or take lead,CONVERSION,Offense reached required score state,W,38.198,AVERAGE,no,1.2
2008_03_NO_DEN,2008,3,REG,2008-09-21,Drew Brees,NO,DEN,4,05:33,-2,NO 21,Tie or take lead,CONVERSION,Missed or blocked fg 45 or shorter,L,64.333,FAVORABLE,no,1.2
2008_03_OAK_BUF,2008,3,REG,2008-09-21,Trent Edwards,BUF,LV,4,02:29,-2,BUF 34,Tie or take lead,CONVERSION,Offense reached required score state,W,56.522,FAVORABLE,no,1.2
2008_03_TB_CHI,2008,3,REG,2008-09-21,Kyle Orton,CHI,TB,5,11:47,0,CHI 14,Take lead,FAILURE,Punt,L,43.476,AVERAGE,no,1.2
2008_03_TB_CHI,2008,3,REG,2008-09-21,Brian Griese,TB,CHI,5,08:42,0,TB 7,Take lead,CONVERSION,Offense reached required score state,W,43.476,AVERAGE,no,1.2
2008_04_BAL_PIT,2008,4,REG,2008-09-29,Joe Flacco,BAL,PIT,5,15:00,0,BAL 15,Take lead,FAILURE,Punt,L,43.476,AVERAGE,no,1.2
2008_04_BAL_PIT,2008,4,REG,2008-09-29,Ben Roethlisberger,PIT,BAL,5,12:51,0,PIT 43,Take lead,CONVERSION,Offense reached required score state,W,70.301,VERY_FAVORABLE,no,1.2
2008_04_CLE_CIN,2008,4,REG,2008-09-28,Ryan Fitzpatrick,CIN,CLE,4,00:32,-8,CIN 29,TD + 2-point conversion,FAILURE,Interception,L,1.799,VERY_DIFFICULT,no,1.2
2008_04_HOU_JAX,2008,4,REG,2008-09-28,Matt Schaub,HOU,JAX,4,01:48,-3,HOU 18,Tie or take lead,CONVERSION,Offense reached required score state,L,25.74,DIFFICULT,no,1.2
2008_04_HOU_JAX,2008,4,REG,2008-09-28,David Garrard,JAX,HOU,5,15:00,0,JAX 30,Take lead,CONVERSION,Offense reached required score state,W,57.832,FAVORABLE,no,1.2
2008_04_PHI_CHI,2008,4,REG,2008-09-28,Donovan McNabb,PHI,CHI,4,00:17,-4,PHI 39,Tie or take lead,FAILURE,End game,L,7.897,VERY_DIFFICULT,no,1.2
2008_05_IND_HOU,2008,5,REG,2008-10-05,Sage Rosenfels,HOU,IND,4,01:54,-4,HOU 27,Tie or take lead,FAILURE,Interception,L,18.533,VERY_DIFFICULT,no,1.2
2008_05_IND_HOU,2008,5,REG,2008-10-05,Peyton Manning,IND,HOU,4,02:36,-3,HOU 20,Tie or take lead,CONVERSION,Offense reached required score state,W,86.655,VERY_FAVORABLE,no,1.2
2008_05_MIN_NO,2008,5,REG,2008-10-06,Gus Frerotte,MIN,NO,4,01:58,0,MIN 37,Take lead,CONVERSION,Offense reached required score state,W,62.669,FAVORABLE,no,1.2
2008_05_MIN_NO,2008,5,REG,2008-10-06,Drew Brees,NO,MIN,4,07:10,0,NO 17,Take lead,ND-K,Missed or blocked fg 46 to 55,L,,,no,1.2
2008_05_PIT_JAX,2008,5,REG,2008-10-05,David Garrard,JAX,PIT,4,01:53,-5,JAX 26,Tie or take lead,FAILURE,Turnover on downs,L,18.533,VERY_DIFFICULT,no,1.2
2008_05_PIT_JAX,2008,5,REG,2008-10-05,Ben Roethlisberger,PIT,JAX,4,06:33,-1,PIT 20,Tie or take lead,CONVERSION,Offense reached required score state,W,64.333,FAVORABLE,no,1.2
2008_05_SD_MIA,2008,5,REG,2008-10-05,Philip Rivers,LAC,MIA,4,07:33,-7,LAC 40,Touchdown,FAILURE,Punt,L,41.875,AVERAGE,no,1.2
2008_05_TEN_BAL,2008,5,REG,2008-10-05,Joe Flacco,BAL,TEN,4,00:25,-3,BAL 20,Tie or take lead,FAILURE,End game,L,18.893,VERY_DIFFICULT,no,1.2
2008_06_CHI_ATL,2008,6,REG,2008-10-12,Matt Ryan,ATL,CHI,4,00:11,-1,ATL 44,Tie or take lead,CONVERSION,Offense reached required score state,W,28.676,DIFFICULT,no,1.2
2008_06_CHI_ATL,2008,6,REG,2008-10-12,Kyle Orton,CHI,ATL,4,02:43,-6,CHI 23,Tie or take lead,CONVERSION,Offense reached required score state,L,32.364,DIFFICULT,no,1.2
2008_06_DAL_ARI,2008,6,REG,2008-10-12,Tony Romo,DAL,ARI,5,15:00,0,DAL 22,Take lead,FAILURE,Punt,L,57.832,FAVORABLE,no,1.2
2008_06_DET_MIN,2008,6,REG,2008-10-12,Dan Orlovsky,DET,MIN,4,00:09,-2,DET 40,Tie or take lead,FAILURE,End game,L,28.676,DIFFICULT,no,1.2
2008_06_DET_MIN,2008,6,REG,2008-10-12,Gus Frerotte,MIN,DET,4,04:41,-1,MIN 20,Tie or take lead,CONVERSION,Offense reached required score state,W,56.522,FAVORABLE,no,1.2
2008_06_JAX_DEN,2008,6,REG,2008-10-12,Jay Cutler,DEN,JAX,4,06:50,-7,DEN 31,Touchdown,FAILURE,Punt,L,29.448,DIFFICULT,no,1.2
2008_06_MIA_HOU,2008,6,REG,2008-10-12,Matt Schaub,HOU,MIA,4,01:45,-5,HOU 24,Tie or take lead,CONVERSION,Offense reached required score state,W,18.533,VERY_DIFFICULT,no,1.2
2008_06_MIA_HOU,2008,6,REG,2008-10-12,Chad Pennington,MIA,HOU,4,03:04,-2,MIA 27,Tie or take lead,CONVERSION,Offense reached required score state,L,56.522,FAVORABLE,no,1.2
2008_06_STL_WAS,2008,6,REG,2008-10-12,Marc Bulger,LA,WAS,4,03:47,-1,LA 24,Tie or take lead,CONVERSION,Offense reached required score state,W,56.522,FAVORABLE,no,1.2
2008_06_STL_WAS,2008,6,REG,2008-10-12,Jason Campbell,WAS,LA,4,08:18,-6,WAS 27,Tie or take lead,CONVERSION,Offense reached required score state,L,39.9,AVERAGE,no,1.2
2008_07_CLE_WAS,2008,7,REG,2008-10-19,Derek Anderson,CLE,WAS,4,01:51,-3,CLE 29,Tie or take lead,ND-K,Missed or blocked fg 46 to 55,L,,,no,1.2
2008_07_MIN_CHI,2008,7,REG,2008-10-19,Gus Frerotte,MIN,CHI,4,01:06,-7,MIN 25,Touchdown,FAILURE,Interception,L,12.513,VERY_DIFFICULT,no,1.2
2008_07_NYJ_OAK,2008,7,REG,2008-10-19,JaMarcus Russell,LV,NYJ,5,04:36,0,LV 19,Take lead,CONVERSION,Offense reached required score state,W,43.476,AVERAGE,no,1.2
2008_07_NYJ_OAK,2008,7,REG,2008-10-19,Brett Favre,NYJ,LV,5,06:53,0,NYJ 18,Take lead,FAILURE,Punt,L,43.476,AVERAGE,no,1.2
2008_08_ARI_CAR,2008,8,REG,2008-10-26,Kurt Warner,ARI,CAR,4,09:09,-4,ARI 20,Tie or take lead,FAILURE,Punt,L,39.9,AVERAGE,no,1.2
2008_08_CLE_JAX,2008,8,REG,2008-10-26,David Garrard,JAX,CLE,4,01:51,-6,JAX 30,Tie or take lead,FAILURE,End game,L,18.533,VERY_DIFFICULT,no,1.2
2008_08_KC_NYJ,2008,8,REG,2008-10-26,Tyler Thigpen,KC,NYJ,4,01:00,-4,KC 36,Tie or take lead,FAILURE,Turnover on downs,L,7.897,VERY_DIFFICULT,no,1.2
2008_08_KC_NYJ,2008,8,REG,2008-10-26,Brett Favre,NYJ,KC,4,03:01,-3,KC 46,Tie or take lead,CONVERSION,Offense reached required score state,W,69.172,FAVORABLE,no,1.2
2008_08_NYG_PIT,2008,8,REG,2008-10-26,Ben Roethlisberger,PIT,NYG,4,01:48,-7,PIT 10,Touchdown,FAILURE,Interception,L,7.426,VERY_DIFFICULT,no,1.2
2008_08_SD_NO,2008,8,REG,2008-10-26,Philip Rivers,LAC,NO,4,00:08,-5,50,Tie or take lead,FAILURE,End game,L,12.891,VERY_DIFFICULT,no,1.2
2008_08_STL_NE,2008,8,REG,2008-10-26,Marc Bulger,LA,NE,4,03:13,-7,LA 10,Touchdown,FAILURE,Interception,L,14.436,VERY_DIFFICULT,no,1.2
2008_08_TB_DAL,2008,8,REG,2008-10-26,Jeff Garcia,TB,DAL,4,04:15,-4,TB 26,Tie or take lead,FAILURE,Turnover on downs,L,32.364,DIFFICULT,no,1.2
2008_08_WAS_DET,2008,8,REG,2008-10-26,Dan Orlovsky,DET,WAS,4,01:56,-8,DET 23,TD + 2-point conversion,FAILURE,Turnover on downs,L,4.634,VERY_DIFFICULT,no,1.2
2008_09_DET_CHI,2008,9,REG,2008-11-02,Dan Orlovsky,DET,CHI,4,01:04,-4,DET 13,Tie or take lead,FAILURE,End game,L,11.315,VERY_DIFFICULT,no,1.2
2008_09_GB_TEN,2008,9,REG,2008-11-02,Aaron Rodgers,GB,TEN,4,04:24,0,GB 18,Take lead,FAILURE,Punt,L,66.446,FAVORABLE,no,1.2
2008_09_GB_TEN,2008,9,REG,2008-11-02,Kerry Collins,TEN,GB,5,15:00,0,TEN 22,Take lead,CONVERSION,Offense reached required score state,W,57.832,FAVORABLE,no,1.2
2008_09_HOU_MIN,2008,9,REG,2008-11-02,Sage Rosenfels,HOU,MIN,4,01:57,-7,HOU 10,Touchdown,FAILURE,Turnover on downs,L,7.426,VERY_DIFFICULT,no,1.2
2008_09_JAX_CIN,2008,9,REG,2008-11-02,David Garrard,JAX,CIN,4,05:56,-8,JAX 27,TD + 2-point conversion,FAILURE,Two point conversion failed,L,12.42,VERY_DIFFICULT,no,1.2
2008_09_NE_IND,2008,9,REG,2008-11-02,Matt Cassel,NE,IND,4,00:21,-3,NE 20,Tie or take lead,FAILURE,Fumble lost,L,18.893,VERY_DIFFICULT,no,1.2
2008_09_TB_KC,2008,9,REG,2008-11-02,Tyler Thigpen,KC,TB,4,00:19,0,KC 32,Take lead,FAILURE,End half,L,38.753,AVERAGE,no,1.2
2008_09_TB_KC,2008,9,REG,2008-11-02,Jeff Garcia,TB,KC,5,15:00,0,TB 26,Take lead,CONVERSION,Offense reached required score state,W,57.832,FAVORABLE,no,1.2
2008_10_DEN_CLE,2008,10,REG,2008-11-06,Brady Quinn,CLE,DEN,4,01:14,-4,CLE 33,Tie or take lead,FAILURE,Turnover on downs,L,18.533,VERY_DIFFICULT,no,1.2
2008_10_DEN_CLE,2008,10,REG,2008-11-06,Jay Cutler,DEN,CLE,4,04:57,-3,DEN 20,Tie or take lead,CONVERSION,Offense reached required score state,W,56.522,FAVORABLE,no,1.2
2008_10_GB_MIN,2008,10,REG,2008-11-09,Aaron Rodgers,GB,MIN,4,02:22,-1,GB 41,Tie or take lead,ND-K,Missed or blocked fg 46 to 55,L,,,no,1.2
2008_10_GB_MIN,2008,10,REG,2008-11-09,Gus Frerotte,MIN,GB,4,05:56,-6,MIN 31,Tie or take lead,CONVERSION,Offense reached required score state,W,39.9,AVERAGE,no,1.2
2008_10_IND_PIT,2008,10,REG,2008-11-09,Peyton Manning,IND,PIT,4,04:44,-3,PIT 32,Tie or take lead,CONVERSION,Offense reached required score state,W,83.878,VERY_FAVORABLE,no,1.2
2008_10_IND_PIT,2008,10,REG,2008-11-09,Ben Roethlisberger,PIT,IND,4,03:04,-4,PIT 27,Tie or take lead,FAILURE,Turnover,L,32.364,DIFFICULT,no,1.2
2008_10_KC_SD,2008,10,REG,2008-11-09,Tyler Thigpen,KC,LAC,4,03:00,-7,KC 40,Touchdown,CONVERSION,Touchdown down 7 kicker neutral,L,34.178,DIFFICULT,no,1.2
2008_10_NYG_PHI,2008,10,REG,2008-11-09,Donovan McNabb,PHI,NYG,4,03:14,-5,PHI 14,Tie or take lead,FAILURE,Turnover on downs,L,21.157,DIFFICULT,no,1.2
2008_10_SEA_MIA,2008,10,REG,2008-11-09,Seneca Wallace,SEA,MIA,4,01:50,-2,SEA 23,Tie or take lead,FAILURE,Turnover on downs,L,38.198,AVERAGE,no,1.2
2008_10_SF_ARI,2008,10,REG,2008-11-10,Shaun Hill,SF,ARI,4,01:06,-5,ARI 42,Tie or take lead,FAILURE,End game,L,28.194,DIFFICULT,no,1.2
2008_10_TEN_CHI,2008,10,REG,2008-11-09,Rex Grossman,CHI,TEN,4,03:12,-7,TEN 41,Touchdown,FAILURE,Turnover on downs,L,34.178,DIFFICULT,no,1.2
2008_11_ARI_SEA,2008,11,REG,2008-11-16,Matt Hasselbeck,SEA,ARI,4,02:05,-6,SEA 28,Tie or take lead,FAILURE,Interception,L,32.364,DIFFICULT,no,1.2
2008_11_CLE_BUF,2008,11,REG,2008-11-17,Trent Edwards,BUF,CLE,4,01:39,-2,BUF 44,Tie or take lead,ND-K,Missed or blocked fg 46 to 55,L,,,no,1.2
2008_11_CLE_BUF,2008,11,REG,2008-11-17,Brady Quinn,CLE,BUF,4,02:25,-1,CLE 33,Tie or take lead,CONVERSION,Offense reached required score state,W,56.522,FAVORABLE,no,1.2
2008_11_DAL_WAS,2008,11,REG,2008-11-16,Jason Campbell,WAS,DAL,4,10:36,-4,WAS 36,Tie or take lead,FAILURE,Turnover on downs,L,43.398,AVERAGE,no,1.2
2008_11_DEN_ATL,2008,11,REG,2008-11-16,Matt Ryan,ATL,DEN,4,05:35,-4,ATL 24,Tie or take lead,FAILURE,Turnover on downs,L,39.9,AVERAGE,no,1.2
2008_11_HOU_IND,2008,11,REG,2008-11-16,Sage Rosenfels,HOU,IND,4,01:52,-6,HOU 24,Tie or take lead,FAILURE,Interception,L,18.533,VERY_DIFFICULT,no,1.2
2008_11_MIN_TB,2008,11,REG,2008-11-16,Gus Frerotte,MIN,TB,4,01:55,-6,MIN 36,Tie or take lead,FAILURE,Fumble lost,L,18.533,VERY_DIFFICULT,no,1.2
2008_11_NYJ_NE,2008,11,REG,2008-11-13,Matt Cassel,NE,NYJ,4,01:04,-7,NE 38,Touchdown,CONVERSION,Touchdown down 7 kicker neutral,L,12.513,VERY_DIFFICULT,no,1.2
2008_11_NYJ_NE,2008,11,REG,2008-11-13,Brett Favre,NYJ,NE,5,15:00,0,NYJ 20,Take lead,CONVERSION,Offense reached required score state,W,57.832,FAVORABLE,no,1.2
2008_11_OAK_MIA,2008,11,REG,2008-11-16,JaMarcus Russell,LV,MIA,4,00:38,-2,LV 20,Tie or take lead,FAILURE,End game,L,18.893,VERY_DIFFICULT,no,1.2
2008_11_OAK_MIA,2008,11,REG,2008-11-16,Chad Pennington,MIA,LV,4,04:30,-1,MIA 20,Tie or take lead,CONVERSION,Offense reached required score state,W,56.522,FAVORABLE,no,1.2
2008_11_PHI_CIN,2008,11,REG,2008-11-16,Ryan Fitzpatrick,CIN,PHI,5,01:19,0,CIN 41,Take lead,ND-K,Missed or blocked fg 46 to 55,T,,,no,1.2
2008_11_PHI_CIN,2008,11,REG,2008-11-16,Donovan McNabb,PHI,CIN,5,01:50,0,PHI 13,Take lead,FAILURE,Punt,T,43.476,AVERAGE,no,1.2
2008_11_SD_PIT,2008,11,REG,2008-11-16,Philip Rivers,LAC,PIT,4,14:15,-1,LAC 18,Tie or take lead,CONVERSION,Offense reached required score state,L,53.88,AVERAGE,no,1.2
2008_11_SD_PIT,2008,11,REG,2008-11-16,Ben Roethlisberger,PIT,LAC,4,06:41,-2,PIT 13,Tie or take lead,CONVERSION,Offense reached required score state,W,50.287,AVERAGE,no,1.2
2008_12_IND_SD,2008,12,REG,2008-11-23,Peyton Manning,IND,LAC,4,01:30,0,IND 30,Take lead,CONVERSION,Offense reached required score state,W,62.669,FAVORABLE,no,1.2
2008_12_IND_SD,2008,12,REG,2008-11-23,Philip Rivers,LAC,IND,4,03:15,-3,LAC 13,Tie or take lead,CONVERSION,Offense reached required score state,L,42.165,AVERAGE,no,1.2
2008_12_WAS_SEA,2008,12,REG,2008-11-23,Matt Hasselbeck,SEA,WAS,4,01:28,-3,SEA 22,Tie or take lead,FAILURE,Interception,L,38.198,AVERAGE,no,1.2
2008_13_ATL_SD,2008,13,REG,2008-11-30,Philip Rivers,LAC,ATL,4,02:46,-6,LAC 19,Tie or take lead,FAILURE,Punt,L,21.157,DIFFICULT,no,1.2
2008_13_CAR_GB,2008,13,REG,2008-11-30,Aaron Rodgers,GB,CAR,4,01:30,-4,GB 17,Tie or take lead,FAILURE,Interception,L,11.315,VERY_DIFFICULT,no,1.2
2008_13_IND_CLE,2008,13,REG,2008-11-30,Unresolved,CLE,IND,4,01:50,-4,CLE 30,Tie or take lead,MANUAL_REVIEW,Multi qb material participation,L,,,no,1.2
2008_13_MIA_STL,2008,13,REG,2008-11-30,Marc Bulger,LA,MIA,4,01:50,-4,LA 25,Tie or take lead,FAILURE,Interception,L,18.533,VERY_DIFFICULT,no,1.2
2008_13_NO_TB,2008,13,REG,2008-11-30,Drew Brees,NO,TB,4,01:55,-3,NO 27,Tie or take lead,FAILURE,Interception,L,38.198,AVERAGE,no,1.2
2008_13_SF_BUF,2008,13,REG,2008-11-30,J.P. Losman,BUF,SF,4,01:47,-7,BUF 19,Touchdown,FAILURE,Turnover on downs,L,7.426,VERY_DIFFICULT,no,1.2
2008_14_ATL_NO,2008,14,REG,2008-12-07,Matt Ryan,ATL,NO,4,05:47,-4,ATL 20,Tie or take lead,FAILURE,Punt,L,39.9,AVERAGE,no,1.2
2008_14_DAL_PIT,2008,14,REG,2008-12-07,Tony Romo,DAL,PIT,4,01:40,-7,DAL 18,Touchdown,FAILURE,Turnover on downs,L,7.426,VERY_DIFFICULT,no,1.2
2008_14_HOU_GB,2008,14,REG,2008-12-07,Aaron Rodgers,GB,HOU,4,04:37,0,GB 16,Take lead,FAILURE,Punt,L,66.446,FAVORABLE,no,1.2
2008_14_HOU_GB,2008,14,REG,2008-12-07,Matt Schaub,HOU,GB,4,01:49,0,HOU 3,Take lead,CONVERSION,Offense reached required score state,W,48.493,AVERAGE,no,1.2
2008_14_KC_DEN,2008,14,REG,2008-12-07,Tyler Thigpen,KC,DEN,4,10:10,-7,KC 24,Touchdown,FAILURE,Turnover on downs,L,32.526,DIFFICULT,no,1.2
2008_14_MIN_DET,2008,14,REG,2008-12-07,Unresolved,DET,MIN,4,00:22,-4,DET 29,Tie or take lead,MANUAL_REVIEW,Multi qb material participation,L,,,no,1.2
2008_14_NE_SEA,2008,14,REG,2008-12-07,Matt Cassel,NE,SEA,4,08:47,-5,NE 29,Tie or take lead,CONVERSION,Offense reached required score state,W,39.9,AVERAGE,no,1.2
2008_14_NE_SEA,2008,14,REG,2008-12-07,Seneca Wallace,SEA,NE,4,02:44,-3,SEA 34,Tie or take lead,FAILURE,Fumble lost,L,56.522,FAVORABLE,no,1.2
2008_15_BUF_NYJ,2008,15,REG,2008-12-14,J.P. Losman,BUF,NYJ,4,01:17,-4,BUF 26,Tie or take lead,FAILURE,Interception,L,18.533,VERY_DIFFICULT,no,1.2
2008_15_GB_JAX,2008,15,REG,2008-12-14,Aaron Rodgers,GB,JAX,4,01:56,-4,GB 16,Tie or take lead,FAILURE,Interception,L,11.315,VERY_DIFFICULT,no,1.2
2008_15_GB_JAX,2008,15,REG,2008-12-14,David Garrard,JAX,GB,4,05:35,-2,JAX 20,Tie or take lead,CONVERSION,Offense reached required score state,W,64.333,FAVORABLE,no,1.2
2008_15_NO_CHI,2008,15,REG,2008-12-11,Kyle Orton,CHI,NO,5,15:00,0,CHI 30,Take lead,CONVERSION,Offense reached required score state,W,57.832,FAVORABLE,no,1.2
2008_15_NO_CHI,2008,15,REG,2008-12-11,Drew Brees,NO,CHI,4,05:17,-4,CHI 31,Tie or take lead,CONVERSION,Offense reached required score state,L,72.655,VERY_FAVORABLE,no,1.2
2008_15_PIT_BAL,2008,15,REG,2008-12-14,Joe Flacco,BAL,PIT,4,00:43,-4,BAL 47,Tie or take lead,FAILURE,Interception,L,12.891,VERY_DIFFICULT,no,1.2
2008_15_PIT_BAL,2008,15,REG,2008-12-14,Ben Roethlisberger,PIT,BAL,4,03:36,-3,PIT 8,Tie or take lead,CONVERSION,Offense reached required score state,W,42.165,AVERAGE,no,1.2
2008_15_SD_KC,2008,15,REG,2008-12-14,Tyler Thigpen,KC,LAC,4,00:36,-1,KC 46,Tie or take lead,ND-K,Missed or blocked fg 46 to 55,L,,,no,1.2
2008_15_SD_KC,2008,15,REG,2008-12-14,Philip Rivers,LAC,KC,4,01:11,-5,LAC 39,Tie or take lead,CONVERSION,Offense reached required score state,W,18.533,VERY_DIFFICULT,no,1.2
2008_15_SEA_STL,2008,15,REG,2008-12-14,Marc Bulger,LA,SEA,4,02:47,0,LA 29,Take lead,FAILURE,Punt,L,77.93,VERY_FAVORABLE,no,1.2
2008_15_SEA_STL,2008,15,REG,2008-12-14,Seneca Wallace,SEA,LA,4,02:10,0,SEA 32,Take lead,CONVERSION,Offense reached required score state,W,77.93,VERY_FAVORABLE,no,1.2
2008_15_SF_MIA,2008,15,REG,2008-12-14,Shaun Hill,SF,MIA,4,02:36,-5,SF 39,Tie or take lead,FAILURE,Turnover on downs,L,32.364,DIFFICULT,no,1.2
2008_15_TB_ATL,2008,15,REG,2008-12-14,Matt Ryan,ATL,TB,5,10:27,0,ATL 29,Take lead,CONVERSION,Offense reached required score state,W,57.832,FAVORABLE,no,1.2
2008_15_TB_ATL,2008,15,REG,2008-12-14,Brian Griese,TB,ATL,5,15:00,0,TB 7,Take lead,FAILURE,Punt,L,43.476,AVERAGE,no,1.2
2008_15_TEN_HOU,2008,15,REG,2008-12-14,Kerry Collins,TEN,HOU,4,03:55,-1,TEN 17,Tie or take lead,FAILURE,Turnover on downs,L,42.165,AVERAGE,no,1.2
2008_16_ATL_MIN,2008,16,REG,2008-12-21,Tarvaris Jackson,MIN,ATL,4,02:14,-7,MIN 33,Touchdown,FAILURE,Turnover on downs,L,23.126,DIFFICULT,no,1.2
2008_16_BUF_DEN,2008,16,REG,2008-12-21,Jay Cutler,DEN,BUF,4,03:27,-7,DEN 39,Touchdown,FAILURE,Turnover on downs,L,23.126,DIFFICULT,no,1.2
2008_16_CAR_NYG,2008,16,REG,2008-12-21,Jake Delhomme,CAR,NYG,5,13:54,0,CAR 39,Take lead,FAILURE,Punt,L,57.832,FAVORABLE,no,1.2
2008_16_CAR_NYG,2008,16,REG,2008-12-21,Eli Manning,NYG,CAR,5,12:20,0,NYG 13,Take lead,CONVERSION,Offense reached required score state,W,43.476,AVERAGE,no,1.2
2008_16_GB_CHI,2008,16,REG,2008-12-22,Kyle Orton,CHI,GB,5,15:00,0,CHI 33,Take lead,CONVERSION,Offense reached required score state,W,57.832,FAVORABLE,no,1.2
2008_16_GB_CHI,2008,16,REG,2008-12-22,Aaron Rodgers,GB,CHI,4,03:11,0,CHI 35,Take lead,CONVERSION,Missed or blocked fg 45 or shorter,L,93.391,VERY_FAVORABLE,no,1.2
2008_16_IND_JAX,2008,16,REG,2008-12-18,David Garrard,JAX,IND,4,02:34,-7,JAX 10,Touchdown,FAILURE,End game,L,14.436,VERY_DIFFICULT,no,1.2
2008_16_MIA_KC,2008,16,REG,2008-12-21,Tyler Thigpen,KC,MIA,4,01:45,-7,KC 7,Touchdown,FAILURE,Interception,L,7.426,VERY_DIFFICULT,no,1.2
2008_16_PHI_WAS,2008,16,REG,2008-12-21,Donovan McNabb,PHI,WAS,4,03:48,-7,PHI 9,Touchdown,FAILURE,End game,L,14.436,VERY_DIFFICULT,no,1.2
2008_16_SF_STL,2008,16,REG,2008-12-21,Marc Bulger,LA,SF,4,01:22,-1,LA 26,Tie or take lead,FAILURE,Interception,L,38.198,AVERAGE,no,1.2
2008_16_SF_STL,2008,16,REG,2008-12-21,Shaun Hill,SF,LA,4,02:27,-6,SF 33,Tie or take lead,CONVERSION,Offense reached required score state,W,32.364,DIFFICULT,no,1.2
2008_17_CAR_NO,2008,17,REG,2008-12-28,Jake Delhomme,CAR,NO,4,03:11,-1,CAR 18,Tie or take lead,CONVERSION,Offense reached required score state,W,42.165,AVERAGE,no,1.2
2008_17_CAR_NO,2008,17,REG,2008-12-28,Drew Brees,NO,CAR,4,03:58,-6,CAR 45,Tie or take lead,CONVERSION,Offense reached required score state,L,45.232,AVERAGE,no,1.2
2008_17_MIA_NYJ,2008,17,REG,2008-12-28,Brett Favre,NYJ,MIA,4,09:20,-7,NYJ 25,Touchdown,FAILURE,Interception,L,29.448,DIFFICULT,no,1.2
2008_17_NYG_MIN,2008,17,REG,2008-12-28,Tarvaris Jackson,MIN,NYG,4,03:17,-2,MIN 38,Tie or take lead,CONVERSION,Offense reached required score state,W,56.522,FAVORABLE,no,1.2
2008_17_OAK_TB,2008,17,REG,2008-12-28,Jeff Garcia,TB,LV,4,01:09,-7,TB 20,Touchdown,FAILURE,End game,L,12.513,VERY_DIFFICULT,no,1.2
2008_17_STL_ATL,2008,17,REG,2008-12-28,Matt Ryan,ATL,LA,4,06:39,-3,ATL 20,Tie or take lead,CONVERSION,Offense reached required score state,W,64.333,FAVORABLE,no,1.2
2008_17_STL_ATL,2008,17,REG,2008-12-28,Marc Bulger,LA,ATL,4,03:41,-4,LA 20,Tie or take lead,FAILURE,Turnover on downs,L,32.364,DIFFICULT,no,1.2
2008_17_WAS_SF,2008,17,REG,2008-12-28,Shaun Hill,SF,WAS,4,01:09,0,SF 27,Take lead,CONVERSION,Offense reached required score state,W,62.669,FAVORABLE,no,1.2
2008_17_WAS_SF,2008,17,REG,2008-12-28,Jason Campbell,WAS,SF,4,05:06,-7,WAS 45,Touchdown,CONVERSION,Touchdown down 7 kicker neutral,L,41.875,AVERAGE,no,1.2
2008_18_IND_SD,2008,18,POST,2009-01-03,Peyton Manning,IND,LAC,4,00:31,0,IND 19,Take lead,FAILURE,End half,L,26.191,DIFFICULT,no,1.2
2008_18_IND_SD,2008,18,POST,2009-01-03,Philip Rivers,LAC,IND,5,15:00,0,LAC 25,Take lead,CONVERSION,Offense reached required score state,W,57.832,FAVORABLE,no,1.2
2008_19_BAL_TEN,2008,19,POST,2009-01-10,Joe Flacco,BAL,TEN,4,04:23,0,BAL 24,Take lead,CONVERSION,Offense reached required score state,W,77.93,VERY_FAVORABLE,no,1.2
2008_19_BAL_TEN,2008,19,POST,2009-01-10,Kerry Collins,TEN,BAL,4,00:53,-3,TEN 35,Tie or take lead,FAILURE,Turnover on downs,L,18.893,VERY_DIFFICULT,no,1.2
2008_20_PHI_ARI,2008,20,POST,2009-01-18,Donovan McNabb,PHI,ARI,4,02:53,-7,PHI 20,Touchdown,FAILURE,Turnover on downs,L,23.126,DIFFICULT,no,1.2
2008_21_PIT_ARI,2008,21,POST,2009-02-01,Kurt Warner,ARI,PIT,4,00:35,-4,ARI 23,Tie or take lead,FAILURE,Fumble lost,L,7.897,VERY_DIFFICULT,no,1.2
2008_21_PIT_ARI,2008,21,POST,2009-02-01,Ben Roethlisberger,PIT,ARI,4,02:37,-3,PIT 22,Tie or take lead,CONVERSION,Offense reached required score state,W,56.522,FAVORABLE,no,1.2
2009_01_BUF_NE,2009,1,REG,2009-09-14,Trent Edwards,BUF,NE,4,00:50,-1,BUF 21,Tie or take lead,FAILURE,End game,L,19.486,VERY_DIFFICULT,no,1.2
2009_01_BUF_NE,2009,1,REG,2009-09-14,Tom Brady,NE,BUF,4,01:56,-5,BUF 31,Tie or take lead,CONVERSION,Offense reached required score state,W,45.423,AVERAGE,no,1.2
2009_01_CHI_GB,2009,1,REG,2009-09-13,Jay Cutler,CHI,GB,4,01:11,-6,CHI 38,Tie or take lead,FAILURE,Interception,L,17.998,VERY_DIFFICULT,no,1.2
2009_01_CHI_GB,2009,1,REG,2009-09-13,Aaron Rodgers,GB,CHI,4,02:35,-2,GB 28,Tie or take lead,CONVERSION,Offense reached required score state,W,57.862,FAVORABLE,no,1.2
2009_01_DEN_CIN,2009,1,REG,2009-09-13,Carson Palmer,CIN,DEN,4,00:11,-5,CIN 33,Tie or take lead,FAILURE,Turnover,L,7.695,VERY_DIFFICULT,no,1.2
2009_01_DEN_CIN,2009,1,REG,2009-09-13,Kyle Orton,DEN,CIN,4,00:38,-1,DEN 13,Tie or take lead,CONVERSION,Offense reached required score state,W,11.579,VERY_DIFFICULT,no,1.2
2009_01_JAX_IND,2009,1,REG,2009-09-13,David Garrard,JAX,IND,4,01:59,-2,JAX 35,Tie or take lead,FAILURE,Turnover on downs,L,38.917,AVERAGE,no,1.2
2009_01_SD_OAK,2009,1,REG,2009-09-14,Philip Rivers,LAC,LV,4,02:34,-3,LAC 11,Tie or take lead,CONVERSION,Offense reached required score state,W,42.629,AVERAGE,no,1.2
2009_01_SD_OAK,2009,1,REG,2009-09-14,JaMarcus Russell,LV,LAC,4,00:18,-4,LV 29,Tie or take lead,FAILURE,Interception,L,7.695,VERY_DIFFICULT,no,1.2
2009_01_SF_ARI,2009,1,REG,2009-09-13,Kurt Warner,ARI,SF,4,00:43,-4,ARI 12,Tie or take lead,FAILURE,End game,L,4.317,VERY_DIFFICULT,no,1.2
2009_01_TEN_PIT,2009,1,REG,2009-09-10,Ben Roethlisberger,PIT,TEN,5,15:00,0,PIT 22,Take lead,CONVERSION,Offense reached required score state,W,58.558,FAVORABLE,no,1.2
2009_01_TEN_PIT,2009,1,REG,2009-09-10,Kerry Collins,TEN,PIT,4,00:51,0,TEN 4,Take lead,FAILURE,End half,L,25.406,DIFFICULT,no,1.2
2009_02_BAL_SD,2009,2,REG,2009-09-20,Philip Rivers,LAC,BAL,4,02:54,-5,LAC 27,Tie or take lead,FAILURE,Turnover on downs,L,32.113,DIFFICULT,no,1.2
2009_02_CAR_ATL,2009,2,REG,2009-09-20,Jake Delhomme,CAR,ATL,4,00:30,-8,CAR 26,TD + 2-point conversion,FAILURE,End game,L,1.816,VERY_DIFFICULT,no,1.2
2009_02_CIN_GB,2009,2,REG,2009-09-20,Aaron Rodgers,GB,CIN,4,00:45,-7,GB 43,Touchdown,FAILURE,End game,L,8.815,VERY_DIFFICULT,no,1.2
2009_02_HOU_TEN,2009,2,REG,2009-09-20,Kerry Collins,TEN,HOU,4,02:55,-3,TEN 26,Tie or take lead,FAILURE,Fumble lost,L,57.862,FAVORABLE,no,1.2
2009_02_IND_MIA,2009,2,REG,2009-09-21,Peyton Manning,IND,MIA,4,03:50,-3,IND 20,Tie or take lead,CONVERSION,Offense reached required score state,W,57.862,FAVORABLE,no,1.2
2009_02_IND_MIA,2009,2,REG,2009-09-21,Chad Pennington,MIA,IND,4,03:18,-4,MIA 18,Tie or take lead,FAILURE,Turnover,L,20.38,DIFFICULT,no,1.2
2009_02_NE_NYJ,2009,2,REG,2009-09-20,Tom Brady,NE,NYJ,4,01:48,-7,NE 10,Touchdown,FAILURE,Turnover on downs,L,7.267,VERY_DIFFICULT,no,1.2
2009_02_NYG_DAL,2009,2,REG,2009-09-20,Tony Romo,DAL,NYG,4,07:37,-6,DAL 29,Tie or take lead,CONVERSION,Offense reached required score state,L,39.308,AVERAGE,no,1.2
2009_02_NYG_DAL,2009,2,REG,2009-09-20,Eli Manning,NYG,DAL,4,03:40,-1,NYG 25,Tie or take lead,CONVERSION,Offense reached required score state,W,57.862,FAVORABLE,no,1.2
2009_02_OAK_KC,2009,2,REG,2009-09-20,Matt Cassel,KC,LV,4,01:07,-3,KC 20,Tie or take lead,FAILURE,Turnover on downs,L,38.917,AVERAGE,no,1.2
2009_02_OAK_KC,2009,2,REG,2009-09-20,JaMarcus Russell,LV,KC,4,02:38,-4,LV 31,Tie or take lead,CONVERSION,Offense reached required score state,W,32.113,DIFFICULT,no,1.2
2009_02_PIT_CHI,2009,2,REG,2009-09-20,Jay Cutler,CHI,PIT,4,03:18,0,CHI 33,Take lead,CONVERSION,Offense reached required score state,W,78.125,VERY_FAVORABLE,no,1.2
2009_02_PIT_CHI,2009,2,REG,2009-09-20,Ben Roethlisberger,PIT,CHI,4,06:21,0,PIT 29,Take lead,CONVERSION,Missed or blocked fg 45 or shorter,L,83.021,VERY_FAVORABLE,no,1.2
2009_02_STL_WAS,2009,2,REG,2009-09-20,Marc Bulger,LA,WAS,4,01:55,-2,LA 4,Tie or take lead,FAILURE,Turnover on downs,L,25.637,DIFFICULT,no,1.2
2009_03_CHI_SEA,2009,3,REG,2009-09-27,Jay Cutler,CHI,SEA,4,05:12,-2,CHI 29,Tie or take lead,CONVERSION,Offense reached required score state,W,65.279,FAVORABLE,no,1.2
2009_03_CHI_SEA,2009,3,REG,2009-09-27,Seneca Wallace,SEA,CHI,4,01:52,-6,SEA 20,Tie or take lead,FAILURE,Turnover on downs,L,17.998,VERY_DIFFICULT,no,1.2
2009_03_JAX_HOU,2009,3,REG,2009-09-27,Matt Schaub,HOU,JAX,4,04:25,-7,JAX 49,Touchdown,FAILURE,Fumble lost,L,35.421,AVERAGE,no,1.2
2009_03_PIT_CIN,2009,3,REG,2009-09-27,Carson Palmer,CIN,PIT,4,05:14,-5,CIN 29,Tie or take lead,CONVERSION,Offense reached required score state,W,39.308,AVERAGE,no,1.2
2009_03_PIT_CIN,2009,3,REG,2009-09-27,Ben Roethlisberger,PIT,CIN,4,00:14,-3,PIT 34,Tie or take lead,FAILURE,End game,L,19.486,VERY_DIFFICULT,no,1.2
2009_03_SF_MIN,2009,3,REG,2009-09-27,Brett Favre,MIN,SF,4,01:29,-4,MIN 20,Tie or take lead,CONVERSION,Offense reached required score state,W,17.998,VERY_DIFFICULT,no,1.2
2009_03_TEN_NYJ,2009,3,REG,2009-09-27,Kerry Collins,TEN,NYJ,4,02:52,-7,TEN 34,Touchdown,FAILURE,Turnover on downs,L,23.789,DIFFICULT,no,1.2
2009_03_WAS_DET,2009,3,REG,2009-09-27,Jason Campbell,WAS,DET,4,01:05,-5,WAS 22,Tie or take lead,FAILURE,End game,L,17.998,VERY_DIFFICULT,no,1.2
2009_04_BAL_NE,2009,4,REG,2009-10-04,Joe Flacco,BAL,NE,4,03:32,-6,BAL 20,Tie or take lead,FAILURE,Turnover on downs,L,32.113,DIFFICULT,no,1.2
2009_04_CIN_CLE,2009,4,REG,2009-10-04,Carson Palmer,CIN,CLE,5,03:23,0,CIN 20,Take lead,CONVERSION,Offense reached required score state,W,58.558,FAVORABLE,no,1.2
2009_04_CIN_CLE,2009,4,REG,2009-10-04,Derek Anderson,CLE,CIN,5,06:20,0,CLE 31,Take lead,FAILURE,Punt,L,58.558,FAVORABLE,no,1.2
2009_04_DAL_DEN,2009,4,REG,2009-10-04,Tony Romo,DAL,DEN,4,01:46,-7,DAL 20,Touchdown,FAILURE,Turnover on downs,L,12.651,VERY_DIFFICULT,no,1.2
2009_04_DAL_DEN,2009,4,REG,2009-10-04,Kyle Orton,DEN,DAL,4,02:47,0,DEN 27,Take lead,CONVERSION,Offense reached required score state,W,78.125,VERY_FAVORABLE,no,1.2
2009_04_TB_WAS,2009,4,REG,2009-10-04,Josh Johnson,TB,WAS,4,01:52,-3,TB 19,Tie or take lead,FAILURE,Fumble lost,L,25.637,DIFFICULT,no,1.2
2009_05_CIN_BAL,2009,5,REG,2009-10-11,Joe Flacco,BAL,CIN,4,00:22,-3,BAL 26,Tie or take lead,FAILURE,Interception,L,19.486,VERY_DIFFICULT,no,1.2
2009_05_CIN_BAL,2009,5,REG,2009-10-11,Carson Palmer,CIN,BAL,4,02:15,-4,CIN 20,Tie or take lead,CONVERSION,Offense reached required score state,W,32.113,DIFFICULT,no,1.2
2009_05_CLE_BUF,2009,5,REG,2009-10-11,Trent Edwards,BUF,CLE,4,00:23,-3,BUF 40,Tie or take lead,FAILURE,Fumble lost,L,29.837,DIFFICULT,no,1.2
2009_05_CLE_BUF,2009,5,REG,2009-10-11,Derek Anderson,CLE,BUF,4,02:59,0,BUF 16,Take lead,CONVERSION,Offense reached required score state,W,93.868,VERY_FAVORABLE,no,1.2
2009_05_DAL_KC,2009,5,REG,2009-10-11,Tony Romo,DAL,KC,5,10:02,0,DAL 21,Take lead,CONVERSION,Offense reached required score state,W,58.558,FAVORABLE,no,1.2
2009_05_DAL_KC,2009,5,REG,2009-10-11,Matt Cassel,KC,DAL,5,11:01,0,KC 49,Take lead,FAILURE,Punt,L,71.288,VERY_FAVORABLE,no,1.2
2009_05_HOU_ARI,2009,5,REG,2009-10-11,Matt Schaub,HOU,ARI,4,02:20,-7,ARI 40,Touchdown,FAILURE,Turnover on downs,L,54.206,AVERAGE,no,1.2
2009_05_NE_DEN,2009,5,REG,2009-10-11,Kyle Orton,DEN,NE,5,15:00,0,DEN 20,Take lead,CONVERSION,Offense reached required score state,W,58.558,FAVORABLE,no,1.2
2009_05_NE_DEN,2009,5,REG,2009-10-11,Tom Brady,NE,DEN,4,02:27,0,NE 30,Take lead,FAILURE,Fumble lost,L,78.125,VERY_FAVORABLE,no,1.2
2009_05_NYJ_MIA,2009,5,REG,2009-10-12,Chad Henne,MIA,NYJ,4,05:12,-3,MIA 30,Tie or take lead,CONVERSION,Offense reached required score state,W,65.279,FAVORABLE,no,1.2
2009_05_NYJ_MIA,2009,5,REG,2009-10-12,Mark Sanchez,NYJ,MIA,4,06:55,-4,NYJ 37,Tie or take lead,CONVERSION,Offense reached required score state,L,39.308,AVERAGE,no,1.2
2009_05_PIT_DET,2009,5,REG,2009-10-11,Daunte Culpepper,DET,PIT,4,03:07,-8,DET 29,TD + 2-point conversion,FAILURE,Turnover on downs,L,9.5,VERY_DIFFICULT,no,1.2
2009_05_WAS_CAR,2009,5,REG,2009-10-11,Jason Campbell,WAS,CAR,4,09:21,-3,WAS 20,Tie or take lead,FAILURE,Punt,L,65.279,FAVORABLE,no,1.2
2009_06_BAL_MIN,2009,6,REG,2009-10-18,Joe Flacco,BAL,MIN,4,01:56,-2,BAL 33,Tie or take lead,CONVERSION,Missed or blocked fg 45 or shorter,L,38.917,AVERAGE,no,1.2
2009_06_BAL_MIN,2009,6,REG,2009-10-18,Brett Favre,MIN,BAL,4,03:37,-1,MIN 20,Tie or take lead,CONVERSION,Offense reached required score state,W,57.862,FAVORABLE,no,1.2
2009_06_BUF_NYJ,2009,6,REG,2009-10-18,Ryan Fitzpatrick,BUF,NYJ,5,06:25,0,BUF 42,Take lead,CONVERSION,Offense reached required score state,W,71.288,VERY_FAVORABLE,no,1.2
2009_06_BUF_NYJ,2009,6,REG,2009-10-18,Mark Sanchez,NYJ,BUF,5,07:14,0,NYJ 46,Take lead,FAILURE,Interception,L,71.288,VERY_FAVORABLE,no,1.2
2009_06_CAR_TB,2009,6,REG,2009-10-18,Jake Delhomme,CAR,TB,4,08:33,0,CAR 20,Take lead,CONVERSION,Offense reached required score state,W,83.021,VERY_FAVORABLE,no,1.2
2009_06_CAR_TB,2009,6,REG,2009-10-18,Josh Johnson,TB,CAR,4,00:29,-7,TB 20,Touchdown,FAILURE,End game,L,5.215,VERY_DIFFICULT,no,1.2
2009_06_CHI_ATL,2009,6,REG,2009-10-18,Matt Ryan,ATL,CHI,4,06:14,0,CHI 41,Take lead,CONVERSION,Offense reached required score state,W,89.575,VERY_FAVORABLE,no,1.2
2009_06_CHI_ATL,2009,6,REG,2009-10-18,Jay Cutler,CHI,ATL,4,03:06,-7,CHI 12,Touchdown,FAILURE,Turnover on downs,L,14.45,VERY_DIFFICULT,no,1.2
2009_06_KC_WAS,2009,6,REG,2009-10-18,Todd Collins,WAS,KC,4,00:37,-6,WAS 7,Tie or take lead,FAILURE,Safety,L,4.317,VERY_DIFFICULT,no,1.2
2009_06_PHI_OAK,2009,6,REG,2009-10-18,Donovan McNabb,PHI,LV,4,03:42,-4,PHI 20,Tie or take lead,FAILURE,Turnover on downs,L,32.113,DIFFICULT,no,1.2
2009_06_STL_JAX,2009,6,REG,2009-10-18,David Garrard,JAX,LA,5,15:00,0,JAX 20,Take lead,CONVERSION,Offense reached required score state,W,58.558,FAVORABLE,no,1.2
2009_06_STL_JAX,2009,6,REG,2009-10-18,Marc Bulger,LA,JAX,4,01:53,-3,LA 22,Tie or take lead,CONVERSION,Offense reached required score state,L,38.917,AVERAGE,no,1.2
2009_07_ARI_NYG,2009,7,REG,2009-10-25,Eli Manning,NYG,ARI,4,02:52,-7,NYG 9,Touchdown,FAILURE,Interception,L,14.45,VERY_DIFFICULT,no,1.2
2009_07_SF_HOU,2009,7,REG,2009-10-25,Alex Smith,SF,HOU,4,01:38,-3,SF 6,Tie or take lead,FAILURE,Interception,L,25.637,DIFFICULT,no,1.2
2009_08_ATL_NO,2009,8,REG,2009-11-02,Matt Ryan,ATL,NO,4,00:28,-8,ATL 37,TD + 2-point conversion,FAILURE,Interception,L,1.816,VERY_DIFFICULT,no,1.2
2009_08_MIA_NYJ,2009,8,REG,2009-11-01,Mark Sanchez,NYJ,MIA,4,03:39,-5,NYJ 45,Tie or take lead,FAILURE,Turnover on downs,L,45.391,AVERAGE,no,1.2
2009_08_OAK_SD,2009,8,REG,2009-11-01,JaMarcus Russell,LV,LAC,4,04:43,-8,LV 26,TD + 2-point conversion,FAILURE,Turnover on downs,L,9.5,VERY_DIFFICULT,no,1.2
2009_08_SF_IND,2009,8,REG,2009-11-01,Alex Smith,SF,IND,4,08:36,-4,SF 6,Tie or take lead,FAILURE,Punt,L,25.951,DIFFICULT,no,1.2
2009_08_STL_DET,2009,8,REG,2009-11-01,Matthew Stafford,DET,LA,4,01:38,-7,DET 20,Touchdown,FAILURE,Turnover on downs,L,12.651,VERY_DIFFICULT,no,1.2
2009_09_DAL_PHI,2009,9,REG,2009-11-08,Donovan McNabb,PHI,DAL,4,08:04,-7,PHI 36,Touchdown,FAILURE,Field goal no conversion,L,29.941,DIFFICULT,no,1.2
2009_09_HOU_IND,2009,9,REG,2009-11-08,Matt Schaub,HOU,IND,4,01:46,-3,HOU 15,Tie or take lead,CONVERSION,Missed or blocked fg 45 or shorter,L,25.637,DIFFICULT,no,1.2
2009_09_SD_NYG,2009,9,REG,2009-11-08,Philip Rivers,LAC,NYG,4,02:07,-6,LAC 20,Tie or take lead,CONVERSION,Offense reached required score state,W,32.113,DIFFICULT,no,1.2
2009_09_SD_NYG,2009,9,REG,2009-11-08,Eli Manning,NYG,LAC,4,00:21,-1,NYG 29,Tie or take lead,FAILURE,End game,L,19.486,VERY_DIFFICULT,no,1.2
2009_10_CHI_SF,2009,10,REG,2009-11-12,Jay Cutler,CHI,SF,4,02:47,-4,CHI 20,Tie or take lead,FAILURE,Interception,L,32.113,DIFFICULT,no,1.2
2009_10_CIN_PIT,2009,10,REG,2009-11-15,Ben Roethlisberger,PIT,CIN,4,01:56,-6,PIT 33,Tie or take lead,FAILURE,Turnover on downs,L,17.998,VERY_DIFFICULT,no,1.2
2009_10_JAX_NYJ,2009,10,REG,2009-11-15,David Garrard,JAX,NYJ,4,05:04,-1,JAX 17,Tie or take lead,CONVERSION,Offense reached required score state,W,50.43,AVERAGE,no,1.2
2009_10_JAX_NYJ,2009,10,REG,2009-11-15,Mark Sanchez,NYJ,JAX,4,12:41,-5,NYJ 23,Tie or take lead,CONVERSION,Offense reached required score state,L,40.406,AVERAGE,no,1.2
2009_10_KC_OAK,2009,10,REG,2009-11-15,Bruce Gradkowski,LV,KC,4,01:53,-6,LV 20,Tie or take lead,FAILURE,Interception,L,17.998,VERY_DIFFICULT,no,1.2
2009_10_NE_IND,2009,10,REG,2009-11-15,Peyton Manning,IND,NE,4,02:00,-6,NE 29,Tie or take lead,CONVERSION,Offense reached required score state,W,45.423,AVERAGE,no,1.2
2009_10_NE_IND,2009,10,REG,2009-11-15,Tom Brady,NE,IND,4,00:13,-1,NE 20,Tie or take lead,FAILURE,End game,L,19.486,VERY_DIFFICULT,no,1.2
2009_10_NO_STL,2009,10,REG,2009-11-15,Marc Bulger,LA,NO,4,02:21,-5,LA 20,Tie or take lead,FAILURE,Turnover on downs,L,32.113,DIFFICULT,no,1.2
2009_10_PHI_SD,2009,10,REG,2009-11-15,Donovan McNabb,PHI,LAC,4,00:30,-8,PHI 34,TD + 2-point conversion,FAILURE,Interception,L,1.816,VERY_DIFFICULT,no,1.2
2009_10_TB_MIA,2009,10,REG,2009-11-15,Chad Henne,MIA,TB,4,01:14,-1,MIA 16,Tie or take lead,CONVERSION,Offense reached required score state,W,25.637,DIFFICULT,no,1.2
2009_10_TB_MIA,2009,10,REG,2009-11-15,Josh Freeman,TB,MIA,4,00:10,-2,TB 30,Tie or take lead,FAILURE,End game,L,19.486,VERY_DIFFICULT,no,1.2
2009_11_ARI_STL,2009,11,REG,2009-11-22,Marc Bulger,LA,ARI,4,01:01,-8,LA 26,TD + 2-point conversion,FAILURE,Turnover on downs,L,4.644,VERY_DIFFICULT,no,1.2
2009_11_ATL_NYG,2009,11,REG,2009-11-22,Matt Ryan,ATL,NYG,4,03:42,-7,ATL 24,Touchdown,CONVERSION,Touchdown down 7 kicker neutral,L,23.789,DIFFICULT,no,1.2
2009_11_ATL_NYG,2009,11,REG,2009-11-22,Eli Manning,NYG,ATL,5,15:00,0,NYG 33,Take lead,CONVERSION,Offense reached required score state,W,58.558,FAVORABLE,no,1.2
2009_11_BUF_JAX,2009,11,REG,2009-11-22,Ryan Fitzpatrick,BUF,JAX,4,00:56,-3,BUF 39,Tie or take lead,FAILURE,Interception,L,19.486,VERY_DIFFICULT,no,1.2
2009_11_BUF_JAX,2009,11,REG,2009-11-22,David Garrard,JAX,BUF,4,06:12,-5,JAX 32,Tie or take lead,CONVERSION,Offense reached required score state,W,39.308,AVERAGE,no,1.2
2009_11_CIN_OAK,2009,11,REG,2009-11-22,Carson Palmer,CIN,LV,4,00:15,-3,CIN 37,Tie or take lead,FAILURE,Interception,L,19.486,VERY_DIFFICULT,no,1.2
2009_11_CIN_OAK,2009,11,REG,2009-11-22,Bruce Gradkowski,LV,CIN,4,00:27,0,CIN 17,Take lead,CONVERSION,Offense reached required score state,W,72.959,VERY_FAVORABLE,no,1.2
2009_11_CLE_DET,2009,11,REG,2009-11-22,Matthew Stafford,DET,CLE,4,01:46,-6,DET 12,Tie or take lead,CONVERSION,Offense reached required score state,W,10.615,VERY_DIFFICULT,no,1.2
2009_11_IND_BAL,2009,11,REG,2009-11-22,Joe Flacco,BAL,IND,4,07:02,-2,BAL 32,Tie or take lead,FAILURE,Interception,L,65.279,FAVORABLE,no,1.2
2009_11_MIA_CAR,2009,11,REG,2009-11-19,Jake Delhomme,CAR,MIA,4,00:39,-7,CAR 28,Touchdown,FAILURE,End game,L,5.215,VERY_DIFFICULT,no,1.2
2009_11_PHI_CHI,2009,11,REG,2009-11-22,Jay Cutler,CHI,PHI,4,01:51,-4,CHI 21,Tie or take lead,FAILURE,Interception,L,17.998,VERY_DIFFICULT,no,1.2
2009_11_PIT_KC,2009,11,REG,2009-11-22,Matt Cassel,KC,PIT,5,10:00,0,KC 20,Take lead,CONVERSION,Offense reached required score state,W,58.558,FAVORABLE,no,1.2
2009_11_PIT_KC,2009,11,REG,2009-11-22,Unresolved,PIT,KC,5,15:00,0,PIT 20,Take lead,MANUAL_REVIEW,Multi qb material participation,L,,,no,1.2
2009_11_TEN_HOU,2009,11,REG,2009-11-23,Matt Schaub,HOU,TEN,4,00:47,-3,HOU 38,Tie or take lead,ND-K,Missed or blocked fg 46 to 55,L,,,no,1.2
2009_11_TEN_HOU,2009,11,REG,2009-11-23,Vince Young,TEN,HOU,4,02:52,0,TEN 6,Take lead,CONVERSION,Offense reached required score state,W,65.899,FAVORABLE,no,1.2
2009_11_WAS_DAL,2009,11,REG,2009-11-22,Jason Campbell,WAS,DAL,4,02:41,-1,WAS 8,Tie or take lead,FAILURE,Interception,L,42.629,AVERAGE,no,1.2
2009_12_ARI_TEN,2009,12,REG,2009-11-29,Vince Young,TEN,ARI,4,02:37,-4,TEN 1,Tie or take lead,CONVERSION,Offense reached required score state,W,20.38,DIFFICULT,no,1.2
2009_12_PIT_BAL,2009,12,REG,2009-11-29,Joe Flacco,BAL,PIT,5,10:05,0,PIT 28,Take lead,CONVERSION,Offense reached required score state,W,84.272,VERY_FAVORABLE,no,1.2
2009_12_PIT_BAL,2009,12,REG,2009-11-29,Dennis Dixon,PIT,BAL,5,11:37,0,PIT 45,Take lead,FAILURE,Interception,L,71.288,VERY_FAVORABLE,no,1.2
2009_12_TB_ATL,2009,12,REG,2009-11-29,Chris Redman,ATL,TB,4,02:30,-4,ATL 41,Tie or take lead,CONVERSION,Offense reached required score state,W,45.391,AVERAGE,no,1.2
2009_12_TB_ATL,2009,12,REG,2009-11-29,Josh Freeman,TB,ATL,4,00:23,-3,TB 20,Tie or take lead,FAILURE,Fumble lost,L,19.486,VERY_DIFFICULT,no,1.2
2009_12_WAS_PHI,2009,12,REG,2009-11-29,Donovan McNabb,PHI,WAS,4,05:35,0,PHI 20,Take lead,CONVERSION,Offense reached required score state,W,83.021,VERY_FAVORABLE,no,1.2
2009_12_WAS_PHI,2009,12,REG,2009-11-29,Jason Campbell,WAS,PHI,4,01:48,-3,WAS 16,Tie or take lead,FAILURE,Turnover on downs,L,25.637,DIFFICULT,no,1.2
2009_13_NE_MIA,2009,13,REG,2009-12-06,Chad Henne,MIA,NE,4,03:44,-2,MIA 26,Tie or take lead,CONVERSION,Offense reached required score state,W,57.862,FAVORABLE,no,1.2
2009_13_NE_MIA,2009,13,REG,2009-12-06,Tom Brady,NE,MIA,4,01:02,-1,NE 22,Tie or take lead,FAILURE,Interception,L,38.917,AVERAGE,no,1.2
2009_13_NO_WAS,2009,13,REG,2009-12-06,Drew Brees,NO,WAS,5,13:47,0,WAS 37,Take lead,CONVERSION,Offense reached required score state,W,84.272,VERY_FAVORABLE,no,1.2
2009_13_NO_WAS,2009,13,REG,2009-12-06,Jason Campbell,WAS,NO,5,15:00,0,WAS 20,Take lead,FAILURE,Fumble lost,L,58.558,FAVORABLE,no,1.2
2009_13_NYJ_BUF,2009,13,REG,2009-12-03,Ryan Fitzpatrick,BUF,NYJ,4,02:32,-6,BUF 23,Tie or take lead,FAILURE,Interception,L,32.113,DIFFICULT,no,1.2
2009_13_OAK_PIT,2009,13,REG,2009-12-06,Bruce Gradkowski,LV,PIT,4,01:56,-4,LV 12,Tie or take lead,CONVERSION,Offense reached required score state,W,10.615,VERY_DIFFICULT,no,1.2
2009_13_OAK_PIT,2009,13,REG,2009-12-06,Ben Roethlisberger,PIT,LV,4,00:09,-3,PIT 35,Tie or take lead,FAILURE,End game,L,19.486,VERY_DIFFICULT,no,1.2
2009_13_SF_SEA,2009,13,REG,2009-12-06,Matt Hasselbeck,SEA,SF,4,00:21,0,SEA 48,Take lead,CONVERSION,Offense reached required score state,W,52.517,AVERAGE,no,1.2
2009_13_SF_SEA,2009,13,REG,2009-12-06,Alex Smith,SF,SEA,4,00:51,0,SF 11,Take lead,FAILURE,Punt,L,25.406,DIFFICULT,no,1.2
2009_13_STL_CHI,2009,13,REG,2009-12-06,Kyle Boller,LA,CHI,4,01:50,-8,LA 22,TD + 2-point conversion,FAILURE,Turnover on downs,L,4.644,VERY_DIFFICULT,no,1.2
2009_14_BUF_KC,2009,14,REG,2009-12-13,Matt Cassel,KC,BUF,4,01:00,-6,KC 27,Tie or take lead,FAILURE,Turnover,L,7.695,VERY_DIFFICULT,no,1.2
2009_14_GB_CHI,2009,14,REG,2009-12-13,Jay Cutler,CHI,GB,4,02:07,-7,CHI 9,Touchdown,FAILURE,Turnover on downs,L,14.45,VERY_DIFFICULT,no,1.2
2009_14_MIA_JAX,2009,14,REG,2009-12-13,David Garrard,JAX,MIA,4,03:30,-4,JAX 31,Tie or take lead,FAILURE,Turnover on downs,L,32.113,DIFFICULT,no,1.2
2009_14_NO_ATL,2009,14,REG,2009-12-13,Chris Redman,ATL,NO,4,02:07,-3,ATL 15,Tie or take lead,FAILURE,Turnover on downs,L,42.629,AVERAGE,no,1.2
2009_14_PHI_NYG,2009,14,REG,2009-12-13,Eli Manning,NYG,PHI,4,00:28,-7,NYG 5,Touchdown,FAILURE,Fumble lost,L,2.891,VERY_DIFFICULT,no,1.2
2009_14_PIT_CLE,2009,14,REG,2009-12-10,Ben Roethlisberger,PIT,CLE,4,06:16,-7,PIT 21,Touchdown,FAILURE,Turnover on downs,L,29.941,DIFFICULT,no,1.2
2009_15_ARI_DET,2009,15,REG,2009-12-20,Kurt Warner,ARI,DET,4,03:48,0,ARI 42,Take lead,CONVERSION,Offense reached required score state,W,86.255,VERY_FAVORABLE,no,1.2
2009_15_ARI_DET,2009,15,REG,2009-12-20,Drew Stanton,DET,ARI,4,01:54,-7,DET 31,Touchdown,FAILURE,Turnover on downs,L,12.651,VERY_DIFFICULT,no,1.2
2009_15_ATL_NYJ,2009,15,REG,2009-12-20,Matt Ryan,ATL,NYJ,4,04:27,-4,ATL 27,Tie or take lead,CONVERSION,Offense reached required score state,W,32.113,DIFFICULT,no,1.2
2009_15_ATL_NYJ,2009,15,REG,2009-12-20,Mark Sanchez,NYJ,ATL,4,01:38,-3,NYJ 24,Tie or take lead,FAILURE,Interception,L,38.917,AVERAGE,no,1.2
2009_15_CIN_SD,2009,15,REG,2009-12-20,Carson Palmer,CIN,LAC,4,07:20,-3,CIN 5,Tie or take lead,CONVERSION,Offense reached required score state,L,50.43,AVERAGE,no,1.2
2009_15_CIN_SD,2009,15,REG,2009-12-20,Philip Rivers,LAC,CIN,4,00:54,0,LAC 20,Take lead,CONVERSION,Offense reached required score state,W,38.629,AVERAGE,no,1.2
2009_15_CLE_KC,2009,15,REG,2009-12-20,Brady Quinn,CLE,KC,4,02:20,0,CLE 30,Take lead,CONVERSION,Offense reached required score state,W,78.125,VERY_FAVORABLE,no,1.2
2009_15_CLE_KC,2009,15,REG,2009-12-20,Matt Cassel,KC,CLE,4,00:44,-7,KC 19,Touchdown,FAILURE,End game,L,2.891,VERY_DIFFICULT,no,1.2
2009_15_DAL_NO,2009,15,REG,2009-12-19,Drew Brees,NO,DAL,4,02:16,-7,NO 20,Touchdown,FAILURE,Fumble lost,L,23.789,DIFFICULT,no,1.2
2009_15_GB_PIT,2009,15,REG,2009-12-20,Aaron Rodgers,GB,PIT,4,03:58,-2,PIT 39,Tie or take lead,CONVERSION,Offense reached required score state,L,83.89,VERY_FAVORABLE,no,1.2
2009_15_GB_PIT,2009,15,REG,2009-12-20,Ben Roethlisberger,PIT,GB,4,02:06,-6,PIT 14,Tie or take lead,CONVERSION,Offense reached required score state,W,20.38,DIFFICULT,no,1.2
2009_15_HOU_STL,2009,15,REG,2009-12-20,Keith Null,LA,HOU,4,04:36,-3,LA 23,Tie or take lead,FAILURE,Punt,L,57.862,FAVORABLE,no,1.2
2009_15_IND_JAX,2009,15,REG,2009-12-17,David Garrard,JAX,IND,4,02:06,-4,JAX 39,Tie or take lead,FAILURE,Interception,L,32.113,DIFFICULT,no,1.2
2009_15_MIA_TEN,2009,15,REG,2009-12-20,Chad Henne,MIA,TEN,5,15:00,0,MIA 23,Take lead,FAILURE,Interception,L,58.558,FAVORABLE,no,1.2
2009_15_MIA_TEN,2009,15,REG,2009-12-20,Vince Young,TEN,MIA,5,13:39,0,MIA 27,Take lead,CONVERSION,Offense reached required score state,W,84.272,VERY_FAVORABLE,no,1.2
2009_15_OAK_DEN,2009,15,REG,2009-12-20,Kyle Orton,DEN,LV,4,00:35,-1,DEN 22,Tie or take lead,FAILURE,End game,L,19.486,VERY_DIFFICULT,no,1.2
2009_15_OAK_DEN,2009,15,REG,2009-12-20,Unresolved,LV,DEN,4,03:29,-6,LV 38,Tie or take lead,MANUAL_REVIEW,Multi qb material participation,W,,,no,1.2
2009_16_BAL_PIT,2009,16,REG,2009-12-27,Joe Flacco,BAL,PIT,4,05:25,-3,PIT 49,Tie or take lead,FAILURE,Fumble lost,L,76.764,VERY_FAVORABLE,no,1.2
2009_16_DEN_PHI,2009,16,REG,2009-12-27,Kyle Orton,DEN,PHI,4,03:00,0,DEN 9,Take lead,FAILURE,Punt,L,65.899,FAVORABLE,no,1.2
2009_16_DEN_PHI,2009,16,REG,2009-12-27,Donovan McNabb,PHI,DEN,4,01:41,0,DEN 42,Take lead,CONVERSION,Offense reached required score state,W,74.435,VERY_FAVORABLE,no,1.2
2009_16_KC_CIN,2009,16,REG,2009-12-27,Matt Cassel,KC,CIN,4,02:03,-7,KC 20,Touchdown,FAILURE,Interception,L,23.789,DIFFICULT,no,1.2
2009_16_MIN_CHI,2009,16,REG,2009-12-28,Jay Cutler,CHI,MIN,5,09:21,0,MIN 39,Take lead,CONVERSION,Offense reached required score state,W,84.272,VERY_FAVORABLE,no,1.2
2009_16_MIN_CHI,2009,16,REG,2009-12-28,Brett Favre,MIN,CHI,5,10:11,0,MIN 17,Take lead,FAILURE,Fumble lost,L,43.329,AVERAGE,no,1.2
2009_16_TB_NO,2009,16,REG,2009-12-27,Drew Brees,NO,TB,4,02:25,0,NO 26,Take lead,CONVERSION,Missed or blocked fg 45 or shorter,L,78.125,VERY_FAVORABLE,no,1.2
2009_16_TB_NO,2009,16,REG,2009-12-27,Josh Freeman,TB,NO,5,15:00,0,TB 23,Take lead,CONVERSION,Offense reached required score state,W,58.558,FAVORABLE,no,1.2
2009_17_BAL_OAK,2009,17,REG,2010-01-03,JaMarcus Russell,LV,BAL,4,03:43,-8,LV 41,TD + 2-point conversion,FAILURE,Punt,L,15.573,VERY_DIFFICULT,no,1.2
2009_17_NE_HOU,2009,17,REG,2010-01-03,Matt Schaub,HOU,NE,4,03:49,0,NE 28,Take lead,CONVERSION,Offense reached required score state,W,93.124,VERY_FAVORABLE,no,1.2
2009_17_NE_HOU,2009,17,REG,2010-01-03,Brian Hoyer,NE,HOU,4,01:54,-7,NE 34,Touchdown,FAILURE,Turnover on downs,L,12.651,VERY_DIFFICULT,no,1.2
2009_17_PIT_MIA,2009,17,REG,2010-01-03,Tyler Thigpen,MIA,PIT,4,00:40,-6,MIA 21,Tie or take lead,FAILURE,Interception,L,7.695,VERY_DIFFICULT,no,1.2
2009_17_TEN_SEA,2009,17,REG,2010-01-03,Matt Hasselbeck,SEA,TEN,4,04:33,-4,SEA 20,Tie or take lead,FAILURE,Interception,L,32.113,DIFFICULT,no,1.2
2009_17_TEN_SEA,2009,17,REG,2010-01-03,Vince Young,TEN,SEA,4,06:59,-3,SEA 28,Tie or take lead,CONVERSION,Offense reached required score state,W,87.699,VERY_FAVORABLE,no,1.2
2009_17_WAS_SD,2009,17,REG,2010-01-03,Jason Campbell,WAS,LAC,4,00:35,-3,WAS 22,Tie or take lead,FAILURE,Turnover on downs,L,19.486,VERY_DIFFICULT,no,1.2
2009_18_GB_ARI,2009,18,POST,2010-01-10,Kurt Warner,ARI,GB,4,01:52,0,ARI 21,Take lead,CONVERSION,Missed or blocked fg 45 or shorter,W,62.364,FAVORABLE,no,1.2
2009_18_GB_ARI,2009,18,POST,2010-01-10,Aaron Rodgers,GB,ARI,5,15:00,0,GB 20,Take lead,FAILURE,Fumble lost,L,58.558,FAVORABLE,no,1.2
2009_20_MIN_NO,2009,20,POST,2010-01-24,Brett Favre,MIN,NO,4,02:37,0,MIN 21,Take lead,FAILURE,Interception,L,78.125,VERY_FAVORABLE,no,1.2
2009_20_MIN_NO,2009,20,POST,2010-01-24,Drew Brees,NO,MIN,5,15:00,0,NO 39,Take lead,CONVERSION,Offense reached required score state,W,58.558,FAVORABLE,no,1.2
2009_21_NO_IND,2009,21,POST,2010-02-07,Drew Brees,NO,IND,4,10:39,-1,NO 41,Tie or take lead,CONVERSION,Offense reached required score state,W,77.571,VERY_FAVORABLE,no,1.2
2010_01_ARI_STL,2010,1,REG,2010-09-12,Sam Bradford,LA,ARI,4,01:21,-4,LA 24,Tie or take lead,FAILURE,Turnover,L,19.525,VERY_DIFFICULT,no,1.2
2010_01_ATL_PIT,2010,1,REG,2010-09-12,Matt Ryan,ATL,PIT,5,15:00,0,ATL 9,Take lead,FAILURE,Punt,L,45.156,AVERAGE,no,1.2
2010_01_ATL_PIT,2010,1,REG,2010-09-12,Dennis Dixon,PIT,ATL,5,12:36,0,PIT 50,Take lead,CONVERSION,Offense reached required score state,W,71.532,VERY_FAVORABLE,no,1.2
2010_01_BAL_NYJ,2010,1,REG,2010-09-13,Mark Sanchez,NYJ,BAL,4,01:37,-1,NYJ 18,Tie or take lead,FAILURE,Turnover on downs,L,27.604,DIFFICULT,no,1.2
2010_01_CLE_TB,2010,1,REG,2010-09-12,Jake Delhomme,CLE,TB,4,00:34,-3,CLE 11,Tie or take lead,FAILURE,End game,L,11.796,VERY_DIFFICULT,no,1.2
2010_01_DAL_WAS,2010,1,REG,2010-09-12,Tony Romo,DAL,WAS,4,01:50,-6,DAL 19,Tie or take lead,FAILURE,End game,L,11.93,VERY_DIFFICULT,no,1.2
2010_01_DEN_JAX,2010,1,REG,2010-09-12,Kyle Orton,DEN,JAX,4,01:50,-7,DEN 23,Touchdown,FAILURE,Interception,L,12.896,VERY_DIFFICULT,no,1.2
2010_01_DET_CHI,2010,1,REG,2010-09-12,Jay Cutler,CHI,DET,4,03:21,-1,CHI 44,Tie or take lead,CONVERSION,Offense reached required score state,W,70.738,VERY_FAVORABLE,no,1.2
2010_01_DET_CHI,2010,1,REG,2010-09-12,Shaun Hill,DET,CHI,4,01:32,-5,DET 17,Tie or take lead,FAILURE,Turnover on downs,L,11.93,VERY_DIFFICULT,no,1.2
2010_01_GB_PHI,2010,1,REG,2010-09-12,Mike Vick,PHI,GB,4,04:13,-7,PHI 24,Touchdown,FAILURE,Turnover on downs,L,23.523,DIFFICULT,no,1.2
2010_01_MIA_BUF,2010,1,REG,2010-09-12,Trent Edwards,BUF,MIA,4,00:29,-5,BUF 20,Tie or take lead,FAILURE,Turnover on downs,L,7.843,VERY_DIFFICULT,no,1.2
2010_01_MIN_NO,2010,1,REG,2010-09-09,Brett Favre,MIN,NO,4,09:10,-5,MIN 22,Tie or take lead,FAILURE,Punt,L,41.347,AVERAGE,no,1.2
2010_01_SD_KC,2010,1,REG,2010-09-13,Philip Rivers,LAC,KC,4,04:52,-7,LAC 33,Touchdown,FAILURE,Turnover on downs,L,23.523,DIFFICULT,no,1.2
2010_02_BAL_CIN,2010,2,REG,2010-09-19,Joe Flacco,BAL,CIN,4,02:48,-5,BAL 20,Tie or take lead,FAILURE,Interception,L,33.513,DIFFICULT,no,1.2
2010_02_HOU_WAS,2010,2,REG,2010-09-19,Matt Schaub,HOU,WAS,5,07:12,0,HOU 42,Take lead,CONVERSION,Offense reached required score state,W,71.532,VERY_FAVORABLE,no,1.2
2010_02_HOU_WAS,2010,2,REG,2010-09-19,Donovan McNabb,WAS,HOU,5,10:29,0,WAS 20,Take lead,ND-K,Missed or blocked fg 46 to 55,L,,,no,1.2
2010_02_KC_CLE,2010,2,REG,2010-09-19,Seneca Wallace,CLE,KC,4,03:41,-2,CLE 7,Tie or take lead,FAILURE,Punt,L,44.2,AVERAGE,no,1.2
2010_02_MIA_MIN,2010,2,REG,2010-09-19,Brett Favre,MIN,MIA,4,01:42,-4,MIN 45,Tie or take lead,FAILURE,Turnover on downs,L,29.249,DIFFICULT,no,1.2
2010_02_NO_SF,2010,2,REG,2010-09-20,Drew Brees,NO,SF,4,01:19,0,NO 30,Take lead,CONVERSION,Offense reached required score state,W,64.062,FAVORABLE,no,1.2
2010_02_NO_SF,2010,2,REG,2010-09-20,Alex Smith,SF,NO,4,02:12,-8,SF 18,TD + 2-point conversion,CONVERSION,Offense reached required score state,L,5.504,VERY_DIFFICULT,no,1.2
2010_02_PHI_DET,2010,2,REG,2010-09-19,Shaun Hill,DET,PHI,4,01:50,-3,DET 43,Tie or take lead,FAILURE,Turnover on downs,L,53.781,AVERAGE,no,1.2
2010_02_PIT_TEN,2010,2,REG,2010-09-19,Kerry Collins,TEN,PIT,4,00:58,-8,TEN 32,TD + 2-point conversion,FAILURE,End game,L,1.731,VERY_DIFFICULT,no,1.2
2010_03_ATL_NO,2010,3,REG,2010-09-26,Matt Ryan,ATL,NO,5,08:57,0,ATL 20,Take lead,CONVERSION,Offense reached required score state,W,59.59,FAVORABLE,no,1.2
2010_03_ATL_NO,2010,3,REG,2010-09-26,Drew Brees,NO,ATL,5,13:27,0,NO 32,Take lead,CONVERSION,Missed or blocked fg 45 or shorter,L,59.59,FAVORABLE,no,1.2
2010_03_BUF_NE,2010,3,REG,2010-09-26,Ryan Fitzpatrick,BUF,NE,4,03:04,-8,BUF 35,TD + 2-point conversion,FAILURE,Interception,L,9.446,VERY_DIFFICULT,no,1.2
2010_03_CLE_BAL,2010,3,REG,2010-09-26,Seneca Wallace,CLE,BAL,4,05:29,-7,CLE 20,Touchdown,FAILURE,Punt,L,30.079,DIFFICULT,no,1.2
2010_03_GB_CHI,2010,3,REG,2010-09-27,Jay Cutler,CHI,GB,4,02:18,0,GB 46,Take lead,CONVERSION,Offense reached required score state,W,86.32,VERY_FAVORABLE,no,1.2
2010_03_GB_CHI,2010,3,REG,2010-09-27,Aaron Rodgers,GB,CHI,4,03:59,0,GB 26,Take lead,FAILURE,Fumble lost,L,78.738,VERY_FAVORABLE,no,1.2
2010_03_NYJ_MIA,2010,3,REG,2010-09-26,Chad Henne,MIA,NYJ,4,01:55,-8,MIA 31,TD + 2-point conversion,FAILURE,Interception,L,4.781,VERY_DIFFICULT,no,1.2
2010_03_OAK_ARI,2010,3,REG,2010-09-26,Bruce Gradkowski,LV,ARI,4,03:33,-1,LV 20,Tie or take lead,CONVERSION,Missed or blocked fg 45 or shorter,L,58.656,FAVORABLE,no,1.2
2010_03_SD_SEA,2010,3,REG,2010-09-26,Philip Rivers,LAC,SEA,4,01:38,-7,LAC 45,Touchdown,FAILURE,Interception,L,20.145,DIFFICULT,no,1.2
2010_04_BAL_PIT,2010,4,REG,2010-10-03,Joe Flacco,BAL,PIT,4,01:08,-4,PIT 40,Tie or take lead,CONVERSION,Offense reached required score state,W,48.69,AVERAGE,no,1.2
2010_04_BAL_PIT,2010,4,REG,2010-10-03,Charlie Batch,PIT,BAL,4,00:32,-3,PIT 15,Tie or take lead,FAILURE,Interception,L,11.796,VERY_DIFFICULT,no,1.2
2010_04_CAR_NO,2010,4,REG,2010-10-03,Jimmy Clausen,CAR,NO,4,03:55,-2,CAR 28,Tie or take lead,FAILURE,Turnover on downs,L,58.656,FAVORABLE,no,1.2
2010_04_CAR_NO,2010,4,REG,2010-10-03,Drew Brees,NO,CAR,4,13:20,-1,NO 7,Tie or take lead,CONVERSION,Offense reached required score state,W,54.537,AVERAGE,no,1.2
2010_04_CIN_CLE,2010,4,REG,2010-10-03,Carson Palmer,CIN,CLE,4,09:34,-3,CIN 14,Tie or take lead,FAILURE,Punt,L,52.558,AVERAGE,no,1.2
2010_04_DEN_TEN,2010,4,REG,2010-10-03,Vince Young,TEN,DEN,4,00:28,-6,TEN 23,Tie or take lead,FAILURE,End game,L,7.843,VERY_DIFFICULT,no,1.2
2010_04_DET_GB,2010,4,REG,2010-10-03,Shaun Hill,DET,GB,4,11:34,-2,DET 29,Tie or take lead,FAILURE,Punt,L,68.24,FAVORABLE,no,1.2
2010_04_HOU_OAK,2010,4,REG,2010-10-03,Bruce Gradkowski,LV,HOU,4,03:04,-7,LV 25,Touchdown,FAILURE,Interception,L,23.523,DIFFICULT,no,1.2
2010_04_IND_JAX,2010,4,REG,2010-10-03,Peyton Manning,IND,JAX,4,02:09,-7,IND 35,Touchdown,CONVERSION,Touchdown down 7 kicker neutral,L,23.523,DIFFICULT,no,1.2
2010_04_IND_JAX,2010,4,REG,2010-10-03,David Garrard,JAX,IND,4,00:48,0,JAX 23,Take lead,CONVERSION,Offense reached required score state,W,38.471,AVERAGE,no,1.2
2010_04_SF_ATL,2010,4,REG,2010-10-03,Matt Ryan,ATL,SF,4,01:22,-1,ATL 7,Tie or take lead,CONVERSION,Offense reached required score state,W,27.604,DIFFICULT,no,1.2
2010_04_WAS_PHI,2010,4,REG,2010-10-03,Kevin Kolb,PHI,WAS,4,01:07,-5,PHI 26,Tie or take lead,FAILURE,Turnover,L,19.525,VERY_DIFFICULT,no,1.2
2010_05_GB_WAS,2010,5,REG,2010-10-10,Aaron Rodgers,GB,WAS,5,12:12,0,GB 19,Take lead,FAILURE,Interception,L,45.156,AVERAGE,no,1.2
2010_05_GB_WAS,2010,5,REG,2010-10-10,Donovan McNabb,WAS,GB,5,11:30,0,GB 39,Take lead,CONVERSION,Offense reached required score state,W,85.223,VERY_FAVORABLE,no,1.2
2010_05_NO_ARI,2010,5,REG,2010-10-10,Drew Brees,NO,ARI,4,00:24,-3,NO 9,Tie or take lead,FAILURE,Interception,L,11.796,VERY_DIFFICULT,no,1.2
2010_05_PHI_SF,2010,5,REG,2010-10-10,Alex Smith,SF,PHI,4,01:28,-3,SF 32,Tie or take lead,FAILURE,Interception,L,40.579,AVERAGE,no,1.2
2010_05_SD_OAK,2010,5,REG,2010-10-10,Philip Rivers,LAC,LV,4,00:58,-8,LAC 15,TD + 2-point conversion,FAILURE,Turnover on downs,L,0.974,VERY_DIFFICULT,no,1.2
2010_05_SD_OAK,2010,5,REG,2010-10-10,Jason Campbell,LV,LAC,4,12:00,-5,LV 27,Tie or take lead,CONVERSION,Offense reached required score state,W,43.29,AVERAGE,no,1.2
2010_05_TB_CIN,2010,5,REG,2010-10-10,Carson Palmer,CIN,TB,4,01:26,0,CIN 16,Take lead,FAILURE,Interception,L,49.881,AVERAGE,no,1.2
2010_05_TB_CIN,2010,5,REG,2010-10-10,Josh Freeman,TB,CIN,4,00:14,0,CIN 34,Take lead,CONVERSION,Offense reached required score state,W,70.976,VERY_FAVORABLE,no,1.2
2010_05_TEN_DAL,2010,5,REG,2010-10-10,Tony Romo,DAL,TEN,4,00:47,-7,DAL 23,Touchdown,FAILURE,Interception,L,4.937,VERY_DIFFICULT,no,1.2
2010_06_BAL_NE,2010,6,REG,2010-10-17,Joe Flacco,BAL,NE,5,07:14,0,BAL 19,Take lead,FAILURE,Punt,L,45.156,AVERAGE,no,1.2
2010_06_BAL_NE,2010,6,REG,2010-10-17,Tom Brady,NE,BAL,5,05:19,0,NE 38,Take lead,CONVERSION,Offense reached required score state,W,59.59,FAVORABLE,no,1.2
2010_06_DAL_MIN,2010,6,REG,2010-10-17,Tony Romo,DAL,MIN,4,04:03,-3,DAL 20,Tie or take lead,FAILURE,Punt,L,58.656,FAVORABLE,no,1.2
2010_06_DET_NYG,2010,6,REG,2010-10-17,Drew Stanton,DET,NYG,4,02:18,-8,DET 14,TD + 2-point conversion,FAILURE,Interception,L,5.504,VERY_DIFFICULT,no,1.2
2010_06_IND_WAS,2010,6,REG,2010-10-17,Donovan McNabb,WAS,IND,4,00:32,-3,WAS 20,Tie or take lead,FAILURE,Interception,L,19.325,VERY_DIFFICULT,no,1.2
2010_06_KC_HOU,2010,6,REG,2010-10-17,Matt Schaub,HOU,KC,4,02:22,-3,HOU 20,Tie or take lead,CONVERSION,Offense reached required score state,W,58.656,FAVORABLE,no,1.2
2010_06_KC_HOU,2010,6,REG,2010-10-17,Matt Cassel,KC,HOU,4,00:28,-4,KC 39,Tie or take lead,FAILURE,End game,L,7.843,VERY_DIFFICULT,no,1.2
2010_06_MIA_GB,2010,6,REG,2010-10-17,Aaron Rodgers,GB,MIA,5,13:55,0,GB 16,Take lead,FAILURE,Punt,L,45.156,AVERAGE,no,1.2
2010_06_MIA_GB,2010,6,REG,2010-10-17,Chad Henne,MIA,GB,5,12:46,0,MIA 48,Take lead,CONVERSION,Offense reached required score state,W,71.532,VERY_FAVORABLE,no,1.2
2010_06_NYJ_DEN,2010,6,REG,2010-10-17,Kyle Orton,DEN,NYJ,4,01:13,-4,DEN 20,Tie or take lead,FAILURE,Fumble lost,L,19.525,VERY_DIFFICULT,no,1.2
2010_06_NYJ_DEN,2010,6,REG,2010-10-17,Mark Sanchez,NYJ,DEN,4,03:55,-3,NYJ 20,Tie or take lead,CONVERSION,Offense reached required score state,W,58.656,FAVORABLE,no,1.2
2010_06_OAK_SF,2010,6,REG,2010-10-17,Jason Campbell,LV,SF,4,03:14,-8,LV 13,TD + 2-point conversion,FAILURE,Interception,L,5.504,VERY_DIFFICULT,no,1.2
2010_07_BUF_BAL,2010,7,REG,2010-10-24,Joe Flacco,BAL,BUF,5,12:52,0,BUF 29,Take lead,CONVERSION,Offense reached required score state,W,85.223,VERY_FAVORABLE,no,1.2
2010_07_BUF_BAL,2010,7,REG,2010-10-24,Ryan Fitzpatrick,BUF,BAL,5,13:48,0,BUF 22,Take lead,FAILURE,Fumble lost,L,59.59,FAVORABLE,no,1.2
2010_07_MIN_GB,2010,7,REG,2010-10-24,Brett Favre,MIN,GB,4,06:07,-4,MIN 17,Tie or take lead,FAILURE,Turnover on downs,L,28.243,DIFFICULT,no,1.2
2010_07_NE_SD,2010,7,REG,2010-10-24,Philip Rivers,LAC,NE,4,01:55,-3,NE 47,Tie or take lead,ND-K,Missed or blocked fg 46 to 55,L,,,no,1.2
2010_07_PIT_MIA,2010,7,REG,2010-10-24,Chad Henne,MIA,PIT,4,02:26,-1,MIA 29,Tie or take lead,FAILURE,Turnover on downs,L,58.656,FAVORABLE,no,1.2
2010_07_PIT_MIA,2010,7,REG,2010-10-24,Ben Roethlisberger,PIT,MIA,4,05:17,-2,MIA 48,Tie or take lead,CONVERSION,Offense reached required score state,W,77.173,VERY_FAVORABLE,no,1.2
2010_07_SF_CAR,2010,7,REG,2010-10-24,Matt Moore,CAR,SF,4,01:08,0,CAR 43,Take lead,CONVERSION,Offense reached required score state,W,75.231,VERY_FAVORABLE,no,1.2
2010_07_SF_CAR,2010,7,REG,2010-10-24,David Carr,SF,CAR,4,00:39,-3,SF 18,Tie or take lead,FAILURE,End game,L,11.796,VERY_DIFFICULT,no,1.2
2010_07_STL_TB,2010,7,REG,2010-10-24,Sam Bradford,LA,TB,4,00:10,-1,LA 22,Tie or take lead,FAILURE,End game,L,19.325,VERY_DIFFICULT,no,1.2
2010_07_STL_TB,2010,7,REG,2010-10-24,Josh Freeman,TB,LA,4,04:45,-5,TB 19,Tie or take lead,CONVERSION,Offense reached required score state,W,21.962,DIFFICULT,no,1.2
2010_07_WAS_CHI,2010,7,REG,2010-10-24,Jay Cutler,CHI,WAS,4,03:31,-3,CHI 19,Tie or take lead,FAILURE,Interception,L,44.2,AVERAGE,no,1.2
2010_08_BUF_KC,2010,8,REG,2010-10-31,Ryan Fitzpatrick,BUF,KC,5,03:38,0,BUF 29,Take lead,FAILURE,Punt,L,59.59,FAVORABLE,no,1.2
2010_08_BUF_KC,2010,8,REG,2010-10-31,Matt Cassel,KC,BUF,5,01:13,0,KC 31,Take lead,CONVERSION,Offense reached required score state,W,59.59,FAVORABLE,no,1.2
2010_08_DEN_SF,2010,8,REG,2010-10-31,Kyle Orton,DEN,SF,4,01:36,-8,DEN 19,TD + 2-point conversion,FAILURE,Interception,L,2.727,VERY_DIFFICULT,no,1.2
2010_08_MIA_CIN,2010,8,REG,2010-10-31,Carson Palmer,CIN,MIA,4,07:05,-8,CIN 21,TD + 2-point conversion,FAILURE,Interception,L,12.732,VERY_DIFFICULT,no,1.2
2010_08_TB_ARI,2010,8,REG,2010-10-31,Derek Anderson,ARI,TB,4,00:55,-3,ARI 13,Tie or take lead,FAILURE,End game,L,11.796,VERY_DIFFICULT,no,1.2
2010_08_TEN_SD,2010,8,REG,2010-10-31,Kerry Collins,TEN,LAC,4,02:38,-8,TEN 42,TD + 2-point conversion,FAILURE,Turnover on downs,L,15.092,VERY_DIFFICULT,no,1.2
2010_09_ARI_MIN,2010,9,REG,2010-11-07,Derek Anderson,ARI,MIN,5,15:00,0,ARI 27,Take lead,FAILURE,Punt,L,59.59,FAVORABLE,no,1.2
2010_09_ARI_MIN,2010,9,REG,2010-11-07,Brett Favre,MIN,ARI,5,13:38,0,MIN 31,Take lead,CONVERSION,Offense reached required score state,W,59.59,FAVORABLE,no,1.2
2010_09_CHI_BUF,2010,9,REG,2010-11-07,Ryan Fitzpatrick,BUF,CHI,4,01:04,-3,BUF 1,Tie or take lead,FAILURE,Interception,L,27.604,DIFFICULT,no,1.2
2010_09_IND_PHI,2010,9,REG,2010-11-07,Peyton Manning,IND,PHI,4,00:40,-2,IND 26,Tie or take lead,FAILURE,Interception,L,19.325,VERY_DIFFICULT,no,1.2
2010_09_KC_OAK,2010,9,REG,2010-11-07,Matt Cassel,KC,LV,5,15:00,0,KC 10,Take lead,FAILURE,Punt,L,45.156,AVERAGE,no,1.2
2010_09_KC_OAK,2010,9,REG,2010-11-07,Jason Campbell,LV,KC,5,13:39,0,LV 38,Take lead,CONVERSION,Offense reached required score state,W,59.59,FAVORABLE,no,1.2
2010_09_NYJ_DET,2010,9,REG,2010-11-07,Mark Sanchez,NYJ,DET,5,15:00,0,NYJ 32,Take lead,CONVERSION,Offense reached required score state,W,59.59,FAVORABLE,no,1.2
2010_09_PIT_CIN,2010,9,REG,2010-11-08,Carson Palmer,CIN,PIT,4,03:59,-6,CIN 36,Tie or take lead,FAILURE,Turnover on downs,L,33.513,DIFFICULT,no,1.2
2010_09_SD_HOU,2010,9,REG,2010-11-07,Matt Schaub,HOU,LAC,4,03:06,-6,HOU 14,Tie or take lead,FAILURE,Interception,L,21.962,DIFFICULT,no,1.2
2010_09_TB_ATL,2010,9,REG,2010-11-07,Josh Freeman,TB,ATL,4,10:05,-6,TB 9,Tie or take lead,FAILURE,Turnover on downs,L,29.884,DIFFICULT,no,1.2
2010_10_BAL_ATL,2010,10,REG,2010-11-11,Matt Ryan,ATL,BAL,4,01:05,-1,ATL 20,Tie or take lead,CONVERSION,Offense reached required score state,W,40.579,AVERAGE,no,1.2
2010_10_BAL_ATL,2010,10,REG,2010-11-11,Joe Flacco,BAL,ATL,4,00:20,-5,BAL 9,Tie or take lead,FAILURE,End game,L,4.536,VERY_DIFFICULT,no,1.2
2010_10_CIN_IND,2010,10,REG,2010-11-14,Carson Palmer,CIN,IND,4,00:46,-6,CIN 21,Tie or take lead,FAILURE,End game,L,7.843,VERY_DIFFICULT,no,1.2
2010_10_DET_BUF,2010,10,REG,2010-11-14,Shaun Hill,DET,BUF,4,03:45,-8,DET 12,TD + 2-point conversion,FAILURE,Two point conversion failed,L,5.504,VERY_DIFFICULT,no,1.2
2010_10_HOU_JAX,2010,10,REG,2010-11-14,Matt Schaub,HOU,JAX,4,01:34,0,HOU 33,Take lead,FAILURE,Fumble lost,L,64.062,FAVORABLE,no,1.2
2010_10_HOU_JAX,2010,10,REG,2010-11-14,David Garrard,JAX,HOU,4,00:08,0,JAX 34,Take lead,CONVERSION,Offense reached required score state,W,38.471,AVERAGE,no,1.2
2010_10_NYJ_CLE,2010,10,REG,2010-11-14,Colt McCoy,CLE,NYJ,5,01:35,0,CLE 3,Take lead,FAILURE,Punt,L,45.156,AVERAGE,no,1.2
2010_10_NYJ_CLE,2010,10,REG,2010-11-14,Mark Sanchez,NYJ,CLE,5,00:24,0,CLE 37,Take lead,CONVERSION,Offense reached required score state,W,85.223,VERY_FAVORABLE,no,1.2
2010_10_STL_SF,2010,10,REG,2010-11-14,Sam Bradford,LA,SF,5,15:00,0,LA 30,Take lead,FAILURE,Punt,L,59.59,FAVORABLE,no,1.2
2010_10_STL_SF,2010,10,REG,2010-11-14,Troy Smith,SF,LA,5,12:57,0,SF 34,Take lead,CONVERSION,Offense reached required score state,W,59.59,FAVORABLE,no,1.2
2010_11_CLE_JAX,2010,11,REG,2010-11-21,Colt McCoy,CLE,JAX,4,01:16,-4,CLE 20,Tie or take lead,FAILURE,Interception,L,19.525,VERY_DIFFICULT,no,1.2
2010_11_CLE_JAX,2010,11,REG,2010-11-21,David Garrard,JAX,CLE,4,02:46,-3,JAX 13,Tie or take lead,CONVERSION,Offense reached required score state,W,44.2,AVERAGE,no,1.2
2010_11_HOU_NYJ,2010,11,REG,2010-11-21,Mark Sanchez,NYJ,HOU,4,00:55,-4,NYJ 28,Tie or take lead,CONVERSION,Offense reached required score state,W,7.843,VERY_DIFFICULT,no,1.2
2010_11_IND_NE,2010,11,REG,2010-11-21,Peyton Manning,IND,NE,4,02:25,-3,IND 26,Tie or take lead,FAILURE,Interception,L,58.656,FAVORABLE,no,1.2
2010_11_WAS_TEN,2010,11,REG,2010-11-21,Rusty Smith,TEN,WAS,5,15:00,0,TEN 33,Take lead,FAILURE,Punt,L,59.59,FAVORABLE,no,1.2
2010_11_WAS_TEN,2010,11,REG,2010-11-21,Donovan McNabb,WAS,TEN,5,13:26,0,WAS 13,Take lead,CONVERSION,Offense reached required score state,W,45.156,AVERAGE,no,1.2
2010_12_CAR_CLE,2010,12,REG,2010-11-28,Jimmy Clausen,CAR,CLE,4,00:59,-1,CAR 5,Tie or take lead,CONVERSION,Missed or blocked fg 45 or shorter,L,11.796,VERY_DIFFICULT,no,1.2
2010_12_GB_ATL,2010,12,REG,2010-11-28,Matt Ryan,ATL,GB,4,00:56,0,GB 49,Take lead,CONVERSION,Offense reached required score state,W,51.583,AVERAGE,no,1.2
2010_12_GB_ATL,2010,12,REG,2010-11-28,Aaron Rodgers,GB,ATL,4,05:59,-7,GB 10,Touchdown,CONVERSION,Touchdown down 7 kicker neutral,L,19.367,VERY_DIFFICULT,no,1.2
2010_12_JAX_NYG,2010,12,REG,2010-11-28,David Garrard,JAX,NYG,4,03:15,-4,JAX 27,Tie or take lead,FAILURE,Fumble lost,L,33.513,DIFFICULT,no,1.2
2010_12_MIN_WAS,2010,12,REG,2010-11-28,Donovan McNabb,WAS,MIN,4,06:54,-4,WAS 11,Tie or take lead,FAILURE,Punt,L,28.243,DIFFICULT,no,1.2
2010_12_NO_DAL,2010,12,REG,2010-11-25,Jon Kitna,DAL,NO,4,01:55,-3,DAL 24,Tie or take lead,MANUAL_REVIEW,Missed or blocked fg 56 plus,L,,,no,1.2
2010_12_NO_DAL,2010,12,REG,2010-11-25,Drew Brees,NO,DAL,4,03:03,-4,NO 11,Tie or take lead,CONVERSION,Offense reached required score state,W,21.962,DIFFICULT,no,1.2
2010_12_PIT_BUF,2010,12,REG,2010-11-28,Ryan Fitzpatrick,BUF,PIT,5,12:04,0,BUF 34,Take lead,FAILURE,Punt,L,59.59,FAVORABLE,no,1.2
2010_12_PIT_BUF,2010,12,REG,2010-11-28,Ben Roethlisberger,PIT,BUF,5,09:20,0,PIT 20,Take lead,CONVERSION,Offense reached required score state,W,59.59,FAVORABLE,no,1.2
2010_12_STL_DEN,2010,12,REG,2010-11-28,Kyle Orton,DEN,LA,4,01:06,-3,DEN 34,Tie or take lead,FAILURE,Turnover on downs,L,40.579,AVERAGE,no,1.2
2010_13_ATL_TB,2010,13,REG,2010-12-05,Josh Freeman,TB,ATL,4,04:31,-4,TB 23,Tie or take lead,FAILURE,Interception,L,33.513,DIFFICULT,no,1.2
2010_13_CHI_DET,2010,13,REG,2010-12-05,Drew Stanton,DET,CHI,4,08:39,-4,CHI 44,Tie or take lead,FAILURE,Punt,L,54.57,AVERAGE,no,1.2
2010_13_CLE_MIA,2010,13,REG,2010-12-05,Jake Delhomme,CLE,MIA,4,00:54,0,MIA 2,Take lead,CONVERSION,Offense reached required score state,W,71.765,VERY_FAVORABLE,no,1.2
2010_13_CLE_MIA,2010,13,REG,2010-12-05,Chad Henne,MIA,CLE,4,01:34,0,MIA 25,Take lead,FAILURE,Interception,L,64.062,FAVORABLE,no,1.2
2010_13_DAL_IND,2010,13,REG,2010-12-05,Jon Kitna,DAL,IND,5,11:11,0,IND 36,Take lead,CONVERSION,Offense reached required score state,W,85.223,VERY_FAVORABLE,no,1.2
2010_13_DAL_IND,2010,13,REG,2010-12-05,Peyton Manning,IND,DAL,5,11:56,0,IND 27,Take lead,FAILURE,Interception,L,59.59,FAVORABLE,no,1.2
2010_13_DEN_KC,2010,13,REG,2010-12-05,Kyle Orton,DEN,KC,4,03:56,-4,DEN 15,Tie or take lead,FAILURE,Punt,L,21.962,DIFFICULT,no,1.2
2010_13_NO_CIN,2010,13,REG,2010-12-05,Carson Palmer,CIN,NO,4,00:31,-4,CIN 49,Tie or take lead,FAILURE,End game,L,12.665,VERY_DIFFICULT,no,1.2
2010_13_NO_CIN,2010,13,REG,2010-12-05,Drew Brees,NO,CIN,4,04:25,-3,NO 32,Tie or take lead,CONVERSION,Offense reached required score state,W,58.656,FAVORABLE,no,1.2
2010_13_PIT_BAL,2010,13,REG,2010-12-05,Joe Flacco,BAL,PIT,4,02:51,-3,BAL 18,Tie or take lead,FAILURE,Turnover on downs,L,44.2,AVERAGE,no,1.2
2010_13_PIT_BAL,2010,13,REG,2010-12-05,Ben Roethlisberger,PIT,BAL,4,03:13,-4,BAL 9,Tie or take lead,CONVERSION,Offense reached required score state,W,67.202,FAVORABLE,no,1.2
2010_14_BAL_HOU,2010,14,REG,2010-12-13,Joe Flacco,BAL,HOU,5,15:00,0,BAL 20,Take lead,FAILURE,Punt,W,59.59,FAVORABLE,no,1.2
2010_14_BAL_HOU,2010,14,REG,2010-12-13,Matt Schaub,HOU,BAL,5,12:06,0,HOU 9,Take lead,FAILURE,Opp touchdown,L,45.156,AVERAGE,no,1.2
2010_14_CLE_BUF,2010,14,REG,2010-12-12,Jake Delhomme,CLE,BUF,4,04:37,-7,CLE 47,Touchdown,FAILURE,Interception,L,34.388,DIFFICULT,no,1.2
2010_14_GB_DET,2010,14,REG,2010-12-12,Matt Flynn,GB,DET,4,03:58,-4,GB 9,Tie or take lead,FAILURE,Turnover on downs,L,21.962,DIFFICULT,no,1.2
2010_14_MIA_NYJ,2010,14,REG,2010-12-12,Mark Sanchez,NYJ,MIA,4,02:16,-4,NYJ 25,Tie or take lead,FAILURE,Turnover on downs,L,33.513,DIFFICULT,no,1.2
2010_14_OAK_JAX,2010,14,REG,2010-12-12,David Garrard,JAX,LV,4,01:53,0,LV 30,Take lead,CONVERSION,Offense reached required score state,W,87.456,VERY_FAVORABLE,no,1.2
2010_14_OAK_JAX,2010,14,REG,2010-12-12,Jason Campbell,LV,JAX,4,01:34,-7,LV 40,Touchdown,FAILURE,End game,L,20.145,DIFFICULT,no,1.2
2010_14_TB_WAS,2010,14,REG,2010-12-12,Josh Freeman,TB,WAS,4,07:22,-1,TB 20,Tie or take lead,CONVERSION,Offense reached required score state,W,66.49,FAVORABLE,no,1.2
2010_14_TB_WAS,2010,14,REG,2010-12-12,Donovan McNabb,WAS,TB,4,03:47,-7,WAS 25,Touchdown,CONVERSION,Touchdown down 7 kicker neutral,L,23.523,DIFFICULT,no,1.2
2010_15_BUF_MIA,2010,15,REG,2010-12-19,Chad Henne,MIA,BUF,4,00:41,-3,MIA 20,Tie or take lead,FAILURE,Fumble lost,L,19.325,VERY_DIFFICULT,no,1.2
2010_15_DET_TB,2010,15,REG,2010-12-19,Drew Stanton,DET,TB,5,15:00,0,DET 21,Take lead,CONVERSION,Offense reached required score state,W,59.59,FAVORABLE,no,1.2
2010_15_DET_TB,2010,15,REG,2010-12-19,Josh Freeman,TB,DET,4,05:48,0,TB 35,Take lead,CONVERSION,Offense reached required score state,L,83.817,VERY_FAVORABLE,no,1.2
2010_15_GB_NE,2010,15,REG,2010-12-19,Matt Flynn,GB,NE,4,04:22,-4,GB 43,Tie or take lead,FAILURE,Fumble lost,L,46.204,AVERAGE,no,1.2
2010_15_NO_BAL,2010,15,REG,2010-12-19,Drew Brees,NO,BAL,4,02:51,-3,NO 4,Tie or take lead,FAILURE,Interception,L,44.2,AVERAGE,no,1.2
2010_15_NYJ_PIT,2010,15,REG,2010-12-19,Ben Roethlisberger,PIT,NYJ,4,02:08,-5,PIT 8,Tie or take lead,FAILURE,End game,L,21.962,DIFFICULT,no,1.2
2010_15_PHI_NYG,2010,15,REG,2010-12-19,Eli Manning,NYG,PHI,4,01:16,0,NYG 36,Take lead,FAILURE,Punt,L,64.062,FAVORABLE,no,1.2
2010_15_PHI_NYG,2010,15,REG,2010-12-19,Mike Vick,PHI,NYG,4,03:01,-7,PHI 12,Touchdown,CONVERSION,Touchdown down 7 kicker neutral,W,14.657,VERY_DIFFICULT,no,1.2
2010_15_WAS_DAL,2010,15,REG,2010-12-19,Jon Kitna,DAL,WAS,4,03:11,0,DAL 48,Take lead,CONVERSION,Offense reached required score state,W,86.32,VERY_FAVORABLE,no,1.2
2010_15_WAS_DAL,2010,15,REG,2010-12-19,Rex Grossman,WAS,DAL,4,00:50,-3,WAS 20,Tie or take lead,FAILURE,Interception,L,19.325,VERY_DIFFICULT,no,1.2
2010_16_DAL_ARI,2010,16,REG,2010-12-25,John Skelton,ARI,DAL,4,01:41,-2,ARI 24,Tie or take lead,CONVERSION,Offense reached required score state,W,40.579,AVERAGE,no,1.2
2010_16_DAL_ARI,2010,16,REG,2010-12-25,Stephen McGee,DAL,ARI,4,03:45,-4,DAL 20,Tie or take lead,CONVERSION,Offense reached required score state,L,33.513,DIFFICULT,no,1.2
2010_16_DET_MIA,2010,16,REG,2010-12-26,Shaun Hill,DET,MIA,4,03:41,-3,MIA 36,Tie or take lead,CONVERSION,Offense reached required score state,W,84.73,VERY_FAVORABLE,no,1.2
2010_16_DET_MIA,2010,16,REG,2010-12-26,Chad Henne,MIA,DET,4,02:11,-7,MIA 8,Touchdown,FAILURE,End game,L,14.657,VERY_DIFFICULT,no,1.2
2010_16_HOU_DEN,2010,16,REG,2010-12-26,Tim Tebow,DEN,HOU,4,07:42,-6,DEN 24,Tie or take lead,CONVERSION,Offense reached required score state,W,41.347,AVERAGE,no,1.2
2010_16_HOU_DEN,2010,16,REG,2010-12-26,Matt Schaub,HOU,DEN,4,03:02,-1,HOU 17,Tie or take lead,FAILURE,Interception,L,44.2,AVERAGE,no,1.2
2010_16_NO_ATL,2010,16,REG,2010-12-27,Matt Ryan,ATL,NO,4,03:24,-3,ATL 19,Tie or take lead,FAILURE,Punt,L,44.2,AVERAGE,no,1.2
2010_16_NYJ_CHI,2010,16,REG,2010-12-26,Mark Sanchez,NYJ,CHI,4,01:03,-4,NYJ 28,Tie or take lead,FAILURE,Interception,L,19.525,VERY_DIFFICULT,no,1.2
2010_16_SF_STL,2010,16,REG,2010-12-26,Alex Smith,SF,LA,4,01:06,-8,SF 19,TD + 2-point conversion,FAILURE,End game,L,2.727,VERY_DIFFICULT,no,1.2
2010_16_WAS_JAX,2010,16,REG,2010-12-26,David Garrard,JAX,WAS,5,15:00,0,JAX 11,Take lead,FAILURE,Interception,L,45.156,AVERAGE,no,1.2
2010_16_WAS_JAX,2010,16,REG,2010-12-26,Rex Grossman,WAS,JAX,5,13:25,0,JAX 14,Take lead,CONVERSION,Offense reached required score state,W,85.703,VERY_FAVORABLE,no,1.2
2010_17_CHI_GB,2010,17,REG,2011-01-02,Jay Cutler,CHI,GB,4,04:49,-7,CHI 2,Touchdown,FAILURE,Interception,L,14.657,VERY_DIFFICULT,no,1.2
2010_17_CIN_BAL,2010,17,REG,2011-01-02,Carson Palmer,CIN,BAL,4,00:45,-6,CIN 31,Tie or take lead,FAILURE,Turnover on downs,L,7.843,VERY_DIFFICULT,no,1.2
2010_17_DAL_PHI,2010,17,REG,2011-01-02,Stephen McGee,DAL,PHI,4,02:54,-6,DAL 46,Tie or take lead,CONVERSION,Offense reached required score state,W,46.204,AVERAGE,no,1.2
2010_17_DAL_PHI,2010,17,REG,2011-01-02,Kevin Kolb,PHI,DAL,4,00:55,-1,PHI 20,Tie or take lead,FAILURE,Interception,L,19.325,VERY_DIFFICULT,no,1.2
2010_17_NYG_WAS,2010,17,REG,2011-01-02,Rex Grossman,WAS,NYG,4,02:11,-3,WAS 17,Tie or take lead,FAILURE,Turnover on downs,L,44.2,AVERAGE,no,1.2
2010_17_SD_DEN,2010,17,REG,2011-01-02,Tim Tebow,DEN,LAC,4,00:26,-5,DEN 40,Tie or take lead,FAILURE,End game,L,12.665,VERY_DIFFICULT,no,1.2
2010_17_TEN_IND,2010,17,REG,2011-01-02,Peyton Manning,IND,TEN,4,01:25,0,IND 38,Take lead,CONVERSION,Offense reached required score state,W,64.062,FAVORABLE,no,1.2
2010_17_TEN_IND,2010,17,REG,2011-01-02,Kerry Collins,TEN,IND,4,01:34,0,IND 37,Take lead,FAILURE,Fumble lost,L,87.456,VERY_FAVORABLE,no,1.2
2010_18_GB_PHI,2010,18,POST,2011-01-09,Mike Vick,PHI,GB,4,01:45,-5,PHI 34,Tie or take lead,FAILURE,Interception,L,19.525,VERY_DIFFICULT,no,1.2
2010_18_NYJ_IND,2010,18,POST,2011-01-08,Peyton Manning,IND,NYJ,4,02:36,-1,IND 20,Tie or take lead,CONVERSION,Offense reached required score state,L,58.656,FAVORABLE,no,1.2
2010_18_NYJ_IND,2010,18,POST,2011-01-08,Mark Sanchez,NYJ,IND,4,00:53,-2,NYJ 46,Tie or take lead,CONVERSION,Offense reached required score state,W,28.985,DIFFICULT,no,1.2
2010_19_BAL_PIT,2010,19,POST,2011-01-15,Joe Flacco,BAL,PIT,4,01:33,-7,PIT 48,Touchdown,FAILURE,Turnover on downs,L,20.145,DIFFICULT,no,1.2
2010_19_BAL_PIT,2010,19,POST,2011-01-15,Ben Roethlisberger,PIT,BAL,4,03:54,0,PIT 35,Take lead,CONVERSION,Offense reached required score state,W,78.738,VERY_FAVORABLE,no,1.2
2010_20_GB_CHI,2010,20,POST,2011-01-23,Caleb Hanie,CHI,GB,4,02:53,-7,CHI 29,Touchdown,FAILURE,Interception,L,23.523,DIFFICULT,no,1.2
2010_21_PIT_GB,2010,21,POST,2011-02-06,Ben Roethlisberger,PIT,GB,4,02:07,-6,PIT 13,Tie or take lead,FAILURE,Turnover on downs,L,21.962,DIFFICULT,no,1.2
2011_01_CAR_ARI,2011,1,REG,2011-09-11,Cam Newton,CAR,ARI,4,02:20,-7,CAR 17,Touchdown,FAILURE,Turnover on downs,L,14.358,VERY_DIFFICULT,no,1.2
2011_01_DAL_NYJ,2011,1,REG,2011-09-11,Tony Romo,DAL,NYJ,4,00:27,-3,DAL 20,Tie or take lead,FAILURE,Fumble lost,L,19.912,VERY_DIFFICULT,no,1.2
2011_01_DAL_NYJ,2011,1,REG,2011-09-11,Mark Sanchez,NYJ,DAL,4,00:49,0,DAL 34,Take lead,CONVERSION,Offense reached required score state,W,70.948,VERY_FAVORABLE,no,1.2
2011_01_DET_TB,2011,1,REG,2011-09-11,Josh Freeman,TB,DET,4,01:07,-7,TB 20,Touchdown,FAILURE,Fumble lost,L,13.43,VERY_DIFFICULT,no,1.2
2011_01_MIN_SD,2011,1,REG,2011-09-11,Donovan McNabb,MIN,LAC,4,05:01,-7,MIN 20,Touchdown,FAILURE,Punt,L,30.962,DIFFICULT,no,1.2
2011_01_NO_GB,2011,1,REG,2011-09-08,Drew Brees,NO,GB,4,01:08,-8,NO 20,TD + 2-point conversion,FAILURE,End game,L,4.743,VERY_DIFFICULT,no,1.2
2011_01_TEN_JAX,2011,1,REG,2011-09-11,Matt Hasselbeck,TEN,JAX,4,01:45,-2,TEN 3,Tie or take lead,FAILURE,Interception,L,26.275,DIFFICULT,no,1.2
2011_02_ARI_WAS,2011,2,REG,2011-09-18,Kevin Kolb,ARI,WAS,4,01:45,-1,ARI 20,Tie or take lead,FAILURE,Fumble lost,L,40.49,AVERAGE,no,1.2
2011_02_CIN_DEN,2011,2,REG,2011-09-18,Andy Dalton,CIN,DEN,4,02:25,-2,CIN 5,Tie or take lead,FAILURE,Turnover on downs,L,42.374,AVERAGE,no,1.2
2011_02_DAL_SF,2011,2,REG,2011-09-18,Tony Romo,DAL,SF,5,12:57,0,DAL 22,Take lead,CONVERSION,Offense reached required score state,W,59.618,FAVORABLE,no,1.2
2011_02_DAL_SF,2011,2,REG,2011-09-18,Alex Smith,SF,DAL,5,15:00,0,SF 20,Take lead,FAILURE,Punt,L,59.618,FAVORABLE,no,1.2
2011_02_OAK_BUF,2011,2,REG,2011-09-18,Ryan Fitzpatrick,BUF,LV,4,03:41,-4,BUF 20,Tie or take lead,CONVERSION,Offense reached required score state,W,33.524,DIFFICULT,no,1.2
2011_02_OAK_BUF,2011,2,REG,2011-09-18,Jason Campbell,LV,BUF,4,00:14,-3,LV 20,Tie or take lead,FAILURE,Interception,L,19.912,VERY_DIFFICULT,no,1.2
2011_02_PHI_ATL,2011,2,REG,2011-09-18,Mike Kafka,PHI,ATL,4,04:48,-4,PHI 9,Tie or take lead,FAILURE,Turnover on downs,L,20.896,DIFFICULT,no,1.2
2011_02_TB_MIN,2011,2,REG,2011-09-18,Donovan McNabb,MIN,TB,4,00:31,-4,MIN 10,Tie or take lead,FAILURE,Fumble lost,L,4.47,VERY_DIFFICULT,no,1.2
2011_02_TB_MIN,2011,2,REG,2011-09-18,Josh Freeman,TB,MIN,4,04:12,-3,TB 39,Tie or take lead,CONVERSION,Offense reached required score state,W,58.399,FAVORABLE,no,1.2
2011_03_ARI_SEA,2011,3,REG,2011-09-25,Kevin Kolb,ARI,SEA,4,00:35,-3,ARI 23,Tie or take lead,FAILURE,End game,L,19.912,VERY_DIFFICULT,no,1.2
2011_03_ATL_TB,2011,3,REG,2011-09-25,Matt Ryan,ATL,TB,4,07:46,-6,ATL 32,Tie or take lead,FAILURE,Field goal no conversion,L,41.404,AVERAGE,no,1.2
2011_03_DEN_TEN,2011,3,REG,2011-09-25,Kyle Orton,DEN,TEN,4,04:24,-3,DEN 20,Tie or take lead,FAILURE,Interception,L,58.399,FAVORABLE,no,1.2
2011_03_DET_MIN,2011,3,REG,2011-09-25,Matthew Stafford,DET,MIN,5,15:00,0,DET 27,Take lead,CONVERSION,Offense reached required score state,W,59.618,FAVORABLE,no,1.2
2011_03_DET_MIN,2011,3,REG,2011-09-25,Donovan McNabb,MIN,DET,4,00:11,0,MIN 40,Take lead,FAILURE,End half,L,52.469,AVERAGE,no,1.2
2011_03_HOU_NO,2011,3,REG,2011-09-25,Matt Schaub,HOU,NO,4,02:42,-7,HOU 20,Touchdown,FAILURE,Turnover on downs,L,24.247,DIFFICULT,no,1.2
2011_03_JAX_CAR,2011,3,REG,2011-09-25,Blaine Gabbert,JAX,CAR,4,01:02,-6,JAX 20,Tie or take lead,FAILURE,End game,L,19.642,VERY_DIFFICULT,no,1.2
2011_03_KC_SD,2011,3,REG,2011-09-25,Matt Cassel,KC,LAC,4,01:26,-3,KC 34,Tie or take lead,FAILURE,Interception,L,40.49,AVERAGE,no,1.2
2011_03_MIA_CLE,2011,3,REG,2011-09-25,Colt McCoy,CLE,MIA,4,03:23,-6,CLE 20,Tie or take lead,CONVERSION,Offense reached required score state,W,33.524,DIFFICULT,no,1.2
2011_03_MIA_CLE,2011,3,REG,2011-09-25,Chad Henne,MIA,CLE,4,00:43,-1,CLE 47,Tie or take lead,FAILURE,Interception,L,29.433,DIFFICULT,no,1.2
2011_03_NE_BUF,2011,3,REG,2011-09-25,Ryan Fitzpatrick,BUF,NE,4,03:25,0,BUF 20,Take lead,CONVERSION,Offense reached required score state,W,78.793,VERY_FAVORABLE,no,1.2
2011_03_NE_BUF,2011,3,REG,2011-09-25,Tom Brady,NE,BUF,4,10:22,-7,NE 29,Touchdown,CONVERSION,Touchdown down 7 kicker neutral,L,31.5,DIFFICULT,no,1.2
2011_03_PIT_IND,2011,3,REG,2011-09-25,Curtis Painter,IND,PIT,4,05:13,-7,IND 20,Touchdown,CONVERSION,Touchdown down 7 kicker neutral,L,30.962,DIFFICULT,no,1.2
2011_03_PIT_IND,2011,3,REG,2011-09-25,Ben Roethlisberger,PIT,IND,4,02:09,0,PIT 20,Take lead,CONVERSION,Offense reached required score state,W,78.793,VERY_FAVORABLE,no,1.2
2011_03_SF_CIN,2011,3,REG,2011-09-25,Andy Dalton,CIN,SF,4,02:16,-7,CIN 17,Touchdown,FAILURE,Interception,L,14.358,VERY_DIFFICULT,no,1.2
2011_03_WAS_DAL,2011,3,REG,2011-09-26,Tony Romo,DAL,WAS,4,03:44,-1,DAL 14,Tie or take lead,CONVERSION,Offense reached required score state,W,42.374,AVERAGE,no,1.2
2011_03_WAS_DAL,2011,3,REG,2011-09-26,Rex Grossman,WAS,DAL,4,01:47,-2,WAS 20,Tie or take lead,FAILURE,Fumble lost,L,40.49,AVERAGE,no,1.2
2011_04_ATL_SEA,2011,4,REG,2011-10-02,Tarvaris Jackson,SEA,ATL,4,01:49,-2,SEA 15,Tie or take lead,MANUAL_REVIEW,Missed or blocked fg 56 plus,L,,,no,1.2
2011_04_BUF_CIN,2011,4,REG,2011-10-02,Ryan Fitzpatrick,BUF,CIN,4,04:09,0,BUF 20,Take lead,FAILURE,Punt,L,78.793,VERY_FAVORABLE,no,1.2
2011_04_BUF_CIN,2011,4,REG,2011-10-02,Andy Dalton,CIN,BUF,4,01:48,0,CIN 19,Take lead,CONVERSION,Offense reached required score state,W,48.54,AVERAGE,no,1.2
2011_04_DET_DAL,2011,4,REG,2011-10-02,Tony Romo,DAL,DET,4,01:39,-4,DAL 20,Tie or take lead,FAILURE,Turnover on downs,L,19.642,VERY_DIFFICULT,no,1.2
2011_04_DET_DAL,2011,4,REG,2011-10-02,Matthew Stafford,DET,DAL,4,04:13,-3,DAL 40,Tie or take lead,CONVERSION,Offense reached required score state,W,83.896,VERY_FAVORABLE,no,1.2
2011_04_IND_TB,2011,4,REG,2011-10-03,Curtis Painter,IND,TB,4,03:15,-7,IND 20,Touchdown,FAILURE,Punt,L,24.247,DIFFICULT,no,1.2
2011_04_MIN_KC,2011,4,REG,2011-10-02,Donovan McNabb,MIN,KC,4,04:07,-5,MIN 15,Tie or take lead,FAILURE,Turnover on downs,L,20.896,DIFFICULT,no,1.2
2011_04_NYG_ARI,2011,4,REG,2011-10-02,Kevin Kolb,ARI,NYG,4,02:39,-4,ARI 24,Tie or take lead,FAILURE,Turnover on downs,L,33.524,DIFFICULT,no,1.2
2011_04_NYG_ARI,2011,4,REG,2011-10-02,Eli Manning,NYG,ARI,4,03:10,-3,ARI 48,Tie or take lead,CONVERSION,Offense reached required score state,W,70.193,VERY_FAVORABLE,no,1.2
2011_04_PIT_HOU,2011,4,REG,2011-10-02,Ben Roethlisberger,PIT,HOU,4,01:02,-7,PIT 1,Touchdown,FAILURE,Interception,L,7.515,VERY_DIFFICULT,no,1.2
2011_04_SF_PHI,2011,4,REG,2011-10-02,Mike Vick,PHI,SF,4,03:00,-1,PHI 20,Tie or take lead,FAILURE,Fumble lost,L,58.399,FAVORABLE,no,1.2
2011_04_WAS_STL,2011,4,REG,2011-10-02,Sam Bradford,LA,WAS,4,03:20,-7,LA 28,Touchdown,FAILURE,Turnover on downs,L,24.247,DIFFICULT,no,1.2
2011_05_CIN_JAX,2011,5,REG,2011-10-09,Blaine Gabbert,JAX,CIN,4,01:56,-3,JAX 33,Tie or take lead,FAILURE,Fumble lost,L,40.49,AVERAGE,no,1.2
2011_05_KC_IND,2011,5,REG,2011-10-09,Curtis Painter,IND,KC,4,05:15,-4,IND 20,Tie or take lead,FAILURE,Turnover on downs,L,41.404,AVERAGE,no,1.2
2011_05_NO_CAR,2011,5,REG,2011-10-09,Cam Newton,CAR,NO,4,00:50,-3,CAR 20,Tie or take lead,FAILURE,End game,L,19.912,VERY_DIFFICULT,no,1.2
2011_05_NO_CAR,2011,5,REG,2011-10-09,Drew Brees,NO,CAR,4,07:06,-4,NO 11,Tie or take lead,CONVERSION,Offense reached required score state,W,27.014,DIFFICULT,no,1.2
2011_05_OAK_HOU,2011,5,REG,2011-10-09,Matt Schaub,HOU,LV,4,01:50,-5,HOU 37,Tie or take lead,FAILURE,Turnover,L,19.642,VERY_DIFFICULT,no,1.2
2011_05_PHI_BUF,2011,5,REG,2011-10-09,Mike Vick,PHI,BUF,4,05:39,-7,PHI 20,Touchdown,FAILURE,Interception,L,30.962,DIFFICULT,no,1.2
2011_05_SD_DEN,2011,5,REG,2011-10-09,Tim Tebow,DEN,LAC,4,00:24,-5,DEN 20,Tie or take lead,FAILURE,End game,L,8.2,VERY_DIFFICULT,no,1.2
2011_05_SEA_NYG,2011,5,REG,2011-10-09,Charlie Whitehurst,SEA,NYG,4,04:49,-3,SEA 20,Tie or take lead,CONVERSION,Offense reached required score state,W,58.399,FAVORABLE,no,1.2
2011_06_BUF_NYG,2011,6,REG,2011-10-16,Ryan Fitzpatrick,BUF,NYG,4,01:32,-3,BUF 20,Tie or take lead,FAILURE,Turnover on downs,L,40.49,AVERAGE,no,1.2
2011_06_BUF_NYG,2011,6,REG,2011-10-16,Eli Manning,NYG,BUF,4,04:02,0,NYG 19,Take lead,CONVERSION,Offense reached required score state,W,66.057,FAVORABLE,no,1.2
2011_06_CLE_OAK,2011,6,REG,2011-10-16,Colt McCoy,CLE,LV,4,01:06,-7,LV 49,Touchdown,FAILURE,Turnover on downs,L,20.651,DIFFICULT,no,1.2
2011_06_DAL_NE,2011,6,REG,2011-10-16,Tony Romo,DAL,NE,4,00:22,-4,DAL 20,Tie or take lead,FAILURE,End game,L,8.2,VERY_DIFFICULT,no,1.2
2011_06_DAL_NE,2011,6,REG,2011-10-16,Tom Brady,NE,DAL,4,02:31,-3,NE 20,Tie or take lead,CONVERSION,Offense reached required score state,W,58.399,FAVORABLE,no,1.2
2011_06_JAX_PIT,2011,6,REG,2011-10-16,Blaine Gabbert,JAX,PIT,4,01:01,-4,JAX 23,Tie or take lead,FAILURE,End game,L,19.642,VERY_DIFFICULT,no,1.2
2011_06_NO_TB,2011,6,REG,2011-10-16,Drew Brees,NO,TB,4,07:24,-6,NO 24,Tie or take lead,FAILURE,Interception,L,41.404,AVERAGE,no,1.2
2011_06_SF_DET,2011,6,REG,2011-10-16,Matthew Stafford,DET,SF,4,01:02,-6,DET 20,Tie or take lead,FAILURE,End game,L,19.642,VERY_DIFFICULT,no,1.2
2011_07_ATL_DET,2011,7,REG,2011-10-23,Matthew Stafford,DET,ATL,4,03:20,-7,DET 13,Touchdown,FAILURE,Turnover on downs,L,14.358,VERY_DIFFICULT,no,1.2
2011_07_BAL_JAX,2011,7,REG,2011-10-24,Joe Flacco,BAL,JAX,4,01:43,-5,BAL 20,Tie or take lead,FAILURE,Interception,L,19.642,VERY_DIFFICULT,no,1.2
2011_07_CHI_TB,2011,7,REG,2011-10-23,Josh Freeman,TB,CHI,4,01:55,-6,TB 28,Tie or take lead,FAILURE,Interception,L,19.642,VERY_DIFFICULT,no,1.2
2011_07_DEN_MIA,2011,7,REG,2011-10-23,Tim Tebow,DEN,MIA,5,09:30,0,MIA 36,Take lead,CONVERSION,Offense reached required score state,W,84.565,VERY_FAVORABLE,no,1.2
2011_07_DEN_MIA,2011,7,REG,2011-10-23,Matt Moore,MIA,DEN,5,11:48,0,MIA 15,Take lead,FAILURE,Fumble lost,L,43.609,AVERAGE,no,1.2
2011_07_GB_MIN,2011,7,REG,2011-10-23,Christian Ponder,MIN,GB,4,05:26,-6,MIN 2,Tie or take lead,FAILURE,Punt,L,27.014,DIFFICULT,no,1.2
2011_07_SD_NYJ,2011,7,REG,2011-10-23,Philip Rivers,LAC,NYJ,4,01:36,-6,LAC 24,Tie or take lead,FAILURE,Turnover on downs,L,19.642,VERY_DIFFICULT,no,1.2
2011_07_SEA_CLE,2011,7,REG,2011-10-23,Charlie Whitehurst,SEA,CLE,4,03:05,-3,SEA 20,Tie or take lead,FAILURE,Turnover on downs,L,58.399,FAVORABLE,no,1.2
2011_08_ARI_BAL,2011,8,REG,2011-10-30,Kevin Kolb,ARI,BAL,4,03:07,0,ARI 2,Take lead,FAILURE,Punt,L,66.057,FAVORABLE,no,1.2
2011_08_ARI_BAL,2011,8,REG,2011-10-30,Joe Flacco,BAL,ARI,4,00:52,0,ARI 44,Take lead,CONVERSION,Offense reached required score state,W,52.469,AVERAGE,no,1.2
2011_08_MIA_NYG,2011,8,REG,2011-10-30,Matt Moore,MIA,NYG,4,03:35,-3,MIA 16,Tie or take lead,FAILURE,Interception,L,42.374,AVERAGE,no,1.2
2011_08_MIN_CAR,2011,8,REG,2011-10-30,Cam Newton,CAR,MIN,4,02:43,-3,CAR 24,Tie or take lead,CONVERSION,Missed or blocked fg 45 or shorter,L,58.399,FAVORABLE,no,1.2
2011_08_MIN_CAR,2011,8,REG,2011-10-30,Christian Ponder,MIN,CAR,4,09:53,0,MIN 15,Take lead,CONVERSION,Offense reached required score state,W,73.168,VERY_FAVORABLE,no,1.2
2011_08_NE_PIT,2011,8,REG,2011-10-30,Tom Brady,NE,PIT,4,00:19,-6,NE 22,Tie or take lead,FAILURE,Safety,L,8.2,VERY_DIFFICULT,no,1.2
2011_08_SD_KC,2011,8,REG,2011-10-31,Matt Cassel,KC,LAC,5,12:44,0,KC 19,Take lead,CONVERSION,Offense reached required score state,W,43.609,AVERAGE,no,1.2
2011_08_SD_KC,2011,8,REG,2011-10-31,Philip Rivers,LAC,KC,5,15:00,0,LAC 20,Take lead,FAILURE,Punt,L,59.618,FAVORABLE,no,1.2
2011_09_BAL_PIT,2011,9,REG,2011-11-06,Joe Flacco,BAL,PIT,4,02:24,-4,BAL 8,Tie or take lead,CONVERSION,Offense reached required score state,W,20.896,DIFFICULT,no,1.2
2011_09_CHI_PHI,2011,9,REG,2011-11-07,Mike Vick,PHI,CHI,4,03:58,-6,PHI 37,Tie or take lead,FAILURE,Turnover on downs,L,33.524,DIFFICULT,no,1.2
2011_09_CIN_TEN,2011,9,REG,2011-11-06,Matt Hasselbeck,TEN,CIN,4,01:55,-7,TEN 20,Touchdown,FAILURE,End game,L,13.43,VERY_DIFFICULT,no,1.2
2011_09_GB_SD,2011,9,REG,2011-11-06,Philip Rivers,LAC,GB,4,01:05,-7,LAC 31,Touchdown,FAILURE,Interception,L,13.43,VERY_DIFFICULT,no,1.2
2011_09_NYG_NE,2011,9,REG,2011-11-06,Tom Brady,NE,NYG,4,03:03,-4,NE 36,Tie or take lead,CONVERSION,Offense reached required score state,L,33.524,DIFFICULT,no,1.2
2011_09_NYG_NE,2011,9,REG,2011-11-06,Eli Manning,NYG,NE,4,01:36,-3,NYG 20,Tie or take lead,CONVERSION,Offense reached required score state,W,40.49,AVERAGE,no,1.2
2011_09_STL_ARI,2011,9,REG,2011-11-06,John Skelton,ARI,LA,4,01:41,0,ARI 33,Take lead,FAILURE,Punt,W,64.296,FAVORABLE,no,1.2
2011_09_STL_ARI,2011,9,REG,2011-11-06,Sam Bradford,LA,ARI,5,15:00,0,LA 27,Take lead,FAILURE,Punt,L,59.618,FAVORABLE,no,1.2
2011_10_ARI_PHI,2011,10,REG,2011-11-13,John Skelton,ARI,PHI,4,05:06,-3,ARI 13,Tie or take lead,CONVERSION,Offense reached required score state,W,50.746,AVERAGE,no,1.2
2011_10_ARI_PHI,2011,10,REG,2011-11-13,Mike Vick,PHI,ARI,4,01:53,-4,PHI 19,Tie or take lead,FAILURE,Interception,L,11.35,VERY_DIFFICULT,no,1.2
2011_10_NO_ATL,2011,10,REG,2011-11-13,Matt Ryan,ATL,NO,5,12:04,0,ATL 20,Take lead,FAILURE,Turnover on downs,L,59.618,FAVORABLE,no,1.2
2011_10_NO_ATL,2011,10,REG,2011-11-13,Drew Brees,NO,ATL,5,10:46,0,ATL 29,Take lead,CONVERSION,Offense reached required score state,W,84.565,VERY_FAVORABLE,no,1.2
2011_10_NYG_SF,2011,10,REG,2011-11-13,Eli Manning,NYG,SF,4,06:35,-7,NYG 20,Touchdown,FAILURE,Turnover on downs,L,30.962,DIFFICULT,no,1.2
2011_10_OAK_SD,2011,10,REG,2011-11-10,Philip Rivers,LAC,LV,4,01:04,-7,LAC 11,Touchdown,FAILURE,Fumble lost,L,7.515,VERY_DIFFICULT,no,1.2
2011_10_PIT_CIN,2011,10,REG,2011-11-13,Andy Dalton,CIN,PIT,4,04:28,-7,PIT 49,Touchdown,FAILURE,Interception,L,34.936,DIFFICULT,no,1.2
2011_10_STL_CLE,2011,10,REG,2011-11-13,Colt McCoy,CLE,LA,4,07:42,-1,CLE 40,Tie or take lead,CONVERSION,Missed or blocked fg 45 or shorter,L,76.742,VERY_FAVORABLE,no,1.2
2011_11_CIN_BAL,2011,11,REG,2011-11-20,Andy Dalton,CIN,BAL,4,02:27,-7,CIN 14,Touchdown,FAILURE,Turnover on downs,L,14.358,VERY_DIFFICULT,no,1.2
2011_11_DAL_WAS,2011,11,REG,2011-11-20,Tony Romo,DAL,WAS,5,09:20,0,DAL 42,Take lead,CONVERSION,Offense reached required score state,W,71.237,VERY_FAVORABLE,no,1.2
2011_11_DAL_WAS,2011,11,REG,2011-11-20,Rex Grossman,WAS,DAL,5,15:00,0,WAS 18,Take lead,ND-K,Missed or blocked fg 46 to 55,L,,,no,1.2
2011_11_JAX_CLE,2011,11,REG,2011-11-20,Blaine Gabbert,JAX,CLE,4,02:49,-4,JAX 29,Tie or take lead,FAILURE,End game,L,33.524,DIFFICULT,no,1.2
2011_11_NYJ_DEN,2011,11,REG,2011-11-17,Tim Tebow,DEN,NYJ,4,05:54,-3,DEN 5,Tie or take lead,CONVERSION,Offense reached required score state,W,50.746,AVERAGE,no,1.2
2011_11_NYJ_DEN,2011,11,REG,2011-11-17,Mark Sanchez,NYJ,DEN,4,00:58,-4,NYJ 14,Tie or take lead,FAILURE,End game,L,4.47,VERY_DIFFICULT,no,1.2
2011_11_OAK_MIN,2011,11,REG,2011-11-20,Christian Ponder,MIN,LV,4,03:01,-6,MIN 29,Tie or take lead,FAILURE,Turnover on downs,L,33.524,DIFFICULT,no,1.2
2011_11_PHI_NYG,2011,11,REG,2011-11-20,Eli Manning,NYG,PHI,4,02:45,-7,NYG 9,Touchdown,FAILURE,Fumble lost,L,14.358,VERY_DIFFICULT,no,1.2
2011_12_ARI_STL,2011,12,REG,2011-11-27,Sam Bradford,LA,ARI,4,04:09,-3,LA 27,Tie or take lead,FAILURE,Punt,L,58.399,FAVORABLE,no,1.2
2011_12_BUF_NYJ,2011,12,REG,2011-11-27,Ryan Fitzpatrick,BUF,NYJ,4,01:01,-4,BUF 27,Tie or take lead,FAILURE,Turnover on downs,L,19.642,VERY_DIFFICULT,no,1.2
2011_12_BUF_NYJ,2011,12,REG,2011-11-27,Mark Sanchez,NYJ,BUF,4,05:44,-3,NYJ 18,Tie or take lead,CONVERSION,Offense reached required score state,W,50.746,AVERAGE,no,1.2
2011_12_CAR_IND,2011,12,REG,2011-11-27,Curtis Painter,IND,CAR,4,03:09,-8,IND 28,TD + 2-point conversion,FAILURE,Interception,L,9.315,VERY_DIFFICULT,no,1.2
2011_12_CHI_OAK,2011,12,REG,2011-11-27,Caleb Hanie,CHI,LV,4,01:01,-5,CHI 4,Tie or take lead,FAILURE,End game,L,11.35,VERY_DIFFICULT,no,1.2
2011_12_CLE_CIN,2011,12,REG,2011-11-27,Andy Dalton,CIN,CLE,4,01:51,0,CIN 45,Take lead,CONVERSION,Offense reached required score state,W,75.13,VERY_FAVORABLE,no,1.2
2011_12_CLE_CIN,2011,12,REG,2011-11-27,Colt McCoy,CLE,CIN,4,00:38,-3,CLE 26,Tie or take lead,FAILURE,Turnover on downs,L,19.912,VERY_DIFFICULT,no,1.2
2011_12_DEN_SD,2011,12,REG,2011-11-27,Tim Tebow,DEN,LAC,5,02:31,0,DEN 43,Take lead,CONVERSION,Offense reached required score state,W,71.237,VERY_FAVORABLE,no,1.2
2011_12_DEN_SD,2011,12,REG,2011-11-27,Philip Rivers,LAC,DEN,5,08:49,0,LAC 20,Take lead,ND-K,Missed or blocked fg 46 to 55,L,,,no,1.2
2011_12_HOU_JAX,2011,12,REG,2011-11-27,Luke McCown,JAX,HOU,4,03:04,-7,JAX 26,Touchdown,FAILURE,Turnover on downs,L,24.247,DIFFICULT,no,1.2
2011_12_MIA_DAL,2011,12,REG,2011-11-24,Tony Romo,DAL,MIA,4,02:59,-2,DAL 36,Tie or take lead,CONVERSION,Offense reached required score state,W,58.399,FAVORABLE,no,1.2
2011_12_PIT_KC,2011,12,REG,2011-11-27,Tyler Palko,KC,PIT,4,04:12,-4,KC 30,Tie or take lead,FAILURE,Interception,L,33.524,DIFFICULT,no,1.2
2011_12_TB_TEN,2011,12,REG,2011-11-27,Josh Freeman,TB,TEN,4,01:44,-6,TB 20,Tie or take lead,FAILURE,Turnover on downs,L,19.642,VERY_DIFFICULT,no,1.2
2011_12_WAS_SEA,2011,12,REG,2011-11-27,Tarvaris Jackson,SEA,WAS,4,01:06,-6,SEA 20,Tie or take lead,FAILURE,Interception,L,19.642,VERY_DIFFICULT,no,1.2
2011_13_ATL_HOU,2011,13,REG,2011-12-04,Matt Ryan,ATL,HOU,4,00:59,-7,ATL 33,Touchdown,FAILURE,End game,L,5.365,VERY_DIFFICULT,no,1.2
2011_13_DAL_ARI,2011,13,REG,2011-12-04,Kevin Kolb,ARI,DAL,5,15:00,0,ARI 20,Take lead,CONVERSION,Offense reached required score state,W,59.618,FAVORABLE,no,1.2
2011_13_DAL_ARI,2011,13,REG,2011-12-04,Tony Romo,DAL,ARI,4,02:54,0,DAL 32,Take lead,ND-K,Missed or blocked fg 46 to 55,L,,,no,1.2
2011_13_DEN_MIN,2011,13,REG,2011-12-04,Tim Tebow,DEN,MIN,4,01:25,0,MIN 15,Take lead,CONVERSION,Offense reached required score state,W,88.88,VERY_FAVORABLE,no,1.2
2011_13_DEN_MIN,2011,13,REG,2011-12-04,Christian Ponder,MIN,DEN,4,01:33,0,MIN 20,Take lead,FAILURE,Interception,L,64.296,FAVORABLE,no,1.2
2011_13_GB_NYG,2011,13,REG,2011-12-04,Aaron Rodgers,GB,NYG,4,00:58,0,GB 20,Take lead,CONVERSION,Offense reached required score state,W,39.688,AVERAGE,no,1.2
2011_13_GB_NYG,2011,13,REG,2011-12-04,Eli Manning,NYG,GB,4,03:34,-8,NYG 31,TD + 2-point conversion,CONVERSION,Offense reached required score state,L,9.315,VERY_DIFFICULT,no,1.2
2011_13_KC_CHI,2011,13,REG,2011-12-04,Caleb Hanie,CHI,KC,4,02:52,-7,CHI 30,Touchdown,FAILURE,Turnover on downs,L,24.247,DIFFICULT,no,1.2
2011_13_TEN_BUF,2011,13,REG,2011-12-04,Ryan Fitzpatrick,BUF,TEN,4,01:02,-6,BUF 15,Tie or take lead,FAILURE,Turnover on downs,L,11.35,VERY_DIFFICULT,no,1.2
2011_14_ATL_CAR,2011,14,REG,2011-12-11,Cam Newton,CAR,ATL,4,04:17,-8,CAR 20,TD + 2-point conversion,FAILURE,Turnover on downs,L,9.315,VERY_DIFFICULT,no,1.2
2011_14_CHI_DEN,2011,14,REG,2011-12-11,Caleb Hanie,CHI,DEN,5,15:00,0,CHI 20,Take lead,FAILURE,Fumble lost,L,59.618,FAVORABLE,no,1.2
2011_14_CHI_DEN,2011,14,REG,2011-12-11,Tim Tebow,DEN,CHI,5,12:47,0,DEN 34,Take lead,CONVERSION,Offense reached required score state,W,59.618,FAVORABLE,no,1.2
2011_14_HOU_CIN,2011,14,REG,2011-12-11,T.J. Yates,HOU,CIN,4,02:33,-6,HOU 20,Tie or take lead,CONVERSION,Offense reached required score state,W,33.524,DIFFICULT,no,1.2
2011_14_MIN_DET,2011,14,REG,2011-12-11,Joe Webb,MIN,DET,4,03:32,-6,MIN 20,Tie or take lead,FAILURE,Fumble lost,L,33.524,DIFFICULT,no,1.2
2011_14_NE_WAS,2011,14,REG,2011-12-11,Rex Grossman,WAS,NE,4,06:30,-7,WAS 20,Touchdown,FAILURE,Interception,L,30.962,DIFFICULT,no,1.2
2011_14_NO_TEN,2011,14,REG,2011-12-11,Jake Locker,TEN,NO,4,01:34,-5,TEN 20,Tie or take lead,FAILURE,End game,L,19.642,VERY_DIFFICULT,no,1.2
2011_14_NYG_DAL,2011,14,REG,2011-12-11,Tony Romo,DAL,NYG,4,00:46,-3,DAL 20,Tie or take lead,ND-K,Missed or blocked fg 46 to 55,L,,,no,1.2
2011_14_NYG_DAL,2011,14,REG,2011-12-11,Eli Manning,NYG,DAL,4,02:12,-5,NYG 42,Tie or take lead,CONVERSION,Offense reached required score state,W,45.829,AVERAGE,no,1.2
2011_14_SF_ARI,2011,14,REG,2011-12-11,Alex Smith,SF,ARI,4,02:51,-2,SF 32,Tie or take lead,FAILURE,Turnover on downs,L,58.399,FAVORABLE,no,1.2
2011_15_CLE_ARI,2011,15,REG,2011-12-18,John Skelton,ARI,CLE,5,12:42,0,CLE 40,Take lead,CONVERSION,Offense reached required score state,W,84.565,VERY_FAVORABLE,no,1.2
2011_15_CLE_ARI,2011,15,REG,2011-12-18,Seneca Wallace,CLE,ARI,5,15:00,0,CLE 20,Take lead,FAILURE,Punt,L,59.618,FAVORABLE,no,1.2
2011_15_DET_OAK,2011,15,REG,2011-12-18,Matthew Stafford,DET,LV,4,02:14,-6,DET 2,Tie or take lead,CONVERSION,Offense reached required score state,W,20.896,DIFFICULT,no,1.2
2011_15_DET_OAK,2011,15,REG,2011-12-18,Carson Palmer,LV,DET,4,00:39,-1,LV 16,Tie or take lead,MANUAL_REVIEW,Missed or blocked fg 56 plus,L,,,no,1.2
2011_16_ARI_CIN,2011,16,REG,2011-12-24,John Skelton,ARI,CIN,4,00:48,-7,ARI 40,Touchdown,FAILURE,End game,L,8.684,VERY_DIFFICULT,no,1.2
2011_16_CLE_BAL,2011,16,REG,2011-12-24,Seneca Wallace,CLE,BAL,4,06:50,-6,CLE 27,Tie or take lead,FAILURE,Turnover on downs,L,41.404,AVERAGE,no,1.2
2011_16_HOU_IND,2011,16,REG,2011-12-22,T.J. Yates,HOU,IND,4,00:19,-3,HOU 24,Tie or take lead,FAILURE,End game,L,19.912,VERY_DIFFICULT,no,1.2
2011_16_HOU_IND,2011,16,REG,2011-12-22,Dan Orlovsky,IND,HOU,4,01:56,-4,IND 22,Tie or take lead,CONVERSION,Offense reached required score state,W,19.642,VERY_DIFFICULT,no,1.2
2011_16_MIN_WAS,2011,16,REG,2011-12-24,Rex Grossman,WAS,MIN,4,00:55,-7,WAS 36,Touchdown,FAILURE,End game,L,5.365,VERY_DIFFICULT,no,1.2
2011_16_OAK_KC,2011,16,REG,2011-12-24,Kyle Orton,KC,LV,4,00:16,0,KC 33,Take lead,ND-K,Missed or blocked fg 46 to 55,L,,,no,1.2
2011_16_OAK_KC,2011,16,REG,2011-12-24,Carson Palmer,LV,KC,5,15:00,0,LV 24,Take lead,CONVERSION,Offense reached required score state,W,59.618,FAVORABLE,no,1.2
2011_16_SF_SEA,2011,16,REG,2011-12-24,Tarvaris Jackson,SEA,SF,4,00:41,-2,SEA 26,Tie or take lead,FAILURE,Turnover on downs,L,19.912,VERY_DIFFICULT,no,1.2
2011_17_BAL_CIN,2011,17,REG,2012-01-01,Andy Dalton,CIN,BAL,4,01:05,-8,CIN 20,TD + 2-point conversion,FAILURE,End game,L,4.743,VERY_DIFFICULT,no,1.2
2011_17_CHI_MIN,2011,17,REG,2012-01-01,Joe Webb,MIN,CHI,4,01:51,-4,MIN 6,Tie or take lead,FAILURE,Interception,L,11.35,VERY_DIFFICULT,no,1.2
2011_17_DET_GB,2011,17,REG,2012-01-01,Matthew Stafford,DET,GB,4,01:10,-4,DET 20,Tie or take lead,FAILURE,Interception,L,19.642,VERY_DIFFICULT,no,1.2
2011_17_DET_GB,2011,17,REG,2012-01-01,Matt Flynn,GB,DET,4,02:39,-3,GB 20,Tie or take lead,CONVERSION,Offense reached required score state,W,58.399,FAVORABLE,no,1.2
2011_17_KC_DEN,2011,17,REG,2012-01-01,Tim Tebow,DEN,KC,4,00:58,-4,DEN 16,Tie or take lead,FAILURE,Interception,L,4.47,VERY_DIFFICULT,no,1.2
2011_17_PIT_CLE,2011,17,REG,2012-01-01,Seneca Wallace,CLE,PIT,4,01:46,-4,CLE 24,Tie or take lead,FAILURE,End game,L,19.642,VERY_DIFFICULT,no,1.2
2011_17_SEA_ARI,2011,17,REG,2012-01-01,John Skelton,ARI,SEA,5,13:55,0,ARI 19,Take lead,CONVERSION,Offense reached required score state,W,43.609,AVERAGE,no,1.2
2011_17_SEA_ARI,2011,17,REG,2012-01-01,Tarvaris Jackson,SEA,ARI,5,15:00,0,SEA 40,Take lead,FAILURE,Punt,L,71.237,VERY_FAVORABLE,no,1.2
2011_17_SF_STL,2011,17,REG,2012-01-01,Unresolved,LA,SF,4,03:37,-7,LA 46,Touchdown,MANUAL_REVIEW,Multi qb material participation,L,,,no,1.2
2011_17_TEN_HOU,2011,17,REG,2012-01-01,Jake Delhomme,HOU,TEN,4,01:49,-7,TEN 36,Touchdown,CONVERSION,Touchdown down 7 kicker neutral,L,36.537,AVERAGE,no,1.2
2011_18_PIT_DEN,2011,18,POST,2012-01-08,Tim Tebow,DEN,PIT,5,15:00,0,DEN 20,Take lead,CONVERSION,Offense reached required score state,W,59.618,FAVORABLE,no,1.2
2011_18_PIT_DEN,2011,18,POST,2012-01-08,Ben Roethlisberger,PIT,DEN,4,01:37,0,PIT 24,Take lead,FAILURE,Turnover on downs,L,64.296,FAVORABLE,no,1.2
2011_19_HOU_BAL,2011,19,POST,2012-01-15,T.J. Yates,HOU,BAL,4,00:45,-7,HOU 48,Touchdown,FAILURE,Turnover on downs,L,8.684,VERY_DIFFICULT,no,1.2
2011_19_NO_SF,2011,19,POST,2012-01-14,Drew Brees,NO,SF,4,02:11,-5,NO 12,Tie or take lead,CONVERSION,Offense reached required score state,L,20.896,DIFFICULT,no,1.2
2011_19_NO_SF,2011,19,POST,2012-01-14,Alex Smith,SF,NO,4,01:37,-3,SF 15,Tie or take lead,CONVERSION,Offense reached required score state,W,26.275,DIFFICULT,no,1.2
2011_20_BAL_NE,2011,20,POST,2012-01-22,Joe Flacco,BAL,NE,4,01:44,-3,BAL 21,Tie or take lead,CONVERSION,Missed or blocked fg 45 or shorter,L,40.49,AVERAGE,no,1.2
2011_20_NYG_SF,2011,20,POST,2012-01-22,Eli Manning,NYG,SF,5,09:32,0,SF 24,Take lead,CONVERSION,Offense reached required score state,W,84.565,VERY_FAVORABLE,no,1.2
2011_20_NYG_SF,2011,20,POST,2012-01-22,Alex Smith,SF,NYG,5,13:38,0,SF 22,Take lead,FAILURE,Punt,L,59.618,FAVORABLE,no,1.2
2011_21_NYG_NE,2011,21,POST,2012-02-05,Tom Brady,NE,NYG,4,00:57,-4,NE 20,Tie or take lead,FAILURE,End game,L,8.2,VERY_DIFFICULT,no,1.2
2011_21_NYG_NE,2011,21,POST,2012-02-05,Eli Manning,NYG,NE,4,03:46,-2,NYG 12,Tie or take lead,CONVERSION,Offense reached required score state,W,42.374,AVERAGE,no,1.2
2012_01_JAX_MIN,2012,1,REG,2012-09-09,Blaine Gabbert,JAX,MIN,5,11:06,-3,JAX 23,Tie or take lead,FAILURE,Turnover on downs,L,35.094,AVERAGE,no,1.2
2012_01_JAX_MIN,2012,1,REG,2012-09-09,Christian Ponder,MIN,JAX,5,15:00,0,MIN 25,Take lead,CONVERSION,Offense reached required score state,W,58.767,FAVORABLE,no,1.2
2012_01_PHI_CLE,2012,1,REG,2012-09-09,Brandon Weeden,CLE,PHI,4,01:18,-1,CLE 30,Tie or take lead,FAILURE,Interception,L,38.785,AVERAGE,no,1.2
2012_01_PHI_CLE,2012,1,REG,2012-09-09,Mike Vick,PHI,CLE,4,06:25,-6,PHI 9,Tie or take lead,CONVERSION,Offense reached required score state,W,27.606,DIFFICULT,no,1.2
2012_01_SEA_ARI,2012,1,REG,2012-09-09,Unresolved,ARI,SEA,4,09:20,-3,ARI 20,Tie or take lead,MANUAL_REVIEW,Multi qb material participation,W,,,no,1.2
2012_01_SEA_ARI,2012,1,REG,2012-09-09,Russell Wilson,SEA,ARI,4,04:59,-4,SEA 20,Tie or take lead,FAILURE,Turnover on downs,L,32.72,DIFFICULT,no,1.2
2012_01_SF_GB,2012,1,REG,2012-09-09,Aaron Rodgers,GB,SF,4,03:37,-8,GB 16,TD + 2-point conversion,FAILURE,Turnover on downs,L,5.405,VERY_DIFFICULT,no,1.2
2012_01_STL_DET,2012,1,REG,2012-09-09,Matthew Stafford,DET,LA,4,01:55,-3,DET 20,Tie or take lead,CONVERSION,Offense reached required score state,W,38.785,AVERAGE,no,1.2
2012_01_STL_DET,2012,1,REG,2012-09-09,Sam Bradford,LA,DET,4,07:19,0,LA 20,Take lead,CONVERSION,Offense reached required score state,L,83.524,VERY_FAVORABLE,no,1.2
2012_01_WAS_NO,2012,1,REG,2012-09-09,Drew Brees,NO,WAS,4,00:22,-8,NO 20,TD + 2-point conversion,FAILURE,Turnover,L,1.693,VERY_DIFFICULT,no,1.2
2012_02_ARI_NE,2012,2,REG,2012-09-16,Tom Brady,NE,ARI,4,01:01,-2,ARI 30,Tie or take lead,CONVERSION,Missed or blocked fg 45 or shorter,L,72.585,VERY_FAVORABLE,no,1.2
2012_02_BAL_PHI,2012,2,REG,2012-09-16,Joe Flacco,BAL,PHI,4,01:55,-1,BAL 20,Tie or take lead,FAILURE,Turnover on downs,L,38.785,AVERAGE,no,1.2
2012_02_BAL_PHI,2012,2,REG,2012-09-16,Mike Vick,PHI,BAL,4,04:43,-6,PHI 20,Tie or take lead,CONVERSION,Offense reached required score state,W,32.72,DIFFICULT,no,1.2
2012_02_MIN_IND,2012,2,REG,2012-09-16,Andrew Luck,IND,MIN,4,00:31,0,IND 20,Take lead,CONVERSION,Offense reached required score state,W,37.321,AVERAGE,no,1.2
2012_02_MIN_IND,2012,2,REG,2012-09-16,Christian Ponder,MIN,IND,4,02:50,-7,IND 47,Touchdown,CONVERSION,Touchdown down 7 kicker neutral,L,33.548,DIFFICULT,no,1.2
2012_02_NO_CAR,2012,2,REG,2012-09-16,Drew Brees,NO,CAR,4,00:48,-8,NO 20,TD + 2-point conversion,FAILURE,Interception,L,1.693,VERY_DIFFICULT,no,1.2
2012_02_TB_NYG,2012,2,REG,2012-09-16,Eli Manning,NYG,TB,4,01:58,0,NYG 20,Take lead,CONVERSION,Offense reached required score state,W,62.548,FAVORABLE,no,1.2
2012_02_TB_NYG,2012,2,REG,2012-09-16,Josh Freeman,TB,NYG,4,00:31,-7,TB 36,Touchdown,FAILURE,Interception,L,4.774,VERY_DIFFICULT,no,1.2
2012_02_WAS_STL,2012,2,REG,2012-09-16,Robert Griffin III,WAS,LA,4,02:40,-3,WAS 37,Tie or take lead,MANUAL_REVIEW,Missed or blocked fg 56 plus,L,,,no,1.2
2012_03_CIN_WAS,2012,3,REG,2012-09-23,Robert Griffin III,WAS,CIN,4,01:47,-7,WAS 2,Touchdown,FAILURE,End game,L,7.211,VERY_DIFFICULT,no,1.2
2012_03_DET_TEN,2012,3,REG,2012-09-23,Shaun Hill,DET,TEN,5,10:36,-3,DET 22,Tie or take lead,FAILURE,Turnover on downs,L,35.094,AVERAGE,no,1.2
2012_03_DET_TEN,2012,3,REG,2012-09-23,Jake Locker,TEN,DET,5,15:00,0,TEN 20,Take lead,CONVERSION,Offense reached required score state,W,58.767,FAVORABLE,no,1.2
2012_03_GB_SEA,2012,3,REG,2012-09-24,Russell Wilson,SEA,GB,4,00:46,-5,GB 46,Tie or take lead,CONVERSION,Offense reached required score state,W,11.971,VERY_DIFFICULT,no,1.2
2012_03_HOU_DEN,2012,3,REG,2012-09-23,Peyton Manning,DEN,HOU,4,00:20,-6,DEN 14,Tie or take lead,FAILURE,Fumble lost,L,4.287,VERY_DIFFICULT,no,1.2
2012_03_JAX_IND,2012,3,REG,2012-09-23,Andrew Luck,IND,JAX,4,00:45,-5,IND 38,Tie or take lead,FAILURE,End game,L,7.496,VERY_DIFFICULT,no,1.2
2012_03_JAX_IND,2012,3,REG,2012-09-23,Blaine Gabbert,JAX,IND,4,00:56,-1,JAX 20,Tie or take lead,CONVERSION,Offense reached required score state,W,18.426,VERY_DIFFICULT,no,1.2
2012_03_KC_NO,2012,3,REG,2012-09-23,Matt Cassel,KC,NO,5,11:46,0,KC 47,Take lead,CONVERSION,Offense reached required score state,W,70.516,VERY_FAVORABLE,no,1.2
2012_03_KC_NO,2012,3,REG,2012-09-23,Drew Brees,NO,KC,5,12:12,0,NO 3,Take lead,FAILURE,Punt,L,44.063,AVERAGE,no,1.2
2012_03_NE_BAL,2012,3,REG,2012-09-23,Joe Flacco,BAL,NE,4,01:55,-2,BAL 21,Tie or take lead,CONVERSION,Offense reached required score state,W,38.785,AVERAGE,no,1.2
2012_03_NYJ_MIA,2012,3,REG,2012-09-23,Ryan Tannehill,MIA,NYJ,5,11:22,0,MIA 10,Take lead,ND-K,Missed or blocked fg 46 to 55,L,,,no,1.2
2012_03_NYJ_MIA,2012,3,REG,2012-09-23,Mark Sanchez,NYJ,MIA,5,07:53,0,NYJ 38,Take lead,CONVERSION,Offense reached required score state,W,58.767,FAVORABLE,no,1.2
2012_03_PIT_OAK,2012,3,REG,2012-09-23,Carson Palmer,LV,PIT,4,01:43,0,LV 25,Take lead,CONVERSION,Offense reached required score state,W,62.548,FAVORABLE,no,1.2
2012_03_PIT_OAK,2012,3,REG,2012-09-23,Ben Roethlisberger,PIT,LV,4,06:30,0,PIT 20,Take lead,FAILURE,Punt,L,83.524,VERY_FAVORABLE,no,1.2
2012_04_CAR_ATL,2012,4,REG,2012-09-30,Matt Ryan,ATL,CAR,4,00:59,-1,ATL 1,Tie or take lead,CONVERSION,Offense reached required score state,W,11.099,VERY_DIFFICULT,no,1.2
2012_04_CLE_BAL,2012,4,REG,2012-09-27,Brandon Weeden,CLE,BAL,4,01:05,-7,CLE 10,Touchdown,FAILURE,End game,L,7.211,VERY_DIFFICULT,no,1.2
2012_04_MIA_ARI,2012,4,REG,2012-09-30,Kevin Kolb,ARI,MIA,5,11:59,0,MIA 47,Take lead,CONVERSION,Offense reached required score state,W,70.516,VERY_FAVORABLE,no,1.2
2012_04_MIA_ARI,2012,4,REG,2012-09-30,Ryan Tannehill,MIA,ARI,5,14:00,0,MIA 21,Take lead,FAILURE,Interception,L,58.767,FAVORABLE,no,1.2
2012_04_MIN_DET,2012,4,REG,2012-09-30,Matthew Stafford,DET,MIN,4,01:42,-7,DET 2,Touchdown,FAILURE,Turnover on downs,L,7.211,VERY_DIFFICULT,no,1.2
2012_04_NO_GB,2012,4,REG,2012-09-30,Drew Brees,NO,GB,4,07:00,-1,NO 31,Tie or take lead,ND-K,Missed or blocked fg 46 to 55,L,,,no,1.2
2012_04_NYG_PHI,2012,4,REG,2012-09-30,Eli Manning,NYG,PHI,4,01:49,-2,NYG 35,Tie or take lead,ND-K,Missed or blocked fg 46 to 55,L,,,no,1.2
2012_04_NYG_PHI,2012,4,REG,2012-09-30,Mike Vick,PHI,NYG,4,06:45,-1,PHI 17,Tie or take lead,CONVERSION,Offense reached required score state,W,51.525,AVERAGE,no,1.2
2012_04_SEA_STL,2012,4,REG,2012-09-30,Russell Wilson,SEA,LA,4,03:09,-6,SEA 20,Tie or take lead,FAILURE,Interception,L,32.72,DIFFICULT,no,1.2
2012_04_WAS_TB,2012,4,REG,2012-09-30,Josh Freeman,TB,WAS,4,03:38,-2,TB 36,Tie or take lead,CONVERSION,Offense reached required score state,L,57.547,FAVORABLE,no,1.2
2012_04_WAS_TB,2012,4,REG,2012-09-30,Robert Griffin III,WAS,TB,4,01:42,-1,WAS 20,Tie or take lead,CONVERSION,Offense reached required score state,W,38.785,AVERAGE,no,1.2
2012_05_ATL_WAS,2012,5,REG,2012-10-07,Kirk Cousins,WAS,ATL,4,01:21,-7,WAS 20,Touchdown,FAILURE,Interception,L,12.328,VERY_DIFFICULT,no,1.2
2012_05_BAL_KC,2012,5,REG,2012-10-07,Unresolved,KC,BAL,4,10:15,-6,KC 30,Tie or take lead,MANUAL_REVIEW,Multi qb material participation,L,,,no,1.2
2012_05_GB_IND,2012,5,REG,2012-10-07,Aaron Rodgers,GB,IND,4,00:35,-3,GB 20,Tie or take lead,ND-K,Missed or blocked fg 46 to 55,L,,,no,1.2
2012_05_GB_IND,2012,5,REG,2012-10-07,Andrew Luck,IND,GB,4,04:30,-5,IND 20,Tie or take lead,CONVERSION,Offense reached required score state,W,32.72,DIFFICULT,no,1.2
2012_05_HOU_NYJ,2012,5,REG,2012-10-08,Mark Sanchez,NYJ,HOU,4,03:28,-6,NYJ 16,Tie or take lead,FAILURE,Interception,L,21.184,DIFFICULT,no,1.2
2012_05_MIA_CIN,2012,5,REG,2012-10-07,Andy Dalton,CIN,MIA,4,01:45,-4,CIN 20,Tie or take lead,FAILURE,Interception,L,18.52,VERY_DIFFICULT,no,1.2
2012_05_PHI_PIT,2012,5,REG,2012-10-07,Mike Vick,PHI,PIT,4,14:51,-6,PHI 21,Tie or take lead,CONVERSION,Offense reached required score state,L,42.699,AVERAGE,no,1.2
2012_05_PHI_PIT,2012,5,REG,2012-10-07,Ben Roethlisberger,PIT,PHI,4,06:33,-1,PIT 20,Tie or take lead,CONVERSION,Offense reached required score state,W,65.791,FAVORABLE,no,1.2
2012_05_SD_NO,2012,5,REG,2012-10-07,Philip Rivers,LAC,NO,4,02:56,-7,LAC 15,Touchdown,FAILURE,Fumble lost,L,14.257,VERY_DIFFICULT,no,1.2
2012_05_SEA_CAR,2012,5,REG,2012-10-07,Cam Newton,CAR,SEA,4,00:59,-4,CAR 31,Tie or take lead,FAILURE,Fumble lost,L,7.496,VERY_DIFFICULT,no,1.2
2012_06_BUF_ARI,2012,6,REG,2012-10-14,John Skelton,ARI,BUF,5,12:53,0,ARI 20,Take lead,FAILURE,Interception,L,58.767,FAVORABLE,no,1.2
2012_06_BUF_ARI,2012,6,REG,2012-10-14,Ryan Fitzpatrick,BUF,ARI,5,11:55,0,ARI 6,Take lead,CONVERSION,Offense reached required score state,W,86.559,VERY_FAVORABLE,no,1.2
2012_06_DAL_BAL,2012,6,REG,2012-10-14,Tony Romo,DAL,BAL,4,00:32,-2,DAL 46,Tie or take lead,ND-K,Missed or blocked fg 46 to 55,L,,,no,1.2
2012_06_DET_PHI,2012,6,REG,2012-10-14,Matthew Stafford,DET,PHI,5,13:22,0,50,Take lead,CONVERSION,Offense reached required score state,W,70.516,VERY_FAVORABLE,no,1.2
2012_06_DET_PHI,2012,6,REG,2012-10-14,Mike Vick,PHI,DET,5,15:00,0,PHI 25,Take lead,FAILURE,Punt,L,58.767,FAVORABLE,no,1.2
2012_06_NE_SEA,2012,6,REG,2012-10-14,Tom Brady,NE,SEA,4,01:18,-1,NE 20,Tie or take lead,FAILURE,Turnover on downs,L,38.785,AVERAGE,no,1.2
2012_06_NE_SEA,2012,6,REG,2012-10-14,Russell Wilson,SEA,NE,4,02:38,-6,SEA 43,Tie or take lead,CONVERSION,Offense reached required score state,W,44.937,AVERAGE,no,1.2
2012_06_OAK_ATL,2012,6,REG,2012-10-14,Matt Ryan,ATL,LV,4,00:40,0,ATL 20,Take lead,CONVERSION,Offense reached required score state,W,37.321,AVERAGE,no,1.2
2012_06_OAK_ATL,2012,6,REG,2012-10-14,Carson Palmer,LV,ATL,4,02:40,-7,LV 20,Touchdown,CONVERSION,Touchdown down 7 kicker neutral,L,23.127,DIFFICULT,no,1.2
2012_06_PIT_TEN,2012,6,REG,2012-10-11,Ben Roethlisberger,PIT,TEN,4,04:19,0,PIT 11,Take lead,ND-K,Missed or blocked fg 46 to 55,L,,,no,1.2
2012_06_PIT_TEN,2012,6,REG,2012-10-11,Matt Hasselbeck,TEN,PIT,4,00:49,0,TEN 45,Take lead,CONVERSION,Offense reached required score state,W,49.98,AVERAGE,no,1.2
2012_06_STL_MIA,2012,6,REG,2012-10-14,Sam Bradford,LA,MIA,4,01:41,-3,LA 3,Tie or take lead,MANUAL_REVIEW,Missed or blocked fg 56 plus,L,,,no,1.2
2012_07_CLE_IND,2012,7,REG,2012-10-21,Brandon Weeden,CLE,IND,4,04:08,-4,CLE 31,Tie or take lead,FAILURE,Turnover on downs,L,32.72,DIFFICULT,no,1.2
2012_07_DAL_CAR,2012,7,REG,2012-10-21,Cam Newton,CAR,DAL,4,00:53,-5,CAR 20,Tie or take lead,FAILURE,Fumble lost,L,7.496,VERY_DIFFICULT,no,1.2
2012_07_JAX_OAK,2012,7,REG,2012-10-21,Chad Henne,JAX,LV,5,15:00,0,JAX 19,Take lead,FAILURE,Fumble lost,L,44.063,AVERAGE,no,1.2
2012_07_JAX_OAK,2012,7,REG,2012-10-21,Carson Palmer,LV,JAX,5,13:31,0,JAX 21,Take lead,CONVERSION,Offense reached required score state,W,85.623,VERY_FAVORABLE,no,1.2
2012_07_NO_TB,2012,7,REG,2012-10-21,Josh Freeman,TB,NO,4,01:50,-7,TB 21,Touchdown,FAILURE,End game,L,12.328,VERY_DIFFICULT,no,1.2
2012_07_NYJ_NE,2012,7,REG,2012-10-21,Tom Brady,NE,NYJ,5,15:00,0,NE 16,Take lead,CONVERSION,Offense reached required score state,W,44.063,AVERAGE,no,1.2
2012_07_NYJ_NE,2012,7,REG,2012-10-21,Mark Sanchez,NYJ,NE,5,11:02,-3,NYJ 15,Tie or take lead,FAILURE,Fumble lost,L,23.008,DIFFICULT,no,1.2
2012_07_PIT_CIN,2012,7,REG,2012-10-21,Andy Dalton,CIN,PIT,4,05:29,-7,CIN 11,Touchdown,FAILURE,Punt,L,19.087,VERY_DIFFICULT,no,1.2
2012_07_SEA_SF,2012,7,REG,2012-10-18,Russell Wilson,SEA,SF,4,01:36,-7,SEA 11,Touchdown,FAILURE,Turnover on downs,L,7.211,VERY_DIFFICULT,no,1.2
2012_07_TEN_BUF,2012,7,REG,2012-10-21,Ryan Fitzpatrick,BUF,TEN,4,01:03,-1,BUF 20,Tie or take lead,FAILURE,Turnover on downs,L,38.785,AVERAGE,no,1.2
2012_07_TEN_BUF,2012,7,REG,2012-10-21,Matt Hasselbeck,TEN,BUF,4,02:57,-6,TEN 48,Tie or take lead,CONVERSION,Offense reached required score state,W,44.937,AVERAGE,no,1.2
2012_07_WAS_NYG,2012,7,REG,2012-10-21,Eli Manning,NYG,WAS,4,01:32,-3,NYG 23,Tie or take lead,CONVERSION,Offense reached required score state,W,38.785,AVERAGE,no,1.2
2012_07_WAS_NYG,2012,7,REG,2012-10-21,Robert Griffin III,WAS,NYG,4,01:13,-4,WAS 20,Tie or take lead,FAILURE,Fumble lost,L,18.52,VERY_DIFFICULT,no,1.2
2012_08_CAR_CHI,2012,8,REG,2012-10-28,Cam Newton,CAR,CHI,4,06:44,-1,CAR 20,Tie or take lead,CONVERSION,Offense reached required score state,L,65.791,FAVORABLE,no,1.2
2012_08_CAR_CHI,2012,8,REG,2012-10-28,Jay Cutler,CHI,CAR,4,02:27,-2,CHI 22,Tie or take lead,CONVERSION,Offense reached required score state,W,57.547,FAVORABLE,no,1.2
2012_08_IND_TEN,2012,8,REG,2012-10-28,Andrew Luck,IND,TEN,5,15:00,0,IND 20,Take lead,CONVERSION,Offense reached required score state,W,58.767,FAVORABLE,no,1.2
2012_08_IND_TEN,2012,8,REG,2012-10-28,Matt Hasselbeck,TEN,IND,4,03:24,0,TEN 20,Take lead,FAILURE,Punt,L,78.134,VERY_FAVORABLE,no,1.2
2012_08_NYG_DAL,2012,8,REG,2012-10-28,Tony Romo,DAL,NYG,4,00:44,-5,DAL 30,Tie or take lead,FAILURE,End game,L,7.496,VERY_DIFFICULT,no,1.2
2012_08_SD_CLE,2012,8,REG,2012-10-28,Philip Rivers,LAC,CLE,4,02:36,-1,LAC 12,Tie or take lead,FAILURE,Turnover on downs,L,42.831,AVERAGE,no,1.2
2012_08_SEA_DET,2012,8,REG,2012-10-28,Matthew Stafford,DET,SEA,4,05:27,-3,DET 20,Tie or take lead,CONVERSION,Offense reached required score state,W,65.791,FAVORABLE,no,1.2
2012_08_SEA_DET,2012,8,REG,2012-10-28,Russell Wilson,SEA,DET,4,00:20,-4,SEA 18,Tie or take lead,FAILURE,Fumble lost,L,4.287,VERY_DIFFICULT,no,1.2
2012_09_DAL_ATL,2012,9,REG,2012-11-04,Tony Romo,DAL,ATL,4,00:17,-6,DAL 20,Tie or take lead,FAILURE,End game,L,7.496,VERY_DIFFICULT,no,1.2
2012_09_MIA_IND,2012,9,REG,2012-11-04,Ryan Tannehill,MIA,IND,4,02:39,-3,MIA 17,Tie or take lead,FAILURE,Turnover on downs,L,42.831,AVERAGE,no,1.2
2012_09_PIT_NYG,2012,9,REG,2012-11-04,Eli Manning,NYG,PIT,4,04:02,-4,NYG 12,Tie or take lead,FAILURE,Punt,L,21.184,DIFFICULT,no,1.2
2012_10_ATL_NO,2012,10,REG,2012-11-11,Matt Ryan,ATL,NO,4,00:37,-4,ATL 31,Tie or take lead,FAILURE,Turnover on downs,L,7.496,VERY_DIFFICULT,no,1.2
2012_10_BUF_NE,2012,10,REG,2012-11-11,Ryan Fitzpatrick,BUF,NE,4,02:06,-6,BUF 20,Tie or take lead,FAILURE,Interception,L,32.72,DIFFICULT,no,1.2
2012_10_HOU_CHI,2012,10,REG,2012-11-11,Jason Campbell,CHI,HOU,4,02:35,-7,CHI 38,Touchdown,FAILURE,Turnover on downs,L,23.127,DIFFICULT,no,1.2
2012_10_KC_PIT,2012,10,REG,2012-11-12,Matt Cassel,KC,PIT,5,15:00,0,KC 15,Take lead,FAILURE,Interception,L,44.063,AVERAGE,no,1.2
2012_10_KC_PIT,2012,10,REG,2012-11-12,Byron Leftwich,PIT,KC,5,14:09,0,KC 5,Take lead,CONVERSION,active qb verified; Leftwich replaced injured Roethlisberger and remained QB in overtime,W,86.559,VERY_FAVORABLE,yes,1.2
2012_10_STL_SF,2012,10,REG,2012-11-11,Sam Bradford,LA,SF,5,01:36,0,LA 14,Take lead,FAILURE,End game,T,44.063,AVERAGE,no,1.2
2012_10_STL_SF,2012,10,REG,2012-11-11,Colin Kaepernick,SF,LA,5,02:42,0,SF 48,Take lead,FAILURE,Punt,T,70.516,VERY_FAVORABLE,no,1.2
2012_11_ARI_ATL,2012,11,REG,2012-11-18,Ryan Lindley,ARI,ATL,4,04:08,-4,ATL 32,Tie or take lead,FAILURE,Turnover on downs,L,67.021,FAVORABLE,no,1.2
2012_11_BAL_PIT,2012,11,REG,2012-11-18,Byron Leftwich,PIT,BAL,4,01:05,-3,PIT 16,Tie or take lead,FAILURE,Fumble lost,L,25.936,DIFFICULT,no,1.2
2012_11_CLE_DAL,2012,11,REG,2012-11-18,Brandon Weeden,CLE,DAL,5,11:14,0,CLE 10,Take lead,FAILURE,Punt,L,44.063,AVERAGE,no,1.2
2012_11_CLE_DAL,2012,11,REG,2012-11-18,Tony Romo,DAL,CLE,5,09:39,0,CLE 48,Take lead,CONVERSION,Offense reached required score state,W,70.516,VERY_FAVORABLE,no,1.2
2012_11_GB_DET,2012,11,REG,2012-11-18,Matthew Stafford,DET,GB,4,00:19,-4,DET 37,Tie or take lead,FAILURE,Fumble lost,L,7.496,VERY_DIFFICULT,no,1.2
2012_11_JAX_HOU,2012,11,REG,2012-11-18,Matt Schaub,HOU,JAX,5,02:30,0,HOU 47,Take lead,CONVERSION,Offense reached required score state,W,70.516,VERY_FAVORABLE,no,1.2
2012_11_JAX_HOU,2012,11,REG,2012-11-18,Chad Henne,JAX,HOU,5,03:30,0,HOU 47,Take lead,FAILURE,Turnover on downs,L,70.516,VERY_FAVORABLE,no,1.2
2012_11_MIA_BUF,2012,11,REG,2012-11-15,Ryan Tannehill,MIA,BUF,4,01:24,-5,MIA 16,Tie or take lead,FAILURE,Interception,L,11.161,VERY_DIFFICULT,no,1.2
2012_11_TB_CAR,2012,11,REG,2012-11-18,Josh Freeman,TB,CAR,5,15:00,0,TB 20,Take lead,CONVERSION,Offense reached required score state,W,58.767,FAVORABLE,no,1.2
2012_12_ATL_TB,2012,12,REG,2012-11-25,Josh Freeman,TB,ATL,4,00:08,-1,TB 38,Tie or take lead,FAILURE,End game,L,18.426,VERY_DIFFICULT,no,1.2
2012_12_BAL_SD,2012,12,REG,2012-11-25,Joe Flacco,BAL,LAC,5,04:56,0,BAL 11,Take lead,CONVERSION,Offense reached required score state,W,44.063,AVERAGE,no,1.2
2012_12_BAL_SD,2012,12,REG,2012-11-25,Philip Rivers,LAC,BAL,5,06:27,0,LAC 20,Take lead,FAILURE,Punt,L,58.767,FAVORABLE,no,1.2
2012_12_BUF_IND,2012,12,REG,2012-11-25,Ryan Fitzpatrick,BUF,IND,4,04:31,-7,BUF 47,Touchdown,FAILURE,Punt,L,33.548,DIFFICULT,no,1.2
2012_12_CAR_PHI,2012,12,REG,2012-11-26,Nick Foles,PHI,CAR,4,12:40,-2,PHI 15,Tie or take lead,FAILURE,Turnover on downs,L,53.445,AVERAGE,no,1.2
2012_12_DEN_KC,2012,12,REG,2012-11-25,Brady Quinn,KC,DEN,4,07:39,-5,50,Tie or take lead,FAILURE,Punt,L,53.657,AVERAGE,no,1.2
2012_12_HOU_DET,2012,12,REG,2012-11-22,Matthew Stafford,DET,HOU,5,07:11,0,HOU 41,Take lead,ND-K,Missed or blocked fg 46 to 55,L,,,no,1.2
2012_12_HOU_DET,2012,12,REG,2012-11-22,Matt Schaub,HOU,DET,5,04:32,0,HOU 37,Take lead,CONVERSION,Offense reached required score state,W,58.767,FAVORABLE,no,1.2
2012_12_PIT_CLE,2012,12,REG,2012-11-25,Charlie Batch,PIT,CLE,4,02:36,-6,PIT 26,Tie or take lead,FAILURE,Fumble lost,L,32.72,DIFFICULT,no,1.2
2012_12_SEA_MIA,2012,12,REG,2012-11-25,Ryan Tannehill,MIA,SEA,4,01:32,0,MIA 10,Take lead,CONVERSION,Offense reached required score state,W,47.999,AVERAGE,no,1.2
2012_12_SEA_MIA,2012,12,REG,2012-11-25,Russell Wilson,SEA,MIA,4,05:13,0,SEA 20,Take lead,FAILURE,Punt,L,83.524,VERY_FAVORABLE,no,1.2
2012_12_TEN_JAX,2012,12,REG,2012-11-25,Jake Locker,TEN,JAX,4,00:24,-5,TEN 13,Tie or take lead,FAILURE,Interception,L,4.287,VERY_DIFFICULT,no,1.2
2012_13_ARI_NYJ,2012,13,REG,2012-12-02,Ryan Lindley,ARI,NYJ,4,09:12,-1,ARI 30,Tie or take lead,FAILURE,Punt,L,65.791,FAVORABLE,no,1.2
2012_13_CAR_KC,2012,13,REG,2012-12-02,Cam Newton,CAR,KC,4,04:54,-6,CAR 19,Tie or take lead,FAILURE,Punt,L,21.184,DIFFICULT,no,1.2
2012_13_CIN_SD,2012,13,REG,2012-12-02,Philip Rivers,LAC,CIN,4,02:47,-7,LAC 20,Touchdown,FAILURE,Interception,L,23.127,DIFFICULT,no,1.2
2012_13_IND_DET,2012,13,REG,2012-12-02,Andrew Luck,IND,DET,4,01:07,-5,IND 25,Tie or take lead,CONVERSION,Offense reached required score state,W,18.52,VERY_DIFFICULT,no,1.2
2012_13_NYG_WAS,2012,13,REG,2012-12-03,Eli Manning,NYG,WAS,4,06:06,-1,NYG 20,Tie or take lead,FAILURE,Punt,L,65.791,FAVORABLE,no,1.2
2012_13_PHI_DAL,2012,13,REG,2012-12-02,Nick Foles,PHI,DAL,4,00:31,-5,DAL 2,Tie or take lead,FAILURE,Opp touchdown,L,26.803,DIFFICULT,no,1.2
2012_13_PIT_BAL,2012,13,REG,2012-12-02,Joe Flacco,BAL,PIT,4,07:24,0,BAL 20,Take lead,FAILURE,Punt,L,83.524,VERY_FAVORABLE,no,1.2
2012_13_PIT_BAL,2012,13,REG,2012-12-02,Charlie Batch,PIT,BAL,4,06:14,0,PIT 15,Take lead,CONVERSION,Offense reached required score state,W,73.697,VERY_FAVORABLE,no,1.2
2012_13_SEA_CHI,2012,13,REG,2012-12-02,Jay Cutler,CHI,SEA,4,00:24,-3,CHI 14,Tie or take lead,CONVERSION,Offense reached required score state,L,11.099,VERY_DIFFICULT,no,1.2
2012_13_SEA_CHI,2012,13,REG,2012-12-02,Russell Wilson,SEA,CHI,5,15:00,0,SEA 20,Take lead,CONVERSION,Offense reached required score state,W,58.767,FAVORABLE,no,1.2
2012_13_SF_STL,2012,13,REG,2012-12-02,Sam Bradford,LA,SF,5,04:11,0,LA 41,Take lead,CONVERSION,Offense reached required score state,W,70.516,VERY_FAVORABLE,no,1.2
2012_13_SF_STL,2012,13,REG,2012-12-02,Colin Kaepernick,SF,LA,5,07:29,0,50,Take lead,ND-K,Missed or blocked fg 46 to 55,L,,,no,1.2
2012_14_BAL_WAS,2012,14,REG,2012-12-09,Joe Flacco,BAL,WAS,5,15:00,0,BAL 25,Take lead,FAILURE,Punt,L,58.767,FAVORABLE,no,1.2
2012_14_BAL_WAS,2012,14,REG,2012-12-09,Kirk Cousins,WAS,BAL,5,13:23,0,BAL 24,Take lead,CONVERSION,active qb verified; Cousins replaced injured Griffin and remained QB for overtime possession,W,85.623,VERY_FAVORABLE,yes,1.2
2012_14_DAL_CIN,2012,14,REG,2012-12-09,Tony Romo,DAL,CIN,4,03:44,-2,DAL 28,Tie or take lead,CONVERSION,Offense reached required score state,W,57.547,FAVORABLE,no,1.2
2012_14_NYJ_JAX,2012,14,REG,2012-12-09,Chad Henne,JAX,NYJ,4,01:43,-7,JAX 20,Touchdown,FAILURE,Interception,L,12.328,VERY_DIFFICULT,no,1.2
2012_14_PHI_TB,2012,14,REG,2012-12-09,Nick Foles,PHI,TB,4,02:44,-5,PHI 36,Tie or take lead,CONVERSION,Offense reached required score state,W,32.72,DIFFICULT,no,1.2
2012_14_STL_BUF,2012,14,REG,2012-12-09,Ryan Fitzpatrick,BUF,LA,4,00:48,-3,BUF 23,Tie or take lead,FAILURE,Interception,L,18.426,VERY_DIFFICULT,no,1.2
2012_14_STL_BUF,2012,14,REG,2012-12-09,Sam Bradford,LA,BUF,4,04:55,-5,LA 16,Tie or take lead,CONVERSION,Offense reached required score state,W,21.184,DIFFICULT,no,1.2
2012_14_TEN_IND,2012,14,REG,2012-12-09,Jake Locker,TEN,IND,4,03:48,-4,TEN 20,Tie or take lead,FAILURE,Punt,L,32.72,DIFFICULT,no,1.2
2012_15_GB_CHI,2012,15,REG,2012-12-16,Jay Cutler,CHI,GB,4,00:56,-8,CHI 3,TD + 2-point conversion,FAILURE,End game,L,0.943,VERY_DIFFICULT,no,1.2
2012_15_NYJ_TEN,2012,15,REG,2012-12-17,Mark Sanchez,NYJ,TEN,4,00:47,-4,TEN 25,Tie or take lead,FAILURE,Fumble lost,L,25.297,DIFFICULT,no,1.2
2012_15_PIT_DAL,2012,15,REG,2012-12-16,Tony Romo,DAL,PIT,5,14:15,0,PIT 1,Take lead,CONVERSION,Offense reached required score state,W,86.559,VERY_FAVORABLE,no,1.2
2012_15_PIT_DAL,2012,15,REG,2012-12-16,Ben Roethlisberger,PIT,DAL,5,15:00,0,PIT 20,Take lead,FAILURE,Interception,L,58.767,FAVORABLE,no,1.2
2012_16_CIN_PIT,2012,16,REG,2012-12-23,Andy Dalton,CIN,PIT,4,00:14,0,PIT 46,Take lead,CONVERSION,Offense reached required score state,W,49.98,AVERAGE,no,1.2
2012_16_CIN_PIT,2012,16,REG,2012-12-23,Ben Roethlisberger,PIT,CIN,4,00:44,0,PIT 11,Take lead,FAILURE,Interception,L,24.76,DIFFICULT,no,1.2
2012_16_IND_KC,2012,16,REG,2012-12-23,Brady Quinn,KC,IND,4,04:08,-7,KC 10,Touchdown,FAILURE,Punt,L,14.257,VERY_DIFFICULT,no,1.2
2012_16_NE_JAX,2012,16,REG,2012-12-23,Chad Henne,JAX,NE,4,00:54,-7,JAX 38,Touchdown,FAILURE,Turnover,L,4.774,VERY_DIFFICULT,no,1.2
2012_16_NO_DAL,2012,16,REG,2012-12-23,Tony Romo,DAL,NO,5,15:00,0,DAL 20,Take lead,FAILURE,Punt,L,58.767,FAVORABLE,no,1.2
2012_16_NO_DAL,2012,16,REG,2012-12-23,Drew Brees,NO,DAL,5,13:33,0,NO 26,Take lead,CONVERSION,Offense reached required score state,W,58.767,FAVORABLE,no,1.2
2012_16_WAS_PHI,2012,16,REG,2012-12-23,Nick Foles,PHI,WAS,4,04:15,-7,PHI 15,Touchdown,FAILURE,End game,L,14.257,VERY_DIFFICULT,no,1.2
2012_17_BAL_CIN,2012,17,REG,2012-12-30,Bruce Gradkowski,CIN,BAL,4,08:54,-1,CIN 35,Tie or take lead,CONVERSION,Offense reached required score state,W,65.791,FAVORABLE,no,1.2
2012_17_CHI_DET,2012,17,REG,2012-12-30,Matthew Stafford,DET,CHI,4,04:37,-2,DET 9,Tie or take lead,FAILURE,Punt,L,42.831,AVERAGE,no,1.2
2012_17_GB_MIN,2012,17,REG,2012-12-30,Aaron Rodgers,GB,MIN,4,07:54,-7,GB 22,Touchdown,CONVERSION,Touchdown down 7 kicker neutral,L,29.914,DIFFICULT,no,1.2
2012_17_GB_MIN,2012,17,REG,2012-12-30,Christian Ponder,MIN,GB,4,02:54,0,MIN 28,Take lead,CONVERSION,Offense reached required score state,W,78.134,VERY_FAVORABLE,no,1.2
2012_17_STL_SEA,2012,17,REG,2012-12-30,Sam Bradford,LA,SEA,4,01:39,-7,LA 20,Touchdown,FAILURE,Interception,L,12.328,VERY_DIFFICULT,no,1.2
2012_17_STL_SEA,2012,17,REG,2012-12-30,Russell Wilson,SEA,LA,4,05:11,0,SEA 10,Take lead,CONVERSION,Offense reached required score state,W,73.697,VERY_FAVORABLE,no,1.2
2012_17_TB_ATL,2012,17,REG,2012-12-30,Matt Ryan,ATL,TB,4,03:44,-5,ATL 19,Tie or take lead,FAILURE,Turnover on downs,L,21.184,DIFFICULT,no,1.2
2012_18_CIN_HOU,2012,18,POST,2013-01-05,Andy Dalton,CIN,HOU,4,06:15,-6,CIN 20,Tie or take lead,FAILURE,Turnover on downs,L,40.827,AVERAGE,no,1.2
2012_19_BAL_DEN,2012,19,POST,2013-01-12,Joe Flacco,BAL,DEN,5,00:51,0,DEN 45,Take lead,CONVERSION,Offense reached required score state,W,70.516,VERY_FAVORABLE,no,1.2
2012_19_BAL_DEN,2012,19,POST,2013-01-12,Peyton Manning,DEN,BAL,5,03:47,0,DEN 7,Take lead,FAILURE,Interception,L,44.063,AVERAGE,no,1.2
2012_19_SEA_ATL,2012,19,POST,2013-01-13,Matt Ryan,ATL,SEA,4,00:31,-1,ATL 28,Tie or take lead,CONVERSION,Offense reached required score state,W,18.426,VERY_DIFFICULT,no,1.2
2012_19_SEA_ATL,2012,19,POST,2013-01-13,Russell Wilson,SEA,ATL,4,00:08,-2,SEA 46,Tie or take lead,FAILURE,Interception,L,27.487,DIFFICULT,no,1.2
2012_20_SF_ATL,2012,20,POST,2013-01-20,Matt Ryan,ATL,SF,4,08:23,-4,ATL 20,Tie or take lead,FAILURE,Turnover on downs,L,40.827,AVERAGE,no,1.2
2012_21_BAL_SF,2012,21,POST,2013-02-03,Colin Kaepernick,SF,BAL,4,04:19,-5,SF 20,Tie or take lead,FAILURE,Turnover on downs,L,32.72,DIFFICULT,no,1.2
2013_01_ARI_STL,2013,1,REG,2013-09-08,Carson Palmer,ARI,LA,4,00:40,-3,ARI 20,Tie or take lead,FAILURE,End game,L,21.502,DIFFICULT,no,1.2
2013_01_ARI_STL,2013,1,REG,2013-09-08,Sam Bradford,LA,ARI,4,01:45,0,LA 20,Take lead,CONVERSION,Offense reached required score state,W,66.088,FAVORABLE,no,1.2
2013_01_ATL_NO,2013,1,REG,2013-09-08,Matt Ryan,ATL,NO,4,03:12,-6,ATL 20,Tie or take lead,FAILURE,Interception,L,35.636,AVERAGE,no,1.2
2013_01_CIN_CHI,2013,1,REG,2013-09-08,Andy Dalton,CIN,CHI,4,07:58,-3,CIN 20,Tie or take lead,FAILURE,Punt,L,68.523,FAVORABLE,no,1.2
2013_01_GB_SF,2013,1,REG,2013-09-08,Aaron Rodgers,GB,SF,4,00:26,-6,GB 20,Tie or take lead,FAILURE,End game,L,8.792,VERY_DIFFICULT,no,1.2
2013_01_HOU_SD,2013,1,REG,2013-09-09,Matt Schaub,HOU,LAC,4,03:53,0,HOU 39,Take lead,CONVERSION,Offense reached required score state,W,80.596,VERY_FAVORABLE,no,1.2
2013_01_HOU_SD,2013,1,REG,2013-09-09,Philip Rivers,LAC,HOU,4,05:37,0,LAC 16,Take lead,FAILURE,Punt,L,76.497,VERY_FAVORABLE,no,1.2
2013_01_NE_BUF,2013,1,REG,2013-09-08,Tom Brady,NE,BUF,4,04:31,-1,NE 34,Tie or take lead,CONVERSION,Offense reached required score state,W,61.14,FAVORABLE,no,1.2
2013_01_OAK_IND,2013,1,REG,2013-09-08,Andrew Luck,IND,LV,4,11:09,-3,IND 20,Tie or take lead,CONVERSION,Offense reached required score state,W,71.862,VERY_FAVORABLE,no,1.2
2013_01_OAK_IND,2013,1,REG,2013-09-08,Terrelle Pryor,LV,IND,4,05:20,-4,LV 20,Tie or take lead,FAILURE,Interception,L,43.377,AVERAGE,no,1.2
2013_01_SEA_CAR,2013,1,REG,2013-09-08,Cam Newton,CAR,SEA,4,10:13,-5,CAR 20,Tie or take lead,FAILURE,Fumble lost,L,47.333,AVERAGE,no,1.2
2013_01_TB_NYJ,2013,1,REG,2013-09-08,Geno Smith,NYJ,TB,4,00:34,-2,NYJ 20,Tie or take lead,CONVERSION,Offense reached required score state,W,21.502,DIFFICULT,no,1.2
2013_01_TB_NYJ,2013,1,REG,2013-09-08,Josh Freeman,TB,NYJ,4,02:14,-1,TB 20,Tie or take lead,CONVERSION,Offense reached required score state,L,61.14,FAVORABLE,no,1.2
2013_02_CAR_BUF,2013,2,REG,2013-09-15,EJ Manuel,BUF,CAR,4,01:38,-6,BUF 20,Tie or take lead,CONVERSION,Offense reached required score state,W,20.62,DIFFICULT,no,1.2
2013_02_CLE_BAL,2013,2,REG,2013-09-15,Jason Campbell,CLE,BAL,4,03:34,-8,CLE 1,TD + 2-point conversion,FAILURE,Turnover on downs,L,6.279,VERY_DIFFICULT,no,1.2
2013_02_DAL_KC,2013,2,REG,2013-09-15,Tony Romo,DAL,KC,4,00:16,-1,DAL 4,Tie or take lead,FAILURE,End game,L,13.43,VERY_DIFFICULT,no,1.2
2013_02_DET_ARI,2013,2,REG,2013-09-15,Carson Palmer,ARI,DET,4,04:28,-2,ARI 39,Tie or take lead,CONVERSION,Offense reached required score state,W,61.14,FAVORABLE,no,1.2
2013_02_DET_ARI,2013,2,REG,2013-09-15,Matthew Stafford,DET,ARI,4,01:59,-4,DET 20,Tie or take lead,FAILURE,Turnover on downs,L,20.62,DIFFICULT,no,1.2
2013_02_MIA_IND,2013,2,REG,2013-09-15,Andrew Luck,IND,MIA,4,03:57,-4,IND 14,Tie or take lead,FAILURE,Turnover on downs,L,23.871,DIFFICULT,no,1.2
2013_02_MIN_CHI,2013,2,REG,2013-09-15,Jay Cutler,CHI,MIN,4,03:15,-6,CHI 34,Tie or take lead,CONVERSION,Offense reached required score state,W,35.636,AVERAGE,no,1.2
2013_02_NO_TB,2013,2,REG,2013-09-15,Drew Brees,NO,TB,4,01:06,-1,NO 37,Tie or take lead,CONVERSION,Offense reached required score state,W,42.469,AVERAGE,no,1.2
2013_02_NYJ_NE,2013,2,REG,2013-09-12,Geno Smith,NYJ,NE,4,00:56,-3,NYJ 29,Tie or take lead,FAILURE,Interception,L,21.502,DIFFICULT,no,1.2
2013_02_SD_PHI,2013,2,REG,2013-09-15,Philip Rivers,LAC,PHI,4,01:51,0,LAC 21,Take lead,CONVERSION,Offense reached required score state,W,66.088,FAVORABLE,no,1.2
2013_02_SD_PHI,2013,2,REG,2013-09-15,Unresolved,PHI,LAC,4,03:11,-3,PHI 29,Tie or take lead,MANUAL_REVIEW,Multi qb material participation,L,,,no,1.2
2013_02_TEN_HOU,2013,2,REG,2013-09-15,Matt Schaub,HOU,TEN,5,15:00,0,HOU 22,Take lead,CONVERSION,Offense reached required score state,W,62.518,FAVORABLE,no,1.2
2013_02_TEN_HOU,2013,2,REG,2013-09-15,Jake Locker,TEN,HOU,4,01:53,0,TEN 20,Take lead,FAILURE,Punt,L,66.088,FAVORABLE,no,1.2
2013_03_ATL_MIA,2013,3,REG,2013-09-22,Matt Ryan,ATL,MIA,4,00:38,-4,ATL 20,Tie or take lead,FAILURE,Interception,L,8.792,VERY_DIFFICULT,no,1.2
2013_03_ATL_MIA,2013,3,REG,2013-09-22,Ryan Tannehill,MIA,ATL,4,04:46,-3,MIA 25,Tie or take lead,CONVERSION,Offense reached required score state,W,61.14,FAVORABLE,no,1.2
2013_03_BUF_NYJ,2013,3,REG,2013-09-22,EJ Manuel,BUF,NYJ,4,02:44,-7,BUF 28,Touchdown,FAILURE,Turnover on downs,L,26.071,DIFFICULT,no,1.2
2013_03_CLE_MIN,2013,3,REG,2013-09-22,Brian Hoyer,CLE,MIN,4,03:21,-3,CLE 45,Tie or take lead,CONVERSION,Offense reached required score state,W,72.487,VERY_FAVORABLE,no,1.2
2013_03_CLE_MIN,2013,3,REG,2013-09-22,Christian Ponder,MIN,CLE,4,00:51,-4,MIN 29,Tie or take lead,FAILURE,End game,L,8.792,VERY_DIFFICULT,no,1.2
2013_03_DET_WAS,2013,3,REG,2013-09-22,Robert Griffin III,WAS,DET,4,00:38,-7,WAS 20,Touchdown,FAILURE,End game,L,5.785,VERY_DIFFICULT,no,1.2
2013_03_GB_CIN,2013,3,REG,2013-09-22,Aaron Rodgers,GB,CIN,4,03:47,-4,GB 20,Tie or take lead,FAILURE,Turnover on downs,L,35.636,AVERAGE,no,1.2
2013_03_SD_TEN,2013,3,REG,2013-09-22,Philip Rivers,LAC,TEN,4,00:15,-3,LAC 20,Tie or take lead,FAILURE,Fumble lost,L,21.502,DIFFICULT,no,1.2
2013_03_SD_TEN,2013,3,REG,2013-09-22,Jake Locker,TEN,LAC,4,02:05,-4,TEN 6,Tie or take lead,CONVERSION,Offense reached required score state,W,23.871,DIFFICULT,no,1.2
2013_04_ARI_TB,2013,4,REG,2013-09-29,Carson Palmer,ARI,TB,4,01:56,0,TB 38,Take lead,CONVERSION,Offense reached required score state,W,88.549,VERY_FAVORABLE,no,1.2
2013_04_ARI_TB,2013,4,REG,2013-09-29,Mike Glennon,TB,ARI,4,01:29,-3,TB 20,Tie or take lead,FAILURE,Interception,L,42.469,AVERAGE,no,1.2
2013_04_BAL_BUF,2013,4,REG,2013-09-29,Joe Flacco,BAL,BUF,4,02:20,-3,BAL 37,Tie or take lead,FAILURE,Interception,L,61.14,FAVORABLE,no,1.2
2013_04_NE_ATL,2013,4,REG,2013-09-29,Matt Ryan,ATL,NE,4,01:50,-7,ATL 38,Touchdown,FAILURE,Turnover on downs,L,14.197,VERY_DIFFICULT,no,1.2
2013_04_PIT_MIN,2013,4,REG,2013-09-29,Ben Roethlisberger,PIT,MIN,4,01:43,-7,PIT 22,Touchdown,FAILURE,Fumble lost,L,14.197,VERY_DIFFICULT,no,1.2
2013_04_SEA_HOU,2013,4,REG,2013-09-29,Matt Schaub,HOU,SEA,5,10:30,0,HOU 13,Take lead,FAILURE,Punt,L,48.576,AVERAGE,no,1.2
2013_04_SEA_HOU,2013,4,REG,2013-09-29,Russell Wilson,SEA,HOU,5,06:46,0,SEA 31,Take lead,CONVERSION,Offense reached required score state,W,62.518,FAVORABLE,no,1.2
2013_05_BAL_MIA,2013,5,REG,2013-10-06,Joe Flacco,BAL,MIA,4,04:07,0,BAL 40,Take lead,CONVERSION,Offense reached required score state,W,87.43,VERY_FAVORABLE,no,1.2
2013_05_BAL_MIA,2013,5,REG,2013-10-06,Ryan Tannehill,MIA,BAL,4,01:42,-3,MIA 20,Tie or take lead,MANUAL_REVIEW,Missed or blocked fg 56 plus,L,,,no,1.2
2013_05_DEN_DAL,2013,5,REG,2013-10-06,Tony Romo,DAL,DEN,4,02:39,0,DAL 20,Take lead,FAILURE,Interception,L,80.596,VERY_FAVORABLE,no,1.2
2013_05_DEN_DAL,2013,5,REG,2013-10-06,Peyton Manning,DEN,DAL,4,01:57,0,DAL 24,Take lead,CONVERSION,Offense reached required score state,W,88.549,VERY_FAVORABLE,no,1.2
2013_05_NE_CIN,2013,5,REG,2013-10-06,Tom Brady,NE,CIN,4,01:48,-7,NE 35,Touchdown,FAILURE,Interception,L,14.197,VERY_DIFFICULT,no,1.2
2013_05_NO_CHI,2013,5,REG,2013-10-06,Jay Cutler,CHI,NO,4,00:21,-8,CHI 20,TD + 2-point conversion,FAILURE,End game,L,2.018,VERY_DIFFICULT,no,1.2
2013_05_NYJ_ATL,2013,5,REG,2013-10-07,Matt Ryan,ATL,NYJ,4,05:40,-6,ATL 37,Tie or take lead,CONVERSION,Offense reached required score state,L,43.377,AVERAGE,no,1.2
2013_05_NYJ_ATL,2013,5,REG,2013-10-07,Geno Smith,NYJ,ATL,4,01:54,-1,NYJ 20,Tie or take lead,CONVERSION,Offense reached required score state,W,42.469,AVERAGE,no,1.2
2013_05_SEA_IND,2013,5,REG,2013-10-06,Russell Wilson,SEA,IND,4,01:55,-6,SEA 20,Tie or take lead,FAILURE,Interception,L,20.62,DIFFICULT,no,1.2
2013_06_CIN_BUF,2013,6,REG,2013-10-13,Thad Lewis,BUF,CIN,5,10:17,0,BUF 7,Take lead,FAILURE,Punt,L,48.576,AVERAGE,no,1.2
2013_06_CIN_BUF,2013,6,REG,2013-10-13,Andy Dalton,CIN,BUF,5,08:48,0,BUF 33,Take lead,CONVERSION,Offense reached required score state,W,86.873,VERY_FAVORABLE,no,1.2
2013_06_NO_NE,2013,6,REG,2013-10-13,Tom Brady,NE,NO,4,01:13,-4,NE 30,Tie or take lead,CONVERSION,Offense reached required score state,W,20.62,DIFFICULT,no,1.2
2013_06_NYG_CHI,2013,6,REG,2013-10-10,Eli Manning,NYG,CHI,4,05:21,-6,NYG 11,Tie or take lead,FAILURE,Interception,L,30.258,DIFFICULT,no,1.2
2013_07_BAL_PIT,2013,7,REG,2013-10-20,Joe Flacco,BAL,PIT,4,09:59,-7,BAL 27,Touchdown,CONVERSION,Touchdown down 7 kicker neutral,L,32.793,DIFFICULT,no,1.2
2013_07_BAL_PIT,2013,7,REG,2013-10-20,Ben Roethlisberger,PIT,BAL,4,01:58,0,PIT 37,Take lead,CONVERSION,Offense reached required score state,W,66.088,FAVORABLE,no,1.2
2013_07_BUF_MIA,2013,7,REG,2013-10-20,Thad Lewis,BUF,MIA,4,02:48,-1,MIA 34,Tie or take lead,CONVERSION,Offense reached required score state,W,86.193,VERY_FAVORABLE,no,1.2
2013_07_BUF_MIA,2013,7,REG,2013-10-20,Ryan Tannehill,MIA,BUF,4,00:33,-2,MIA 46,Tie or take lead,FAILURE,Turnover on downs,L,31.445,DIFFICULT,no,1.2
2013_07_CHI_WAS,2013,7,REG,2013-10-20,Josh McCown,CHI,WAS,4,00:45,-4,CHI 38,Tie or take lead,FAILURE,End game,L,8.792,VERY_DIFFICULT,no,1.2
2013_07_CHI_WAS,2013,7,REG,2013-10-20,Robert Griffin III,WAS,CHI,4,03:57,-3,WAS 20,Tie or take lead,CONVERSION,Offense reached required score state,W,61.14,FAVORABLE,no,1.2
2013_07_CIN_DET,2013,7,REG,2013-10-20,Andy Dalton,CIN,DET,4,00:26,0,CIN 49,Take lead,CONVERSION,Offense reached required score state,W,54.771,AVERAGE,no,1.2
2013_07_CIN_DET,2013,7,REG,2013-10-20,Matthew Stafford,DET,CIN,4,01:43,0,DET 6,Take lead,FAILURE,Punt,L,52.465,AVERAGE,no,1.2
2013_07_HOU_KC,2013,7,REG,2013-10-20,Case Keenum,HOU,KC,4,01:46,-1,HOU 10,Tie or take lead,FAILURE,Fumble lost,L,29.481,DIFFICULT,no,1.2
2013_07_NE_NYJ,2013,7,REG,2013-10-20,Tom Brady,NE,NYJ,5,15:00,0,NE 22,Take lead,FAILURE,Punt,L,62.518,FAVORABLE,no,1.2
2013_07_NE_NYJ,2013,7,REG,2013-10-20,Geno Smith,NYJ,NE,5,13:55,0,NYJ 20,Take lead,CONVERSION,Offense reached required score state,W,62.518,FAVORABLE,no,1.2
2013_08_CLE_KC,2013,8,REG,2013-10-27,Jason Campbell,CLE,KC,4,00:17,-6,CLE 20,Tie or take lead,FAILURE,End game,L,8.792,VERY_DIFFICULT,no,1.2
2013_08_DAL_DET,2013,8,REG,2013-10-27,Tony Romo,DAL,DET,4,00:12,-1,DAL 33,Tie or take lead,FAILURE,End game,L,21.502,DIFFICULT,no,1.2
2013_08_DAL_DET,2013,8,REG,2013-10-27,Matthew Stafford,DET,DAL,4,01:02,-6,DET 20,Tie or take lead,CONVERSION,Offense reached required score state,W,20.62,DIFFICULT,no,1.2
2013_08_NYG_PHI,2013,8,REG,2013-10-27,Matt Barkley,PHI,NYG,4,00:27,-8,PHI 16,TD + 2-point conversion,FAILURE,Interception,L,1.153,VERY_DIFFICULT,no,1.2
2013_08_SEA_STL,2013,8,REG,2013-10-28,Kellen Clemens,LA,SEA,4,05:42,-5,LA 3,Tie or take lead,FAILURE,Turnover on downs,L,30.258,DIFFICULT,no,1.2
2013_09_BAL_CLE,2013,9,REG,2013-11-03,Joe Flacco,BAL,CLE,4,10:49,-3,BAL 20,Tie or take lead,FAILURE,Punt,L,71.862,VERY_FAVORABLE,no,1.2
2013_09_CHI_GB,2013,9,REG,2013-11-04,Seneca Wallace,GB,CHI,4,00:50,-7,GB 25,Touchdown,FAILURE,End game,L,5.785,VERY_DIFFICULT,no,1.2
2013_09_CIN_MIA,2013,9,REG,2013-10-31,Andy Dalton,CIN,MIA,5,06:52,0,CIN 8,Take lead,FAILURE,Safety,L,48.576,AVERAGE,no,1.2
2013_09_CIN_MIA,2013,9,REG,2013-10-31,Ryan Tannehill,MIA,CIN,5,09:05,0,MIA 14,Take lead,FAILURE,Punt,W,48.576,AVERAGE,no,1.2
2013_09_IND_HOU,2013,9,REG,2013-11-03,Case Keenum,HOU,IND,4,00:44,-3,HOU 33,Tie or take lead,ND-K,Missed or blocked fg 46 to 55,L,,,no,1.2
2013_09_MIN_DAL,2013,9,REG,2013-11-03,Tony Romo,DAL,MIN,4,02:44,-3,DAL 10,Tie or take lead,CONVERSION,Offense reached required score state,W,47.119,AVERAGE,no,1.2
2013_09_MIN_DAL,2013,9,REG,2013-11-03,Christian Ponder,MIN,DAL,4,00:35,-4,MIN 42,Tie or take lead,FAILURE,End game,L,13.898,VERY_DIFFICULT,no,1.2
2013_09_NO_NYJ,2013,9,REG,2013-11-03,Drew Brees,NO,NYJ,4,01:58,-6,NO 19,Tie or take lead,FAILURE,Turnover on downs,L,12.825,VERY_DIFFICULT,no,1.2
2013_09_SD_WAS,2013,9,REG,2013-11-03,Philip Rivers,LAC,WAS,4,02:10,-3,LAC 8,Tie or take lead,CONVERSION,Offense reached required score state,L,47.119,AVERAGE,no,1.2
2013_09_SD_WAS,2013,9,REG,2013-11-03,Robert Griffin III,WAS,LAC,5,15:00,0,WAS 22,Take lead,CONVERSION,Offense reached required score state,W,62.518,FAVORABLE,no,1.2
2013_09_TB_SEA,2013,9,REG,2013-11-03,Russell Wilson,SEA,TB,5,13:04,0,SEA 40,Take lead,CONVERSION,Offense reached required score state,W,73.636,VERY_FAVORABLE,no,1.2
2013_09_TB_SEA,2013,9,REG,2013-11-03,Mike Glennon,TB,SEA,5,15:00,0,TB 20,Take lead,FAILURE,Punt,L,62.518,FAVORABLE,no,1.2
2013_09_TEN_STL,2013,9,REG,2013-11-03,Kellen Clemens,LA,TEN,4,00:50,-7,LA 39,Touchdown,FAILURE,Turnover on downs,L,5.785,VERY_DIFFICULT,no,1.2
2013_10_CAR_SF,2013,10,REG,2013-11-10,Colin Kaepernick,SF,CAR,4,01:02,-1,SF 20,Tie or take lead,FAILURE,Interception,L,42.469,AVERAGE,no,1.2
2013_10_CIN_BAL,2013,10,REG,2013-11-10,Joe Flacco,BAL,CIN,5,10:01,0,BAL 44,Take lead,CONVERSION,Offense reached required score state,W,73.636,VERY_FAVORABLE,no,1.2
2013_10_CIN_BAL,2013,10,REG,2013-11-10,Andy Dalton,CIN,BAL,5,15:00,0,CIN 20,Take lead,FAILURE,Turnover on downs,L,62.518,FAVORABLE,no,1.2
2013_10_DEN_SD,2013,10,REG,2013-11-10,Philip Rivers,LAC,DEN,4,06:43,-8,LAC 20,TD + 2-point conversion,FAILURE,Punt,L,14.066,VERY_DIFFICULT,no,1.2
2013_10_DET_CHI,2013,10,REG,2013-11-10,Josh McCown,CHI,DET,4,02:22,-8,CHI 26,TD + 2-point conversion,FAILURE,Two point conversion failed,L,10.578,VERY_DIFFICULT,no,1.2
2013_10_HOU_ARI,2013,10,REG,2013-11-10,Case Keenum,HOU,ARI,4,02:06,-3,HOU 17,Tie or take lead,FAILURE,Turnover on downs,L,47.119,AVERAGE,no,1.2
2013_10_MIA_TB,2013,10,REG,2013-11-11,Ryan Tannehill,MIA,TB,4,03:00,-3,MIA 5,Tie or take lead,FAILURE,Interception,L,47.119,AVERAGE,no,1.2
2013_10_OAK_NYG,2013,10,REG,2013-11-10,Terrelle Pryor,LV,NYG,4,04:55,-4,LV 33,Tie or take lead,FAILURE,Fumble lost,L,35.636,AVERAGE,no,1.2
2013_10_WAS_MIN,2013,10,REG,2013-11-07,Robert Griffin III,WAS,MIN,4,03:36,-7,WAS 20,Touchdown,FAILURE,Turnover on downs,L,26.071,DIFFICULT,no,1.2
2013_11_BAL_CHI,2013,11,REG,2013-11-17,Joe Flacco,BAL,CHI,5,15:00,0,BAL 36,Take lead,FAILURE,Punt,L,62.518,FAVORABLE,no,1.2
2013_11_BAL_CHI,2013,11,REG,2013-11-17,Josh McCown,CHI,BAL,5,12:19,0,CHI 20,Take lead,CONVERSION,Offense reached required score state,W,62.518,FAVORABLE,no,1.2
2013_11_NE_CAR,2013,11,REG,2013-11-18,Cam Newton,CAR,NE,4,06:32,-3,CAR 17,Tie or take lead,CONVERSION,Offense reached required score state,W,55.214,FAVORABLE,no,1.2
2013_11_NE_CAR,2013,11,REG,2013-11-18,Tom Brady,NE,CAR,4,00:59,-4,NE 20,Tie or take lead,FAILURE,Interception,L,8.792,VERY_DIFFICULT,no,1.2
2013_11_OAK_HOU,2013,11,REG,2013-11-17,Matt Schaub,HOU,LV,4,03:43,-5,HOU 36,Tie or take lead,FAILURE,Turnover on downs,L,35.636,AVERAGE,no,1.2
2013_11_SD_MIA,2013,11,REG,2013-11-17,Philip Rivers,LAC,MIA,4,01:54,-4,LAC 17,Tie or take lead,FAILURE,End game,L,12.825,VERY_DIFFICULT,no,1.2
2013_11_SF_NO,2013,11,REG,2013-11-17,Drew Brees,NO,SF,4,01:41,0,NO 40,Take lead,CONVERSION,Offense reached required score state,W,76.545,VERY_FAVORABLE,no,1.2
2013_11_SF_NO,2013,11,REG,2013-11-17,Colin Kaepernick,SF,NO,4,02:06,0,SF 20,Take lead,FAILURE,Punt,L,80.596,VERY_FAVORABLE,no,1.2
2013_11_WAS_PHI,2013,11,REG,2013-11-17,Robert Griffin III,WAS,PHI,4,03:26,-8,WAS 4,TD + 2-point conversion,FAILURE,Interception,L,6.279,VERY_DIFFICULT,no,1.2
2013_12_CAR_MIA,2013,12,REG,2013-11-24,Cam Newton,CAR,MIA,4,04:13,-3,CAR 20,Tie or take lead,CONVERSION,Offense reached required score state,W,61.14,FAVORABLE,no,1.2
2013_12_CAR_MIA,2013,12,REG,2013-11-24,Ryan Tannehill,MIA,CAR,4,00:43,-4,MIA 14,Tie or take lead,FAILURE,End game,L,5.176,VERY_DIFFICULT,no,1.2
2013_12_DAL_NYG,2013,12,REG,2013-11-24,Tony Romo,DAL,NYG,4,04:45,0,DAL 20,Take lead,CONVERSION,Offense reached required score state,W,80.596,VERY_FAVORABLE,no,1.2
2013_12_DAL_NYG,2013,12,REG,2013-11-24,Eli Manning,NYG,DAL,4,08:58,-8,NYG 42,TD + 2-point conversion,CONVERSION,Offense reached required score state,L,21.513,DIFFICULT,no,1.2
2013_12_DEN_NE,2013,12,REG,2013-11-24,Peyton Manning,DEN,NE,5,10:04,0,DEN 13,Take lead,FAILURE,Punt,L,48.576,AVERAGE,no,1.2
2013_12_DEN_NE,2013,12,REG,2013-11-24,Tom Brady,NE,DEN,5,03:01,0,DEN 13,Take lead,CONVERSION,Offense reached required score state,W,88.086,VERY_FAVORABLE,no,1.2
2013_12_JAX_HOU,2013,12,REG,2013-11-24,Case Keenum,HOU,JAX,4,01:50,-7,HOU 20,Touchdown,FAILURE,Interception,L,14.197,VERY_DIFFICULT,no,1.2
2013_12_MIN_GB,2013,12,REG,2013-11-24,Matt Flynn,GB,MIN,5,01:59,0,GB 10,Take lead,FAILURE,Punt,T,48.576,AVERAGE,no,1.2
2013_12_MIN_GB,2013,12,REG,2013-11-24,Christian Ponder,MIN,GB,5,03:26,0,MIN 39,Take lead,FAILURE,Punt,T,62.518,FAVORABLE,no,1.2
2013_12_NO_ATL,2013,12,REG,2013-11-21,Matt Ryan,ATL,NO,4,07:53,-4,ATL 9,Tie or take lead,FAILURE,Field goal no conversion,L,30.258,DIFFICULT,no,1.2
2013_12_SD_KC,2013,12,REG,2013-11-24,Alex Smith,KC,LAC,4,00:24,-3,KC 28,Tie or take lead,FAILURE,Fumble lost,L,21.502,DIFFICULT,no,1.2
2013_12_SD_KC,2013,12,REG,2013-11-24,Philip Rivers,LAC,KC,4,01:22,-4,LAC 22,Tie or take lead,CONVERSION,Offense reached required score state,W,20.62,DIFFICULT,no,1.2
2013_12_TB_DET,2013,12,REG,2013-11-24,Matthew Stafford,DET,TB,4,03:49,-3,DET 40,Tie or take lead,FAILURE,Interception,L,72.487,VERY_FAVORABLE,no,1.2
2013_12_TEN_OAK,2013,12,REG,2013-11-24,Matt McGloin,LV,TEN,4,00:10,-4,LV 31,Tie or take lead,FAILURE,Fumble lost,L,8.792,VERY_DIFFICULT,no,1.2
2013_12_TEN_OAK,2013,12,REG,2013-11-24,Ryan Fitzpatrick,TEN,LV,4,06:10,-3,TEN 20,Tie or take lead,CONVERSION,Offense reached required score state,W,68.523,FAVORABLE,no,1.2
2013_13_ARI_PHI,2013,13,REG,2013-12-01,Carson Palmer,ARI,PHI,4,02:08,-3,ARI 10,Tie or take lead,FAILURE,Turnover on downs,L,47.119,AVERAGE,no,1.2
2013_13_ATL_BUF,2013,13,REG,2013-12-01,Matt Ryan,ATL,BUF,5,14:16,0,BUF 47,Take lead,CONVERSION,Offense reached required score state,W,73.636,VERY_FAVORABLE,no,1.2
2013_13_ATL_BUF,2013,13,REG,2013-12-01,EJ Manuel,BUF,ATL,5,15:00,0,BUF 20,Take lead,FAILURE,Fumble lost,L,62.518,FAVORABLE,no,1.2
2013_13_CHI_MIN,2013,13,REG,2013-12-01,Josh McCown,CHI,MIN,5,07:17,0,CHI 47,Take lead,ND-K,Missed or blocked fg 46 to 55,L,,,no,1.2
2013_13_CHI_MIN,2013,13,REG,2013-12-01,Matt Cassel,MIN,CHI,5,04:07,0,MIN 37,Take lead,CONVERSION,Offense reached required score state,W,62.518,FAVORABLE,no,1.2
2013_13_DEN_KC,2013,13,REG,2013-12-01,Alex Smith,KC,DEN,4,03:32,-7,KC 8,Touchdown,FAILURE,Turnover on downs,L,16.647,VERY_DIFFICULT,no,1.2
2013_13_JAX_CLE,2013,13,REG,2013-12-01,Brandon Weeden,CLE,JAX,4,00:40,-4,CLE 20,Tie or take lead,FAILURE,End game,L,8.792,VERY_DIFFICULT,no,1.2
2013_13_JAX_CLE,2013,13,REG,2013-12-01,Chad Henne,JAX,CLE,4,03:55,-3,JAX 20,Tie or take lead,CONVERSION,Offense reached required score state,W,61.14,FAVORABLE,no,1.2
2013_13_NE_HOU,2013,13,REG,2013-12-01,Case Keenum,HOU,NE,4,03:12,-3,HOU 20,Tie or take lead,FAILURE,Turnover on downs,L,61.14,FAVORABLE,no,1.2
2013_13_NYG_WAS,2013,13,REG,2013-12-01,Robert Griffin III,WAS,NYG,4,02:32,-7,WAS 20,Touchdown,FAILURE,Fumble lost,L,26.071,DIFFICULT,no,1.2
2013_13_PIT_BAL,2013,13,REG,2013-11-28,Ben Roethlisberger,PIT,BAL,4,05:37,-8,PIT 21,TD + 2-point conversion,FAILURE,Two point conversion failed,L,14.066,VERY_DIFFICULT,no,1.2
2013_13_TEN_IND,2013,13,REG,2013-12-01,Ryan Fitzpatrick,TEN,IND,4,01:56,-8,TEN 21,TD + 2-point conversion,FAILURE,Interception,L,5.258,VERY_DIFFICULT,no,1.2
2013_14_ATL_GB,2013,14,REG,2013-12-08,Matt Ryan,ATL,GB,4,00:44,-1,ATL 9,Tie or take lead,FAILURE,Interception,L,13.43,VERY_DIFFICULT,no,1.2
2013_14_CLE_NE,2013,14,REG,2013-12-08,Jason Campbell,CLE,NE,4,00:31,-1,CLE 20,Tie or take lead,MANUAL_REVIEW,Missed or blocked fg 56 plus,L,,,no,1.2
2013_14_CLE_NE,2013,14,REG,2013-12-08,Tom Brady,NE,CLE,4,01:01,-5,CLE 40,Tie or take lead,CONVERSION,Offense reached required score state,W,50.756,AVERAGE,no,1.2
2013_14_HOU_JAX,2013,14,REG,2013-12-05,Matt Schaub,HOU,JAX,4,00:25,-7,HOU 23,Touchdown,FAILURE,End game,L,5.785,VERY_DIFFICULT,no,1.2
2013_14_MIA_PIT,2013,14,REG,2013-12-08,Ben Roethlisberger,PIT,MIA,4,01:08,-6,PIT 20,Tie or take lead,FAILURE,End game,L,20.62,DIFFICULT,no,1.2
2013_14_MIN_BAL,2013,14,REG,2013-12-08,Joe Flacco,BAL,MIN,4,00:45,-4,BAL 20,Tie or take lead,CONVERSION,Offense reached required score state,W,8.792,VERY_DIFFICULT,no,1.2
2013_14_MIN_BAL,2013,14,REG,2013-12-08,Matt Cassel,MIN,BAL,4,01:16,-3,MIN 21,Tie or take lead,CONVERSION,Offense reached required score state,L,42.469,AVERAGE,no,1.2
2013_14_SEA_SF,2013,14,REG,2013-12-08,Russell Wilson,SEA,SF,4,00:26,-2,SEA 16,Tie or take lead,FAILURE,Interception,L,13.43,VERY_DIFFICULT,no,1.2
2013_14_SEA_SF,2013,14,REG,2013-12-08,Colin Kaepernick,SF,SEA,4,06:20,-1,SF 20,Tie or take lead,CONVERSION,Offense reached required score state,W,68.523,FAVORABLE,no,1.2
2013_15_ARI_TEN,2013,15,REG,2013-12-15,Carson Palmer,ARI,TEN,5,13:55,0,ARI 46,Take lead,CONVERSION,Offense reached required score state,W,73.636,VERY_FAVORABLE,no,1.2
2013_15_ARI_TEN,2013,15,REG,2013-12-15,Ryan Fitzpatrick,TEN,ARI,5,15:00,0,TEN 24,Take lead,FAILURE,Interception,L,62.518,FAVORABLE,no,1.2
2013_15_BAL_DET,2013,15,REG,2013-12-16,Matthew Stafford,DET,BAL,4,00:38,-2,DET 20,Tie or take lead,FAILURE,Interception,L,21.502,DIFFICULT,no,1.2
2013_15_BUF_JAX,2013,15,REG,2013-12-15,Chad Henne,JAX,BUF,4,01:46,-7,JAX 25,Touchdown,FAILURE,Turnover on downs,L,14.197,VERY_DIFFICULT,no,1.2
2013_15_GB_DAL,2013,15,REG,2013-12-15,Tony Romo,DAL,GB,4,01:31,-1,DAL 20,Tie or take lead,FAILURE,Interception,L,42.469,AVERAGE,no,1.2
2013_15_GB_DAL,2013,15,REG,2013-12-15,Matt Flynn,GB,DAL,4,02:46,-5,50,Tie or take lead,CONVERSION,Offense reached required score state,W,48.109,AVERAGE,no,1.2
2013_15_NE_MIA,2013,15,REG,2013-12-15,Ryan Tannehill,MIA,NE,4,04:07,-3,MIA 40,Tie or take lead,CONVERSION,Offense reached required score state,W,72.487,VERY_FAVORABLE,no,1.2
2013_15_NE_MIA,2013,15,REG,2013-12-15,Tom Brady,NE,MIA,4,01:15,-4,NE 20,Tie or take lead,FAILURE,Interception,L,20.62,DIFFICULT,no,1.2
2013_15_WAS_ATL,2013,15,REG,2013-12-15,Kirk Cousins,WAS,ATL,4,03:25,-7,WAS 20,Touchdown,CONVERSION,Touchdown down 7 kicker neutral,L,26.071,DIFFICULT,no,1.2
2013_16_ARI_SEA,2013,16,REG,2013-12-22,Russell Wilson,SEA,ARI,4,02:13,-7,SEA 26,Touchdown,FAILURE,Interception,L,26.071,DIFFICULT,no,1.2
2013_16_DAL_WAS,2013,16,REG,2013-12-22,Tony Romo,DAL,WAS,4,03:39,-6,DAL 13,Tie or take lead,CONVERSION,Offense reached required score state,W,23.871,DIFFICULT,no,1.2
2013_16_DAL_WAS,2013,16,REG,2013-12-22,Kirk Cousins,WAS,DAL,4,01:08,-1,WAS 13,Tie or take lead,FAILURE,Turnover on downs,L,29.481,DIFFICULT,no,1.2
2013_16_NO_CAR,2013,16,REG,2013-12-22,Cam Newton,CAR,NO,4,00:55,-3,CAR 35,Tie or take lead,CONVERSION,Offense reached required score state,W,21.502,DIFFICULT,no,1.2
2013_16_NO_CAR,2013,16,REG,2013-12-22,Drew Brees,NO,CAR,4,00:23,-4,NO 20,Tie or take lead,FAILURE,End game,L,8.792,VERY_DIFFICULT,no,1.2
2013_16_NYG_DET,2013,16,REG,2013-12-22,Matthew Stafford,DET,NYG,5,14:05,0,DET 28,Take lead,FAILURE,Punt,L,62.518,FAVORABLE,no,1.2
2013_16_NYG_DET,2013,16,REG,2013-12-22,Eli Manning,NYG,DET,5,12:44,0,NYG 28,Take lead,CONVERSION,Offense reached required score state,W,62.518,FAVORABLE,no,1.2
2013_16_PIT_GB,2013,16,REG,2013-12-22,Matt Flynn,GB,PIT,4,01:25,-7,PIT 31,Touchdown,FAILURE,End game,L,39.632,AVERAGE,no,1.2
2013_16_PIT_GB,2013,16,REG,2013-12-22,Ben Roethlisberger,PIT,GB,4,01:51,0,GB 17,Take lead,CONVERSION,Offense reached required score state,W,89.625,VERY_FAVORABLE,no,1.2
2013_16_TEN_JAX,2013,16,REG,2013-12-22,Chad Henne,JAX,TEN,4,01:08,-4,JAX 20,Tie or take lead,FAILURE,Interception,L,20.62,DIFFICULT,no,1.2
2013_17_CAR_ATL,2013,17,REG,2013-12-29,Matt Ryan,ATL,CAR,4,01:20,-1,ATL 12,Tie or take lead,FAILURE,End game,L,29.481,DIFFICULT,no,1.2
2013_17_DET_MIN,2013,17,REG,2013-12-29,Matthew Stafford,DET,MIN,4,09:19,-1,DET 20,Tie or take lead,FAILURE,Punt,L,68.523,FAVORABLE,no,1.2
2013_17_GB_CHI,2013,17,REG,2013-12-29,Jay Cutler,CHI,GB,4,00:38,-5,CHI 40,Tie or take lead,FAILURE,Turnover,L,13.898,VERY_DIFFICULT,no,1.2
2013_17_GB_CHI,2013,17,REG,2013-12-29,Aaron Rodgers,GB,CHI,4,06:24,-1,GB 13,Tie or take lead,CONVERSION,Offense reached required score state,W,55.214,FAVORABLE,no,1.2
2013_17_HOU_TEN,2013,17,REG,2013-12-29,Matt Schaub,HOU,TEN,4,01:06,-6,HOU 9,Tie or take lead,FAILURE,Interception,L,12.825,VERY_DIFFICULT,no,1.2
2013_17_KC_SD,2013,17,REG,2013-12-29,Chase Daniel,KC,LAC,5,05:30,-3,KC 26,Tie or take lead,FAILURE,Turnover on downs,L,38.717,AVERAGE,no,1.2
2013_17_KC_SD,2013,17,REG,2013-12-29,Philip Rivers,LAC,KC,5,15:00,0,LAC 20,Take lead,CONVERSION,Offense reached required score state,W,62.518,FAVORABLE,no,1.2
2013_17_PHI_DAL,2013,17,REG,2013-12-29,Kyle Orton,DAL,PHI,4,01:49,-2,DAL 32,Tie or take lead,FAILURE,Interception,L,42.469,AVERAGE,no,1.2
2013_17_SF_ARI,2013,17,REG,2013-12-29,Carson Palmer,ARI,SF,4,01:45,-3,ARI 20,Tie or take lead,CONVERSION,Offense reached required score state,L,42.469,AVERAGE,no,1.2
2013_17_SF_ARI,2013,17,REG,2013-12-29,Colin Kaepernick,SF,ARI,4,00:29,0,SF 36,Take lead,CONVERSION,Offense reached required score state,W,41.967,AVERAGE,no,1.2
2013_18_KC_IND,2013,18,POST,2014-01-04,Andrew Luck,IND,KC,4,05:36,-6,IND 20,Tie or take lead,CONVERSION,Offense reached required score state,W,43.377,AVERAGE,no,1.2
2013_18_KC_IND,2013,18,POST,2014-01-04,Alex Smith,KC,IND,4,04:21,-1,KC 20,Tie or take lead,FAILURE,Turnover on downs,L,61.14,FAVORABLE,no,1.2
2013_18_NO_PHI,2013,18,POST,2014-01-04,Drew Brees,NO,PHI,4,04:54,-1,PHI 48,Tie or take lead,CONVERSION,Offense reached required score state,W,72.487,VERY_FAVORABLE,no,1.2
2013_18_NO_PHI,2013,18,POST,2014-01-04,Nick Foles,PHI,NO,4,08:04,-6,PHI 23,Tie or take lead,CONVERSION,Offense reached required score state,L,43.377,AVERAGE,no,1.2
2013_18_SF_GB,2013,18,POST,2014-01-05,Aaron Rodgers,GB,SF,4,10:31,-3,GB 33,Tie or take lead,CONVERSION,Offense reached required score state,L,71.862,VERY_FAVORABLE,no,1.2
2013_18_SF_GB,2013,18,POST,2014-01-05,Colin Kaepernick,SF,GB,4,05:06,0,SF 20,Take lead,CONVERSION,Offense reached required score state,W,85.179,VERY_FAVORABLE,no,1.2
2013_19_NO_SEA,2013,19,POST,2014-01-11,Drew Brees,NO,SEA,4,00:26,-8,NO 41,TD + 2-point conversion,FAILURE,End game,L,3.334,VERY_DIFFICULT,no,1.2
2013_20_SF_SEA,2013,20,POST,2014-01-19,Colin Kaepernick,SF,SEA,4,03:37,-6,SF 22,Tie or take lead,FAILURE,Interception,L,35.636,AVERAGE,no,1.2
2014_01_BUF_CHI,2014,1,REG,2014-09-07,EJ Manuel,BUF,CHI,5,13:20,0,BUF 22,Take lead,CONVERSION,Offense reached required score state,W,62.184,FAVORABLE,no,1.2
2014_01_BUF_CHI,2014,1,REG,2014-09-07,Jay Cutler,CHI,BUF,5,15:00,0,CHI 20,Take lead,FAILURE,Punt,L,62.184,FAVORABLE,no,1.2
2014_01_CAR_TB,2014,1,REG,2014-09-07,Josh McCown,TB,CAR,4,00:23,-6,TB 21,Tie or take lead,FAILURE,End game,L,8.781,VERY_DIFFICULT,no,1.2
2014_01_CIN_BAL,2014,1,REG,2014-09-07,Joe Flacco,BAL,CIN,4,04:58,-7,BAL 12,Touchdown,FAILURE,Turnover on downs,L,16.391,VERY_DIFFICULT,no,1.2
2014_01_CIN_BAL,2014,1,REG,2014-09-07,Andy Dalton,CIN,BAL,4,05:46,-1,CIN 20,Tie or take lead,CONVERSION,Offense reached required score state,W,69.146,FAVORABLE,no,1.2
2014_01_CLE_PIT,2014,1,REG,2014-09-07,Brian Hoyer,CLE,PIT,4,01:53,0,CLE 20,Take lead,FAILURE,Punt,L,67.212,FAVORABLE,no,1.2
2014_01_CLE_PIT,2014,1,REG,2014-09-07,Ben Roethlisberger,PIT,CLE,4,00:47,0,PIT 43,Take lead,CONVERSION,Offense reached required score state,W,54.303,AVERAGE,no,1.2
2014_01_IND_DEN,2014,1,REG,2014-09-07,Andrew Luck,IND,DEN,4,02:58,-7,IND 36,Touchdown,FAILURE,Turnover on downs,L,26.099,DIFFICULT,no,1.2
2014_01_NO_ATL,2014,1,REG,2014-09-07,Matt Ryan,ATL,NO,5,14:49,0,NO 38,Take lead,CONVERSION,Offense reached required score state,W,87.372,VERY_FAVORABLE,no,1.2
2014_01_NO_ATL,2014,1,REG,2014-09-07,Drew Brees,NO,ATL,5,15:00,0,NO 20,Take lead,FAILURE,Fumble lost,L,62.184,FAVORABLE,no,1.2
2014_01_SD_ARI,2014,1,REG,2014-09-08,Philip Rivers,LAC,ARI,4,02:25,-1,LAC 20,Tie or take lead,FAILURE,Turnover on downs,L,61.353,FAVORABLE,no,1.2
2014_02_CHI_SF,2014,2,REG,2014-09-14,Colin Kaepernick,SF,CHI,4,06:55,-8,SF 20,TD + 2-point conversion,FAILURE,Turnover on downs,L,14.285,VERY_DIFFICULT,no,1.2
2014_02_KC_DEN,2014,2,REG,2014-09-14,Alex Smith,KC,DEN,4,03:27,-7,KC 34,Touchdown,FAILURE,Turnover on downs,L,26.099,DIFFICULT,no,1.2
2014_02_NO_CLE,2014,2,REG,2014-09-14,Brian Hoyer,CLE,NO,4,02:46,-1,CLE 4,Tie or take lead,CONVERSION,Offense reached required score state,W,46.845,AVERAGE,no,1.2
2014_02_NYJ_GB,2014,2,REG,2014-09-14,Unresolved,NYJ,GB,4,09:23,-7,NYJ 33,Touchdown,MANUAL_REVIEW,Multi qb material participation,L,,,no,1.2
2014_02_PHI_IND,2014,2,REG,2014-09-15,Andrew Luck,IND,PHI,4,03:25,0,IND 20,Take lead,FAILURE,Punt,L,80.843,VERY_FAVORABLE,no,1.2
2014_02_PHI_IND,2014,2,REG,2014-09-15,Nick Foles,PHI,IND,4,01:56,0,PHI 40,Take lead,CONVERSION,Offense reached required score state,W,77.185,VERY_FAVORABLE,no,1.2
2014_02_STL_TB,2014,2,REG,2014-09-14,Austin Davis,LA,TB,4,05:15,-1,LA 9,Tie or take lead,CONVERSION,Offense reached required score state,W,55.439,FAVORABLE,no,1.2
2014_02_STL_TB,2014,2,REG,2014-09-14,Josh McCown,TB,LA,4,00:38,-2,TB 20,Tie or take lead,FAILURE,End game,L,21.315,DIFFICULT,no,1.2
2014_03_BAL_CLE,2014,3,REG,2014-09-21,Joe Flacco,BAL,CLE,4,01:58,-1,50,Tie or take lead,CONVERSION,Offense reached required score state,W,55.999,FAVORABLE,no,1.2
2014_03_CHI_NYJ,2014,3,REG,2014-09-22,Geno Smith,NYJ,CHI,4,03:10,-8,NYJ 20,TD + 2-point conversion,FAILURE,Turnover on downs,L,10.559,VERY_DIFFICULT,no,1.2
2014_03_DAL_STL,2014,3,REG,2014-09-21,Austin Davis,LA,DAL,4,01:58,-3,LA 14,Tie or take lead,FAILURE,Interception,L,29.977,DIFFICULT,no,1.2
2014_03_DEN_SEA,2014,3,REG,2014-09-21,Peyton Manning,DEN,SEA,4,00:59,-8,DEN 20,TD + 2-point conversion,CONVERSION,Offense reached required score state,L,1.975,VERY_DIFFICULT,no,1.2
2014_03_DEN_SEA,2014,3,REG,2014-09-21,Russell Wilson,SEA,DEN,5,15:00,0,SEA 20,Take lead,CONVERSION,Offense reached required score state,W,62.184,FAVORABLE,no,1.2
2014_03_OAK_NE,2014,3,REG,2014-09-21,Derek Carr,LV,NE,4,03:12,-7,LV 38,Touchdown,FAILURE,Interception,L,26.099,DIFFICULT,no,1.2
2014_03_WAS_PHI,2014,3,REG,2014-09-21,Kirk Cousins,WAS,PHI,4,01:47,-3,PHI 41,Tie or take lead,FAILURE,Turnover on downs,L,55.999,FAVORABLE,no,1.2
2014_04_BUF_HOU,2014,4,REG,2014-09-28,EJ Manuel,BUF,HOU,4,01:42,-6,BUF 29,Tie or take lead,FAILURE,Interception,L,21.509,DIFFICULT,no,1.2
2014_04_DET_NYJ,2014,4,REG,2014-09-28,Geno Smith,NYJ,DET,4,04:36,-7,NYJ 16,Touchdown,FAILURE,Punt,L,16.391,VERY_DIFFICULT,no,1.2
2014_04_PHI_SF,2014,4,REG,2014-09-28,Nick Foles,PHI,SF,4,01:23,-5,PHI 31,Tie or take lead,FAILURE,Interception,L,21.509,DIFFICULT,no,1.2
2014_04_TB_PIT,2014,4,REG,2014-09-28,Mike Glennon,TB,PIT,4,00:40,-4,PIT 46,Tie or take lead,CONVERSION,Offense reached required score state,W,13.708,VERY_DIFFICULT,no,1.2
2014_05_BAL_IND,2014,5,REG,2014-10-05,Joe Flacco,BAL,IND,4,01:49,-7,BAL 11,Touchdown,FAILURE,Turnover on downs,L,8.695,VERY_DIFFICULT,no,1.2
2014_05_BUF_DET,2014,5,REG,2014-10-05,Kyle Orton,BUF,DET,4,00:21,0,BUF 40,Take lead,CONVERSION,Offense reached required score state,W,54.303,AVERAGE,no,1.2
2014_05_BUF_DET,2014,5,REG,2014-10-05,Matthew Stafford,DET,BUF,4,01:02,0,DET 11,Take lead,ND-K,Missed or blocked fg 46 to 55,L,,,no,1.2
2014_05_CHI_CAR,2014,5,REG,2014-10-05,Cam Newton,CAR,CHI,4,04:18,0,CHI 23,Take lead,CONVERSION,Offense reached required score state,W,94.668,VERY_FAVORABLE,no,1.2
2014_05_CHI_CAR,2014,5,REG,2014-10-05,Jay Cutler,CHI,CAR,4,02:18,-7,CHI 15,Touchdown,FAILURE,Fumble lost,L,16.391,VERY_DIFFICULT,no,1.2
2014_05_CLE_TEN,2014,5,REG,2014-10-05,Brian Hoyer,CLE,TEN,4,03:03,-6,TEN 42,Tie or take lead,CONVERSION,Offense reached required score state,W,48.212,AVERAGE,no,1.2
2014_05_CLE_TEN,2014,5,REG,2014-10-05,Charlie Whitehurst,TEN,CLE,4,01:09,-1,TEN 20,Tie or take lead,FAILURE,End game,L,43.54,AVERAGE,no,1.2
2014_05_HOU_DAL,2014,5,REG,2014-10-05,Tony Romo,DAL,HOU,5,12:55,0,DAL 10,Take lead,CONVERSION,Offense reached required score state,W,47.721,AVERAGE,no,1.2
2014_05_HOU_DAL,2014,5,REG,2014-10-05,Ryan Fitzpatrick,HOU,DAL,5,15:00,0,HOU 20,Take lead,FAILURE,Punt,L,62.184,FAVORABLE,no,1.2
2014_05_KC_SF,2014,5,REG,2014-10-05,Alex Smith,KC,SF,4,02:12,-5,KC 20,Tie or take lead,FAILURE,Interception,L,36.066,AVERAGE,no,1.2
2014_05_PIT_JAX,2014,5,REG,2014-10-05,Blake Bortles,JAX,PIT,4,05:28,-8,JAX 19,TD + 2-point conversion,FAILURE,Punt,L,8.468,VERY_DIFFICULT,no,1.2
2014_05_STL_PHI,2014,5,REG,2014-10-05,Austin Davis,LA,PHI,4,01:47,-6,LA 7,Tie or take lead,FAILURE,Turnover on downs,L,13.203,VERY_DIFFICULT,no,1.2
2014_05_TB_NO,2014,5,REG,2014-10-05,Drew Brees,NO,TB,5,15:00,0,NO 20,Take lead,CONVERSION,Offense reached required score state,W,62.184,FAVORABLE,no,1.2
2014_05_TB_NO,2014,5,REG,2014-10-05,Mike Glennon,TB,NO,4,00:16,0,TB 11,Take lead,FAILURE,End half,L,28.557,DIFFICULT,no,1.2
2014_06_CAR_CIN,2014,6,REG,2014-10-12,Cam Newton,CAR,CIN,5,08:35,-3,CAR 22,Tie or take lead,CONVERSION,Offense reached required score state,T,38.218,AVERAGE,no,1.2
2014_06_CAR_CIN,2014,6,REG,2014-10-12,Andy Dalton,CIN,CAR,5,02:19,0,CIN 20,Take lead,CONVERSION,Missed or blocked fg 45 or shorter,T,62.184,FAVORABLE,no,1.2
2014_06_DAL_SEA,2014,6,REG,2014-10-12,Russell Wilson,SEA,DAL,4,01:09,-7,SEA 15,Touchdown,FAILURE,Interception,L,8.695,VERY_DIFFICULT,no,1.2
2014_06_GB_MIA,2014,6,REG,2014-10-12,Aaron Rodgers,GB,MIA,4,02:04,-4,GB 40,Tie or take lead,CONVERSION,Offense reached required score state,W,48.212,AVERAGE,no,1.2
2014_06_IND_HOU,2014,6,REG,2014-10-09,Ryan Fitzpatrick,HOU,IND,4,02:15,-5,HOU 9,Tie or take lead,FAILURE,Fumble lost,L,23.847,DIFFICULT,no,1.2
2014_06_JAX_TEN,2014,6,REG,2014-10-12,Blake Bortles,JAX,TEN,4,00:37,-2,JAX 42,Tie or take lead,ND-K,Missed or blocked fg 46 to 55,L,,,no,1.2
2014_06_SD_OAK,2014,6,REG,2014-10-12,Philip Rivers,LAC,LV,4,04:43,-4,LV 39,Tie or take lead,CONVERSION,Offense reached required score state,W,70.358,VERY_FAVORABLE,no,1.2
2014_06_SD_OAK,2014,6,REG,2014-10-12,Derek Carr,LV,LAC,4,01:56,-3,LV 20,Tie or take lead,FAILURE,Interception,L,43.54,AVERAGE,no,1.2
2014_07_KC_SD,2014,7,REG,2014-10-19,Philip Rivers,LAC,KC,4,00:21,-3,LAC 20,Tie or take lead,FAILURE,Interception,L,21.315,DIFFICULT,no,1.2
2014_07_MIN_BUF,2014,7,REG,2014-10-19,Kyle Orton,BUF,MIN,4,03:07,-6,BUF 20,Tie or take lead,CONVERSION,Offense reached required score state,W,36.066,AVERAGE,no,1.2
2014_07_NO_DET,2014,7,REG,2014-10-19,Matthew Stafford,DET,NO,4,03:10,-6,NO 14,Tie or take lead,CONVERSION,Offense reached required score state,W,70.881,VERY_FAVORABLE,no,1.2
2014_07_NO_DET,2014,7,REG,2014-10-19,Drew Brees,NO,DET,4,01:48,-1,NO 20,Tie or take lead,FAILURE,Turnover on downs,L,43.54,AVERAGE,no,1.2
2014_07_NYJ_NE,2014,7,REG,2014-10-16,Geno Smith,NYJ,NE,4,01:06,-2,NYJ 12,Tie or take lead,MANUAL_REVIEW,Missed or blocked fg 56 plus,L,,,no,1.2
2014_07_TEN_WAS,2014,7,REG,2014-10-19,Colt McCoy,WAS,TEN,4,03:14,-1,WAS 20,Tie or take lead,CONVERSION,Offense reached required score state,W,61.353,FAVORABLE,no,1.2
2014_08_BAL_CIN,2014,8,REG,2014-10-26,Joe Flacco,BAL,CIN,4,00:57,-3,BAL 20,Tie or take lead,FAILURE,Turnover on downs,L,21.315,DIFFICULT,no,1.2
2014_08_BAL_CIN,2014,8,REG,2014-10-26,Andy Dalton,CIN,BAL,4,03:59,-4,CIN 20,Tie or take lead,CONVERSION,Offense reached required score state,W,36.066,AVERAGE,no,1.2
2014_08_DET_ATL,2014,8,REG,2014-10-26,Matthew Stafford,DET,ATL,4,01:38,-2,DET 7,Tie or take lead,CONVERSION,Offense reached required score state,W,29.977,DIFFICULT,no,1.2
2014_08_MIN_TB,2014,8,REG,2014-10-26,Teddy Bridgewater,MIN,TB,4,02:02,-3,MIN 20,Tie or take lead,CONVERSION,Offense reached required score state,W,61.353,FAVORABLE,no,1.2
2014_08_MIN_TB,2014,8,REG,2014-10-26,Mike Glennon,TB,MIN,5,15:00,0,TB 17,Take lead,FAILURE,Opp touchdown,L,47.721,AVERAGE,no,1.2
2014_08_PHI_ARI,2014,8,REG,2014-10-26,Carson Palmer,ARI,PHI,4,01:56,-3,ARI 20,Tie or take lead,CONVERSION,Offense reached required score state,W,43.54,AVERAGE,no,1.2
2014_08_PHI_ARI,2014,8,REG,2014-10-26,Nick Foles,PHI,ARI,4,01:21,-4,PHI 20,Tie or take lead,FAILURE,End game,L,21.509,DIFFICULT,no,1.2
2014_08_SEA_CAR,2014,8,REG,2014-10-26,Cam Newton,CAR,SEA,4,00:47,-4,CAR 23,Tie or take lead,FAILURE,Turnover on downs,L,8.781,VERY_DIFFICULT,no,1.2
2014_08_SEA_CAR,2014,8,REG,2014-10-26,Russell Wilson,SEA,CAR,4,04:37,-3,SEA 20,Tie or take lead,CONVERSION,Offense reached required score state,W,61.353,FAVORABLE,no,1.2
2014_08_WAS_DAL,2014,8,REG,2014-10-27,Tony Romo,DAL,WAS,5,09:43,-3,DAL 20,Tie or take lead,FAILURE,Turnover on downs,L,38.218,AVERAGE,no,1.2
2014_08_WAS_DAL,2014,8,REG,2014-10-27,Colt McCoy,WAS,DAL,5,15:00,0,WAS 20,Take lead,CONVERSION,Offense reached required score state,W,62.184,FAVORABLE,no,1.2
2014_09_STL_SF,2014,9,REG,2014-11-02,Colin Kaepernick,SF,LA,4,03:11,-3,SF 12,Tie or take lead,FAILURE,Fumble lost,L,46.845,AVERAGE,no,1.2
2014_09_TB_CLE,2014,9,REG,2014-11-02,Mike Glennon,TB,CLE,4,02:37,-5,TB 23,Tie or take lead,FAILURE,Turnover on downs,L,36.066,AVERAGE,no,1.2
2014_09_WAS_MIN,2014,9,REG,2014-11-02,Robert Griffin III,WAS,MIN,4,03:27,-3,WAS 20,Tie or take lead,FAILURE,Turnover on downs,L,61.353,FAVORABLE,no,1.2
2014_10_KC_BUF,2014,10,REG,2014-11-09,Kyle Orton,BUF,KC,4,04:35,-4,KC 25,Tie or take lead,FAILURE,Turnover on downs,L,70.358,VERY_FAVORABLE,no,1.2
2014_10_MIA_DET,2014,10,REG,2014-11-09,Matthew Stafford,DET,MIA,4,03:13,-3,DET 26,Tie or take lead,CONVERSION,Offense reached required score state,W,61.353,FAVORABLE,no,1.2
2014_10_MIA_DET,2014,10,REG,2014-11-09,Ryan Tannehill,MIA,DET,4,00:29,-4,MIA 20,Tie or take lead,FAILURE,End game,L,8.781,VERY_DIFFICULT,no,1.2
2014_10_SF_NO,2014,10,REG,2014-11-09,Drew Brees,NO,SF,5,07:43,0,NO 9,Take lead,FAILURE,Fumble lost,L,47.721,AVERAGE,no,1.2
2014_10_SF_NO,2014,10,REG,2014-11-09,Colin Kaepernick,SF,NO,5,05:18,0,NO 17,Take lead,CONVERSION,Offense reached required score state,W,87.647,VERY_FAVORABLE,no,1.2
2014_11_ATL_CAR,2014,11,REG,2014-11-16,Cam Newton,CAR,ATL,4,00:22,-2,CAR 16,Tie or take lead,MANUAL_REVIEW,Missed or blocked fg 56 plus,L,,,no,1.2
2014_11_DET_ARI,2014,11,REG,2014-11-16,Matthew Stafford,DET,ARI,4,04:34,-8,DET 11,TD + 2-point conversion,FAILURE,Punt,L,6.151,VERY_DIFFICULT,no,1.2
2014_11_MIN_CHI,2014,11,REG,2014-11-16,Teddy Bridgewater,MIN,CHI,4,02:03,-8,MIN 34,TD + 2-point conversion,FAILURE,Interception,L,10.559,VERY_DIFFICULT,no,1.2
2014_11_OAK_SD,2014,11,REG,2014-11-16,Derek Carr,LV,LAC,4,01:05,-7,LV 12,Touchdown,FAILURE,End game,L,8.695,VERY_DIFFICULT,no,1.2
2014_11_PIT_TEN,2014,11,REG,2014-11-17,Zach Mettenberger,TEN,PIT,4,09:01,-3,TEN 36,Tie or take lead,FAILURE,Punt,L,69.146,FAVORABLE,no,1.2
2014_11_SEA_KC,2014,11,REG,2014-11-16,Russell Wilson,SEA,KC,4,02:47,-4,SEA 4,Tie or take lead,FAILURE,Turnover on downs,L,23.847,DIFFICULT,no,1.2
2014_11_SF_NYG,2014,11,REG,2014-11-16,Eli Manning,NYG,SF,4,01:09,-6,NYG 15,Tie or take lead,FAILURE,Turnover on downs,L,13.203,VERY_DIFFICULT,no,1.2
2014_12_CLE_ATL,2014,12,REG,2014-11-23,Matt Ryan,ATL,CLE,4,02:42,-2,ATL 45,Tie or take lead,CONVERSION,Offense reached required score state,L,72.375,VERY_FAVORABLE,no,1.2
2014_12_CLE_ATL,2014,12,REG,2014-11-23,Brian Hoyer,CLE,ATL,4,00:44,-1,CLE 20,Tie or take lead,CONVERSION,Offense reached required score state,W,21.315,DIFFICULT,no,1.2
2014_12_DAL_NYG,2014,12,REG,2014-11-23,Tony Romo,DAL,NYG,4,03:00,-4,DAL 20,Tie or take lead,CONVERSION,Offense reached required score state,W,36.066,AVERAGE,no,1.2
2014_12_DAL_NYG,2014,12,REG,2014-11-23,Eli Manning,NYG,DAL,4,01:01,-3,NYG 20,Tie or take lead,FAILURE,Turnover on downs,L,43.54,AVERAGE,no,1.2
2014_12_KC_OAK,2014,12,REG,2014-11-20,Alex Smith,KC,LV,4,01:42,-4,KC 39,Tie or take lead,FAILURE,Turnover on downs,L,21.509,DIFFICULT,no,1.2
2014_12_KC_OAK,2014,12,REG,2014-11-20,Derek Carr,LV,KC,4,09:03,-3,LV 20,Tie or take lead,CONVERSION,Offense reached required score state,W,69.146,FAVORABLE,no,1.2
2014_12_STL_SD,2014,12,REG,2014-11-23,Shaun Hill,LA,LAC,4,01:27,-3,LAC 40,Tie or take lead,FAILURE,Interception,L,76.442,VERY_FAVORABLE,no,1.2
2014_12_TB_CHI,2014,12,REG,2014-11-23,Josh McCown,TB,CHI,4,00:13,-8,TB 37,TD + 2-point conversion,FAILURE,End game,L,1.975,VERY_DIFFICULT,no,1.2
2014_12_WAS_SF,2014,12,REG,2014-11-23,Robert Griffin III,WAS,SF,4,01:29,-4,WAS 8,Tie or take lead,FAILURE,Fumble lost,L,13.203,VERY_DIFFICULT,no,1.2
2014_13_CIN_TB,2014,13,REG,2014-11-30,Josh McCown,TB,CIN,4,02:01,-1,TB 20,Tie or take lead,FAILURE,Turnover on downs,L,61.353,FAVORABLE,no,1.2
2014_13_MIA_NYJ,2014,13,REG,2014-12-01,Ryan Tannehill,MIA,NYJ,4,05:42,0,MIA 35,Take lead,CONVERSION,Offense reached required score state,W,85.627,VERY_FAVORABLE,no,1.2
2014_13_MIA_NYJ,2014,13,REG,2014-12-01,Geno Smith,NYJ,MIA,4,01:57,-3,NYJ 20,Tie or take lead,FAILURE,Interception,L,43.54,AVERAGE,no,1.2
2014_13_NE_GB,2014,13,REG,2014-11-30,Tom Brady,NE,GB,4,08:41,-5,NE 28,Tie or take lead,FAILURE,Field goal no conversion,L,44.332,AVERAGE,no,1.2
2014_13_NYG_JAX,2014,13,REG,2014-11-30,Blake Bortles,JAX,NYG,4,03:26,-2,JAX 20,Tie or take lead,CONVERSION,Offense reached required score state,W,61.353,FAVORABLE,no,1.2
2014_13_NYG_JAX,2014,13,REG,2014-11-30,Eli Manning,NYG,JAX,4,00:28,-1,NYG 20,Tie or take lead,FAILURE,Fumble lost,L,21.315,DIFFICULT,no,1.2
2014_13_SD_BAL,2014,13,REG,2014-11-30,Joe Flacco,BAL,LAC,4,00:38,-1,BAL 14,Tie or take lead,FAILURE,End game,L,13.072,VERY_DIFFICULT,no,1.2
2014_13_SD_BAL,2014,13,REG,2014-11-30,Philip Rivers,LAC,BAL,4,02:22,-6,LAC 20,Tie or take lead,CONVERSION,Offense reached required score state,W,36.066,AVERAGE,no,1.2
2014_14_IND_CLE,2014,14,REG,2014-12-07,Brian Hoyer,CLE,IND,4,00:32,-1,CLE 13,Tie or take lead,FAILURE,Interception,L,13.072,VERY_DIFFICULT,no,1.2
2014_14_IND_CLE,2014,14,REG,2014-12-07,Andrew Luck,IND,CLE,4,03:46,-5,IND 10,Tie or take lead,CONVERSION,Offense reached required score state,W,23.847,DIFFICULT,no,1.2
2014_14_KC_ARI,2014,14,REG,2014-12-07,Alex Smith,KC,ARI,4,01:09,-3,KC 24,Tie or take lead,FAILURE,Turnover on downs,L,43.54,AVERAGE,no,1.2
2014_14_NYJ_MIN,2014,14,REG,2014-12-07,Teddy Bridgewater,MIN,NYJ,5,12:00,0,MIN 8,Take lead,CONVERSION,Offense reached required score state,W,47.721,AVERAGE,no,1.2
2014_14_NYJ_MIN,2014,14,REG,2014-12-07,Geno Smith,NYJ,MIN,5,15:00,0,NYJ 20,Take lead,FAILURE,Punt,L,62.184,FAVORABLE,no,1.2
2014_15_ARI_STL,2014,15,REG,2014-12-11,Shaun Hill,LA,ARI,4,00:18,-6,LA 14,Tie or take lead,FAILURE,Turnover,L,5.072,VERY_DIFFICULT,no,1.2
2014_15_GB_BUF,2014,15,REG,2014-12-14,Aaron Rodgers,GB,BUF,4,01:58,-6,GB 10,Tie or take lead,FAILURE,Safety,L,13.203,VERY_DIFFICULT,no,1.2
2014_15_HOU_IND,2014,15,REG,2014-12-14,Tom Savage,HOU,IND,4,02:11,-7,HOU 20,Touchdown,FAILURE,Interception,L,26.099,DIFFICULT,no,1.2
2014_15_JAX_BAL,2014,15,REG,2014-12-14,Blake Bortles,JAX,BAL,4,01:11,-8,JAX 20,TD + 2-point conversion,FAILURE,Interception,L,5.424,VERY_DIFFICULT,no,1.2
2014_15_MIN_DET,2014,15,REG,2014-12-14,Teddy Bridgewater,MIN,DET,4,00:45,-2,MIN 30,Tie or take lead,MANUAL_REVIEW,Missed or blocked fg 56 plus,L,,,no,1.2
2014_15_NYJ_TEN,2014,15,REG,2014-12-14,Charlie Whitehurst,TEN,NYJ,4,00:21,-5,TEN 19,Tie or take lead,FAILURE,End game,L,5.072,VERY_DIFFICULT,no,1.2
2014_15_PIT_ATL,2014,15,REG,2014-12-14,Matt Ryan,ATL,PIT,4,06:23,-7,ATL 17,Touchdown,FAILURE,Punt,L,21.676,DIFFICULT,no,1.2
2014_15_TB_CAR,2014,15,REG,2014-12-14,Josh McCown,TB,CAR,4,00:23,-2,TB 10,Tie or take lead,FAILURE,Interception,L,13.072,VERY_DIFFICULT,no,1.2
2014_16_CLE_CAR,2014,16,REG,2014-12-21,Brian Hoyer,CLE,CAR,4,06:47,-4,CLE 29,Tie or take lead,FAILURE,Punt,L,44.332,AVERAGE,no,1.2
2014_16_DET_CHI,2014,16,REG,2014-12-21,Jimmy Clausen,CHI,DET,4,02:35,-6,CHI 21,Tie or take lead,FAILURE,Interception,L,36.066,AVERAGE,no,1.2
2014_16_MIN_MIA,2014,16,REG,2014-12-21,Ryan Tannehill,MIA,MIN,4,04:35,-7,MIA 20,Touchdown,CONVERSION,Touchdown down 7 kicker neutral,W,26.099,DIFFICULT,no,1.2
2014_16_MIN_MIA,2014,16,REG,2014-12-21,Teddy Bridgewater,MIN,MIA,4,01:11,0,MIN 13,Take lead,FAILURE,Punt,L,53.226,AVERAGE,no,1.2
2014_16_NE_NYJ,2014,16,REG,2014-12-21,Geno Smith,NYJ,NE,4,07:18,-1,NE 30,Tie or take lead,ND-K,Missed or blocked fg 46 to 55,L,,,no,1.2
2014_16_PHI_WAS,2014,16,REG,2014-12-20,Mark Sanchez,PHI,WAS,4,02:36,0,PHI 15,Take lead,FAILURE,Interception,L,70.083,VERY_FAVORABLE,no,1.2
2014_16_PHI_WAS,2014,16,REG,2014-12-20,Robert Griffin III,WAS,PHI,4,01:31,0,WAS 42,Take lead,CONVERSION,Offense reached required score state,W,77.185,VERY_FAVORABLE,no,1.2
2014_16_SD_SF,2014,16,REG,2014-12-20,Philip Rivers,LAC,SF,5,14:06,0,LAC 38,Take lead,CONVERSION,Offense reached required score state,W,62.184,FAVORABLE,no,1.2
2014_16_SD_SF,2014,16,REG,2014-12-20,Colin Kaepernick,SF,LAC,5,15:00,0,SF 30,Take lead,FAILURE,Fumble lost,L,62.184,FAVORABLE,no,1.2
2014_16_TEN_JAX,2014,16,REG,2014-12-18,Charlie Whitehurst,TEN,JAX,4,01:07,-8,TEN 20,TD + 2-point conversion,FAILURE,End game,L,5.424,VERY_DIFFICULT,no,1.2
2014_17_ARI_SF,2014,17,REG,2014-12-28,Ryan Lindley,ARI,SF,4,02:00,-3,ARI 20,Tie or take lead,FAILURE,Interception,L,43.54,AVERAGE,no,1.2
2014_17_BUF_NE,2014,17,REG,2014-12-28,Jimmy Garoppolo,NE,BUF,4,01:50,-8,NE 25,TD + 2-point conversion,FAILURE,Turnover on downs,L,5.424,VERY_DIFFICULT,no,1.2
2014_17_CHI_MIN,2014,17,REG,2014-12-28,Jay Cutler,CHI,MIN,4,02:53,-4,CHI 3,Tie or take lead,FAILURE,Turnover on downs,L,23.847,DIFFICULT,no,1.2
2014_17_JAX_HOU,2014,17,REG,2014-12-28,Blake Bortles,JAX,HOU,4,02:51,-6,JAX 15,Tie or take lead,FAILURE,Turnover on downs,L,23.847,DIFFICULT,no,1.2
2014_17_NO_TB,2014,17,REG,2014-12-28,Josh McCown,TB,NO,4,01:57,-1,TB 17,Tie or take lead,FAILURE,Safety,L,29.977,DIFFICULT,no,1.2
2014_17_PHI_NYG,2014,17,REG,2014-12-28,Eli Manning,NYG,PHI,4,03:45,-8,NYG 31,TD + 2-point conversion,FAILURE,Interception,L,10.559,VERY_DIFFICULT,no,1.2
2014_18_DET_DAL,2014,18,POST,2015-01-04,Tony Romo,DAL,DET,4,08:10,-3,DAL 41,Tie or take lead,CONVERSION,Offense reached required score state,W,78.717,VERY_FAVORABLE,no,1.2
2014_18_DET_DAL,2014,18,POST,2015-01-04,Matthew Stafford,DET,DAL,4,02:00,-4,DET 23,Tie or take lead,FAILURE,Fumble lost,L,21.509,DIFFICULT,no,1.2
2014_19_BAL_NE,2014,19,POST,2015-01-10,Joe Flacco,BAL,NE,4,05:13,-4,BAL 11,Tie or take lead,FAILURE,Interception,L,30.655,DIFFICULT,no,1.2
2014_19_DAL_GB,2014,19,POST,2015-01-11,Tony Romo,DAL,GB,4,09:10,-5,DAL 18,Tie or take lead,FAILURE,Turnover on downs,L,30.655,DIFFICULT,no,1.2
2014_20_GB_SEA,2014,20,POST,2015-01-18,Aaron Rodgers,GB,SEA,4,01:25,-3,GB 22,Tie or take lead,CONVERSION,Offense reached required score state,L,43.54,AVERAGE,no,1.2
2014_20_GB_SEA,2014,20,POST,2015-01-18,Russell Wilson,SEA,GB,5,15:00,0,SEA 13,Take lead,CONVERSION,Offense reached required score state,W,47.721,AVERAGE,no,1.2
2014_21_NE_SEA,2014,21,POST,2015-02-01,Tom Brady,NE,SEA,4,06:52,-3,NE 36,Tie or take lead,CONVERSION,Offense reached required score state,W,69.146,FAVORABLE,no,1.2
2014_21_NE_SEA,2014,21,POST,2015-02-01,Russell Wilson,SEA,NE,4,02:02,-4,SEA 20,Tie or take lead,FAILURE,Interception,L,36.066,AVERAGE,no,1.2
2015_01_BAL_DEN,2015,1,REG,2015-09-13,Joe Flacco,BAL,DEN,4,02:55,-6,BAL 20,Tie or take lead,FAILURE,Interception,L,35.994,AVERAGE,no,1.2
2015_01_MIA_WAS,2015,1,REG,2015-09-13,Kirk Cousins,WAS,MIA,4,05:00,-7,WAS 31,Touchdown,FAILURE,Turnover on downs,L,25.567,DIFFICULT,no,1.2
2015_01_NYG_DAL,2015,1,REG,2015-09-13,Tony Romo,DAL,NYG,4,01:34,-6,DAL 28,Tie or take lead,CONVERSION,Offense reached required score state,W,20.924,DIFFICULT,no,1.2
2015_01_PHI_ATL,2015,1,REG,2015-09-14,Sam Bradford,PHI,ATL,4,01:49,-2,PHI 14,Tie or take lead,FAILURE,Interception,L,28.516,DIFFICULT,no,1.2
2015_01_SEA_STL,2015,1,REG,2015-09-13,Nick Foles,LA,SEA,5,15:00,0,SEA 49,Take lead,CONVERSION,Offense reached required score state,W,73.821,VERY_FAVORABLE,no,1.2
2015_01_SEA_STL,2015,1,REG,2015-09-13,Russell Wilson,SEA,LA,5,12:06,-3,SEA 20,Tie or take lead,FAILURE,Turnover on downs,L,39.317,AVERAGE,no,1.2
2015_02_ATL_NYG,2015,2,REG,2015-09-20,Matt Ryan,ATL,NYG,4,03:12,-3,ATL 30,Tie or take lead,CONVERSION,Offense reached required score state,W,61.58,FAVORABLE,no,1.2
2015_02_ATL_NYG,2015,2,REG,2015-09-20,Eli Manning,NYG,ATL,4,01:14,-4,NYG 20,Tie or take lead,FAILURE,Turnover on downs,L,20.924,DIFFICULT,no,1.2
2015_02_BAL_OAK,2015,2,REG,2015-09-20,Joe Flacco,BAL,LV,4,00:26,-4,BAL 20,Tie or take lead,FAILURE,Interception,L,8.881,VERY_DIFFICULT,no,1.2
2015_02_BAL_OAK,2015,2,REG,2015-09-20,Derek Carr,LV,BAL,4,02:10,-3,LV 20,Tie or take lead,CONVERSION,Offense reached required score state,W,61.58,FAVORABLE,no,1.2
2015_02_DEN_KC,2015,2,REG,2015-09-17,Peyton Manning,DEN,KC,4,02:27,-7,DEN 20,Touchdown,CONVERSION,Touchdown down 7 kicker neutral,W,25.567,DIFFICULT,no,1.2
2015_02_DEN_KC,2015,2,REG,2015-09-17,Alex Smith,KC,DEN,4,00:27,-7,KC 20,Touchdown,FAILURE,End game,L,5.619,VERY_DIFFICULT,no,1.2
2015_02_HOU_CAR,2015,2,REG,2015-09-20,Ryan Mallett,HOU,CAR,4,02:44,-7,HOU 43,Touchdown,FAILURE,Turnover on downs,L,37.41,AVERAGE,no,1.2
2015_02_MIA_JAX,2015,2,REG,2015-09-20,Blake Bortles,JAX,MIA,4,01:48,0,JAX 24,Take lead,CONVERSION,Offense reached required score state,W,65.355,FAVORABLE,no,1.2
2015_02_MIA_JAX,2015,2,REG,2015-09-20,Ryan Tannehill,MIA,JAX,4,00:40,-3,MIA 20,Tie or take lead,FAILURE,Turnover on downs,L,21.74,DIFFICULT,no,1.2
2015_02_NE_BUF,2015,2,REG,2015-09-20,Tyrod Taylor,BUF,NE,4,01:15,-8,BUF 20,TD + 2-point conversion,FAILURE,Interception,L,5.231,VERY_DIFFICULT,no,1.2
2015_02_SD_CIN,2015,2,REG,2015-09-20,Philip Rivers,LAC,CIN,4,01:09,-5,LAC 20,Tie or take lead,FAILURE,Interception,L,20.924,DIFFICULT,no,1.2
2015_02_TB_NO,2015,2,REG,2015-09-20,Drew Brees,NO,TB,4,01:51,-7,NO 20,Touchdown,FAILURE,End game,L,13.914,VERY_DIFFICULT,no,1.2
2015_03_CIN_BAL,2015,3,REG,2015-09-27,Joe Flacco,BAL,CIN,4,02:10,-4,BAL 20,Tie or take lead,FAILURE,Turnover on downs,L,35.994,AVERAGE,no,1.2
2015_03_IND_TEN,2015,3,REG,2015-09-27,Marcus Mariota,TEN,IND,4,02:51,-8,TEN 20,TD + 2-point conversion,FAILURE,Two point conversion failed,L,10.5,VERY_DIFFICULT,no,1.2
2015_03_NO_CAR,2015,3,REG,2015-09-27,Luke McCown,NO,CAR,4,00:10,-5,NO 45,Tie or take lead,FAILURE,End game,L,14.5,VERY_DIFFICULT,no,1.2
2015_03_OAK_CLE,2015,3,REG,2015-09-27,Josh McCown,CLE,LV,4,02:26,-7,CLE 2,Touchdown,FAILURE,Interception,L,15.375,VERY_DIFFICULT,no,1.2
2015_03_PIT_STL,2015,3,REG,2015-09-27,Nick Foles,LA,PIT,4,01:56,-6,LA 21,Tie or take lead,FAILURE,Turnover on downs,L,20.924,DIFFICULT,no,1.2
2015_04_BAL_PIT,2015,4,REG,2015-10-01,Joe Flacco,BAL,PIT,5,09:41,0,BAL 33,Take lead,CONVERSION,Offense reached required score state,W,61.84,FAVORABLE,no,1.2
2015_04_BAL_PIT,2015,4,REG,2015-10-01,Mike Vick,PIT,BAL,5,11:56,0,PIT 41,Take lead,FAILURE,Turnover on downs,L,73.821,VERY_FAVORABLE,no,1.2
2015_04_CLE_SD,2015,4,REG,2015-10-04,Josh McCown,CLE,LAC,4,07:26,-8,CLE 33,TD + 2-point conversion,CONVERSION,Offense reached required score state,L,13.815,VERY_DIFFICULT,no,1.2
2015_04_CLE_SD,2015,4,REG,2015-10-04,Philip Rivers,LAC,CLE,4,02:09,0,LAC 27,Take lead,CONVERSION,Offense reached required score state,W,80.036,VERY_FAVORABLE,no,1.2
2015_04_DAL_NO,2015,4,REG,2015-10-04,Brandon Weeden,DAL,NO,4,04:05,-7,DAL 9,Touchdown,CONVERSION,Touchdown down 7 kicker neutral,L,15.375,VERY_DIFFICULT,no,1.2
2015_04_DAL_NO,2015,4,REG,2015-10-04,Drew Brees,NO,DAL,5,15:00,0,NO 20,Take lead,CONVERSION,Offense reached required score state,W,61.84,FAVORABLE,no,1.2
2015_04_DET_SEA,2015,4,REG,2015-10-05,Matthew Stafford,DET,SEA,4,06:23,-3,DET 9,Tie or take lead,FAILURE,Fumble lost,L,53.669,AVERAGE,no,1.2
2015_04_JAX_IND,2015,4,REG,2015-10-04,Matt Hasselbeck,IND,JAX,5,08:13,0,IND 38,Take lead,CONVERSION,Offense reached required score state,W,61.84,FAVORABLE,no,1.2
2015_04_JAX_IND,2015,4,REG,2015-10-04,Blake Bortles,JAX,IND,5,12:11,0,JAX 39,Take lead,ND-K,Missed or blocked fg 46 to 55,L,,,no,1.2
2015_04_MIN_DEN,2015,4,REG,2015-10-04,Peyton Manning,DEN,MIN,4,05:11,0,DEN 24,Take lead,CONVERSION,Offense reached required score state,W,84.563,VERY_FAVORABLE,no,1.2
2015_04_MIN_DEN,2015,4,REG,2015-10-04,Teddy Bridgewater,MIN,DEN,4,01:51,-3,MIN 20,Tie or take lead,FAILURE,Fumble lost,L,42.994,AVERAGE,no,1.2
2015_04_OAK_CHI,2015,4,REG,2015-10-04,Jay Cutler,CHI,LV,4,02:05,-1,CHI 20,Tie or take lead,CONVERSION,Offense reached required score state,W,61.58,FAVORABLE,no,1.2
2015_04_OAK_CHI,2015,4,REG,2015-10-04,Derek Carr,LV,CHI,4,06:41,-2,LV 9,Tie or take lead,CONVERSION,Offense reached required score state,L,53.669,AVERAGE,no,1.2
2015_04_PHI_WAS,2015,4,REG,2015-10-04,Sam Bradford,PHI,WAS,4,00:26,-3,PHI 20,Tie or take lead,FAILURE,Fumble lost,L,21.74,DIFFICULT,no,1.2
2015_04_PHI_WAS,2015,4,REG,2015-10-04,Kirk Cousins,WAS,PHI,4,06:05,-4,WAS 10,Tie or take lead,CONVERSION,Offense reached required score state,W,28.897,DIFFICULT,no,1.2
2015_04_STL_ARI,2015,4,REG,2015-10-04,Carson Palmer,ARI,LA,4,02:51,-2,ARI 37,Tie or take lead,FAILURE,Turnover on downs,L,61.58,FAVORABLE,no,1.2
2015_05_BUF_TEN,2015,5,REG,2015-10-11,Marcus Mariota,TEN,BUF,4,01:41,-1,TEN 31,Tie or take lead,FAILURE,Interception,L,42.994,AVERAGE,no,1.2
2015_05_CHI_KC,2015,5,REG,2015-10-11,Jay Cutler,CHI,KC,4,02:04,-5,CHI 33,Tie or take lead,CONVERSION,Offense reached required score state,W,35.994,AVERAGE,no,1.2
2015_05_CHI_KC,2015,5,REG,2015-10-11,Alex Smith,KC,CHI,4,00:18,-1,KC 29,Tie or take lead,MANUAL_REVIEW,Missed or blocked fg 56 plus,L,,,no,1.2
2015_05_CLE_BAL,2015,5,REG,2015-10-11,Joe Flacco,BAL,CLE,5,15:00,0,BAL 15,Take lead,FAILURE,Punt,L,46.154,AVERAGE,no,1.2
2015_05_CLE_BAL,2015,5,REG,2015-10-11,Josh McCown,CLE,BAL,5,13:54,0,CLE 35,Take lead,CONVERSION,Offense reached required score state,W,61.84,FAVORABLE,no,1.2
2015_05_IND_HOU,2015,5,REG,2015-10-08,Brian Hoyer,HOU,IND,4,03:25,-7,HOU 36,Touchdown,FAILURE,Interception,L,25.567,DIFFICULT,no,1.2
2015_05_PIT_SD,2015,5,REG,2015-10-12,Philip Rivers,LAC,PIT,4,07:42,0,LAC 20,Take lead,CONVERSION,Offense reached required score state,L,84.563,VERY_FAVORABLE,no,1.2
2015_05_PIT_SD,2015,5,REG,2015-10-12,Mike Vick,PIT,LAC,4,02:56,-3,PIT 20,Tie or take lead,CONVERSION,Offense reached required score state,W,61.58,FAVORABLE,no,1.2
2015_05_SEA_CIN,2015,5,REG,2015-10-11,Andy Dalton,CIN,SEA,5,07:02,0,CIN 43,Take lead,CONVERSION,Offense reached required score state,W,73.821,VERY_FAVORABLE,no,1.2
2015_05_SEA_CIN,2015,5,REG,2015-10-11,Russell Wilson,SEA,CIN,5,09:03,0,SEA 20,Take lead,FAILURE,Punt,L,61.84,FAVORABLE,no,1.2
2015_05_SF_NYG,2015,5,REG,2015-10-11,Eli Manning,NYG,SF,4,01:45,-4,NYG 18,Tie or take lead,CONVERSION,Offense reached required score state,W,12.277,VERY_DIFFICULT,no,1.2
2015_05_SF_NYG,2015,5,REG,2015-10-11,Colin Kaepernick,SF,NYG,4,00:21,-3,SF 22,Tie or take lead,FAILURE,End game,L,21.74,DIFFICULT,no,1.2
2015_05_WAS_ATL,2015,5,REG,2015-10-11,Matt Ryan,ATL,WAS,4,02:38,-4,ATL 20,Tie or take lead,CONVERSION,Offense reached required score state,W,35.994,AVERAGE,no,1.2
2015_05_WAS_ATL,2015,5,REG,2015-10-11,Kirk Cousins,WAS,ATL,5,15:00,0,WAS 20,Take lead,FAILURE,Interception,L,61.84,FAVORABLE,no,1.2
2015_06_BAL_SF,2015,6,REG,2015-10-18,Joe Flacco,BAL,SF,4,01:06,-5,BAL 20,Tie or take lead,FAILURE,End game,L,20.924,DIFFICULT,no,1.2
2015_06_CAR_SEA,2015,6,REG,2015-10-18,Cam Newton,CAR,SEA,4,02:20,-3,CAR 20,Tie or take lead,CONVERSION,Offense reached required score state,W,61.58,FAVORABLE,no,1.2
2015_06_CAR_SEA,2015,6,REG,2015-10-18,Russell Wilson,SEA,CAR,4,00:32,-4,SEA 9,Tie or take lead,FAILURE,End game,L,4.902,VERY_DIFFICULT,no,1.2
2015_06_CHI_DET,2015,6,REG,2015-10-18,Jay Cutler,CHI,DET,5,08:01,0,CHI 22,Take lead,FAILURE,Punt,L,61.84,FAVORABLE,no,1.2
2015_06_CHI_DET,2015,6,REG,2015-10-18,Matthew Stafford,DET,CHI,5,06:23,0,DET 14,Take lead,CONVERSION,Offense reached required score state,W,46.154,AVERAGE,no,1.2
2015_06_DEN_CLE,2015,6,REG,2015-10-18,Josh McCown,CLE,DEN,5,15:00,0,DEN 31,Take lead,FAILURE,Punt,L,87.107,VERY_FAVORABLE,no,1.2
2015_06_DEN_CLE,2015,6,REG,2015-10-18,Peyton Manning,DEN,CLE,5,11:48,0,DEN 12,Take lead,CONVERSION,Offense reached required score state,W,46.154,AVERAGE,no,1.2
2015_06_KC_MIN,2015,6,REG,2015-10-18,Alex Smith,KC,MIN,4,02:46,-6,KC 20,Tie or take lead,FAILURE,Turnover on downs,L,35.994,AVERAGE,no,1.2
2015_06_SD_GB,2015,6,REG,2015-10-18,Philip Rivers,LAC,GB,4,02:37,-7,LAC 20,Touchdown,FAILURE,Turnover on downs,L,25.567,DIFFICULT,no,1.2
2015_07_ATL_TEN,2015,7,REG,2015-10-25,Zach Mettenberger,TEN,ATL,4,02:28,-3,TEN 37,Tie or take lead,FAILURE,Interception,L,61.58,FAVORABLE,no,1.2
2015_07_BAL_ARI,2015,7,REG,2015-10-26,Joe Flacco,BAL,ARI,4,01:53,-8,BAL 24,TD + 2-point conversion,FAILURE,Interception,L,5.231,VERY_DIFFICULT,no,1.2
2015_07_BUF_JAX,2015,7,REG,2015-10-25,EJ Manuel,BUF,JAX,4,02:16,-3,BUF 20,Tie or take lead,FAILURE,Turnover on downs,L,61.58,FAVORABLE,no,1.2
2015_07_BUF_JAX,2015,7,REG,2015-10-25,Blake Bortles,JAX,BUF,4,05:21,-4,JAX 16,Tie or take lead,CONVERSION,Offense reached required score state,W,28.897,DIFFICULT,no,1.2
2015_07_DAL_NYG,2015,7,REG,2015-10-25,Matt Cassel,DAL,NYG,4,07:01,-7,DAL 31,Touchdown,FAILURE,Turnover on downs,L,31.943,DIFFICULT,no,1.2
2015_07_NYJ_NE,2015,7,REG,2015-10-25,Ryan Fitzpatrick,NYJ,NE,4,00:18,-7,NE 49,Touchdown,FAILURE,End game,L,9.387,VERY_DIFFICULT,no,1.2
2015_07_TB_WAS,2015,7,REG,2015-10-25,Jameis Winston,TB,WAS,4,00:24,-1,TB 20,Tie or take lead,FAILURE,Fumble lost,L,21.74,DIFFICULT,no,1.2
2015_07_TB_WAS,2015,7,REG,2015-10-25,Kirk Cousins,WAS,TB,4,02:24,-6,WAS 20,Tie or take lead,CONVERSION,Offense reached required score state,W,35.994,AVERAGE,no,1.2
2015_08_CIN_PIT,2015,8,REG,2015-11-01,Ben Roethlisberger,PIT,CIN,4,01:47,-6,PIT 20,Tie or take lead,FAILURE,End game,L,20.924,DIFFICULT,no,1.2
2015_08_IND_CAR,2015,8,REG,2015-11-02,Cam Newton,CAR,IND,5,07:02,0,IND 39,Take lead,CONVERSION,Offense reached required score state,W,87.107,VERY_FAVORABLE,no,1.2
2015_08_IND_CAR,2015,8,REG,2015-11-02,Andrew Luck,IND,CAR,5,07:50,0,IND 29,Take lead,FAILURE,Interception,L,61.84,FAVORABLE,no,1.2
2015_08_MIN_CHI,2015,8,REG,2015-11-01,Jay Cutler,CHI,MIN,4,01:49,0,CHI 20,Take lead,FAILURE,Punt,L,65.355,FAVORABLE,no,1.2
2015_08_MIN_CHI,2015,8,REG,2015-11-01,Teddy Bridgewater,MIN,CHI,4,01:00,0,MIN 34,Take lead,CONVERSION,Offense reached required score state,W,40.997,AVERAGE,no,1.2
2015_08_NYG_NO,2015,8,REG,2015-11-01,Drew Brees,NO,NYG,4,00:05,0,NYG 32,Take lead,CONVERSION,Offense reached required score state,W,74.339,VERY_FAVORABLE,no,1.2
2015_08_NYG_NO,2015,8,REG,2015-11-01,Eli Manning,NYG,NO,4,00:36,0,NYG 20,Take lead,FAILURE,Punt,L,40.997,AVERAGE,no,1.2
2015_08_SD_BAL,2015,8,REG,2015-11-01,Joe Flacco,BAL,LAC,4,02:27,0,BAL 20,Take lead,CONVERSION,Offense reached required score state,W,80.036,VERY_FAVORABLE,no,1.2
2015_08_SD_BAL,2015,8,REG,2015-11-01,Philip Rivers,LAC,BAL,4,04:34,-3,LAC 20,Tie or take lead,CONVERSION,Offense reached required score state,L,61.58,FAVORABLE,no,1.2
2015_08_SEA_DAL,2015,8,REG,2015-11-01,Matt Cassel,DAL,SEA,4,01:06,-1,DAL 20,Tie or take lead,FAILURE,Turnover on downs,L,42.994,AVERAGE,no,1.2
2015_08_SEA_DAL,2015,8,REG,2015-11-01,Russell Wilson,SEA,DAL,4,06:41,-2,SEA 15,Tie or take lead,CONVERSION,Offense reached required score state,W,53.669,AVERAGE,no,1.2
2015_08_TB_ATL,2015,8,REG,2015-11-01,Matt Ryan,ATL,TB,5,07:52,-3,ATL 20,Tie or take lead,FAILURE,Turnover on downs,L,39.317,AVERAGE,no,1.2
2015_08_TB_ATL,2015,8,REG,2015-11-01,Jameis Winston,TB,ATL,5,15:00,0,TB 20,Take lead,CONVERSION,Offense reached required score state,W,61.84,FAVORABLE,no,1.2
2015_09_ATL_SF,2015,9,REG,2015-11-08,Matt Ryan,ATL,SF,4,07:14,-4,ATL 33,Tie or take lead,FAILURE,Field goal no conversion,L,43.451,AVERAGE,no,1.2
2015_09_CHI_SD,2015,9,REG,2015-11-09,Jay Cutler,CHI,LAC,4,07:53,-5,CHI 20,Tie or take lead,CONVERSION,Offense reached required score state,W,43.451,AVERAGE,no,1.2
2015_09_CHI_SD,2015,9,REG,2015-11-09,Philip Rivers,LAC,CHI,4,03:19,-3,LAC 20,Tie or take lead,FAILURE,Turnover on downs,L,61.58,FAVORABLE,no,1.2
2015_09_DEN_IND,2015,9,REG,2015-11-08,Peyton Manning,DEN,IND,4,06:13,-3,DEN 33,Tie or take lead,FAILURE,Interception,L,68.653,FAVORABLE,no,1.2
2015_09_GB_CAR,2015,9,REG,2015-11-08,Aaron Rodgers,GB,CAR,4,03:38,-8,CAR 22,TD + 2-point conversion,FAILURE,Interception,L,32.846,DIFFICULT,no,1.2
2015_09_JAX_NYJ,2015,9,REG,2015-11-08,Blake Bortles,JAX,NYJ,4,00:54,-5,JAX 8,Tie or take lead,FAILURE,Interception,L,4.902,VERY_DIFFICULT,no,1.2
2015_09_NYG_TB,2015,9,REG,2015-11-08,Jameis Winston,TB,NYG,4,07:18,-5,TB 20,Tie or take lead,FAILURE,Punt,L,43.451,AVERAGE,no,1.2
2015_09_OAK_PIT,2015,9,REG,2015-11-08,Derek Carr,LV,PIT,4,02:15,-7,LV 31,Touchdown,CONVERSION,Touchdown down 7 kicker neutral,L,25.567,DIFFICULT,no,1.2
2015_09_OAK_PIT,2015,9,REG,2015-11-08,Landry Jones,PIT,LV,4,01:15,0,PIT 20,Take lead,CONVERSION,Offense reached required score state,W,65.355,FAVORABLE,no,1.2
2015_09_PHI_DAL,2015,9,REG,2015-11-08,Matt Cassel,DAL,PHI,4,01:46,-3,DAL 20,Tie or take lead,CONVERSION,Offense reached required score state,L,42.994,AVERAGE,no,1.2
2015_09_PHI_DAL,2015,9,REG,2015-11-08,Sam Bradford,PHI,DAL,5,15:00,0,PHI 20,Take lead,CONVERSION,Offense reached required score state,W,61.84,FAVORABLE,no,1.2
2015_09_STL_MIN,2015,9,REG,2015-11-08,Nick Foles,LA,MIN,5,15:00,0,LA 20,Take lead,FAILURE,Punt,L,61.84,FAVORABLE,no,1.2
2015_09_STL_MIN,2015,9,REG,2015-11-08,Shaun Hill,MIN,LA,5,13:19,0,MIN 49,Take lead,CONVERSION,Offense reached required score state,W,73.821,VERY_FAVORABLE,no,1.2
2015_09_TEN_NO,2015,9,REG,2015-11-08,Drew Brees,NO,TEN,4,01:55,0,NO 45,Take lead,ND-K,Missed or blocked fg 46 to 55,L,,,no,1.2
2015_09_TEN_NO,2015,9,REG,2015-11-08,Marcus Mariota,TEN,NO,5,15:00,0,TEN 20,Take lead,CONVERSION,Offense reached required score state,W,61.84,FAVORABLE,no,1.2
2015_10_BUF_NYJ,2015,10,REG,2015-11-12,Ryan Fitzpatrick,NYJ,BUF,4,00:24,-5,NYJ 36,Tie or take lead,FAILURE,Interception,L,8.881,VERY_DIFFICULT,no,1.2
2015_10_DAL_TB,2015,10,REG,2015-11-15,Matt Cassel,DAL,TB,4,00:54,-4,DAL 44,Tie or take lead,FAILURE,Interception,L,14.5,VERY_DIFFICULT,no,1.2
2015_10_DAL_TB,2015,10,REG,2015-11-15,Jameis Winston,TB,DAL,4,04:00,-3,TB 44,Tie or take lead,CONVERSION,Offense reached required score state,W,73.608,VERY_FAVORABLE,no,1.2
2015_10_DET_GB,2015,10,REG,2015-11-15,Aaron Rodgers,GB,DET,4,00:32,-2,DET 49,Tie or take lead,ND-K,Missed or blocked fg 46 to 55,L,,,no,1.2
2015_10_HOU_CIN,2015,10,REG,2015-11-16,Andy Dalton,CIN,HOU,4,03:54,-4,CIN 19,Tie or take lead,FAILURE,Fumble lost,L,22.925,DIFFICULT,no,1.2
2015_10_JAX_BAL,2015,10,REG,2015-11-15,Blake Bortles,JAX,BAL,4,01:06,-1,JAX 20,Tie or take lead,CONVERSION,Offense reached required score state,W,42.994,AVERAGE,no,1.2
2015_10_MIA_PHI,2015,10,REG,2015-11-15,Mark Sanchez,PHI,MIA,4,01:40,-1,PHI 29,Tie or take lead,FAILURE,Turnover on downs,L,42.994,AVERAGE,no,1.2
2015_10_NE_NYG,2015,10,REG,2015-11-15,Tom Brady,NE,NYG,4,01:47,-2,NE 20,Tie or take lead,CONVERSION,Offense reached required score state,W,42.994,AVERAGE,no,1.2
2015_10_NE_NYG,2015,10,REG,2015-11-15,Eli Manning,NYG,NE,4,06:01,-1,NYG 3,Tie or take lead,CONVERSION,Offense reached required score state,L,53.669,AVERAGE,no,1.2
2015_11_BUF_NE,2015,11,REG,2015-11-23,Tyrod Taylor,BUF,NE,4,01:51,-7,BUF 16,Touchdown,FAILURE,End game,L,7.876,VERY_DIFFICULT,no,1.2
2015_11_CIN_ARI,2015,11,REG,2015-11-22,Carson Palmer,ARI,CIN,4,01:03,0,ARI 16,Take lead,CONVERSION,Offense reached required score state,W,49.944,AVERAGE,no,1.2
2015_11_CIN_ARI,2015,11,REG,2015-11-22,Andy Dalton,CIN,ARI,4,02:45,-3,CIN 16,Tie or take lead,CONVERSION,Offense reached required score state,L,45.881,AVERAGE,no,1.2
2015_11_DEN_CHI,2015,11,REG,2015-11-22,Jay Cutler,CHI,DEN,4,01:49,-8,CHI 35,TD + 2-point conversion,FAILURE,Two point conversion failed,L,5.231,VERY_DIFFICULT,no,1.2
2015_11_IND_ATL,2015,11,REG,2015-11-22,Matt Ryan,ATL,IND,4,00:52,-3,ATL 18,Tie or take lead,FAILURE,Turnover,L,12.811,VERY_DIFFICULT,no,1.2
2015_11_IND_ATL,2015,11,REG,2015-11-22,Matt Hasselbeck,IND,ATL,4,04:54,0,IND 19,Take lead,CONVERSION,Offense reached required score state,W,67.954,FAVORABLE,no,1.2
2015_11_NYJ_HOU,2015,11,REG,2015-11-22,Ryan Fitzpatrick,NYJ,HOU,4,02:19,-7,NYJ 20,Touchdown,FAILURE,Interception,L,25.567,DIFFICULT,no,1.2
2015_11_OAK_DET,2015,11,REG,2015-11-22,Derek Carr,LV,DET,4,08:01,-3,LV 8,Tie or take lead,FAILURE,Safety,L,53.669,AVERAGE,no,1.2
2015_11_STL_BAL,2015,11,REG,2015-11-22,Joe Flacco,BAL,LA,4,00:54,0,LA 41,Take lead,CONVERSION,Offense reached required score state,W,54.732,AVERAGE,no,1.2
2015_11_STL_BAL,2015,11,REG,2015-11-22,Case Keenum,LA,BAL,4,01:13,0,LA 41,Take lead,FAILURE,Fumble lost,L,76.649,VERY_FAVORABLE,no,1.2
2015_11_TEN_JAX,2015,11,REG,2015-11-19,Marcus Mariota,TEN,JAX,4,02:19,-6,TEN 20,Tie or take lead,FAILURE,End game,L,35.994,AVERAGE,no,1.2
2015_12_ARI_SF,2015,12,REG,2015-11-29,Blaine Gabbert,SF,ARI,4,02:28,-6,SF 21,Tie or take lead,FAILURE,Turnover on downs,L,35.994,AVERAGE,no,1.2
2015_12_BAL_CLE,2015,12,REG,2015-11-30,Austin Davis,CLE,BAL,4,00:50,0,BAL 46,Take lead,ND-K,Missed or blocked fg 46 to 55,L,,,no,1.2
2015_12_BUF_KC,2015,12,REG,2015-11-29,Tyrod Taylor,BUF,KC,4,03:30,-8,BUF 10,TD + 2-point conversion,FAILURE,Turnover on downs,L,5.843,VERY_DIFFICULT,no,1.2
2015_12_CHI_GB,2015,12,REG,2015-11-26,Aaron Rodgers,GB,CHI,4,02:45,-4,GB 20,Tie or take lead,FAILURE,Turnover on downs,L,35.994,AVERAGE,no,1.2
2015_12_NE_DEN,2015,12,REG,2015-11-29,Brock Osweiler,DEN,NE,5,13:51,0,DEN 43,Take lead,CONVERSION,Offense reached required score state,W,73.821,VERY_FAVORABLE,no,1.2
2015_12_NE_DEN,2015,12,REG,2015-11-29,Tom Brady,NE,DEN,5,15:00,0,NE 20,Take lead,FAILURE,Punt,L,61.84,FAVORABLE,no,1.2
2015_12_NYG_WAS,2015,12,REG,2015-11-29,Eli Manning,NYG,WAS,4,00:19,-6,NYG 16,Tie or take lead,FAILURE,End game,L,4.902,VERY_DIFFICULT,no,1.2
2015_12_OAK_TEN,2015,12,REG,2015-11-29,Derek Carr,LV,TEN,4,04:41,-4,LV 10,Tie or take lead,CONVERSION,Offense reached required score state,W,22.925,DIFFICULT,no,1.2
2015_12_OAK_TEN,2015,12,REG,2015-11-29,Marcus Mariota,TEN,LV,4,01:21,-3,TEN 20,Tie or take lead,FAILURE,Interception,L,42.994,AVERAGE,no,1.2
2015_13_ATL_TB,2015,13,REG,2015-12-06,Matt Ryan,ATL,TB,4,01:39,-4,ATL 20,Tie or take lead,FAILURE,Interception,L,20.924,DIFFICULT,no,1.2
2015_13_ATL_TB,2015,13,REG,2015-12-06,Jameis Winston,TB,ATL,4,06:55,-3,TB 20,Tie or take lead,CONVERSION,Offense reached required score state,W,68.653,FAVORABLE,no,1.2
2015_13_BAL_MIA,2015,13,REG,2015-12-06,Matt Schaub,BAL,MIA,4,00:20,-2,BAL 20,Tie or take lead,FAILURE,End game,L,21.74,DIFFICULT,no,1.2
2015_13_CAR_NO,2015,13,REG,2015-12-06,Cam Newton,CAR,NO,4,05:21,-4,CAR 25,Tie or take lead,CONVERSION,Offense reached required score state,W,43.451,AVERAGE,no,1.2
2015_13_CAR_NO,2015,13,REG,2015-12-06,Drew Brees,NO,CAR,4,01:05,-3,NO 20,Tie or take lead,FAILURE,Turnover on downs,L,42.994,AVERAGE,no,1.2
2015_13_DAL_WAS,2015,13,REG,2015-12-07,Matt Cassel,DAL,WAS,4,00:44,0,DAL 44,Take lead,CONVERSION,Offense reached required score state,W,54.732,AVERAGE,no,1.2
2015_13_DAL_WAS,2015,13,REG,2015-12-07,Kirk Cousins,WAS,DAL,4,01:14,-7,DAL 43,Touchdown,CONVERSION,Touchdown down 7 kicker neutral,L,21.951,DIFFICULT,no,1.2
2015_13_GB_DET,2015,13,REG,2015-12-03,Aaron Rodgers,GB,DET,4,00:23,-2,GB 21,Tie or take lead,CONVERSION,Offense reached required score state,W,21.74,DIFFICULT,no,1.2
2015_13_JAX_TEN,2015,13,REG,2015-12-06,Blake Bortles,JAX,TEN,4,02:50,-3,JAX 11,Tie or take lead,FAILURE,Turnover on downs,L,45.881,AVERAGE,no,1.2
2015_13_NYJ_NYG,2015,13,REG,2015-12-06,Eli Manning,NYG,NYJ,5,08:45,-3,NYG 42,Tie or take lead,ND-K,Missed or blocked fg 46 to 55,L,,,no,1.2
2015_13_NYJ_NYG,2015,13,REG,2015-12-06,Ryan Fitzpatrick,NYJ,NYG,5,15:00,0,NYJ 26,Take lead,CONVERSION,Offense reached required score state,W,61.84,FAVORABLE,no,1.2
2015_13_PHI_NE,2015,13,REG,2015-12-06,Tom Brady,NE,PHI,4,01:02,-7,NE 25,Touchdown,FAILURE,Turnover on downs,L,13.914,VERY_DIFFICULT,no,1.2
2015_13_SF_CHI,2015,13,REG,2015-12-06,Jay Cutler,CHI,SF,5,14:29,0,CHI 15,Take lead,FAILURE,Punt,L,46.154,AVERAGE,no,1.2
2015_13_SF_CHI,2015,13,REG,2015-12-06,Blaine Gabbert,SF,CHI,5,13:01,0,SF 29,Take lead,CONVERSION,Offense reached required score state,W,61.84,FAVORABLE,no,1.2
2015_14_BUF_PHI,2015,14,REG,2015-12-13,Tyrod Taylor,BUF,PHI,4,01:49,-3,BUF 31,Tie or take lead,FAILURE,Interception,L,42.994,AVERAGE,no,1.2
2015_14_DET_STL,2015,14,REG,2015-12-13,Matthew Stafford,DET,LA,4,02:05,-7,DET 47,Touchdown,FAILURE,Turnover on downs,L,37.41,AVERAGE,no,1.2
2015_14_MIN_ARI,2015,14,REG,2015-12-10,Carson Palmer,ARI,MIN,4,04:55,0,ARI 16,Take lead,CONVERSION,Offense reached required score state,W,67.954,FAVORABLE,no,1.2
2015_14_MIN_ARI,2015,14,REG,2015-12-10,Teddy Bridgewater,MIN,ARI,4,01:23,-3,MIN 20,Tie or take lead,FAILURE,Fumble lost,L,42.994,AVERAGE,no,1.2
2015_14_NO_TB,2015,14,REG,2015-12-13,Jameis Winston,TB,NO,4,05:22,-7,TB 20,Touchdown,FAILURE,Punt,L,31.943,DIFFICULT,no,1.2
2015_14_NYG_MIA,2015,14,REG,2015-12-14,Ryan Tannehill,MIA,NYG,4,05:50,-7,NYG 48,Touchdown,FAILURE,Punt,L,44.955,AVERAGE,no,1.2
2015_14_OAK_DEN,2015,14,REG,2015-12-13,Brock Osweiler,DEN,LV,4,02:35,-3,DEN 8,Tie or take lead,FAILURE,Turnover on downs,L,45.881,AVERAGE,no,1.2
2015_14_SD_KC,2015,14,REG,2015-12-13,Philip Rivers,LAC,KC,4,05:00,-7,LAC 11,Touchdown,FAILURE,End game,L,15.375,VERY_DIFFICULT,no,1.2
2015_14_WAS_CHI,2015,14,REG,2015-12-13,Jay Cutler,CHI,WAS,4,02:11,-3,CHI 20,Tie or take lead,ND-K,Missed or blocked fg 46 to 55,L,,,no,1.2
2015_15_ATL_JAX,2015,15,REG,2015-12-20,Blake Bortles,JAX,ATL,4,01:42,-6,JAX 11,Tie or take lead,FAILURE,Turnover on downs,L,12.277,VERY_DIFFICULT,no,1.2
2015_15_CAR_NYG,2015,15,REG,2015-12-20,Cam Newton,CAR,NYG,4,01:46,0,CAR 26,Take lead,CONVERSION,Offense reached required score state,W,65.355,FAVORABLE,no,1.2
2015_15_CAR_NYG,2015,15,REG,2015-12-20,Eli Manning,NYG,CAR,4,04:17,-7,NYG 34,Touchdown,CONVERSION,Touchdown down 7 kicker neutral,L,25.567,DIFFICULT,no,1.2
2015_15_DEN_PIT,2015,15,REG,2015-12-20,Brock Osweiler,DEN,PIT,4,02:01,-7,PIT 41,Touchdown,FAILURE,Turnover on downs,L,37.41,AVERAGE,no,1.2
2015_15_HOU_IND,2015,15,REG,2015-12-20,Matt Hasselbeck,IND,HOU,4,01:56,-6,IND 17,Tie or take lead,FAILURE,Interception,L,12.277,VERY_DIFFICULT,no,1.2
2015_15_NYJ_DAL,2015,15,REG,2015-12-19,Kellen Moore,DAL,NYJ,4,00:36,-3,DAL 24,Tie or take lead,FAILURE,Interception,L,21.74,DIFFICULT,no,1.2
2015_15_NYJ_DAL,2015,15,REG,2015-12-19,Ryan Fitzpatrick,NYJ,DAL,4,01:55,0,NYJ 20,Take lead,CONVERSION,Offense reached required score state,W,65.355,FAVORABLE,no,1.2
2015_16_CAR_ATL,2015,16,REG,2015-12-27,Cam Newton,CAR,ATL,4,01:30,-7,CAR 20,Touchdown,FAILURE,Fumble lost,L,13.914,VERY_DIFFICULT,no,1.2
2015_16_CIN_DEN,2015,16,REG,2015-12-28,AJ McCarron,CIN,DEN,5,10:00,-3,CIN 33,Tie or take lead,FAILURE,Fumble lost,L,39.317,AVERAGE,no,1.2
2015_16_CIN_DEN,2015,16,REG,2015-12-28,Brock Osweiler,DEN,CIN,5,15:00,0,DEN 20,Take lead,CONVERSION,Offense reached required score state,W,61.84,FAVORABLE,no,1.2
2015_16_CLE_KC,2015,16,REG,2015-12-27,Johnny Manziel,CLE,KC,4,01:52,-4,CLE 30,Tie or take lead,FAILURE,End game,L,20.924,DIFFICULT,no,1.2
2015_16_DAL_BUF,2015,16,REG,2015-12-27,Kellen Moore,DAL,BUF,4,11:40,-3,DAL 31,Tie or take lead,FAILURE,Punt,L,72.61,VERY_FAVORABLE,no,1.2
2015_16_IND_MIA,2015,16,REG,2015-12-27,Ryan Tannehill,MIA,IND,4,02:48,-6,MIA 20,Tie or take lead,FAILURE,Turnover on downs,L,35.994,AVERAGE,no,1.2
2015_16_NE_NYJ,2015,16,REG,2015-12-27,Tom Brady,NE,NYJ,4,06:26,-7,NE 34,Touchdown,CONVERSION,Touchdown down 7 kicker neutral,L,31.943,DIFFICULT,no,1.2
2015_16_NE_NYJ,2015,16,REG,2015-12-27,Ryan Fitzpatrick,NYJ,NE,5,15:00,0,NYJ 20,Take lead,CONVERSION,Offense reached required score state,W,61.84,FAVORABLE,no,1.2
2015_16_PIT_BAL,2015,16,REG,2015-12-27,Ben Roethlisberger,PIT,BAL,4,02:55,-3,PIT 20,Tie or take lead,FAILURE,Turnover on downs,L,61.58,FAVORABLE,no,1.2
2015_16_SD_OAK,2015,16,REG,2015-12-24,Philip Rivers,LAC,LV,5,08:05,-3,LAC 20,Tie or take lead,FAILURE,Turnover on downs,L,39.317,AVERAGE,no,1.2
2015_16_SD_OAK,2015,16,REG,2015-12-24,Derek Carr,LV,LAC,5,15:00,0,LV 20,Take lead,CONVERSION,Offense reached required score state,W,61.84,FAVORABLE,no,1.2
2015_17_BAL_CIN,2015,17,REG,2016-01-03,Ryan Mallett,BAL,CIN,4,00:41,-8,BAL 9,TD + 2-point conversion,FAILURE,Interception,L,1.064,VERY_DIFFICULT,no,1.2
2015_17_DET_CHI,2015,17,REG,2016-01-03,Jay Cutler,CHI,DET,4,03:35,-4,CHI 43,Tie or take lead,FAILURE,Interception,L,49.457,AVERAGE,no,1.2
2015_17_MIN_GB,2015,17,REG,2016-01-03,Aaron Rodgers,GB,MIN,4,00:58,-7,GB 42,Touchdown,FAILURE,Turnover on downs,L,9.387,VERY_DIFFICULT,no,1.2
2015_17_NO_ATL,2015,17,REG,2016-01-03,Matt Ryan,ATL,NO,4,01:47,0,ATL 24,Take lead,FAILURE,Interception,L,65.355,FAVORABLE,no,1.2
2015_17_NO_ATL,2015,17,REG,2016-01-03,Drew Brees,NO,ATL,4,01:42,0,ATL 25,Take lead,CONVERSION,Offense reached required score state,W,88.719,VERY_FAVORABLE,no,1.2
2015_17_NYJ_BUF,2015,17,REG,2016-01-03,Ryan Fitzpatrick,NYJ,BUF,4,00:44,-5,NYJ 18,Tie or take lead,FAILURE,Interception,L,4.902,VERY_DIFFICULT,no,1.2
2015_17_OAK_KC,2015,17,REG,2016-01-03,Derek Carr,LV,KC,4,01:34,-6,LV 11,Tie or take lead,FAILURE,End game,L,12.277,VERY_DIFFICULT,no,1.2
2015_17_PHI_NYG,2015,17,REG,2016-01-03,Eli Manning,NYG,PHI,4,01:43,-5,NYG 20,Tie or take lead,FAILURE,Turnover on downs,L,20.924,DIFFICULT,no,1.2
2015_17_SD_DEN,2015,17,REG,2016-01-03,Philip Rivers,LAC,DEN,4,04:44,-7,LAC 20,Touchdown,FAILURE,Turnover on downs,L,25.567,DIFFICULT,no,1.2
2015_17_STL_SF,2015,17,REG,2016-01-03,Case Keenum,LA,SF,5,12:03,0,LA 19,Take lead,ND-K,Missed or blocked fg 46 to 55,L,,,no,1.2
2015_17_STL_SF,2015,17,REG,2016-01-03,Blaine Gabbert,SF,LA,5,04:49,0,SF 26,Take lead,CONVERSION,Offense reached required score state,W,61.84,FAVORABLE,no,1.2
2015_17_TEN_IND,2015,17,REG,2016-01-03,Alex Tanney,TEN,IND,4,02:25,-6,TEN 20,Tie or take lead,FAILURE,Turnover on downs,L,35.994,AVERAGE,no,1.2
2015_18_PIT_CIN,2015,18,POST,2016-01-09,AJ McCarron,CIN,PIT,4,00:14,-2,CIN 24,Tie or take lead,FAILURE,End game,L,21.74,DIFFICULT,no,1.2
2015_18_PIT_CIN,2015,18,POST,2016-01-09,Ben Roethlisberger,PIT,CIN,4,01:23,-1,PIT 9,Tie or take lead,CONVERSION,Offense reached required score state,W,28.516,DIFFICULT,no,1.2
2015_18_SEA_MIN,2015,18,POST,2016-01-10,Teddy Bridgewater,MIN,SEA,4,01:42,-1,MIN 39,Tie or take lead,CONVERSION,Missed or blocked fg 45 or shorter,L,42.994,AVERAGE,no,1.2
2015_19_GB_ARI,2015,19,POST,2016-01-16,Carson Palmer,ARI,GB,5,15:00,0,ARI 20,Take lead,CONVERSION,Offense reached required score state,W,61.84,FAVORABLE,no,1.2
2015_19_GB_ARI,2015,19,POST,2016-01-16,Aaron Rodgers,GB,ARI,4,01:55,-7,GB 14,Touchdown,CONVERSION,Touchdown down 7 kicker neutral,L,7.876,VERY_DIFFICULT,no,1.2
2015_20_NE_DEN,2015,20,POST,2016-01-24,Tom Brady,NE,DEN,4,01:52,-8,50,TD + 2-point conversion,FAILURE,Two point conversion failed,L,8.764,VERY_DIFFICULT,no,1.2
2016_01_BUF_BAL,2016,1,REG,2016-09-11,Tyrod Taylor,BUF,BAL,4,05:39,-6,BUF 22,Tie or take lead,FAILURE,Punt,L,43.273,AVERAGE,no,1.2
2016_01_CAR_DEN,2016,1,REG,2016-09-08,Cam Newton,CAR,DEN,4,03:06,-1,CAR 40,Tie or take lead,ND-K,Missed or blocked fg 46 to 55,L,,,no,1.2
2016_01_CIN_NYJ,2016,1,REG,2016-09-11,Andy Dalton,CIN,NYJ,4,03:23,-2,CIN 16,Tie or take lead,CONVERSION,Offense reached required score state,W,46.643,AVERAGE,no,1.2
2016_01_CIN_NYJ,2016,1,REG,2016-09-11,Ryan Fitzpatrick,NYJ,CIN,4,00:54,-1,NYJ 25,Tie or take lead,FAILURE,Interception,L,21.345,DIFFICULT,no,1.2
2016_01_DET_IND,2016,1,REG,2016-09-11,Matthew Stafford,DET,IND,4,00:37,-1,DET 25,Tie or take lead,CONVERSION,Offense reached required score state,W,21.345,DIFFICULT,no,1.2
2016_01_DET_IND,2016,1,REG,2016-09-11,Andrew Luck,IND,DET,4,04:04,-6,IND 25,Tie or take lead,CONVERSION,Offense reached required score state,L,35.941,AVERAGE,no,1.2
2016_01_GB_JAX,2016,1,REG,2016-09-11,Blake Bortles,JAX,GB,4,03:17,-4,JAX 37,Tie or take lead,FAILURE,Turnover on downs,L,35.941,AVERAGE,no,1.2
2016_01_MIA_SEA,2016,1,REG,2016-09-11,Ryan Tannehill,MIA,SEA,4,00:31,-2,MIA 18,Tie or take lead,FAILURE,End game,L,13.047,VERY_DIFFICULT,no,1.2
2016_01_MIA_SEA,2016,1,REG,2016-09-11,Russell Wilson,SEA,MIA,4,04:08,-4,SEA 25,Tie or take lead,CONVERSION,Offense reached required score state,W,35.941,AVERAGE,no,1.2
2016_01_NE_ARI,2016,1,REG,2016-09-11,Carson Palmer,ARI,NE,4,03:44,-2,ARI 8,Tie or take lead,ND-K,Missed or blocked fg 46 to 55,L,,,no,1.2
2016_01_NE_ARI,2016,1,REG,2016-09-11,Jimmy Garoppolo,NE,ARI,4,09:46,-1,NE 25,Tie or take lead,CONVERSION,Offense reached required score state,W,68.251,FAVORABLE,no,1.2
2016_01_NYG_DAL,2016,1,REG,2016-09-11,Dak Prescott,DAL,NYG,4,01:05,-1,DAL 20,Tie or take lead,FAILURE,End game,L,43.223,AVERAGE,no,1.2
2016_01_OAK_NO,2016,1,REG,2016-09-11,Derek Carr,LV,NO,4,06:03,-7,LV 25,Touchdown,CONVERSION,Touchdown down 7 kicker neutral,W,32.298,DIFFICULT,no,1.2
2016_01_OAK_NO,2016,1,REG,2016-09-11,Drew Brees,NO,LV,4,00:47,-1,NO 23,Tie or take lead,MANUAL_REVIEW,Missed or blocked fg 56 plus,L,,,no,1.2
2016_01_SD_KC,2016,1,REG,2016-09-11,Alex Smith,KC,LAC,5,15:00,0,KC 30,Take lead,CONVERSION,Offense reached required score state,W,61.769,FAVORABLE,no,1.2
2016_01_SD_KC,2016,1,REG,2016-09-11,Philip Rivers,LAC,KC,4,01:03,0,LAC 25,Take lead,FAILURE,Punt,L,66.651,FAVORABLE,no,1.2
2016_01_TB_ATL,2016,1,REG,2016-09-11,Matt Ryan,ATL,TB,4,01:52,-7,ATL 9,Touchdown,FAILURE,Turnover on downs,L,8.542,VERY_DIFFICULT,no,1.2
2016_02_BAL_CLE,2016,2,REG,2016-09-18,Josh McCown,CLE,BAL,4,02:53,-5,CLE 25,Tie or take lead,FAILURE,Interception,L,35.941,AVERAGE,no,1.2
2016_02_CIN_PIT,2016,2,REG,2016-09-18,Andy Dalton,CIN,PIT,4,03:00,-8,CIN 25,TD + 2-point conversion,FAILURE,Fumble lost,L,11.133,VERY_DIFFICULT,no,1.2
2016_02_DAL_WAS,2016,2,REG,2016-09-18,Kirk Cousins,WAS,DAL,4,01:30,-4,WAS 10,Tie or take lead,FAILURE,End game,L,12.995,VERY_DIFFICULT,no,1.2
2016_02_GB_MIN,2016,2,REG,2016-09-18,Aaron Rodgers,GB,MIN,4,04:38,-3,GB 9,Tie or take lead,FAILURE,Interception,L,46.643,AVERAGE,no,1.2
2016_02_MIA_NE,2016,2,REG,2016-09-18,Ryan Tannehill,MIA,NE,4,01:04,-7,MIA 29,Touchdown,FAILURE,Interception,L,14.452,VERY_DIFFICULT,no,1.2
2016_02_NO_NYG,2016,2,REG,2016-09-18,Drew Brees,NO,NYG,4,06:07,-3,NO 26,Tie or take lead,CONVERSION,Offense reached required score state,L,68.251,FAVORABLE,no,1.2
2016_02_NO_NYG,2016,2,REG,2016-09-18,Eli Manning,NYG,NO,4,02:54,0,NYG 25,Take lead,CONVERSION,Offense reached required score state,W,80.586,VERY_FAVORABLE,no,1.2
2016_02_SEA_LA,2016,2,REG,2016-09-18,Russell Wilson,SEA,LA,4,01:53,-6,SEA 12,Tie or take lead,FAILURE,Fumble lost,L,12.995,VERY_DIFFICULT,no,1.2
2016_02_TEN_DET,2016,2,REG,2016-09-18,Matthew Stafford,DET,TEN,4,01:13,-1,DET 25,Tie or take lead,FAILURE,Interception,L,43.223,AVERAGE,no,1.2
2016_02_TEN_DET,2016,2,REG,2016-09-18,Marcus Mariota,TEN,DET,4,07:04,-5,TEN 17,Tie or take lead,CONVERSION,Offense reached required score state,W,29.665,DIFFICULT,no,1.2
2016_03_BAL_JAX,2016,3,REG,2016-09-25,Joe Flacco,BAL,JAX,4,02:59,-1,BAL 43,Tie or take lead,CONVERSION,Offense reached required score state,W,72.736,VERY_FAVORABLE,no,1.2
2016_03_BAL_JAX,2016,3,REG,2016-09-25,Blake Bortles,JAX,BAL,4,01:02,-2,JAX 25,Tie or take lead,FAILURE,Interception,L,43.223,AVERAGE,no,1.2
2016_03_CLE_MIA,2016,3,REG,2016-09-25,Cody Kessler,CLE,MIA,5,13:28,0,CLE 9,Take lead,FAILURE,Punt,L,47.182,AVERAGE,no,1.2
2016_03_CLE_MIA,2016,3,REG,2016-09-25,Ryan Tannehill,MIA,CLE,5,09:39,0,CLE 44,Take lead,CONVERSION,Offense reached required score state,W,73.163,VERY_FAVORABLE,no,1.2
2016_03_LA_TB,2016,3,REG,2016-09-25,Jameis Winston,TB,LA,4,01:42,-5,TB 44,Tie or take lead,FAILURE,End game,L,31.31,DIFFICULT,no,1.2
2016_03_OAK_TEN,2016,3,REG,2016-09-25,Marcus Mariota,TEN,LV,4,01:51,-7,TEN 20,Touchdown,FAILURE,Turnover on downs,L,14.452,VERY_DIFFICULT,no,1.2
2016_03_SD_IND,2016,3,REG,2016-09-25,Philip Rivers,LAC,IND,4,01:17,-4,LAC 25,Tie or take lead,FAILURE,Fumble lost,L,21.269,DIFFICULT,no,1.2
2016_03_WAS_NYG,2016,3,REG,2016-09-25,Eli Manning,NYG,WAS,4,01:51,-2,NYG 25,Tie or take lead,FAILURE,Interception,L,43.223,AVERAGE,no,1.2
2016_03_WAS_NYG,2016,3,REG,2016-09-25,Kirk Cousins,WAS,NYG,4,07:53,-1,WAS 25,Tie or take lead,CONVERSION,Offense reached required score state,W,68.251,FAVORABLE,no,1.2
2016_04_DAL_SF,2016,4,REG,2016-10-02,Blaine Gabbert,SF,DAL,4,04:11,-7,SF 25,Touchdown,FAILURE,Turnover on downs,L,25.973,DIFFICULT,no,1.2
2016_04_DET_CHI,2016,4,REG,2016-10-02,Matthew Stafford,DET,CHI,4,01:52,-5,CHI 2,Tie or take lead,FAILURE,Opp touchdown,L,56.16,FAVORABLE,no,1.2
2016_04_IND_JAX,2016,4,REG,2016-10-02,Andrew Luck,IND,JAX,4,00:26,-3,IND 18,Tie or take lead,FAILURE,Turnover on downs,L,13.047,VERY_DIFFICULT,no,1.2
2016_04_LA_ARI,2016,4,REG,2016-10-02,Drew Stanton,ARI,LA,4,01:01,-4,ARI 31,Tie or take lead,FAILURE,Turnover,L,21.269,DIFFICULT,no,1.2
2016_04_NO_SD,2016,4,REG,2016-10-02,Philip Rivers,LAC,NO,4,01:57,-1,LAC 25,Tie or take lead,FAILURE,Interception,L,43.223,AVERAGE,no,1.2
2016_04_NO_SD,2016,4,REG,2016-10-02,Drew Brees,NO,LAC,4,04:42,-6,LAC 31,Tie or take lead,CONVERSION,Offense reached required score state,W,69.285,FAVORABLE,no,1.2
2016_04_OAK_BAL,2016,4,REG,2016-10-02,Joe Flacco,BAL,LV,4,02:12,-1,BAL 21,Tie or take lead,FAILURE,Turnover on downs,L,61.257,FAVORABLE,no,1.2
2016_04_OAK_BAL,2016,4,REG,2016-10-02,Derek Carr,LV,BAL,4,03:36,-6,LV 34,Tie or take lead,CONVERSION,Offense reached required score state,W,35.941,AVERAGE,no,1.2
2016_04_TEN_HOU,2016,4,REG,2016-10-02,Marcus Mariota,TEN,HOU,4,04:34,-7,TEN 42,Touchdown,FAILURE,Turnover on downs,L,37.187,AVERAGE,no,1.2
2016_05_CHI_IND,2016,5,REG,2016-10-09,Brian Hoyer,CHI,IND,4,02:28,-6,CHI 25,Tie or take lead,FAILURE,Turnover on downs,L,35.941,AVERAGE,no,1.2
2016_05_PHI_DET,2016,5,REG,2016-10-09,Matthew Stafford,DET,PHI,4,02:34,-2,PHI 45,Tie or take lead,CONVERSION,Offense reached required score state,W,72.736,VERY_FAVORABLE,no,1.2
2016_05_PHI_DET,2016,5,REG,2016-10-09,Carson Wentz,PHI,DET,4,01:28,-1,PHI 25,Tie or take lead,FAILURE,Interception,L,43.223,AVERAGE,no,1.2
2016_05_SD_OAK,2016,5,REG,2016-10-09,Philip Rivers,LAC,LV,4,04:08,-3,LAC 33,Tie or take lead,FAILURE,Turnover on downs,L,61.257,FAVORABLE,no,1.2
2016_05_TB_CAR,2016,5,REG,2016-10-10,Derek Anderson,CAR,TB,4,03:33,0,CAR 36,Take lead,FAILURE,Punt,L,80.586,VERY_FAVORABLE,no,1.2
2016_05_TB_CAR,2016,5,REG,2016-10-10,Jameis Winston,TB,CAR,4,01:49,0,TB 14,Take lead,CONVERSION,Offense reached required score state,W,52.494,AVERAGE,no,1.2
2016_05_WAS_BAL,2016,5,REG,2016-10-09,Joe Flacco,BAL,WAS,4,02:33,-6,BAL 17,Tie or take lead,FAILURE,Turnover on downs,L,23.676,DIFFICULT,no,1.2
2016_06_ATL_SEA,2016,6,REG,2016-10-16,Matt Ryan,ATL,SEA,4,01:57,-2,ATL 25,Tie or take lead,FAILURE,Turnover on downs,L,43.223,AVERAGE,no,1.2
2016_06_ATL_SEA,2016,6,REG,2016-10-16,Russell Wilson,SEA,ATL,4,03:48,-1,50,Tie or take lead,CONVERSION,Offense reached required score state,W,72.736,VERY_FAVORABLE,no,1.2
2016_06_BAL_NYG,2016,6,REG,2016-10-16,Joe Flacco,BAL,NYG,4,01:24,-4,BAL 32,Tie or take lead,FAILURE,End game,L,21.269,DIFFICULT,no,1.2
2016_06_BAL_NYG,2016,6,REG,2016-10-16,Eli Manning,NYG,BAL,4,02:04,-3,NYG 25,Tie or take lead,CONVERSION,Offense reached required score state,W,61.257,FAVORABLE,no,1.2
2016_06_CAR_NO,2016,6,REG,2016-10-16,Cam Newton,CAR,NO,4,00:11,-3,CAR 25,Tie or take lead,FAILURE,Fumble lost,L,21.345,DIFFICULT,no,1.2
2016_06_CAR_NO,2016,6,REG,2016-10-16,Drew Brees,NO,CAR,4,02:58,0,NO 25,Take lead,CONVERSION,Offense reached required score state,W,80.586,VERY_FAVORABLE,no,1.2
2016_06_DEN_SD,2016,6,REG,2016-10-13,Trevor Siemian,DEN,LAC,4,00:27,-8,DEN 46,TD + 2-point conversion,FAILURE,Turnover on downs,L,3.501,VERY_DIFFICULT,no,1.2
2016_06_IND_HOU,2016,6,REG,2016-10-16,Brock Osweiler,HOU,IND,5,11:30,0,HOU 33,Take lead,CONVERSION,Offense reached required score state,W,61.769,FAVORABLE,no,1.2
2016_06_IND_HOU,2016,6,REG,2016-10-16,Andrew Luck,IND,HOU,5,15:00,0,IND 26,Take lead,FAILURE,Punt,L,61.769,FAVORABLE,no,1.2
2016_06_JAX_CHI,2016,6,REG,2016-10-16,Brian Hoyer,CHI,JAX,4,02:49,-1,CHI 25,Tie or take lead,FAILURE,Turnover on downs,L,61.257,FAVORABLE,no,1.2
2016_06_LA_DET,2016,6,REG,2016-10-16,Matthew Stafford,DET,LA,4,05:06,0,DET 39,Take lead,CONVERSION,Offense reached required score state,W,84.948,VERY_FAVORABLE,no,1.2
2016_06_LA_DET,2016,6,REG,2016-10-16,Case Keenum,LA,DET,4,01:29,-3,LA 25,Tie or take lead,FAILURE,Interception,L,43.223,AVERAGE,no,1.2
2016_06_PHI_WAS,2016,6,REG,2016-10-16,Carson Wentz,PHI,WAS,4,04:05,-7,PHI 30,Touchdown,FAILURE,Punt,L,25.973,DIFFICULT,no,1.2
2016_07_BAL_NYJ,2016,7,REG,2016-10-23,Joe Flacco,BAL,NYJ,4,03:04,-8,BAL 30,TD + 2-point conversion,FAILURE,Turnover on downs,L,11.133,VERY_DIFFICULT,no,1.2
2016_07_IND_TEN,2016,7,REG,2016-10-23,Andrew Luck,IND,TEN,4,06:02,-3,IND 30,Tie or take lead,CONVERSION,Offense reached required score state,W,68.251,FAVORABLE,no,1.2
2016_07_NO_KC,2016,7,REG,2016-10-23,Drew Brees,NO,KC,4,00:28,-6,NO 25,Tie or take lead,FAILURE,End game,L,8.784,VERY_DIFFICULT,no,1.2
2016_07_NYG_LA,2016,7,REG,2016-10-23,Case Keenum,LA,NYG,4,03:03,-7,LA 25,Touchdown,FAILURE,Interception,L,25.973,DIFFICULT,no,1.2
2016_07_SD_ATL,2016,7,REG,2016-10-23,Matt Ryan,ATL,LAC,5,15:00,0,ATL 25,Take lead,FAILURE,Turnover on downs,L,61.769,FAVORABLE,no,1.2
2016_07_SD_ATL,2016,7,REG,2016-10-23,Philip Rivers,LAC,ATL,5,12:12,0,ATL 43,Take lead,CONVERSION,Offense reached required score state,W,73.163,VERY_FAVORABLE,no,1.2
2016_07_SEA_ARI,2016,7,REG,2016-10-23,Carson Palmer,ARI,SEA,5,06:42,0,ARI 25,Take lead,CONVERSION,Missed or blocked fg 45 or shorter,T,61.769,FAVORABLE,no,1.2
2016_07_SEA_ARI,2016,7,REG,2016-10-23,Russell Wilson,SEA,ARI,5,03:19,0,SEA 20,Take lead,CONVERSION,Missed or blocked fg 45 or shorter,T,61.769,FAVORABLE,no,1.2
2016_07_WAS_DET,2016,7,REG,2016-10-23,Matthew Stafford,DET,WAS,4,01:05,-4,DET 25,Tie or take lead,CONVERSION,Offense reached required score state,W,21.269,DIFFICULT,no,1.2
2016_07_WAS_DET,2016,7,REG,2016-10-23,Kirk Cousins,WAS,DET,4,00:16,-3,WAS 25,Tie or take lead,FAILURE,End game,L,21.345,DIFFICULT,no,1.2
2016_08_GB_ATL,2016,8,REG,2016-10-30,Matt Ryan,ATL,GB,4,03:58,-6,ATL 25,Tie or take lead,CONVERSION,Offense reached required score state,W,35.941,AVERAGE,no,1.2
2016_08_GB_ATL,2016,8,REG,2016-10-30,Aaron Rodgers,GB,ATL,4,00:31,-1,GB 25,Tie or take lead,FAILURE,Turnover on downs,L,21.345,DIFFICULT,no,1.2
2016_08_OAK_TB,2016,8,REG,2016-10-30,Derek Carr,LV,TB,5,03:21,0,LV 40,Take lead,CONVERSION,Offense reached required score state,W,73.163,VERY_FAVORABLE,no,1.2
2016_08_OAK_TB,2016,8,REG,2016-10-30,Jameis Winston,TB,LV,5,04:43,0,TB 11,Take lead,FAILURE,Punt,L,47.182,AVERAGE,no,1.2
2016_08_PHI_DAL,2016,8,REG,2016-10-30,Dak Prescott,DAL,PHI,5,15:00,0,DAL 25,Take lead,CONVERSION,Offense reached required score state,W,61.769,FAVORABLE,no,1.2
2016_08_PHI_DAL,2016,8,REG,2016-10-30,Carson Wentz,PHI,DAL,4,01:13,0,PHI 20,Take lead,FAILURE,Punt,L,66.651,FAVORABLE,no,1.2
2016_08_SD_DEN,2016,8,REG,2016-10-30,Philip Rivers,LAC,DEN,4,02:08,-8,LAC 33,TD + 2-point conversion,FAILURE,Turnover on downs,L,11.133,VERY_DIFFICULT,no,1.2
2016_08_SEA_NO,2016,8,REG,2016-10-30,Russell Wilson,SEA,NO,4,01:57,-5,SEA 32,Tie or take lead,FAILURE,Turnover on downs,L,21.269,DIFFICULT,no,1.2
2016_08_WAS_CIN,2016,8,REG,2016-10-30,Andy Dalton,CIN,WAS,5,02:09,0,CIN 24,Take lead,FAILURE,Fumble lost,T,61.769,FAVORABLE,no,1.2
2016_08_WAS_CIN,2016,8,REG,2016-10-30,Kirk Cousins,WAS,CIN,5,01:02,0,CIN 47,Take lead,FAILURE,Turnover on downs,T,73.163,VERY_FAVORABLE,no,1.2
2016_09_BUF_SEA,2016,9,REG,2016-11-07,Tyrod Taylor,BUF,SEA,4,02:41,-6,BUF 40,Tie or take lead,FAILURE,Turnover on downs,L,48.63,AVERAGE,no,1.2
2016_09_DET_MIN,2016,9,REG,2016-11-06,Matthew Stafford,DET,MIN,5,15:00,0,DET 13,Take lead,CONVERSION,Offense reached required score state,W,47.182,AVERAGE,no,1.2
2016_09_DET_MIN,2016,9,REG,2016-11-06,Sam Bradford,MIN,DET,4,04:14,-4,MIN 21,Tie or take lead,CONVERSION,Offense reached required score state,L,35.941,AVERAGE,no,1.2
2016_09_JAX_KC,2016,9,REG,2016-11-06,Blake Bortles,JAX,KC,4,03:01,-5,JAX 35,Tie or take lead,FAILURE,Turnover on downs,L,35.941,AVERAGE,no,1.2
2016_09_NYJ_MIA,2016,9,REG,2016-11-06,Ryan Fitzpatrick,NYJ,MIA,4,05:15,-4,NYJ 25,Tie or take lead,FAILURE,Punt,L,43.273,AVERAGE,no,1.2
2016_09_PHI_NYG,2016,9,REG,2016-11-06,Carson Wentz,PHI,NYG,4,01:48,-5,NYG 34,Tie or take lead,FAILURE,Turnover on downs,L,52.064,AVERAGE,no,1.2
2016_10_CIN_NYG,2016,10,REG,2016-11-14,Andy Dalton,CIN,NYG,4,06:17,-1,CIN 9,Tie or take lead,FAILURE,Punt,L,54.308,AVERAGE,no,1.2
2016_10_DAL_PIT,2016,10,REG,2016-11-13,Dak Prescott,DAL,PIT,4,00:42,-1,DAL 25,Tie or take lead,CONVERSION,Offense reached required score state,W,21.345,DIFFICULT,no,1.2
2016_10_DAL_PIT,2016,10,REG,2016-11-13,Ben Roethlisberger,PIT,DAL,4,01:55,-5,PIT 25,Tie or take lead,CONVERSION,Offense reached required score state,L,21.269,DIFFICULT,no,1.2
2016_10_DEN_NO,2016,10,REG,2016-11-13,Drew Brees,NO,DEN,4,02:50,-6,NO 25,Tie or take lead,CONVERSION,Offense reached required score state,L,35.941,AVERAGE,no,1.2
2016_10_KC_CAR,2016,10,REG,2016-11-13,Cam Newton,CAR,KC,4,00:29,0,CAR 20,Take lead,FAILURE,Fumble lost,L,41.604,AVERAGE,no,1.2
2016_10_KC_CAR,2016,10,REG,2016-11-13,Alex Smith,KC,CAR,4,00:20,0,CAR 29,Take lead,CONVERSION,Offense reached required score state,W,74.123,VERY_FAVORABLE,no,1.2
2016_10_LA_NYJ,2016,10,REG,2016-11-13,Bryce Petty,NYJ,LA,4,02:55,-3,NYJ 23,Tie or take lead,FAILURE,Interception,L,61.257,FAVORABLE,no,1.2
2016_10_MIA_SD,2016,10,REG,2016-11-13,Philip Rivers,LAC,MIA,4,01:01,-7,LAC 25,Touchdown,FAILURE,Interception,L,14.452,VERY_DIFFICULT,no,1.2
2016_10_MIA_SD,2016,10,REG,2016-11-13,Ryan Tannehill,MIA,LAC,4,04:04,-3,MIA 25,Tie or take lead,CONVERSION,Offense reached required score state,W,61.257,FAVORABLE,no,1.2
2016_10_MIN_WAS,2016,10,REG,2016-11-13,Sam Bradford,MIN,WAS,4,02:31,-6,MIN 25,Tie or take lead,FAILURE,Turnover on downs,L,35.941,AVERAGE,no,1.2
2016_10_SEA_NE,2016,10,REG,2016-11-13,Tom Brady,NE,SEA,4,04:24,-7,NE 25,Touchdown,FAILURE,Turnover on downs,L,25.973,DIFFICULT,no,1.2
2016_10_SF_ARI,2016,10,REG,2016-11-13,Carson Palmer,ARI,SF,4,01:55,0,ARI 15,Take lead,CONVERSION,Offense reached required score state,W,52.494,AVERAGE,no,1.2
2016_10_SF_ARI,2016,10,REG,2016-11-13,Colin Kaepernick,SF,ARI,4,03:13,-7,SF 43,Touchdown,CONVERSION,Touchdown down 7 kicker neutral,L,37.187,AVERAGE,no,1.2
2016_11_ARI_MIN,2016,11,REG,2016-11-20,Carson Palmer,ARI,MIN,4,02:20,-6,ARI 13,Tie or take lead,FAILURE,Turnover on downs,L,23.676,DIFFICULT,no,1.2
2016_11_BUF_CIN,2016,11,REG,2016-11-20,Andy Dalton,CIN,BUF,4,02:30,-4,CIN 15,Tie or take lead,FAILURE,End game,L,23.676,DIFFICULT,no,1.2
2016_11_CHI_NYG,2016,11,REG,2016-11-20,Jay Cutler,CHI,NYG,4,03:00,-6,CHI 22,Tie or take lead,FAILURE,Interception,L,35.941,AVERAGE,no,1.2
2016_11_HOU_OAK,2016,11,REG,2016-11-21,Brock Osweiler,HOU,LV,4,04:43,-7,HOU 25,Touchdown,FAILURE,Punt,L,25.973,DIFFICULT,no,1.2
2016_11_JAX_DET,2016,11,REG,2016-11-20,Blake Bortles,JAX,DET,4,00:22,-7,JAX 25,Touchdown,FAILURE,Interception,L,5.68,VERY_DIFFICULT,no,1.2
2016_11_MIA_LA,2016,11,REG,2016-11-20,Jared Goff,LA,MIA,4,00:36,-4,LA 41,Tie or take lead,FAILURE,End game,L,13.978,VERY_DIFFICULT,no,1.2
2016_11_MIA_LA,2016,11,REG,2016-11-20,Ryan Tannehill,MIA,LA,4,02:11,-3,MIA 25,Tie or take lead,CONVERSION,Offense reached required score state,W,61.257,FAVORABLE,no,1.2
2016_11_TEN_IND,2016,11,REG,2016-11-20,Marcus Mariota,TEN,IND,4,07:44,-7,TEN 38,Touchdown,FAILURE,Turnover on downs,L,32.298,DIFFICULT,no,1.2
2016_12_CAR_OAK,2016,12,REG,2016-11-27,Cam Newton,CAR,LV,4,01:45,-3,CAR 25,Tie or take lead,FAILURE,Fumble lost,L,43.223,AVERAGE,no,1.2
2016_12_CAR_OAK,2016,12,REG,2016-11-27,Derek Carr,LV,CAR,4,05:05,0,LV 13,Take lead,CONVERSION,Offense reached required score state,W,75.73,VERY_FAVORABLE,no,1.2
2016_12_CIN_BAL,2016,12,REG,2016-11-27,Andy Dalton,CIN,BAL,4,04:17,-7,CIN 19,Touchdown,FAILURE,Fumble lost,L,16.247,VERY_DIFFICULT,no,1.2
2016_12_JAX_BUF,2016,12,REG,2016-11-27,Blake Bortles,JAX,BUF,4,06:44,-7,JAX 27,Touchdown,FAILURE,Turnover on downs,L,32.298,DIFFICULT,no,1.2
2016_12_KC_DEN,2016,12,REG,2016-11-27,Trevor Siemian,DEN,KC,5,04:19,0,DEN 25,Take lead,MANUAL_REVIEW,Missed or blocked fg 56 plus,L,,,no,1.2
2016_12_KC_DEN,2016,12,REG,2016-11-27,Alex Smith,KC,DEN,5,01:03,0,DEN 48,Take lead,CONVERSION,Offense reached required score state,W,73.163,VERY_FAVORABLE,no,1.2
2016_12_MIN_DET,2016,12,REG,2016-11-24,Matthew Stafford,DET,MIN,4,00:30,0,MIN 20,Take lead,CONVERSION,Offense reached required score state,W,77.161,VERY_FAVORABLE,no,1.2
2016_12_MIN_DET,2016,12,REG,2016-11-24,Sam Bradford,MIN,DET,4,01:45,0,MIN 25,Take lead,FAILURE,Interception,L,66.651,FAVORABLE,no,1.2
2016_12_NE_NYJ,2016,12,REG,2016-11-27,Ryan Fitzpatrick,NYJ,NE,4,01:56,-5,NYJ 25,Tie or take lead,FAILURE,Fumble lost,L,21.269,DIFFICULT,no,1.2
2016_12_SD_HOU,2016,12,REG,2016-11-27,Brock Osweiler,HOU,LAC,4,00:14,-8,LAC 41,TD + 2-point conversion,FAILURE,Turnover,L,3.501,VERY_DIFFICULT,no,1.2
2016_12_SF_MIA,2016,12,REG,2016-11-27,Colin Kaepernick,SF,MIA,4,01:44,-7,SF 38,Touchdown,FAILURE,End game,L,14.452,VERY_DIFFICULT,no,1.2
2016_12_TEN_CHI,2016,12,REG,2016-11-27,Matt Barkley,CHI,TEN,4,01:56,-6,CHI 35,Tie or take lead,FAILURE,Turnover on downs,L,21.269,DIFFICULT,no,1.2
2016_13_DAL_MIN,2016,13,REG,2016-12-01,Sam Bradford,MIN,DAL,4,02:09,-8,MIN 35,TD + 2-point conversion,FAILURE,Two point conversion failed,L,11.133,VERY_DIFFICULT,no,1.2
2016_13_KC_ATL,2016,13,REG,2016-12-04,Matt Ryan,ATL,KC,4,09:25,-5,ATL 20,Tie or take lead,CONVERSION,Offense reached required score state,L,43.273,AVERAGE,no,1.2
2016_13_TB_SD,2016,13,REG,2016-12-04,Philip Rivers,LAC,TB,4,09:01,-7,LAC 25,Touchdown,FAILURE,Interception,L,32.298,DIFFICULT,no,1.2
2016_13_WAS_ARI,2016,13,REG,2016-12-04,Kirk Cousins,WAS,ARI,4,01:56,-8,WAS 25,TD + 2-point conversion,FAILURE,Interception,L,5.689,VERY_DIFFICULT,no,1.2
2016_14_ARI_MIA,2016,14,REG,2016-12-11,Carson Palmer,ARI,MIA,4,01:55,0,ARI 25,Take lead,FAILURE,Punt,L,66.651,FAVORABLE,no,1.2
2016_14_ARI_MIA,2016,14,REG,2016-12-11,Matt Moore,MIA,ARI,4,01:29,0,ARI 47,Take lead,CONVERSION,Offense reached required score state,W,77.128,VERY_FAVORABLE,no,1.2
2016_14_CHI_DET,2016,14,REG,2016-12-11,Matt Barkley,CHI,DET,4,03:17,-3,CHI 25,Tie or take lead,FAILURE,Turnover on downs,L,61.257,FAVORABLE,no,1.2
2016_14_CHI_DET,2016,14,REG,2016-12-11,Matthew Stafford,DET,CHI,4,07:07,-4,DET 24,Tie or take lead,CONVERSION,Offense reached required score state,W,43.273,AVERAGE,no,1.2
2016_14_DAL_NYG,2016,14,REG,2016-12-11,Dak Prescott,DAL,NYG,4,01:06,-3,DAL 3,Tie or take lead,FAILURE,Turnover on downs,L,29.622,DIFFICULT,no,1.2
2016_14_DEN_TEN,2016,14,REG,2016-12-11,Trevor Siemian,DEN,TEN,4,02:26,-3,DEN 2,Tie or take lead,FAILURE,Fumble lost,L,46.643,AVERAGE,no,1.2
2016_14_HOU_IND,2016,14,REG,2016-12-11,Andrew Luck,IND,HOU,4,02:47,-5,IND 25,Tie or take lead,FAILURE,Turnover on downs,L,35.941,AVERAGE,no,1.2
2016_14_NO_TB,2016,14,REG,2016-12-11,Drew Brees,NO,TB,4,02:00,-5,NO 3,Tie or take lead,FAILURE,Interception,L,12.995,VERY_DIFFICULT,no,1.2
2016_14_NYJ_SF,2016,14,REG,2016-12-11,Bryce Petty,NYJ,SF,5,12:51,0,NYJ 37,Take lead,CONVERSION,Offense reached required score state,W,61.769,FAVORABLE,no,1.2
2016_14_NYJ_SF,2016,14,REG,2016-12-11,Colin Kaepernick,SF,NYJ,5,15:00,0,SF 25,Take lead,FAILURE,Turnover on downs,L,61.769,FAVORABLE,no,1.2
2016_14_OAK_KC,2016,14,REG,2016-12-08,Derek Carr,LV,KC,4,07:25,-8,LV 15,TD + 2-point conversion,FAILURE,Turnover on downs,L,8.607,VERY_DIFFICULT,no,1.2
2016_14_WAS_PHI,2016,14,REG,2016-12-11,Carson Wentz,PHI,WAS,4,01:53,-5,PHI 25,Tie or take lead,FAILURE,Fumble lost,L,21.269,DIFFICULT,no,1.2
2016_14_WAS_PHI,2016,14,REG,2016-12-11,Kirk Cousins,WAS,PHI,4,04:59,-1,WAS 23,Tie or take lead,CONVERSION,Offense reached required score state,W,61.257,FAVORABLE,no,1.2
2016_15_GB_CHI,2016,15,REG,2016-12-18,Matt Barkley,CHI,GB,4,05:42,-3,CHI 21,Tie or take lead,CONVERSION,Offense reached required score state,L,68.251,FAVORABLE,no,1.2
2016_15_GB_CHI,2016,15,REG,2016-12-18,Aaron Rodgers,GB,CHI,4,01:19,0,GB 27,Take lead,CONVERSION,Offense reached required score state,W,66.651,FAVORABLE,no,1.2
2016_15_JAX_HOU,2016,15,REG,2016-12-18,Blake Bortles,JAX,HOU,4,01:10,-1,JAX 7,Tie or take lead,FAILURE,Interception,L,29.622,DIFFICULT,no,1.2
2016_15_OAK_SD,2016,15,REG,2016-12-18,Philip Rivers,LAC,LV,4,02:40,-3,LAC 14,Tie or take lead,FAILURE,Interception,L,46.643,AVERAGE,no,1.2
2016_15_OAK_SD,2016,15,REG,2016-12-18,Derek Carr,LV,LAC,4,06:27,0,LV 20,Take lead,CONVERSION,Offense reached required score state,W,84.948,VERY_FAVORABLE,no,1.2
2016_15_PHI_BAL,2016,15,REG,2016-12-18,Carson Wentz,PHI,BAL,4,01:39,-7,PHI 41,Touchdown,CONVERSION,Touchdown down 7 kicker neutral,L,22.182,DIFFICULT,no,1.2
2016_15_PIT_CIN,2016,15,REG,2016-12-18,Andy Dalton,CIN,PIT,4,07:29,-4,CIN 25,Tie or take lead,FAILURE,Punt,L,43.273,AVERAGE,no,1.2
2016_15_TB_DAL,2016,15,REG,2016-12-18,Jameis Winston,TB,DAL,4,01:36,-6,TB 11,Tie or take lead,FAILURE,Interception,L,12.995,VERY_DIFFICULT,no,1.2
2016_15_TEN_KC,2016,15,REG,2016-12-18,Marcus Mariota,TEN,KC,4,01:07,-1,TEN 25,Tie or take lead,CONVERSION,Offense reached required score state,W,43.223,AVERAGE,no,1.2
2016_16_ARI_SEA,2016,16,REG,2016-12-24,Carson Palmer,ARI,SEA,4,01:00,0,ARI 25,Take lead,CONVERSION,Offense reached required score state,W,41.604,AVERAGE,no,1.2
2016_16_ARI_SEA,2016,16,REG,2016-12-24,Russell Wilson,SEA,ARI,4,02:22,-6,ARI 45,Tie or take lead,CONVERSION,Offense reached required score state,L,48.63,AVERAGE,no,1.2
2016_16_BAL_PIT,2016,16,REG,2016-12-25,Joe Flacco,BAL,PIT,4,07:16,-4,BAL 25,Tie or take lead,CONVERSION,Offense reached required score state,L,43.273,AVERAGE,no,1.2
2016_16_BAL_PIT,2016,16,REG,2016-12-25,Ben Roethlisberger,PIT,BAL,4,01:18,-3,PIT 25,Tie or take lead,CONVERSION,Offense reached required score state,W,43.223,AVERAGE,no,1.2
2016_16_CIN_HOU,2016,16,REG,2016-12-24,Andy Dalton,CIN,HOU,4,03:46,-2,CIN 15,Tie or take lead,CONVERSION,Missed or blocked fg 45 or shorter,L,46.643,AVERAGE,no,1.2
2016_16_MIA_BUF,2016,16,REG,2016-12-24,Tyrod Taylor,BUF,MIA,5,07:44,0,BUF 4,Take lead,FAILURE,Punt,L,47.182,AVERAGE,no,1.2
2016_16_MIA_BUF,2016,16,REG,2016-12-24,Matt Moore,MIA,BUF,5,04:00,0,MIA 15,Take lead,CONVERSION,Offense reached required score state,W,47.182,AVERAGE,no,1.2
2016_16_NYG_PHI,2016,16,REG,2016-12-22,Eli Manning,NYG,PHI,4,01:31,-5,NYG 15,Tie or take lead,FAILURE,Interception,L,12.995,VERY_DIFFICULT,no,1.2
2016_16_SD_CLE,2016,16,REG,2016-12-24,Philip Rivers,LAC,CLE,4,01:46,-3,LAC 22,Tie or take lead,CONVERSION,Missed or blocked fg 45 or shorter,L,43.223,AVERAGE,no,1.2
2016_16_SF_LA,2016,16,REG,2016-12-24,Jared Goff,LA,SF,4,00:31,-1,LA 42,Tie or take lead,FAILURE,Interception,L,31.409,DIFFICULT,no,1.2
2016_17_CAR_TB,2016,17,REG,2017-01-01,Cam Newton,CAR,TB,4,03:13,-7,CAR 26,Touchdown,CONVERSION,Touchdown down 7 kicker neutral,L,25.973,DIFFICULT,no,1.2
2016_17_CAR_TB,2016,17,REG,2017-01-01,Jameis Winston,TB,CAR,4,06:05,0,TB 26,Take lead,CONVERSION,Offense reached required score state,W,84.948,VERY_FAVORABLE,no,1.2
2016_17_CLE_PIT,2016,17,REG,2017-01-01,Robert Griffin III,CLE,PIT,5,15:00,0,CLE 19,Take lead,CONVERSION,Offense reached required score state,L,47.182,AVERAGE,no,1.2
2016_17_CLE_PIT,2016,17,REG,2017-01-01,Landry Jones,PIT,CLE,5,07:17,-3,PIT 25,Tie or take lead,CONVERSION,Offense reached required score state,W,38.098,AVERAGE,no,1.2
2016_17_HOU_TEN,2016,17,REG,2017-01-01,Brock Osweiler,HOU,TEN,4,00:53,-7,HOU 18,Touchdown,FAILURE,Turnover on downs,L,3.222,VERY_DIFFICULT,no,1.2
2016_17_JAX_IND,2016,17,REG,2017-01-01,Andrew Luck,IND,JAX,4,01:33,-3,IND 25,Tie or take lead,CONVERSION,Offense reached required score state,W,43.223,AVERAGE,no,1.2
2016_17_JAX_IND,2016,17,REG,2017-01-01,Blake Bortles,JAX,IND,4,01:54,0,IND 30,Take lead,CONVERSION,Offense reached required score state,L,88.932,VERY_FAVORABLE,no,1.2
2016_17_NYG_WAS,2016,17,REG,2017-01-01,Kirk Cousins,WAS,NYG,4,02:12,-3,WAS 25,Tie or take lead,FAILURE,Interception,L,61.257,FAVORABLE,no,1.2
2016_19_GB_DAL,2016,19,POST,2017-01-15,Dak Prescott,DAL,GB,4,01:33,-3,DAL 25,Tie or take lead,CONVERSION,Offense reached required score state,L,43.223,AVERAGE,no,1.2
2016_19_GB_DAL,2016,19,POST,2017-01-15,Aaron Rodgers,GB,DAL,4,00:35,0,GB 25,Take lead,CONVERSION,Offense reached required score state,W,41.604,AVERAGE,no,1.2
2016_19_PIT_KC,2016,19,POST,2017-01-15,Alex Smith,KC,PIT,4,09:49,-8,KC 25,TD + 2-point conversion,FAILURE,Two point conversion failed,L,14.554,VERY_DIFFICULT,no,1.2
2016_21_NE_ATL,2016,21,POST,2017-02-05,Matt Ryan,ATL,NE,4,00:57,0,ATL 11,Take lead,FAILURE,Punt,L,28.259,DIFFICULT,no,1.2
2016_21_NE_ATL,2016,21,POST,2017-02-05,Tom Brady,NE,ATL,5,15:00,0,NE 25,Take lead,CONVERSION,Offense reached required score state,W,61.769,FAVORABLE,no,1.2
2017_01_ATL_CHI,2017,1,REG,2017-09-10,Mike Glennon,CHI,ATL,4,03:24,-6,CHI 18,Tie or take lead,FAILURE,Turnover on downs,L,24.33,DIFFICULT,no,1.2
2017_01_LAC_DEN,2017,1,REG,2017-09-11,Philip Rivers,LAC,DEN,4,02:00,-3,LAC 38,Tie or take lead,CONVERSION,Missed or blocked fg 45 or shorter,L,42.653,AVERAGE,no,1.2
2017_02_ARI_IND,2017,2,REG,2017-09-17,Carson Palmer,ARI,IND,5,09:47,0,IND 21,Take lead,CONVERSION,Offense reached required score state,W,87.351,VERY_FAVORABLE,no,1.2
2017_02_ARI_IND,2017,2,REG,2017-09-17,Jacoby Brissett,IND,ARI,5,10:00,0,IND 26,Take lead,FAILURE,Interception,L,62.623,FAVORABLE,no,1.2
2017_02_BUF_CAR,2017,2,REG,2017-09-17,Tyrod Taylor,BUF,CAR,4,02:35,-6,BUF 25,Tie or take lead,FAILURE,Turnover on downs,L,37.075,AVERAGE,no,1.2
2017_02_HOU_CIN,2017,2,REG,2017-09-14,Andy Dalton,CIN,HOU,4,01:56,-4,CIN 31,Tie or take lead,FAILURE,Turnover on downs,L,21.404,DIFFICULT,no,1.2
2017_02_MIA_LAC,2017,2,REG,2017-09-17,Philip Rivers,LAC,MIA,4,01:05,-2,LAC 20,Tie or take lead,CONVERSION,Missed or blocked fg 45 or shorter,L,42.653,AVERAGE,no,1.2
2017_02_MIA_LAC,2017,2,REG,2017-09-17,Jay Cutler,MIA,LAC,4,03:02,-1,MIA 49,Tie or take lead,CONVERSION,Offense reached required score state,W,73.583,VERY_FAVORABLE,no,1.2
2017_02_PHI_KC,2017,2,REG,2017-09-17,Carson Wentz,PHI,KC,4,00:08,-7,KC 39,Touchdown,FAILURE,End game,L,20.54,DIFFICULT,no,1.2
2017_02_SF_SEA,2017,2,REG,2017-09-17,Brian Hoyer,SF,SEA,4,07:06,-3,SF 20,Tie or take lead,FAILURE,Punt,L,68.88,FAVORABLE,no,1.2
2017_02_WAS_LA,2017,2,REG,2017-09-17,Jared Goff,LA,WAS,4,01:49,-7,LA 28,Touchdown,FAILURE,Interception,L,14.295,VERY_DIFFICULT,no,1.2
2017_03_ATL_DET,2017,3,REG,2017-09-24,Matthew Stafford,DET,ATL,4,02:23,-4,DET 11,Tie or take lead,FAILURE,End game,L,24.33,DIFFICULT,no,1.2
2017_03_CIN_GB,2017,3,REG,2017-09-24,Andy Dalton,CIN,GB,5,10:00,0,CIN 25,Take lead,FAILURE,Punt,L,62.623,FAVORABLE,no,1.2
2017_03_CIN_GB,2017,3,REG,2017-09-24,Aaron Rodgers,GB,CIN,5,07:39,0,GB 21,Take lead,CONVERSION,Offense reached required score state,W,62.623,FAVORABLE,no,1.2
2017_03_CLE_IND,2017,3,REG,2017-09-24,DeShone Kizer,CLE,IND,4,00:23,-3,CLE 9,Tie or take lead,FAILURE,Interception,L,13.24,VERY_DIFFICULT,no,1.2
2017_03_HOU_NE,2017,3,REG,2017-09-24,Deshaun Watson,HOU,NE,4,00:23,-3,HOU 25,Tie or take lead,FAILURE,Interception,L,21.853,DIFFICULT,no,1.2
2017_03_HOU_NE,2017,3,REG,2017-09-24,Tom Brady,NE,HOU,4,02:24,-5,NE 25,Tie or take lead,CONVERSION,Offense reached required score state,W,37.075,AVERAGE,no,1.2
2017_03_LA_SF,2017,3,REG,2017-09-21,Brian Hoyer,SF,LA,4,02:13,-2,50,Tie or take lead,FAILURE,Turnover on downs,L,73.583,VERY_FAVORABLE,no,1.2
2017_03_NYG_PHI,2017,3,REG,2017-09-24,Eli Manning,NYG,PHI,4,00:51,0,NYG 25,Take lead,FAILURE,Punt,L,42.874,AVERAGE,no,1.2
2017_03_NYG_PHI,2017,3,REG,2017-09-24,Carson Wentz,PHI,NYG,4,00:13,0,PHI 38,Take lead,CONVERSION,Offense reached required score state,W,42.874,AVERAGE,no,1.2
2017_03_PIT_CHI,2017,3,REG,2017-09-24,Mike Glennon,CHI,PIT,5,10:00,0,CHI 26,Take lead,CONVERSION,Offense reached required score state,W,62.623,FAVORABLE,no,1.2
2017_03_PIT_CHI,2017,3,REG,2017-09-24,Ben Roethlisberger,PIT,CHI,4,00:52,0,PIT 15,Take lead,FAILURE,End half,L,29.056,DIFFICULT,no,1.2
2017_04_BUF_ATL,2017,4,REG,2017-10-01,Matt Ryan,ATL,BUF,4,03:06,-6,ATL 25,Tie or take lead,FAILURE,Turnover on downs,L,37.075,AVERAGE,no,1.2
2017_04_CAR_NE,2017,4,REG,2017-10-01,Cam Newton,CAR,NE,4,03:09,0,CAR 24,Take lead,CONVERSION,Offense reached required score state,W,81.199,VERY_FAVORABLE,no,1.2
2017_04_CAR_NE,2017,4,REG,2017-10-01,Tom Brady,NE,CAR,4,07:27,-7,CAR 49,Touchdown,CONVERSION,Touchdown down 7 kicker neutral,L,46.213,AVERAGE,no,1.2
2017_04_DET_MIN,2017,4,REG,2017-10-01,Case Keenum,MIN,DET,4,01:51,-7,MIN 44,Touchdown,FAILURE,Fumble lost,L,22.404,DIFFICULT,no,1.2
2017_04_JAX_NYJ,2017,4,REG,2017-10-01,Blake Bortles,JAX,NYJ,5,02:06,0,JAX 3,Take lead,FAILURE,Punt,L,47.761,AVERAGE,no,1.2
2017_04_JAX_NYJ,2017,4,REG,2017-10-01,Josh McCown,NYJ,JAX,5,01:38,0,JAX 25,Take lead,CONVERSION,Offense reached required score state,W,87.351,VERY_FAVORABLE,no,1.2
2017_04_LA_DAL,2017,4,REG,2017-10-01,Dak Prescott,DAL,LA,4,01:55,-5,DAL 25,Tie or take lead,FAILURE,Turnover on downs,L,21.404,DIFFICULT,no,1.2
2017_04_NYG_TB,2017,4,REG,2017-10-01,Eli Manning,NYG,TB,4,07:44,-5,NYG 25,Tie or take lead,CONVERSION,Offense reached required score state,L,44.764,AVERAGE,no,1.2
2017_04_NYG_TB,2017,4,REG,2017-10-01,Jameis Winston,TB,NYG,4,03:16,-1,TB 25,Tie or take lead,CONVERSION,Offense reached required score state,W,61.674,FAVORABLE,no,1.2
2017_04_OAK_DEN,2017,4,REG,2017-10-01,EJ Manuel,LV,DEN,4,04:16,-6,LV 42,Tie or take lead,FAILURE,Interception,L,50.492,AVERAGE,no,1.2
2017_04_SF_ARI,2017,4,REG,2017-10-01,Carson Palmer,ARI,SF,5,02:24,-3,ARI 25,Tie or take lead,CONVERSION,Offense reached required score state,W,38.433,AVERAGE,no,1.2
2017_04_SF_ARI,2017,4,REG,2017-10-01,Brian Hoyer,SF,ARI,5,10:00,0,SF 22,Take lead,CONVERSION,Offense reached required score state,L,62.623,FAVORABLE,no,1.2
2017_04_WAS_KC,2017,4,REG,2017-10-02,Kirk Cousins,WAS,KC,4,04:51,-3,WAS 25,Tie or take lead,CONVERSION,Offense reached required score state,L,61.674,FAVORABLE,no,1.2
2017_05_BUF_CIN,2017,5,REG,2017-10-08,Tyrod Taylor,BUF,CIN,4,03:33,-4,BUF 25,Tie or take lead,FAILURE,Interception,L,37.075,AVERAGE,no,1.2
2017_05_GB_DAL,2017,5,REG,2017-10-08,Dak Prescott,DAL,GB,4,09:56,-4,DAL 21,Tie or take lead,CONVERSION,Offense reached required score state,L,44.764,AVERAGE,no,1.2
2017_05_GB_DAL,2017,5,REG,2017-10-08,Aaron Rodgers,GB,DAL,4,01:13,-3,GB 25,Tie or take lead,CONVERSION,Offense reached required score state,W,42.653,AVERAGE,no,1.2
2017_05_LAC_NYG,2017,5,REG,2017-10-08,Philip Rivers,LAC,NYG,4,03:46,-2,NYG 11,Tie or take lead,CONVERSION,Offense reached required score state,W,87.581,VERY_FAVORABLE,no,1.2
2017_05_LAC_NYG,2017,5,REG,2017-10-08,Eli Manning,NYG,LAC,4,02:58,-5,NYG 24,Tie or take lead,FAILURE,Interception,L,37.075,AVERAGE,no,1.2
2017_05_MIN_CHI,2017,5,REG,2017-10-09,Mitchell Trubisky,CHI,MIN,4,02:32,0,CHI 10,Take lead,FAILURE,Interception,L,70.21,VERY_FAVORABLE,no,1.2
2017_05_MIN_CHI,2017,5,REG,2017-10-09,Case Keenum,MIN,CHI,4,02:20,0,CHI 28,Take lead,CONVERSION,Offense reached required score state,W,94.681,VERY_FAVORABLE,no,1.2
2017_05_NE_TB,2017,5,REG,2017-10-05,Jameis Winston,TB,NE,4,01:10,-5,TB 25,Tie or take lead,FAILURE,End game,L,21.404,DIFFICULT,no,1.2
2017_05_SEA_LA,2017,5,REG,2017-10-08,Jared Goff,LA,SEA,4,01:09,-6,LA 25,Tie or take lead,FAILURE,Turnover on downs,L,21.404,DIFFICULT,no,1.2
2017_05_SF_IND,2017,5,REG,2017-10-08,Jacoby Brissett,IND,SF,5,03:39,0,IND 18,Take lead,CONVERSION,Offense reached required score state,W,47.761,AVERAGE,no,1.2
2017_05_SF_IND,2017,5,REG,2017-10-08,Brian Hoyer,SF,IND,5,05:34,0,SF 28,Take lead,FAILURE,Punt,L,62.623,FAVORABLE,no,1.2
2017_05_TEN_MIA,2017,5,REG,2017-10-08,Matt Cassel,TEN,MIA,4,00:19,-6,TEN 7,Tie or take lead,FAILURE,End game,L,5.292,VERY_DIFFICULT,no,1.2
2017_06_CHI_BAL,2017,6,REG,2017-10-15,Joe Flacco,BAL,CHI,5,07:04,0,BAL 40,Take lead,FAILURE,Punt,L,74.36,VERY_FAVORABLE,no,1.2
2017_06_CHI_BAL,2017,6,REG,2017-10-15,Mitchell Trubisky,CHI,BAL,5,05:40,0,CHI 7,Take lead,CONVERSION,Offense reached required score state,W,47.761,AVERAGE,no,1.2
2017_06_LAC_OAK,2017,6,REG,2017-10-15,Philip Rivers,LAC,LV,4,04:09,-2,LAC 8,Tie or take lead,CONVERSION,Offense reached required score state,W,46.755,AVERAGE,no,1.2
2017_06_MIA_ATL,2017,6,REG,2017-10-15,Matt Ryan,ATL,MIA,4,02:30,-3,ATL 13,Tie or take lead,FAILURE,Interception,L,46.755,AVERAGE,no,1.2
2017_06_MIA_ATL,2017,6,REG,2017-10-15,Jay Cutler,MIA,ATL,4,07:00,0,MIA 34,Take lead,CONVERSION,Offense reached required score state,W,85.591,VERY_FAVORABLE,no,1.2
2017_06_NE_NYJ,2017,6,REG,2017-10-15,Josh McCown,NYJ,NE,4,01:53,-7,NYJ 27,Touchdown,FAILURE,Turnover on downs,L,14.295,VERY_DIFFICULT,no,1.2
2017_06_PHI_CAR,2017,6,REG,2017-10-12,Cam Newton,CAR,PHI,4,02:03,-5,CAR 31,Tie or take lead,FAILURE,Turnover on downs,L,37.075,AVERAGE,no,1.2
2017_06_PIT_KC,2017,6,REG,2017-10-15,Alex Smith,KC,PIT,4,01:42,-6,KC 44,Tie or take lead,FAILURE,Turnover on downs,L,32.037,DIFFICULT,no,1.2
2017_06_SF_WAS,2017,6,REG,2017-10-15,C.J. Beathard,SF,WAS,4,00:52,-2,SF 20,Tie or take lead,FAILURE,Interception,L,21.853,DIFFICULT,no,1.2
2017_07_KC_OAK,2017,7,REG,2017-10-19,Derek Carr,LV,KC,4,02:25,-6,LV 15,Tie or take lead,CONVERSION,Offense reached required score state,W,24.33,DIFFICULT,no,1.2
2017_07_NYJ_MIA,2017,7,REG,2017-10-22,Matt Moore,MIA,NYJ,4,00:39,0,NYJ 27,Take lead,CONVERSION,active qb verified; Moore replaced injured Cutler and led fourth-quarter comeback,W,75.571,VERY_FAVORABLE,yes,1.2
2017_07_NYJ_MIA,2017,7,REG,2017-10-22,Josh McCown,NYJ,MIA,4,00:22,-3,NYJ 16,Tie or take lead,FAILURE,Fumble lost,L,13.24,VERY_DIFFICULT,no,1.2
2017_07_TB_BUF,2017,7,REG,2017-10-22,Tyrod Taylor,BUF,TB,4,02:20,0,TB 33,Take lead,CONVERSION,Offense reached required score state,W,94.681,VERY_FAVORABLE,no,1.2
2017_07_TB_BUF,2017,7,REG,2017-10-22,Jameis Winston,TB,BUF,4,00:14,-3,TB 25,Tie or take lead,FAILURE,End game,L,21.853,DIFFICULT,no,1.2
2017_07_TEN_CLE,2017,7,REG,2017-10-22,Cody Kessler,CLE,TEN,5,07:30,0,CLE 20,Take lead,FAILURE,Punt,L,62.623,FAVORABLE,no,1.2
2017_07_TEN_CLE,2017,7,REG,2017-10-22,Marcus Mariota,TEN,CLE,5,05:57,0,CLE 49,Take lead,CONVERSION,Offense reached required score state,W,74.36,VERY_FAVORABLE,no,1.2
2017_08_ATL_NYJ,2017,8,REG,2017-10-29,Josh McCown,NYJ,ATL,4,01:07,-5,NYJ 4,Tie or take lead,FAILURE,End game,L,12.938,VERY_DIFFICULT,no,1.2
2017_08_CHI_NO,2017,8,REG,2017-10-29,Mitchell Trubisky,CHI,NO,4,01:35,-8,NO 43,TD + 2-point conversion,FAILURE,Interception,L,9.04,VERY_DIFFICULT,no,1.2
2017_08_HOU_SEA,2017,8,REG,2017-10-29,Deshaun Watson,HOU,SEA,4,00:21,-3,HOU 25,Tie or take lead,FAILURE,Interception,L,21.853,DIFFICULT,no,1.2
2017_08_HOU_SEA,2017,8,REG,2017-10-29,Russell Wilson,SEA,HOU,4,01:39,-4,SEA 20,Tie or take lead,CONVERSION,Offense reached required score state,W,21.404,DIFFICULT,no,1.2
2017_08_IND_CIN,2017,8,REG,2017-10-29,Jacoby Brissett,IND,CIN,4,02:42,-1,IND 24,Tie or take lead,FAILURE,Turnover on downs,L,61.674,FAVORABLE,no,1.2
2017_08_LAC_NE,2017,8,REG,2017-10-29,Philip Rivers,LAC,NE,4,01:08,-8,LAC 21,TD + 2-point conversion,FAILURE,Interception,L,5.43,VERY_DIFFICULT,no,1.2
2017_08_PIT_DET,2017,8,REG,2017-10-29,Matthew Stafford,DET,PIT,4,04:55,-5,DET 15,Tie or take lead,FAILURE,Turnover on downs,L,24.33,DIFFICULT,no,1.2
2017_09_ATL_CAR,2017,9,REG,2017-11-05,Matt Ryan,ATL,CAR,4,02:18,-3,ATL 21,Tie or take lead,FAILURE,Turnover on downs,L,61.674,FAVORABLE,no,1.2
2017_09_IND_HOU,2017,9,REG,2017-11-05,Tom Savage,HOU,IND,4,03:10,-6,HOU 20,Tie or take lead,FAILURE,Fumble lost,L,37.075,AVERAGE,no,1.2
2017_09_WAS_SEA,2017,9,REG,2017-11-05,Russell Wilson,SEA,WAS,4,00:59,-3,SEA 25,Tie or take lead,FAILURE,End game,L,21.853,DIFFICULT,no,1.2
2017_09_WAS_SEA,2017,9,REG,2017-11-05,Kirk Cousins,WAS,SEA,4,01:34,-4,WAS 30,Tie or take lead,CONVERSION,Offense reached required score state,W,21.404,DIFFICULT,no,1.2
2017_10_CIN_TEN,2017,10,REG,2017-11-12,Andy Dalton,CIN,TEN,4,00:36,-4,CIN 25,Tie or take lead,FAILURE,End game,L,9.288,VERY_DIFFICULT,no,1.2
2017_10_CIN_TEN,2017,10,REG,2017-11-12,Marcus Mariota,TEN,CIN,4,05:03,-3,TEN 27,Tie or take lead,CONVERSION,Offense reached required score state,W,68.88,FAVORABLE,no,1.2
2017_10_GB_CHI,2017,10,REG,2017-11-12,Mitchell Trubisky,CHI,GB,4,01:03,-7,CHI 25,Touchdown,FAILURE,Turnover on downs,L,14.295,VERY_DIFFICULT,no,1.2
2017_10_LAC_JAX,2017,10,REG,2017-11-12,Blake Bortles,JAX,LAC,5,05:11,0,LAC 17,Take lead,CONVERSION,Offense reached required score state,W,88.013,VERY_FAVORABLE,no,1.2
2017_10_LAC_JAX,2017,10,REG,2017-11-12,Philip Rivers,LAC,JAX,5,06:14,0,LAC 10,Take lead,FAILURE,Interception,L,47.761,AVERAGE,no,1.2
2017_10_PIT_IND,2017,10,REG,2017-11-12,Jacoby Brissett,IND,PIT,4,06:17,0,IND 27,Take lead,FAILURE,Punt,L,85.591,VERY_FAVORABLE,no,1.2
2017_10_PIT_IND,2017,10,REG,2017-11-12,Ben Roethlisberger,PIT,IND,4,03:10,0,PIT 15,Take lead,CONVERSION,Offense reached required score state,W,70.21,VERY_FAVORABLE,no,1.2
2017_11_ATL_SEA,2017,11,REG,2017-11-20,Russell Wilson,SEA,ATL,4,01:46,-3,SEA 25,Tie or take lead,ND-K,Missed or blocked fg 46 to 55,L,,,no,1.2
2017_11_CIN_DEN,2017,11,REG,2017-11-19,Brock Osweiler,DEN,CIN,4,01:52,-3,DEN 20,Tie or take lead,FAILURE,Turnover on downs,L,42.653,AVERAGE,no,1.2
2017_11_DET_CHI,2017,11,REG,2017-11-19,Mitchell Trubisky,CHI,DET,4,01:35,-3,CHI 17,Tie or take lead,ND-K,Missed or blocked fg 46 to 55,L,,,no,1.2
2017_11_DET_CHI,2017,11,REG,2017-11-19,Matthew Stafford,DET,CHI,4,05:02,0,DET 24,Take lead,CONVERSION,Offense reached required score state,W,85.591,VERY_FAVORABLE,no,1.2
2017_11_KC_NYG,2017,11,REG,2017-11-19,Alex Smith,KC,NYG,5,10:00,0,KC 22,Take lead,FAILURE,Punt,L,62.623,FAVORABLE,no,1.2
2017_11_KC_NYG,2017,11,REG,2017-11-19,Eli Manning,NYG,KC,5,05:54,0,NYG 18,Take lead,CONVERSION,Offense reached required score state,W,47.761,AVERAGE,no,1.2
2017_11_TB_MIA,2017,11,REG,2017-11-19,Matt Moore,MIA,TB,4,04:37,-7,MIA 26,Touchdown,CONVERSION,Touchdown down 7 kicker neutral,L,26.518,DIFFICULT,no,1.2
2017_11_TB_MIA,2017,11,REG,2017-11-19,Ryan Fitzpatrick,TB,MIA,4,03:00,0,TB 25,Take lead,CONVERSION,Offense reached required score state,W,81.199,VERY_FAVORABLE,no,1.2
2017_11_WAS_NO,2017,11,REG,2017-11-19,Drew Brees,NO,WAS,5,08:54,0,NO 39,Take lead,CONVERSION,Offense reached required score state,W,62.623,FAVORABLE,no,1.2
2017_11_WAS_NO,2017,11,REG,2017-11-19,Kirk Cousins,WAS,NO,5,10:00,0,WAS 25,Take lead,FAILURE,Punt,L,62.623,FAVORABLE,no,1.2
2017_12_BUF_KC,2017,12,REG,2017-11-26,Alex Smith,KC,BUF,4,02:28,-6,KC 14,Tie or take lead,FAILURE,Interception,L,24.33,DIFFICULT,no,1.2
2017_12_CAR_NYJ,2017,12,REG,2017-11-26,Josh McCown,NYJ,CAR,4,00:21,-8,NYJ 25,TD + 2-point conversion,FAILURE,End game,L,2.113,VERY_DIFFICULT,no,1.2
2017_12_GB_PIT,2017,12,REG,2017-11-26,Brett Hundley,GB,PIT,4,01:20,0,GB 18,Take lead,FAILURE,Punt,L,52.137,AVERAGE,no,1.2
2017_12_GB_PIT,2017,12,REG,2017-11-26,Ben Roethlisberger,PIT,GB,4,00:17,0,PIT 30,Take lead,CONVERSION,Offense reached required score state,W,42.874,AVERAGE,no,1.2
2017_12_HOU_BAL,2017,12,REG,2017-11-27,Tom Savage,HOU,BAL,4,02:53,-7,HOU 25,Touchdown,FAILURE,Interception,L,26.518,DIFFICULT,no,1.2
2017_12_JAX_ARI,2017,12,REG,2017-11-26,Blaine Gabbert,ARI,JAX,4,00:16,0,ARI 39,Take lead,CONVERSION,Offense reached required score state,W,42.874,AVERAGE,no,1.2
2017_12_JAX_ARI,2017,12,REG,2017-11-26,Blake Bortles,JAX,ARI,4,01:14,0,JAX 10,Take lead,FAILURE,Punt,L,52.137,AVERAGE,no,1.2
2017_12_MIN_DET,2017,12,REG,2017-11-23,Matthew Stafford,DET,MIN,4,03:42,-7,DET 25,Touchdown,FAILURE,Interception,L,26.518,DIFFICULT,no,1.2
2017_12_TEN_IND,2017,12,REG,2017-11-26,Jacoby Brissett,IND,TEN,4,05:59,-4,IND 25,Tie or take lead,FAILURE,Punt,L,44.764,AVERAGE,no,1.2
2017_13_KC_NYJ,2017,13,REG,2017-12-03,Alex Smith,KC,NYJ,4,02:15,-7,KC 25,Touchdown,FAILURE,Turnover on downs,L,26.518,DIFFICULT,no,1.2
2017_13_KC_NYJ,2017,13,REG,2017-12-03,Josh McCown,NYJ,KC,4,09:13,-1,NYJ 25,Tie or take lead,CONVERSION,Offense reached required score state,W,68.88,FAVORABLE,no,1.2
2017_13_MIN_ATL,2017,13,REG,2017-12-03,Matt Ryan,ATL,MIN,4,09:32,-5,ATL 29,Tie or take lead,FAILURE,Field goal no conversion,L,44.764,AVERAGE,no,1.2
2017_13_PIT_CIN,2017,13,REG,2017-12-04,Andy Dalton,CIN,PIT,4,03:51,0,CIN 12,Take lead,FAILURE,Punt,L,70.21,VERY_FAVORABLE,no,1.2
2017_13_PIT_CIN,2017,13,REG,2017-12-04,Ben Roethlisberger,PIT,CIN,4,02:42,0,PIT 41,Take lead,CONVERSION,Offense reached required score state,W,88.202,VERY_FAVORABLE,no,1.2
2017_13_SF_CHI,2017,13,REG,2017-12-03,Jimmy Garoppolo,SF,CHI,4,05:27,-2,SF 8,Tie or take lead,CONVERSION,Offense reached required score state,W,54.706,AVERAGE,no,1.2
2017_13_TB_GB,2017,13,REG,2017-12-03,Brett Hundley,GB,TB,5,10:00,0,GB 28,Take lead,CONVERSION,Offense reached required score state,W,62.623,FAVORABLE,no,1.2
2017_13_TB_GB,2017,13,REG,2017-12-03,Jameis Winston,TB,GB,4,02:01,0,TB 20,Take lead,FAILURE,Punt,L,81.199,VERY_FAVORABLE,no,1.2
2017_14_BAL_PIT,2017,14,REG,2017-12-10,Joe Flacco,BAL,PIT,4,00:42,-1,BAL 25,Tie or take lead,FAILURE,End game,L,21.853,DIFFICULT,no,1.2
2017_14_BAL_PIT,2017,14,REG,2017-12-10,Ben Roethlisberger,PIT,BAL,4,02:25,-2,PIT 17,Tie or take lead,CONVERSION,Offense reached required score state,W,46.755,AVERAGE,no,1.2
2017_14_DET_TB,2017,14,REG,2017-12-10,Matthew Stafford,DET,TB,4,02:54,0,DET 23,Take lead,CONVERSION,Offense reached required score state,W,81.199,VERY_FAVORABLE,no,1.2
2017_14_DET_TB,2017,14,REG,2017-12-10,Jameis Winston,TB,DET,4,00:20,-3,TB 25,Tie or take lead,FAILURE,End game,L,21.853,DIFFICULT,no,1.2
2017_14_GB_CLE,2017,14,REG,2017-12-10,DeShone Kizer,CLE,GB,5,10:00,0,CLE 25,Take lead,FAILURE,Interception,L,62.623,FAVORABLE,no,1.2
2017_14_GB_CLE,2017,14,REG,2017-12-10,Brett Hundley,GB,CLE,5,08:28,0,CLE 42,Take lead,CONVERSION,Offense reached required score state,W,74.36,VERY_FAVORABLE,no,1.2
2017_14_IND_BUF,2017,14,REG,2017-12-10,Joe Webb,BUF,IND,5,02:25,0,BUF 35,Take lead,CONVERSION,Offense reached required score state,W,62.623,FAVORABLE,no,1.2
2017_14_IND_BUF,2017,14,REG,2017-12-10,Jacoby Brissett,IND,BUF,5,04:07,0,IND 10,Take lead,FAILURE,Punt,L,47.761,AVERAGE,no,1.2
2017_14_MIN_CAR,2017,14,REG,2017-12-10,Cam Newton,CAR,MIN,4,03:07,0,CAR 25,Take lead,CONVERSION,Offense reached required score state,W,81.199,VERY_FAVORABLE,no,1.2
2017_14_MIN_CAR,2017,14,REG,2017-12-10,Case Keenum,MIN,CAR,4,01:47,-7,MIN 22,Touchdown,FAILURE,Turnover on downs,L,14.295,VERY_DIFFICULT,no,1.2
2017_14_NO_ATL,2017,14,REG,2017-12-07,Drew Brees,NO,ATL,4,03:49,-3,NO 20,Tie or take lead,FAILURE,Interception,L,61.674,FAVORABLE,no,1.2
2017_14_PHI_LA,2017,14,REG,2017-12-10,Jared Goff,LA,PHI,4,03:45,-2,LA 25,Tie or take lead,FAILURE,Punt,L,61.674,FAVORABLE,no,1.2
2017_14_SEA_JAX,2017,14,REG,2017-12-10,Russell Wilson,SEA,JAX,4,02:39,-6,SEA 42,Tie or take lead,FAILURE,Turnover on downs,L,50.492,AVERAGE,no,1.2
2017_14_TEN_ARI,2017,14,REG,2017-12-10,Marcus Mariota,TEN,ARI,4,01:27,-5,TEN 22,Tie or take lead,FAILURE,Turnover on downs,L,21.404,DIFFICULT,no,1.2
2017_15_ARI_WAS,2017,15,REG,2017-12-17,Blaine Gabbert,ARI,WAS,4,01:59,-5,ARI 48,Tie or take lead,FAILURE,Turnover on downs,L,32.037,DIFFICULT,no,1.2
2017_15_ATL_TB,2017,15,REG,2017-12-18,Jameis Winston,TB,ATL,4,01:00,-3,TB 29,Tie or take lead,ND-K,Missed or blocked fg 46 to 55,L,,,no,1.2
2017_15_DAL_OAK,2017,15,REG,2017-12-17,Dak Prescott,DAL,LV,4,06:30,0,DAL 30,Take lead,CONVERSION,Offense reached required score state,W,85.591,VERY_FAVORABLE,no,1.2
2017_15_DAL_OAK,2017,15,REG,2017-12-17,Derek Carr,LV,DAL,4,01:44,-3,LV 11,Tie or take lead,FAILURE,Fumble lost,L,28.87,DIFFICULT,no,1.2
2017_15_GB_CAR,2017,15,REG,2017-12-17,Aaron Rodgers,GB,CAR,4,02:43,-7,GB 48,Touchdown,FAILURE,Fumble lost,L,38.449,AVERAGE,no,1.2
2017_15_MIA_BUF,2017,15,REG,2017-12-17,Jay Cutler,MIA,BUF,4,00:39,-8,MIA 37,TD + 2-point conversion,FAILURE,Interception,L,2.113,VERY_DIFFICULT,no,1.2
2017_15_NE_PIT,2017,15,REG,2017-12-17,Tom Brady,NE,PIT,4,02:06,-5,NE 23,Tie or take lead,CONVERSION,Offense reached required score state,W,37.075,AVERAGE,no,1.2
2017_15_NE_PIT,2017,15,REG,2017-12-17,Ben Roethlisberger,PIT,NE,4,00:56,-3,PIT 21,Tie or take lead,FAILURE,Interception,L,21.853,DIFFICULT,no,1.2
2017_15_PHI_NYG,2017,15,REG,2017-12-17,Eli Manning,NYG,PHI,4,00:13,-5,NYG 27,Tie or take lead,FAILURE,End game,L,9.288,VERY_DIFFICULT,no,1.2
2017_15_TEN_SF,2017,15,REG,2017-12-17,Jimmy Garoppolo,SF,TEN,4,01:07,-1,SF 25,Tie or take lead,CONVERSION,Offense reached required score state,W,42.653,AVERAGE,no,1.2
2017_15_TEN_SF,2017,15,REG,2017-12-17,Marcus Mariota,TEN,SF,4,03:08,-2,TEN 25,Tie or take lead,CONVERSION,Offense reached required score state,L,61.674,FAVORABLE,no,1.2
2017_16_IND_BAL,2017,16,REG,2017-12-23,Jacoby Brissett,IND,BAL,4,02:36,-7,BAL 27,Touchdown,FAILURE,Turnover on downs,L,59.799,FAVORABLE,no,1.2
2017_16_LAC_NYJ,2017,16,REG,2017-12-24,Bryce Petty,NYJ,LAC,4,07:58,-7,NYJ 30,Touchdown,FAILURE,Turnover on downs,L,33.171,DIFFICULT,no,1.2
2017_16_LA_TEN,2017,16,REG,2017-12-24,Marcus Mariota,TEN,LA,4,03:25,-4,TEN 20,Tie or take lead,FAILURE,Turnover on downs,L,37.075,AVERAGE,no,1.2
2017_16_OAK_PHI,2017,16,REG,2017-12-25,Derek Carr,LV,PHI,4,00:22,-3,LV 36,Tie or take lead,FAILURE,Fumble lost,L,21.853,DIFFICULT,no,1.2
2017_16_TB_CAR,2017,16,REG,2017-12-24,Cam Newton,CAR,TB,4,03:00,-4,CAR 41,Tie or take lead,CONVERSION,Offense reached required score state,W,50.492,AVERAGE,no,1.2
2017_16_TB_CAR,2017,16,REG,2017-12-24,Jameis Winston,TB,CAR,4,00:35,-3,TB 25,Tie or take lead,FAILURE,Fumble lost,L,21.853,DIFFICULT,no,1.2
2017_17_ARI_SEA,2017,17,REG,2017-12-31,Drew Stanton,ARI,SEA,4,07:11,-1,ARI 14,Tie or take lead,CONVERSION,Offense reached required score state,W,54.706,AVERAGE,no,1.2
2017_17_ARI_SEA,2017,17,REG,2017-12-31,Russell Wilson,SEA,ARI,4,02:21,-2,SEA 25,Tie or take lead,ND-K,Missed or blocked fg 46 to 55,L,,,no,1.2
2017_17_BUF_MIA,2017,17,REG,2017-12-31,David Fales,MIA,BUF,4,00:49,-6,BUF 29,Tie or take lead,FAILURE,Interception,L,29.678,DIFFICULT,no,1.2
2017_17_CIN_BAL,2017,17,REG,2017-12-31,Joe Flacco,BAL,CIN,4,00:44,-4,BAL 27,Tie or take lead,FAILURE,Turnover on downs,L,9.288,VERY_DIFFICULT,no,1.2
2017_17_CIN_BAL,2017,17,REG,2017-12-31,Andy Dalton,CIN,BAL,4,02:43,-3,CIN 10,Tie or take lead,CONVERSION,Offense reached required score state,W,46.755,AVERAGE,no,1.2
2017_17_CLE_PIT,2017,17,REG,2017-12-31,DeShone Kizer,CLE,PIT,4,04:30,-4,CLE 15,Tie or take lead,FAILURE,Turnover on downs,L,24.33,DIFFICULT,no,1.2
2017_17_DAL_PHI,2017,17,REG,2017-12-31,Nate Sudfeld,PHI,DAL,4,08:52,-6,PHI 20,Tie or take lead,FAILURE,Turnover on downs,L,44.764,AVERAGE,no,1.2
2017_17_JAX_TEN,2017,17,REG,2017-12-31,Blake Bortles,JAX,TEN,4,00:18,-5,JAX 18,Tie or take lead,FAILURE,Interception,L,5.292,VERY_DIFFICULT,no,1.2
2017_17_KC_DEN,2017,17,REG,2017-12-31,Paxton Lynch,DEN,KC,4,05:16,-7,DEN 38,Touchdown,CONVERSION,Touchdown down 7 kicker neutral,L,33.171,DIFFICULT,no,1.2
2017_17_KC_DEN,2017,17,REG,2017-12-31,Patrick Mahomes,KC,DEN,4,02:53,0,KC 21,Take lead,CONVERSION,Offense reached required score state,W,81.199,VERY_FAVORABLE,no,1.2
2017_17_NO_TB,2017,17,REG,2017-12-31,Jameis Winston,TB,NO,4,01:58,-1,TB 5,Tie or take lead,CONVERSION,Offense reached required score state,W,28.87,DIFFICULT,no,1.2
2017_17_WAS_NYG,2017,17,REG,2017-12-31,Kirk Cousins,WAS,NYG,4,03:11,-8,WAS 27,TD + 2-point conversion,FAILURE,Interception,L,11.05,VERY_DIFFICULT,no,1.2
2017_18_BUF_JAX,2017,18,POST,2018-01-07,Unresolved,BUF,JAX,4,01:51,-7,BUF 37,Touchdown,MANUAL_REVIEW,Multi qb material participation,L,,,no,1.2
2017_18_CAR_NO,2017,18,POST,2018-01-07,Cam Newton,CAR,NO,4,01:51,-5,CAR 31,Tie or take lead,FAILURE,Turnover on downs,L,21.404,DIFFICULT,no,1.2
2017_18_TEN_KC,2017,18,POST,2018-01-06,Alex Smith,KC,TEN,4,06:06,-1,KC 27,Tie or take lead,FAILURE,Turnover on downs,L,68.88,FAVORABLE,no,1.2
2017_19_ATL_PHI,2017,19,POST,2018-01-13,Matt Ryan,ATL,PHI,4,06:02,-5,ATL 24,Tie or take lead,FAILURE,Turnover on downs,L,44.764,AVERAGE,no,1.2
2017_19_NO_MIN,2017,19,POST,2018-01-14,Case Keenum,MIN,NO,4,00:25,-1,MIN 25,Tie or take lead,CONVERSION,Offense reached required score state,W,21.853,DIFFICULT,no,1.2
2017_19_NO_MIN,2017,19,POST,2018-01-14,Drew Brees,NO,MIN,4,01:29,-2,NO 25,Tie or take lead,CONVERSION,Offense reached required score state,L,42.653,AVERAGE,no,1.2
2017_20_JAX_NE,2017,20,POST,2018-01-21,Blake Bortles,JAX,NE,4,02:48,-4,JAX 25,Tie or take lead,FAILURE,Turnover on downs,L,37.075,AVERAGE,no,1.2
2017_21_PHI_NE,2017,21,POST,2018-02-04,Tom Brady,NE,PHI,4,01:05,-8,NE 9,TD + 2-point conversion,FAILURE,End game,L,3.038,VERY_DIFFICULT,no,1.2
2018_01_ATL_PHI,2018,1,REG,2018-09-06,Matt Ryan,ATL,PHI,4,02:19,-6,ATL 25,Tie or take lead,FAILURE,End game,L,33.924,DIFFICULT,no,1.2
2018_01_ATL_PHI,2018,1,REG,2018-09-06,Nick Foles,PHI,ATL,4,04:51,-2,PHI 46,Tie or take lead,CONVERSION,Offense reached required score state,W,71.79,VERY_FAVORABLE,no,1.2
2018_01_CHI_GB,2018,1,REG,2018-09-09,Mitchell Trubisky,CHI,GB,4,02:13,-1,CHI 18,Tie or take lead,FAILURE,Fumble lost,L,44.706,AVERAGE,no,1.2
2018_01_DAL_CAR,2018,1,REG,2018-09-09,Dak Prescott,DAL,CAR,4,01:51,-8,DAL 20,TD + 2-point conversion,FAILURE,Fumble lost,L,4.902,VERY_DIFFICULT,no,1.2
2018_01_HOU_NE,2018,1,REG,2018-09-09,Deshaun Watson,HOU,NE,4,00:43,-7,HOU 1,Touchdown,FAILURE,End game,L,2.875,VERY_DIFFICULT,no,1.2
2018_01_JAX_NYG,2018,1,REG,2018-09-09,Eli Manning,NYG,JAX,4,04:10,-5,NYG 19,Tie or take lead,FAILURE,Turnover on downs,L,22.113,DIFFICULT,no,1.2
2018_01_PIT_CLE,2018,1,REG,2018-09-09,Tyrod Taylor,CLE,PIT,5,00:36,0,PIT 24,Take lead,CONVERSION,Missed or blocked fg 45 or shorter,T,86.131,VERY_FAVORABLE,no,1.2
2018_01_PIT_CLE,2018,1,REG,2018-09-09,Ben Roethlisberger,PIT,CLE,5,01:17,0,PIT 26,Take lead,FAILURE,Fumble lost,T,60.468,FAVORABLE,no,1.2
2018_01_SEA_DEN,2018,1,REG,2018-09-09,Russell Wilson,SEA,DEN,4,01:01,-3,SEA 12,Tie or take lead,FAILURE,Interception,L,28.204,DIFFICULT,no,1.2
2018_01_SF_MIN,2018,1,REG,2018-09-09,Jimmy Garoppolo,SF,MIN,4,01:49,-8,SF 11,TD + 2-point conversion,FAILURE,Interception,L,2.772,VERY_DIFFICULT,no,1.2
2018_02_CAR_ATL,2018,2,REG,2018-09-16,Cam Newton,CAR,ATL,4,01:48,-7,CAR 16,Touchdown,FAILURE,End game,L,7.568,VERY_DIFFICULT,no,1.2
2018_02_CLE_NO,2018,2,REG,2018-09-16,Tyrod Taylor,CLE,NO,4,00:21,-3,CLE 25,Tie or take lead,ND-K,Missed or blocked fg 46 to 55,L,,,no,1.2
2018_02_CLE_NO,2018,2,REG,2018-09-16,Drew Brees,NO,CLE,4,01:16,0,NO 25,Take lead,CONVERSION,Offense reached required score state,W,64.92,FAVORABLE,no,1.2
2018_02_DET_SF,2018,2,REG,2018-09-16,Matthew Stafford,DET,SF,4,01:08,-3,DET 16,Tie or take lead,FAILURE,Turnover on downs,L,28.204,DIFFICULT,no,1.2
2018_02_HOU_TEN,2018,2,REG,2018-09-16,Deshaun Watson,HOU,TEN,4,01:00,-3,HOU 25,Tie or take lead,FAILURE,End game,L,20.437,DIFFICULT,no,1.2
2018_02_HOU_TEN,2018,2,REG,2018-09-16,Blaine Gabbert,TEN,HOU,4,06:41,0,TEN 25,Take lead,CONVERSION,Offense reached required score state,W,84.704,VERY_FAVORABLE,no,1.2
2018_02_MIN_GB,2018,2,REG,2018-09-16,Aaron Rodgers,GB,MIN,5,07:32,0,GB 39,Take lead,FAILURE,Punt,T,60.468,FAVORABLE,no,1.2
2018_02_MIN_GB,2018,2,REG,2018-09-16,Kirk Cousins,MIN,GB,5,03:48,0,MIN 20,Take lead,CONVERSION,Missed or blocked fg 45 or shorter,T,60.468,FAVORABLE,no,1.2
2018_02_OAK_DEN,2018,2,REG,2018-09-16,Case Keenum,DEN,LV,4,01:58,-2,DEN 20,Tie or take lead,CONVERSION,Offense reached required score state,W,41.533,AVERAGE,no,1.2
2018_02_PHI_TB,2018,2,REG,2018-09-16,Nick Foles,PHI,TB,4,00:19,-6,PHI 10,Tie or take lead,FAILURE,Fumble lost,L,4.751,VERY_DIFFICULT,no,1.2
2018_03_CHI_ARI,2018,3,REG,2018-09-23,Josh Rosen,ARI,CHI,4,00:43,-2,ARI 20,Tie or take lead,FAILURE,End game,L,20.437,DIFFICULT,no,1.2
2018_03_IND_PHI,2018,3,REG,2018-09-23,Unresolved,IND,PHI,4,00:43,-4,IND 11,Tie or take lead,MANUAL_REVIEW,Multi qb material participation,L,,,no,1.2
2018_03_NO_ATL,2018,3,REG,2018-09-23,Matt Ryan,ATL,NO,4,01:15,0,ATL 26,Take lead,FAILURE,Punt,L,64.92,FAVORABLE,no,1.2
2018_03_NO_ATL,2018,3,REG,2018-09-23,Drew Brees,NO,ATL,5,10:00,0,NO 20,Take lead,CONVERSION,Offense reached required score state,W,60.468,FAVORABLE,no,1.2
2018_03_NYJ_CLE,2018,3,REG,2018-09-20,Sam Darnold,NYJ,CLE,4,00:56,-4,NYJ 6,Tie or take lead,FAILURE,Interception,L,4.751,VERY_DIFFICULT,no,1.2
2018_03_PIT_TB,2018,3,REG,2018-09-24,Ryan Fitzpatrick,TB,PIT,4,03:02,-3,TB 20,Tie or take lead,FAILURE,Punt,L,59.384,FAVORABLE,no,1.2
2018_03_TEN_JAX,2018,3,REG,2018-09-23,Blake Bortles,JAX,TEN,4,00:19,-3,JAX 13,Tie or take lead,FAILURE,Fumble lost,L,12.438,VERY_DIFFICULT,no,1.2
2018_04_CIN_ATL,2018,4,REG,2018-09-30,Andy Dalton,CIN,ATL,4,04:15,-5,CIN 25,Tie or take lead,CONVERSION,Offense reached required score state,W,33.924,DIFFICULT,no,1.2
2018_04_CLE_OAK,2018,4,REG,2018-09-30,Baker Mayfield,CLE,LV,5,06:10,0,CLE 40,Take lead,FAILURE,Punt,L,72.696,VERY_FAVORABLE,no,1.2
2018_04_CLE_OAK,2018,4,REG,2018-09-30,Derek Carr,LV,CLE,5,05:27,0,LV 19,Take lead,CONVERSION,Offense reached required score state,W,45.825,AVERAGE,no,1.2
2018_04_DET_DAL,2018,4,REG,2018-09-30,Dak Prescott,DAL,DET,4,02:17,-1,DAL 25,Tie or take lead,CONVERSION,Offense reached required score state,W,59.384,FAVORABLE,no,1.2
2018_04_DET_DAL,2018,4,REG,2018-09-30,Matthew Stafford,DET,DAL,4,05:49,-6,DET 25,Tie or take lead,CONVERSION,Offense reached required score state,L,42.739,AVERAGE,no,1.2
2018_04_HOU_IND,2018,4,REG,2018-09-30,Deshaun Watson,HOU,IND,5,00:24,0,IND 43,Take lead,CONVERSION,Offense reached required score state,W,72.696,VERY_FAVORABLE,no,1.2
2018_04_HOU_IND,2018,4,REG,2018-09-30,Andrew Luck,IND,HOU,5,01:50,0,IND 25,Take lead,FAILURE,Turnover on downs,L,60.468,FAVORABLE,no,1.2
2018_04_KC_DEN,2018,4,REG,2018-10-01,Case Keenum,DEN,KC,4,01:39,-4,DEN 25,Tie or take lead,FAILURE,Turnover on downs,L,19.964,VERY_DIFFICULT,no,1.2
2018_04_KC_DEN,2018,4,REG,2018-10-01,Patrick Mahomes,KC,DEN,4,04:35,-3,KC 40,Tie or take lead,CONVERSION,Offense reached required score state,W,71.79,VERY_FAVORABLE,no,1.2
2018_04_MIN_LA,2018,4,REG,2018-09-27,Kirk Cousins,MIN,LA,4,02:20,-7,MIN 34,Touchdown,FAILURE,Fumble lost,L,23.355,DIFFICULT,no,1.2
2018_04_PHI_TEN,2018,4,REG,2018-09-30,Carson Wentz,PHI,TEN,5,10:00,0,PHI 25,Take lead,CONVERSION,Offense reached required score state,L,60.468,FAVORABLE,no,1.2
2018_04_PHI_TEN,2018,4,REG,2018-09-30,Marcus Mariota,TEN,PHI,5,06:19,-3,TEN 25,Tie or take lead,CONVERSION,Offense reached required score state,W,36.993,AVERAGE,no,1.2
2018_04_SEA_ARI,2018,4,REG,2018-09-30,Josh Rosen,ARI,SEA,4,07:11,0,ARI 24,Take lead,CONVERSION,Missed or blocked fg 45 or shorter,L,84.704,VERY_FAVORABLE,no,1.2
2018_04_SEA_ARI,2018,4,REG,2018-09-30,Russell Wilson,SEA,ARI,4,01:50,0,SEA 35,Take lead,CONVERSION,Offense reached required score state,W,64.92,FAVORABLE,no,1.2
2018_04_SF_LAC,2018,4,REG,2018-09-30,C.J. Beathard,SF,LAC,4,03:49,-2,SF 7,Tie or take lead,FAILURE,Interception,L,44.706,AVERAGE,no,1.2
2018_05_BAL_CLE,2018,5,REG,2018-10-07,Joe Flacco,BAL,CLE,5,03:22,0,BAL 39,Take lead,FAILURE,Punt,L,60.468,FAVORABLE,no,1.2
2018_05_BAL_CLE,2018,5,REG,2018-10-07,Baker Mayfield,CLE,BAL,5,02:57,0,CLE 16,Take lead,CONVERSION,Offense reached required score state,W,45.825,AVERAGE,no,1.2
2018_05_DAL_HOU,2018,5,REG,2018-10-07,Dak Prescott,DAL,HOU,5,10:00,0,DAL 25,Take lead,FAILURE,Punt,L,60.468,FAVORABLE,no,1.2
2018_05_DAL_HOU,2018,5,REG,2018-10-07,Deshaun Watson,HOU,DAL,5,05:33,0,HOU 10,Take lead,CONVERSION,Offense reached required score state,W,45.825,AVERAGE,no,1.2
2018_05_LA_SEA,2018,5,REG,2018-10-07,Russell Wilson,SEA,LA,4,06:05,-2,SEA 22,Tie or take lead,FAILURE,Punt,L,68.006,FAVORABLE,no,1.2
2018_05_NYG_CAR,2018,5,REG,2018-10-07,Cam Newton,CAR,NYG,4,01:08,-1,CAR 25,Tie or take lead,CONVERSION,Offense reached required score state,W,41.533,AVERAGE,no,1.2
2018_05_NYG_CAR,2018,5,REG,2018-10-07,Eli Manning,NYG,CAR,4,02:16,-6,NYG 25,Tie or take lead,CONVERSION,Offense reached required score state,L,33.924,DIFFICULT,no,1.2
2018_05_TEN_BUF,2018,5,REG,2018-10-07,Josh Allen,BUF,TEN,4,04:43,-2,BUF 25,Tie or take lead,CONVERSION,Offense reached required score state,W,59.384,FAVORABLE,no,1.2
2018_05_TEN_BUF,2018,5,REG,2018-10-07,Marcus Mariota,TEN,BUF,4,07:51,-1,TEN 46,Tie or take lead,CONVERSION,Offense reached required score state,L,78.722,VERY_FAVORABLE,no,1.2
2018_06_BUF_HOU,2018,6,REG,2018-10-14,Nathan Peterman,BUF,HOU,4,01:23,-7,BUF 13,Touchdown,FAILURE,Interception,L,7.568,VERY_DIFFICULT,no,1.2
2018_06_BUF_HOU,2018,6,REG,2018-10-14,Deshaun Watson,HOU,BUF,4,03:55,-3,HOU 8,Tie or take lead,CONVERSION,Offense reached required score state,W,44.706,AVERAGE,no,1.2
2018_06_CAR_WAS,2018,6,REG,2018-10-14,Cam Newton,CAR,WAS,4,03:15,-6,CAR 16,Tie or take lead,FAILURE,Turnover on downs,L,22.113,DIFFICULT,no,1.2
2018_06_CHI_MIA,2018,6,REG,2018-10-14,Mitchell Trubisky,CHI,MIA,5,04:59,0,CHI 20,Take lead,ND-K,Missed or blocked fg 46 to 55,L,,,no,1.2
2018_06_CHI_MIA,2018,6,REG,2018-10-14,Brock Osweiler,MIA,CHI,5,01:55,0,MIA 43,Take lead,CONVERSION,Offense reached required score state,W,72.696,VERY_FAVORABLE,no,1.2
2018_06_KC_NE,2018,6,REG,2018-10-14,Patrick Mahomes,KC,NE,4,03:15,-7,KC 25,Touchdown,CONVERSION,Touchdown down 7 kicker neutral,L,23.355,DIFFICULT,no,1.2
2018_06_KC_NE,2018,6,REG,2018-10-14,Tom Brady,NE,KC,4,03:03,0,NE 25,Take lead,CONVERSION,Offense reached required score state,W,79.206,VERY_FAVORABLE,no,1.2
2018_06_PIT_CIN,2018,6,REG,2018-10-14,Andy Dalton,CIN,PIT,4,03:32,-6,CIN 25,Tie or take lead,CONVERSION,Offense reached required score state,L,33.924,DIFFICULT,no,1.2
2018_06_PIT_CIN,2018,6,REG,2018-10-14,Ben Roethlisberger,PIT,CIN,4,01:18,-1,PIT 23,Tie or take lead,CONVERSION,Offense reached required score state,W,41.533,AVERAGE,no,1.2
2018_06_SF_GB,2018,6,REG,2018-10-15,Aaron Rodgers,GB,SF,4,01:07,0,GB 10,Take lead,CONVERSION,Offense reached required score state,W,50.578,AVERAGE,no,1.2
2018_06_SF_GB,2018,6,REG,2018-10-15,C.J. Beathard,SF,GB,4,01:55,0,SF 47,Take lead,FAILURE,Interception,L,76.31,VERY_FAVORABLE,no,1.2
2018_06_TB_ATL,2018,6,REG,2018-10-14,Jameis Winston,TB,ATL,4,01:10,-5,TB 24,Tie or take lead,FAILURE,End game,L,19.964,VERY_DIFFICULT,no,1.2
2018_07_CAR_PHI,2018,7,REG,2018-10-21,Cam Newton,CAR,PHI,4,02:17,-3,CAR 31,Tie or take lead,CONVERSION,Offense reached required score state,W,59.384,FAVORABLE,no,1.2
2018_07_CAR_PHI,2018,7,REG,2018-10-21,Carson Wentz,PHI,CAR,4,01:22,-4,PHI 30,Tie or take lead,FAILURE,Fumble lost,L,19.964,VERY_DIFFICULT,no,1.2
2018_07_CLE_TB,2018,7,REG,2018-10-21,Baker Mayfield,CLE,TB,5,06:15,0,TB 45,Take lead,FAILURE,Punt,L,72.696,VERY_FAVORABLE,no,1.2
2018_07_CLE_TB,2018,7,REG,2018-10-21,Jameis Winston,TB,CLE,5,03:12,0,CLE 48,Take lead,CONVERSION,Offense reached required score state,W,72.696,VERY_FAVORABLE,no,1.2
2018_07_DAL_WAS,2018,7,REG,2018-10-21,Dak Prescott,DAL,WAS,4,01:09,-3,DAL 36,Tie or take lead,ND-K,Missed or blocked fg 46 to 55,L,,,no,1.2
2018_07_NE_CHI,2018,7,REG,2018-10-21,Mitchell Trubisky,CHI,NE,4,00:24,-7,CHI 20,Touchdown,FAILURE,End game,L,5.081,VERY_DIFFICULT,no,1.2
2018_07_NO_BAL,2018,7,REG,2018-10-21,Joe Flacco,BAL,NO,4,02:07,-7,BAL 19,Touchdown,CONVERSION,Touchdown down 7 kicker neutral,L,14.421,VERY_DIFFICULT,no,1.2
2018_07_TEN_LAC,2018,7,REG,2018-10-21,Marcus Mariota,TEN,LAC,4,04:55,-7,TEN 11,Touchdown,CONVERSION,Touchdown down 7 kicker neutral,L,14.421,VERY_DIFFICULT,no,1.2
2018_08_PHI_JAX,2018,8,REG,2018-10-28,Blake Bortles,JAX,PHI,4,05:08,-6,JAX 27,Tie or take lead,FAILURE,Turnover on downs,L,42.739,AVERAGE,no,1.2
2018_08_SF_ARI,2018,8,REG,2018-10-28,Josh Rosen,ARI,SF,4,02:16,-5,ARI 27,Tie or take lead,CONVERSION,Offense reached required score state,W,33.924,DIFFICULT,no,1.2
2018_08_SF_ARI,2018,8,REG,2018-10-28,C.J. Beathard,SF,ARI,4,00:34,-3,SF 25,Tie or take lead,FAILURE,End game,L,20.437,DIFFICULT,no,1.2
2018_08_TB_CIN,2018,8,REG,2018-10-28,Andy Dalton,CIN,TB,4,01:05,0,CIN 24,Take lead,CONVERSION,Offense reached required score state,W,64.92,FAVORABLE,no,1.2
2018_08_TB_CIN,2018,8,REG,2018-10-28,Ryan Fitzpatrick,TB,CIN,4,03:16,-8,TB 12,TD + 2-point conversion,CONVERSION,Offense reached required score state,L,5.542,VERY_DIFFICULT,no,1.2
2018_09_HOU_DEN,2018,9,REG,2018-11-04,Case Keenum,DEN,HOU,4,03:29,-2,DEN 14,Tie or take lead,ND-K,Missed or blocked fg 46 to 55,L,,,no,1.2
2018_09_LAC_SEA,2018,9,REG,2018-11-04,Russell Wilson,SEA,LAC,4,01:24,-8,SEA 22,TD + 2-point conversion,FAILURE,End game,L,4.902,VERY_DIFFICULT,no,1.2
2018_09_NYJ_MIA,2018,9,REG,2018-11-04,Sam Darnold,NYJ,MIA,4,01:46,-7,NYJ 11,Touchdown,FAILURE,Interception,L,7.568,VERY_DIFFICULT,no,1.2
2018_09_PIT_BAL,2018,9,REG,2018-11-04,Joe Flacco,BAL,PIT,4,00:44,-7,BAL 24,Touchdown,FAILURE,Turnover on downs,L,5.081,VERY_DIFFICULT,no,1.2
2018_10_DAL_PHI,2018,10,REG,2018-11-11,Carson Wentz,PHI,DAL,4,00:40,-7,PHI 32,Touchdown,FAILURE,End game,L,5.081,VERY_DIFFICULT,no,1.2
2018_10_JAX_IND,2018,10,REG,2018-11-11,Blake Bortles,JAX,IND,4,02:53,-3,JAX 42,Tie or take lead,FAILURE,Fumble lost,L,71.79,VERY_FAVORABLE,no,1.2
2018_10_NYG_SF,2018,10,REG,2018-11-12,Eli Manning,NYG,SF,4,02:46,-3,NYG 25,Tie or take lead,CONVERSION,Offense reached required score state,W,59.384,FAVORABLE,no,1.2
2018_10_NYG_SF,2018,10,REG,2018-11-12,Nick Mullens,SF,NYG,4,00:53,-4,SF 25,Tie or take lead,FAILURE,End game,L,8.273,VERY_DIFFICULT,no,1.2
2018_10_SEA_LA,2018,10,REG,2018-11-11,Russell Wilson,SEA,LA,4,01:24,-5,SEA 25,Tie or take lead,FAILURE,Turnover on downs,L,19.964,VERY_DIFFICULT,no,1.2
2018_11_CAR_DET,2018,11,REG,2018-11-18,Cam Newton,CAR,DET,4,02:44,-7,CAR 25,Touchdown,CONVERSION,Touchdown down 7 kicker neutral,L,23.355,DIFFICULT,no,1.2
2018_11_CIN_BAL,2018,11,REG,2018-11-18,Andy Dalton,CIN,BAL,4,02:45,-3,CIN 10,Tie or take lead,FAILURE,Turnover on downs,L,44.706,AVERAGE,no,1.2
2018_11_DAL_ATL,2018,11,REG,2018-11-18,Matt Ryan,ATL,DAL,4,04:02,-7,ATL 32,Touchdown,CONVERSION,Touchdown down 7 kicker neutral,L,23.355,DIFFICULT,no,1.2
2018_11_DAL_ATL,2018,11,REG,2018-11-18,Dak Prescott,DAL,ATL,4,01:52,0,DAL 25,Take lead,CONVERSION,Offense reached required score state,W,64.92,FAVORABLE,no,1.2
2018_11_DEN_LAC,2018,11,REG,2018-11-18,Case Keenum,DEN,LAC,4,01:51,-2,DEN 8,Tie or take lead,CONVERSION,Offense reached required score state,W,28.204,DIFFICULT,no,1.2
2018_11_GB_SEA,2018,11,REG,2018-11-15,Aaron Rodgers,GB,SEA,4,05:08,-3,GB 25,Tie or take lead,FAILURE,Punt,L,68.006,FAVORABLE,no,1.2
2018_11_HOU_WAS,2018,11,REG,2018-11-18,Colt McCoy,WAS,HOU,4,00:52,-2,WAS 35,Tie or take lead,MANUAL_REVIEW,Missed or blocked fg 56 plus,L,,,no,1.2
2018_11_KC_LA,2018,11,REG,2018-11-19,Patrick Mahomes,KC,LA,4,00:50,-3,KC 12,Tie or take lead,FAILURE,Interception,L,12.438,VERY_DIFFICULT,no,1.2
2018_11_OAK_ARI,2018,11,REG,2018-11-18,Derek Carr,LV,ARI,4,01:53,-1,LV 20,Tie or take lead,CONVERSION,Offense reached required score state,W,41.533,AVERAGE,no,1.2
2018_11_PIT_JAX,2018,11,REG,2018-11-18,Ben Roethlisberger,PIT,JAX,4,01:42,-3,PIT 32,Tie or take lead,CONVERSION,Offense reached required score state,W,41.533,AVERAGE,no,1.2
2018_11_TB_NYG,2018,11,REG,2018-11-18,Jameis Winston,TB,NYG,4,00:23,-3,TB 20,Tie or take lead,FAILURE,Interception,L,20.437,DIFFICULT,no,1.2
2018_12_CHI_DET,2018,12,REG,2018-11-22,Matthew Stafford,DET,CHI,4,06:00,-7,DET 25,Touchdown,FAILURE,Interception,L,30.7,DIFFICULT,no,1.2
2018_12_MIA_IND,2018,12,REG,2018-11-25,Andrew Luck,IND,MIA,4,02:38,0,IND 42,Take lead,CONVERSION,Offense reached required score state,W,86.894,VERY_FAVORABLE,no,1.2
2018_12_MIA_IND,2018,12,REG,2018-11-25,Ryan Tannehill,MIA,IND,4,04:25,0,MIA 6,Take lead,FAILURE,Punt,L,67.808,FAVORABLE,no,1.2
2018_12_NYG_PHI,2018,12,REG,2018-11-25,Eli Manning,NYG,PHI,4,00:22,-3,NYG 34,Tie or take lead,FAILURE,End game,L,20.437,DIFFICULT,no,1.2
2018_12_NYG_PHI,2018,12,REG,2018-11-25,Carson Wentz,PHI,NYG,4,05:49,0,PHI 25,Take lead,CONVERSION,Offense reached required score state,W,84.704,VERY_FAVORABLE,no,1.2
2018_12_PIT_DEN,2018,12,REG,2018-11-25,Ben Roethlisberger,PIT,DEN,4,04:26,-7,PIT 44,Touchdown,FAILURE,Interception,L,34.657,DIFFICULT,no,1.2
2018_12_SEA_CAR,2018,12,REG,2018-11-25,Cam Newton,CAR,SEA,4,03:26,0,CAR 21,Take lead,ND-K,Missed or blocked fg 46 to 55,L,,,no,1.2
2018_12_SEA_CAR,2018,12,REG,2018-11-25,Russell Wilson,SEA,CAR,4,01:40,0,SEA 42,Take lead,CONVERSION,Offense reached required score state,W,76.31,VERY_FAVORABLE,no,1.2
2018_13_ARI_GB,2018,13,REG,2018-12-02,Josh Rosen,ARI,GB,4,05:26,0,ARI 25,Take lead,CONVERSION,Offense reached required score state,W,84.704,VERY_FAVORABLE,no,1.2
2018_13_ARI_GB,2018,13,REG,2018-12-02,Aaron Rodgers,GB,ARI,4,01:41,-3,GB 25,Tie or take lead,ND-K,Missed or blocked fg 46 to 55,L,,,no,1.2
2018_13_BUF_MIA,2018,13,REG,2018-12-02,Josh Allen,BUF,MIA,4,02:33,-4,BUF 10,Tie or take lead,FAILURE,Turnover on downs,L,22.113,DIFFICULT,no,1.2
2018_13_CAR_TB,2018,13,REG,2018-12-02,Unresolved,CAR,TB,4,01:05,-7,CAR 26,Touchdown,MANUAL_REVIEW,Multi qb material participation,L,,,no,1.2
2018_13_CHI_NYG,2018,13,REG,2018-12-02,Chase Daniel,CHI,NYG,5,05:57,-3,CHI 25,Tie or take lead,FAILURE,Turnover on downs,L,36.993,AVERAGE,no,1.2
2018_13_CHI_NYG,2018,13,REG,2018-12-02,Eli Manning,NYG,CHI,5,10:00,0,NYG 25,Take lead,CONVERSION,Offense reached required score state,W,60.468,FAVORABLE,no,1.2
2018_13_IND_JAX,2018,13,REG,2018-12-02,Andrew Luck,IND,JAX,4,01:53,-6,IND 15,Tie or take lead,FAILURE,End game,L,12.122,VERY_DIFFICULT,no,1.2
2018_13_LAC_PIT,2018,13,REG,2018-12-02,Philip Rivers,LAC,PIT,4,04:10,0,LAC 25,Take lead,CONVERSION,Offense reached required score state,W,79.206,VERY_FAVORABLE,no,1.2
2018_13_LAC_PIT,2018,13,REG,2018-12-02,Ben Roethlisberger,PIT,LAC,4,08:09,-7,PIT 22,Touchdown,CONVERSION,Touchdown down 7 kicker neutral,L,30.7,DIFFICULT,no,1.2
2018_13_NO_DAL,2018,13,REG,2018-11-29,Drew Brees,NO,DAL,4,02:35,-3,NO 15,Tie or take lead,FAILURE,Interception,L,44.706,AVERAGE,no,1.2
2018_13_NYJ_TEN,2018,13,REG,2018-12-02,Josh McCown,NYJ,TEN,4,00:36,-4,NYJ 25,Tie or take lead,FAILURE,Interception,L,8.273,VERY_DIFFICULT,no,1.2
2018_13_NYJ_TEN,2018,13,REG,2018-12-02,Marcus Mariota,TEN,NYJ,4,01:46,-3,TEN 14,Tie or take lead,CONVERSION,Offense reached required score state,W,28.204,DIFFICULT,no,1.2
2018_14_BAL_KC,2018,14,REG,2018-12-09,Unresolved,BAL,KC,5,04:42,-3,BAL 25,Tie or take lead,MANUAL_REVIEW,Multi qb material participation,L,,,no,1.2
2018_14_BAL_KC,2018,14,REG,2018-12-09,Patrick Mahomes,KC,BAL,5,10:00,0,KC 25,Take lead,CONVERSION,Offense reached required score state,W,60.468,FAVORABLE,no,1.2
2018_14_CAR_CLE,2018,14,REG,2018-12-09,Cam Newton,CAR,CLE,4,01:04,-6,CAR 35,Tie or take lead,FAILURE,Interception,L,19.964,VERY_DIFFICULT,no,1.2
2018_14_CIN_LAC,2018,14,REG,2018-12-09,Jeff Driskel,CIN,LAC,4,00:49,-5,CIN 23,Tie or take lead,FAILURE,End game,L,8.273,VERY_DIFFICULT,no,1.2
2018_14_NE_MIA,2018,14,REG,2018-12-09,Ryan Tannehill,MIA,NE,4,00:16,-5,MIA 31,Tie or take lead,CONVERSION,Offense reached required score state,W,8.273,VERY_DIFFICULT,no,1.2
2018_14_NYJ_BUF,2018,14,REG,2018-12-09,Josh Allen,BUF,NYJ,4,01:17,-4,BUF 22,Tie or take lead,FAILURE,Interception,L,19.964,VERY_DIFFICULT,no,1.2
2018_14_NYJ_BUF,2018,14,REG,2018-12-09,Sam Darnold,NYJ,BUF,4,02:31,-3,NYJ 39,Tie or take lead,CONVERSION,Offense reached required score state,W,59.384,FAVORABLE,no,1.2
2018_14_PHI_DAL,2018,14,REG,2018-12-09,Dak Prescott,DAL,PHI,5,10:00,0,DAL 25,Take lead,CONVERSION,Offense reached required score state,W,60.468,FAVORABLE,no,1.2
2018_14_PHI_DAL,2018,14,REG,2018-12-09,Carson Wentz,PHI,DAL,4,03:01,-7,PHI 25,Touchdown,CONVERSION,Touchdown down 7 kicker neutral,L,23.355,DIFFICULT,no,1.2
2018_14_PIT_OAK,2018,14,REG,2018-12-09,Derek Carr,LV,PIT,4,02:55,-4,LV 25,Tie or take lead,CONVERSION,Offense reached required score state,W,33.924,DIFFICULT,no,1.2
2018_14_PIT_OAK,2018,14,REG,2018-12-09,Ben Roethlisberger,PIT,LV,4,00:21,-3,PIT 30,Tie or take lead,CONVERSION,Missed or blocked fg 45 or shorter,L,20.437,DIFFICULT,no,1.2
2018_15_CLE_DEN,2018,15,REG,2018-12-15,Case Keenum,DEN,CLE,4,01:49,-1,DEN 13,Tie or take lead,FAILURE,Turnover on downs,L,28.204,DIFFICULT,no,1.2
2018_15_DET_BUF,2018,15,REG,2018-12-16,Matthew Stafford,DET,BUF,4,04:41,-1,DET 30,Tie or take lead,FAILURE,Punt,L,59.384,FAVORABLE,no,1.2
2018_15_HOU_NYJ,2018,15,REG,2018-12-15,Sam Darnold,NYJ,HOU,4,00:54,-7,NYJ 25,Touchdown,FAILURE,Turnover on downs,L,5.081,VERY_DIFFICULT,no,1.2
2018_15_LAC_KC,2018,15,REG,2018-12-13,Philip Rivers,LAC,KC,4,02:37,-7,LAC 40,Touchdown,CONVERSION,Touchdown down 7 kicker neutral,W,34.657,DIFFICULT,no,1.2
2018_15_NE_PIT,2018,15,REG,2018-12-16,Tom Brady,NE,PIT,4,02:30,-7,NE 25,Touchdown,FAILURE,Turnover on downs,L,23.355,DIFFICULT,no,1.2
2018_15_NO_CAR,2018,15,REG,2018-12-17,Cam Newton,CAR,NO,4,01:44,-3,CAR 20,Tie or take lead,FAILURE,Turnover on downs,L,41.533,AVERAGE,no,1.2
2018_15_PHI_LA,2018,15,REG,2018-12-16,Jared Goff,LA,PHI,4,01:08,-7,LA 43,Touchdown,FAILURE,End game,L,20.49,DIFFICULT,no,1.2
2018_15_SEA_SF,2018,15,REG,2018-12-16,Russell Wilson,SEA,SF,5,10:00,0,SEA 14,Take lead,FAILURE,Punt,L,45.825,AVERAGE,no,1.2
2018_15_SEA_SF,2018,15,REG,2018-12-16,Nick Mullens,SF,SEA,5,07:25,0,SF 38,Take lead,CONVERSION,Offense reached required score state,W,60.468,FAVORABLE,no,1.2
2018_15_TB_BAL,2018,15,REG,2018-12-16,Jameis Winston,TB,BAL,4,11:22,-8,TB 38,TD + 2-point conversion,FAILURE,Turnover on downs,L,14.56,VERY_DIFFICULT,no,1.2
2018_15_WAS_JAX,2018,15,REG,2018-12-16,Cody Kessler,JAX,WAS,4,05:47,0,JAX 25,Take lead,FAILURE,Interception,L,84.704,VERY_FAVORABLE,no,1.2
2018_15_WAS_JAX,2018,15,REG,2018-12-16,Josh Johnson,WAS,JAX,4,02:31,0,WAS 45,Take lead,CONVERSION,Offense reached required score state,W,86.894,VERY_FAVORABLE,no,1.2
2018_16_CHI_SF,2018,16,REG,2018-12-23,Nick Mullens,SF,CHI,4,01:52,-5,SF 24,Tie or take lead,FAILURE,Turnover on downs,L,19.964,VERY_DIFFICULT,no,1.2
2018_16_GB_NYJ,2018,16,REG,2018-12-23,Aaron Rodgers,GB,NYJ,5,10:00,0,GB 25,Take lead,CONVERSION,Offense reached required score state,W,60.468,FAVORABLE,no,1.2
2018_16_GB_NYJ,2018,16,REG,2018-12-23,Sam Darnold,NYJ,GB,4,01:12,-3,GB 38,Tie or take lead,CONVERSION,Offense reached required score state,L,74.254,VERY_FAVORABLE,no,1.2
2018_16_HOU_PHI,2018,16,REG,2018-12-23,Deshaun Watson,HOU,PHI,4,04:06,-6,HOU 20,Tie or take lead,CONVERSION,Offense reached required score state,L,33.924,DIFFICULT,no,1.2
2018_16_HOU_PHI,2018,16,REG,2018-12-23,Unresolved,PHI,HOU,4,02:04,-1,PHI 11,Tie or take lead,MANUAL_REVIEW,Multi qb material participation,W,,,no,1.2
2018_16_NYG_IND,2018,16,REG,2018-12-23,Andrew Luck,IND,NYG,4,03:43,-6,IND 47,Tie or take lead,CONVERSION,Offense reached required score state,W,47.191,AVERAGE,no,1.2
2018_16_NYG_IND,2018,16,REG,2018-12-23,Eli Manning,NYG,IND,4,00:55,-1,NYG 25,Tie or take lead,FAILURE,Interception,L,20.437,DIFFICULT,no,1.2
2018_16_PIT_NO,2018,16,REG,2018-12-23,Drew Brees,NO,PIT,4,04:06,-4,PIT 46,Tie or take lead,CONVERSION,Offense reached required score state,W,47.191,AVERAGE,no,1.2
2018_16_PIT_NO,2018,16,REG,2018-12-23,Ben Roethlisberger,PIT,NO,4,01:25,-3,PIT 25,Tie or take lead,FAILURE,Fumble lost,L,41.533,AVERAGE,no,1.2
2018_16_WAS_TEN,2018,16,REG,2018-12-22,Josh Johnson,WAS,TEN,4,04:30,-3,WAS 25,Tie or take lead,FAILURE,Interception,L,59.384,FAVORABLE,no,1.2
2018_17_ARI_SEA,2018,17,REG,2018-12-30,Josh Rosen,ARI,SEA,4,06:20,-3,ARI 25,Tie or take lead,CONVERSION,Offense reached required score state,L,68.006,FAVORABLE,no,1.2
2018_17_ARI_SEA,2018,17,REG,2018-12-30,Russell Wilson,SEA,ARI,4,01:49,0,SEA 25,Take lead,CONVERSION,Offense reached required score state,W,64.92,FAVORABLE,no,1.2
2018_17_ATL_TB,2018,17,REG,2018-12-30,Matt Ryan,ATL,TB,4,05:10,-1,ATL 25,Tie or take lead,CONVERSION,Offense reached required score state,W,68.006,FAVORABLE,no,1.2
2018_17_ATL_TB,2018,17,REG,2018-12-30,Jameis Winston,TB,ATL,4,05:54,-5,ATL 34,Tie or take lead,CONVERSION,Offense reached required score state,L,75.189,VERY_FAVORABLE,no,1.2
2018_17_CIN_PIT,2018,17,REG,2018-12-30,Jeff Driskel,CIN,PIT,4,01:56,-3,CIN 35,Tie or take lead,FAILURE,Turnover on downs,L,41.533,AVERAGE,no,1.2
2018_17_CIN_PIT,2018,17,REG,2018-12-30,Ben Roethlisberger,PIT,CIN,4,06:17,0,PIT 25,Take lead,CONVERSION,Offense reached required score state,W,84.704,VERY_FAVORABLE,no,1.2
2018_17_CLE_BAL,2018,17,REG,2018-12-30,Baker Mayfield,CLE,BAL,4,01:49,-2,CLE 26,Tie or take lead,FAILURE,Interception,L,41.533,AVERAGE,no,1.2
2018_17_DAL_NYG,2018,17,REG,2018-12-30,Dak Prescott,DAL,NYG,4,02:35,-7,DAL 30,Touchdown,CONVERSION,Touchdown down 7 kicker neutral,W,23.355,DIFFICULT,no,1.2
2018_17_DAL_NYG,2018,17,REG,2018-12-30,Eli Manning,NYG,DAL,4,01:12,-1,NYG 48,Tie or take lead,FAILURE,Turnover on downs,L,55.286,FAVORABLE,no,1.2
2018_18_LAC_BAL,2018,18,POST,2019-01-06,Lamar Jackson,BAL,LAC,4,00:45,-6,BAL 34,Tie or take lead,FAILURE,Fumble lost,L,8.273,VERY_DIFFICULT,no,1.2
2018_18_PHI_CHI,2018,18,POST,2019-01-06,Mitchell Trubisky,CHI,PHI,4,00:56,-1,CHI 42,Tie or take lead,CONVERSION,Missed or blocked fg 45 or shorter,L,30.896,DIFFICULT,no,1.2
2018_18_PHI_CHI,2018,18,POST,2019-01-06,Nick Foles,PHI,CHI,4,04:48,-5,PHI 40,Tie or take lead,CONVERSION,Offense reached required score state,W,47.191,AVERAGE,no,1.2
2018_19_PHI_NO,2018,19,POST,2019-01-13,Nick Foles,PHI,NO,4,02:58,-6,PHI 42,Tie or take lead,FAILURE,Interception,L,47.191,AVERAGE,no,1.2
2018_20_LA_NO,2018,20,POST,2019-01-20,Jared Goff,LA,NO,5,13:55,0,LA 46,Take lead,CONVERSION,Offense reached required score state,W,72.696,VERY_FAVORABLE,no,1.2
2018_20_LA_NO,2018,20,POST,2019-01-20,Drew Brees,NO,LA,5,15:00,0,NO 26,Take lead,FAILURE,Interception,L,60.468,FAVORABLE,no,1.2
2018_20_NE_KC,2018,20,POST,2019-01-20,Patrick Mahomes,KC,NE,4,00:39,-3,KC 31,Tie or take lead,CONVERSION,Offense reached required score state,L,20.437,DIFFICULT,no,1.2
2018_20_NE_KC,2018,20,POST,2019-01-20,Tom Brady,NE,KC,5,15:00,0,NE 25,Take lead,CONVERSION,Offense reached required score state,W,60.468,FAVORABLE,no,1.2
2019_01_BUF_NYJ,2019,1,REG,2019-09-08,Sam Darnold,NYJ,BUF,4,00:12,-1,NYJ 20,Tie or take lead,FAILURE,Fumble lost,L,20.369,DIFFICULT,no,1.2
2019_01_CIN_SEA,2019,1,REG,2019-09-08,Andy Dalton,CIN,SEA,4,00:21,-1,CIN 25,Tie or take lead,FAILURE,Fumble lost,L,20.369,DIFFICULT,no,1.2
2019_01_DET_ARI,2019,1,REG,2019-09-08,Kyler Murray,ARI,DET,5,03:48,0,ARI 25,Take lead,FAILURE,Punt,T,61.432,FAVORABLE,no,1.2
2019_01_DET_ARI,2019,1,REG,2019-09-08,Matthew Stafford,DET,ARI,5,00:59,0,DET 5,Take lead,FAILURE,Turnover on downs,T,46.54,AVERAGE,no,1.2
2019_01_GB_CHI,2019,1,REG,2019-09-05,Mitchell Trubisky,CHI,GB,4,01:33,-7,CHI 14,Touchdown,FAILURE,Turnover on downs,L,7.77,VERY_DIFFICULT,no,1.2
2019_01_HOU_NO,2019,1,REG,2019-09-09,Deshaun Watson,HOU,NO,4,00:50,-6,HOU 25,Tie or take lead,CONVERSION,Offense reached required score state,L,8.518,VERY_DIFFICULT,no,1.2
2019_01_HOU_NO,2019,1,REG,2019-09-09,Drew Brees,NO,HOU,4,00:37,-1,NO 25,Tie or take lead,CONVERSION,Offense reached required score state,W,20.369,DIFFICULT,no,1.2
2019_01_IND_LAC,2019,1,REG,2019-09-08,Jacoby Brissett,IND,LAC,4,08:30,-8,IND 20,TD + 2-point conversion,CONVERSION,Offense reached required score state,L,13.9,VERY_DIFFICULT,no,1.2
2019_01_IND_LAC,2019,1,REG,2019-09-08,Philip Rivers,LAC,IND,5,10:00,0,LAC 25,Take lead,CONVERSION,Offense reached required score state,W,61.432,FAVORABLE,no,1.2
2019_02_ARI_BAL,2019,2,REG,2019-09-15,Kyler Murray,ARI,BAL,4,03:48,-6,ARI 9,Tie or take lead,FAILURE,Punt,L,23.034,DIFFICULT,no,1.2
2019_02_CHI_DEN,2019,2,REG,2019-09-15,Mitchell Trubisky,CHI,DEN,4,00:31,-1,CHI 25,Tie or take lead,CONVERSION,Offense reached required score state,W,20.369,DIFFICULT,no,1.2
2019_02_CHI_DEN,2019,2,REG,2019-09-15,Joe Flacco,DEN,CHI,4,02:48,-7,DEN 38,Touchdown,CONVERSION,Touchdown down 7 kicker neutral,L,24.756,DIFFICULT,no,1.2
2019_02_IND_TEN,2019,2,REG,2019-09-15,Marcus Mariota,TEN,IND,4,01:07,-2,TEN 28,Tie or take lead,FAILURE,Turnover on downs,L,41.34,AVERAGE,no,1.2
2019_02_JAX_HOU,2019,2,REG,2019-09-15,Gardner Minshew,JAX,HOU,4,03:36,-7,JAX 32,Touchdown,CONVERSION,Touchdown down 7 kicker neutral,L,24.756,DIFFICULT,no,1.2
2019_02_LAC_DET,2019,2,REG,2019-09-15,Philip Rivers,LAC,DET,4,07:21,-3,LAC 20,Tie or take lead,FAILURE,Interception,L,68.262,FAVORABLE,no,1.2
2019_02_MIN_GB,2019,2,REG,2019-09-15,Kirk Cousins,MIN,GB,4,04:06,-5,MIN 24,Tie or take lead,FAILURE,Punt,L,35.382,AVERAGE,no,1.2
2019_02_PHI_ATL,2019,2,REG,2019-09-15,Matt Ryan,ATL,PHI,4,03:13,-3,ATL 25,Tie or take lead,CONVERSION,Offense reached required score state,W,60.068,FAVORABLE,no,1.2
2019_02_PHI_ATL,2019,2,REG,2019-09-15,Carson Wentz,PHI,ATL,4,02:10,-4,PHI 32,Tie or take lead,FAILURE,Turnover on downs,L,35.382,AVERAGE,no,1.2
2019_02_TB_CAR,2019,2,REG,2019-09-12,Cam Newton,CAR,TB,4,02:26,-6,CAR 25,Tie or take lead,FAILURE,Turnover on downs,L,35.382,AVERAGE,no,1.2
2019_03_CIN_BUF,2019,3,REG,2019-09-22,Josh Allen,BUF,CIN,4,04:54,-3,BUF 22,Tie or take lead,CONVERSION,Offense reached required score state,W,60.068,FAVORABLE,no,1.2
2019_03_CIN_BUF,2019,3,REG,2019-09-22,Andy Dalton,CIN,BUF,4,01:50,-4,CIN 25,Tie or take lead,FAILURE,Interception,L,20.416,DIFFICULT,no,1.2
2019_03_DET_PHI,2019,3,REG,2019-09-22,Carson Wentz,PHI,DET,4,01:40,-3,50,Tie or take lead,FAILURE,Turnover on downs,L,55.651,FAVORABLE,no,1.2
2019_03_HOU_LAC,2019,3,REG,2019-09-22,Philip Rivers,LAC,HOU,4,04:19,-7,LAC 16,Touchdown,FAILURE,Turnover on downs,L,15.242,VERY_DIFFICULT,no,1.2
2019_03_LA_CLE,2019,3,REG,2019-09-22,Baker Mayfield,CLE,LA,4,02:46,-7,CLE 43,Touchdown,FAILURE,Interception,L,36.941,AVERAGE,no,1.2
2019_03_NYG_TB,2019,3,REG,2019-09-22,Daniel Jones,NYG,TB,4,03:16,-6,NYG 25,Tie or take lead,CONVERSION,Offense reached required score state,W,35.382,AVERAGE,no,1.2
2019_03_NYG_TB,2019,3,REG,2019-09-22,Jameis Winston,TB,NYG,4,01:16,-1,TB 25,Tie or take lead,CONVERSION,Missed or blocked fg 45 or shorter,L,41.34,AVERAGE,no,1.2
2019_03_PIT_SF,2019,3,REG,2019-09-22,Mason Rudolph,PIT,SF,4,01:15,-4,PIT 22,Tie or take lead,FAILURE,Turnover on downs,L,20.416,DIFFICULT,no,1.2
2019_03_PIT_SF,2019,3,REG,2019-09-22,Jimmy Garoppolo,SF,PIT,4,05:29,-3,PIT 24,Tie or take lead,CONVERSION,Offense reached required score state,W,89.804,VERY_FAVORABLE,no,1.2
2019_04_CAR_HOU,2019,4,REG,2019-09-29,Deshaun Watson,HOU,CAR,4,00:28,-6,HOU 25,Tie or take lead,FAILURE,End game,L,8.518,VERY_DIFFICULT,no,1.2
2019_04_DAL_NO,2019,4,REG,2019-09-29,Dak Prescott,DAL,NO,4,01:39,-2,DAL 14,Tie or take lead,FAILURE,Interception,L,27.808,DIFFICULT,no,1.2
2019_04_JAX_DEN,2019,4,REG,2019-09-29,Joe Flacco,DEN,JAX,4,02:54,-6,DEN 25,Tie or take lead,CONVERSION,Offense reached required score state,L,35.382,AVERAGE,no,1.2
2019_04_JAX_DEN,2019,4,REG,2019-09-29,Gardner Minshew,JAX,DEN,4,01:32,-1,JAX 25,Tie or take lead,CONVERSION,Offense reached required score state,W,41.34,AVERAGE,no,1.2
2019_04_KC_DET,2019,4,REG,2019-09-29,Matthew Stafford,DET,KC,4,00:20,-4,DET 25,Tie or take lead,FAILURE,End game,L,8.518,VERY_DIFFICULT,no,1.2
2019_04_KC_DET,2019,4,REG,2019-09-29,Patrick Mahomes,KC,DET,4,02:26,-3,KC 21,Tie or take lead,CONVERSION,Offense reached required score state,W,60.068,FAVORABLE,no,1.2
2019_04_NE_BUF,2019,4,REG,2019-09-29,Matt Barkley,BUF,NE,4,03:09,-6,BUF 14,Tie or take lead,FAILURE,Interception,L,23.034,DIFFICULT,no,1.2
2019_04_PHI_GB,2019,4,REG,2019-09-26,Aaron Rodgers,GB,PHI,4,05:02,-7,GB 11,Touchdown,FAILURE,Interception,L,20.453,DIFFICULT,no,1.2
2019_05_ARI_CIN,2019,5,REG,2019-10-06,Kyler Murray,ARI,CIN,4,02:00,0,ARI 25,Take lead,CONVERSION,Offense reached required score state,W,65.361,FAVORABLE,no,1.2
2019_05_ARI_CIN,2019,5,REG,2019-10-06,Andy Dalton,CIN,ARI,4,03:41,-7,CIN 19,Touchdown,CONVERSION,Touchdown down 7 kicker neutral,L,15.242,VERY_DIFFICULT,no,1.2
2019_05_BAL_PIT,2019,5,REG,2019-10-06,Lamar Jackson,BAL,PIT,5,07:27,0,PIT 34,Take lead,CONVERSION,Offense reached required score state,W,86.707,VERY_FAVORABLE,no,1.2
2019_05_BAL_PIT,2019,5,REG,2019-10-06,Devlin Hodges,PIT,BAL,5,08:16,0,PIT 32,Take lead,FAILURE,Fumble lost,L,61.432,FAVORABLE,no,1.2
2019_05_BUF_TEN,2019,5,REG,2019-10-06,Marcus Mariota,TEN,BUF,4,05:27,-7,TEN 20,Touchdown,FAILURE,Punt,L,31.992,DIFFICULT,no,1.2
2019_05_CHI_OAK,2019,5,REG,2019-10-06,Chase Daniel,CHI,LV,4,01:57,-3,CHI 25,Tie or take lead,FAILURE,Interception,L,41.34,AVERAGE,no,1.2
2019_05_JAX_CAR,2019,5,REG,2019-10-06,Gardner Minshew,JAX,CAR,4,01:45,-7,JAX 5,Touchdown,FAILURE,End game,L,7.77,VERY_DIFFICULT,no,1.2
2019_05_LA_SEA,2019,5,REG,2019-10-03,Jared Goff,LA,SEA,4,01:38,-1,LA 7,Tie or take lead,CONVERSION,Missed or blocked fg 45 or shorter,L,27.808,DIFFICULT,no,1.2
2019_06_ATL_ARI,2019,6,REG,2019-10-13,Matt Ryan,ATL,ARI,4,05:12,-7,ATL 25,Touchdown,CONVERSION,Touchdown down 7 kicker neutral,L,31.992,DIFFICULT,no,1.2
2019_06_DAL_NYJ,2019,6,REG,2019-10-13,Dak Prescott,DAL,NYJ,4,03:24,-8,DAL 25,TD + 2-point conversion,FAILURE,Two point conversion failed,L,10.146,VERY_DIFFICULT,no,1.2
2019_06_DET_GB,2019,6,REG,2019-10-14,Aaron Rodgers,GB,DET,4,06:46,-2,GB 18,Tie or take lead,CONVERSION,Offense reached required score state,W,54.034,AVERAGE,no,1.2
2019_06_HOU_KC,2019,6,REG,2019-10-13,Patrick Mahomes,KC,HOU,4,06:17,-7,KC 25,Touchdown,FAILURE,Punt,L,31.992,DIFFICULT,no,1.2
2019_06_NO_JAX,2019,6,REG,2019-10-13,Gardner Minshew,JAX,NO,4,07:37,-7,JAX 11,Touchdown,FAILURE,Punt,L,20.453,DIFFICULT,no,1.2
2019_06_PIT_LAC,2019,6,REG,2019-10-13,Philip Rivers,LAC,PIT,4,01:03,-7,LAC 1,Touchdown,FAILURE,Interception,L,7.77,VERY_DIFFICULT,no,1.2
2019_06_SEA_CLE,2019,6,REG,2019-10-13,Baker Mayfield,CLE,SEA,4,03:30,-4,CLE 25,Tie or take lead,FAILURE,Interception,L,35.382,AVERAGE,no,1.2
2019_06_WAS_MIA,2019,6,REG,2019-10-13,Ryan Fitzpatrick,MIA,WAS,4,02:02,-7,MIA 25,Touchdown,CONVERSION,Touchdown down 7 kicker neutral,L,24.756,DIFFICULT,no,1.2
2019_07_ARI_NYG,2019,7,REG,2019-10-20,Daniel Jones,NYG,ARI,4,02:09,-6,NYG 12,Tie or take lead,FAILURE,Turnover on downs,L,23.034,DIFFICULT,no,1.2
2019_07_HOU_IND,2019,7,REG,2019-10-20,Deshaun Watson,HOU,IND,4,01:41,-7,HOU 36,Touchdown,FAILURE,Interception,L,13.356,VERY_DIFFICULT,no,1.2
2019_07_LAC_TEN,2019,7,REG,2019-10-20,Philip Rivers,LAC,TEN,4,02:35,-3,LAC 49,Tie or take lead,FAILURE,Fumble lost,L,72.814,VERY_FAVORABLE,no,1.2
2019_08_DEN_IND,2019,8,REG,2019-10-27,Joe Flacco,DEN,IND,4,00:22,-2,DEN 25,Tie or take lead,FAILURE,End game,L,20.369,DIFFICULT,no,1.2
2019_08_DEN_IND,2019,8,REG,2019-10-27,Jacoby Brissett,IND,DEN,4,01:48,-1,IND 11,Tie or take lead,CONVERSION,Offense reached required score state,W,27.808,DIFFICULT,no,1.2
2019_08_GB_KC,2019,8,REG,2019-10-27,Matt Moore,KC,GB,4,08:02,-7,KC 22,Touchdown,FAILURE,Punt,L,31.992,DIFFICULT,no,1.2
2019_08_LAC_CHI,2019,8,REG,2019-10-27,Mitchell Trubisky,CHI,LAC,4,01:33,-1,CHI 35,Tie or take lead,CONVERSION,Missed or blocked fg 45 or shorter,L,41.34,AVERAGE,no,1.2
2019_08_OAK_HOU,2019,8,REG,2019-10-27,Derek Carr,LV,HOU,4,06:26,-3,LV 25,Tie or take lead,FAILURE,Punt,L,68.262,FAVORABLE,no,1.2
2019_08_TB_TEN,2019,8,REG,2019-10-27,Jameis Winston,TB,TEN,4,00:42,-4,TB 24,Tie or take lead,FAILURE,Interception,L,8.518,VERY_DIFFICULT,no,1.2
2019_09_CHI_PHI,2019,9,REG,2019-11-03,Mitchell Trubisky,CHI,PHI,4,10:14,-5,CHI 30,Tie or take lead,FAILURE,Punt,L,47.099,AVERAGE,no,1.2
2019_09_CLE_DEN,2019,9,REG,2019-11-03,Baker Mayfield,CLE,DEN,4,07:21,-5,CLE 12,Tie or take lead,FAILURE,Turnover on downs,L,29.967,DIFFICULT,no,1.2
2019_09_DET_OAK,2019,9,REG,2019-11-03,Matthew Stafford,DET,LV,4,02:04,-7,DET 23,Touchdown,FAILURE,Turnover on downs,L,24.756,DIFFICULT,no,1.2
2019_09_IND_PIT,2019,9,REG,2019-11-03,Brian Hoyer,IND,PIT,4,02:28,-2,IND 15,Tie or take lead,CONVERSION,Missed or blocked fg 45 or shorter,L,45.12,AVERAGE,no,1.2
2019_09_MIN_KC,2019,9,REG,2019-11-03,Matt Moore,KC,MIN,4,01:47,0,MIN 45,Take lead,CONVERSION,Offense reached required score state,W,77.063,VERY_FAVORABLE,no,1.2
2019_09_MIN_KC,2019,9,REG,2019-11-03,Kirk Cousins,MIN,KC,4,02:30,0,MIN 25,Take lead,FAILURE,Punt,L,80.11,VERY_FAVORABLE,no,1.2
2019_09_TB_SEA,2019,9,REG,2019-11-03,Russell Wilson,SEA,TB,5,10:00,0,SEA 25,Take lead,CONVERSION,Offense reached required score state,W,61.432,FAVORABLE,no,1.2
2019_09_TB_SEA,2019,9,REG,2019-11-03,Jameis Winston,TB,SEA,4,04:25,-7,TB 25,Touchdown,CONVERSION,Touchdown down 7 kicker neutral,L,24.756,DIFFICULT,no,1.2
2019_10_ARI_TB,2019,10,REG,2019-11-10,Kyler Murray,ARI,TB,4,01:43,-3,ARI 25,Tie or take lead,FAILURE,End game,L,41.34,AVERAGE,no,1.2
2019_10_ARI_TB,2019,10,REG,2019-11-10,Jameis Winston,TB,ARI,4,03:40,-4,TB 8,Tie or take lead,CONVERSION,Offense reached required score state,W,23.034,DIFFICULT,no,1.2
2019_10_BUF_CLE,2019,10,REG,2019-11-10,Josh Allen,BUF,CLE,4,01:44,-3,BUF 25,Tie or take lead,ND-K,Missed or blocked fg 46 to 55,L,,,no,1.2
2019_10_BUF_CLE,2019,10,REG,2019-11-10,Baker Mayfield,CLE,BUF,4,05:26,-4,CLE 18,Tie or take lead,CONVERSION,Offense reached required score state,W,29.967,DIFFICULT,no,1.2
2019_10_CAR_GB,2019,10,REG,2019-11-10,Kyle Allen,CAR,GB,4,02:25,-8,CAR 11,TD + 2-point conversion,FAILURE,End game,L,5.813,VERY_DIFFICULT,no,1.2
2019_10_DET_CHI,2019,10,REG,2019-11-10,Jeff Driskel,DET,CHI,4,01:41,-7,DET 10,Touchdown,FAILURE,Turnover on downs,L,7.77,VERY_DIFFICULT,no,1.2
2019_10_KC_TEN,2019,10,REG,2019-11-10,Patrick Mahomes,KC,TEN,4,00:23,-3,KC 38,Tie or take lead,ND-K,Missed or blocked fg 46 to 55,L,,,no,1.2
2019_10_KC_TEN,2019,10,REG,2019-11-10,Ryan Tannehill,TEN,KC,4,01:21,-5,TEN 39,Tie or take lead,CONVERSION,Offense reached required score state,W,20.416,DIFFICULT,no,1.2
2019_10_LAC_OAK,2019,10,REG,2019-11-07,Philip Rivers,LAC,LV,4,01:02,-2,LAC 25,Tie or take lead,FAILURE,Interception,L,41.34,AVERAGE,no,1.2
2019_10_LA_PIT,2019,10,REG,2019-11-10,Jared Goff,LA,PIT,4,01:01,-5,LA 40,Tie or take lead,FAILURE,Interception,L,31.355,DIFFICULT,no,1.2
2019_10_MIA_IND,2019,10,REG,2019-11-10,Brian Hoyer,IND,MIA,4,03:31,-4,IND 25,Tie or take lead,FAILURE,Turnover on downs,L,35.382,AVERAGE,no,1.2
2019_10_MIN_DAL,2019,10,REG,2019-11-10,Dak Prescott,DAL,MIN,4,00:17,-4,DAL 46,Tie or take lead,FAILURE,Turnover,L,14.221,VERY_DIFFICULT,no,1.2
2019_10_NYG_NYJ,2019,10,REG,2019-11-10,Daniel Jones,NYG,NYJ,4,04:17,-7,NYG 12,Touchdown,FAILURE,Punt,L,15.242,VERY_DIFFICULT,no,1.2
2019_10_SEA_SF,2019,10,REG,2019-11-11,Russell Wilson,SEA,SF,5,01:25,0,SEA 36,Take lead,CONVERSION,Offense reached required score state,W,61.432,FAVORABLE,no,1.2
2019_10_SEA_SF,2019,10,REG,2019-11-11,Jimmy Garoppolo,SF,SEA,5,01:50,0,SF 20,Take lead,FAILURE,Punt,L,61.432,FAVORABLE,no,1.2
2019_11_ARI_SF,2019,11,REG,2019-11-17,Kyler Murray,ARI,SF,4,00:31,-4,ARI 25,Tie or take lead,FAILURE,Fumble lost,L,8.518,VERY_DIFFICULT,no,1.2
2019_11_CIN_OAK,2019,11,REG,2019-11-17,Ryan Finley,CIN,LV,4,01:54,-7,CIN 20,Touchdown,FAILURE,Interception,L,13.356,VERY_DIFFICULT,no,1.2
2019_11_DAL_DET,2019,11,REG,2019-11-17,Jeff Driskel,DET,DAL,4,03:44,-8,DET 14,TD + 2-point conversion,FAILURE,Punt,L,5.813,VERY_DIFFICULT,no,1.2
2019_11_DEN_MIN,2019,11,REG,2019-11-17,Brandon Allen,DEN,MIN,4,06:01,-4,DEN 40,Tie or take lead,FAILURE,End game,L,58.228,FAVORABLE,no,1.2
2019_11_DEN_MIN,2019,11,REG,2019-11-17,Kirk Cousins,MIN,DEN,4,08:15,-3,MIN 33,Tie or take lead,CONVERSION,Offense reached required score state,W,68.262,FAVORABLE,no,1.2
2019_11_KC_LAC,2019,11,REG,2019-11-18,Philip Rivers,LAC,KC,4,01:53,-7,LAC 9,Touchdown,FAILURE,Interception,L,7.77,VERY_DIFFICULT,no,1.2
2019_11_NE_PHI,2019,11,REG,2019-11-17,Carson Wentz,PHI,NE,4,00:34,-7,PHI 12,Touchdown,FAILURE,End game,L,2.967,VERY_DIFFICULT,no,1.2
2019_12_CAR_NO,2019,12,REG,2019-11-24,Kyle Allen,CAR,NO,4,06:44,0,NO 43,Take lead,CONVERSION,Missed or blocked fg 45 or shorter,L,91.114,VERY_FAVORABLE,no,1.2
2019_12_CAR_NO,2019,12,REG,2019-11-24,Drew Brees,NO,CAR,4,01:56,0,NO 20,Take lead,CONVERSION,Offense reached required score state,W,65.361,FAVORABLE,no,1.2
2019_12_DAL_NE,2019,12,REG,2019-11-24,Dak Prescott,DAL,NE,4,02:38,-4,DAL 8,Tie or take lead,FAILURE,Turnover on downs,L,23.034,DIFFICULT,no,1.2
2019_12_DET_WAS,2019,12,REG,2019-11-24,Jeff Driskel,DET,WAS,4,00:16,-3,DET 25,Tie or take lead,FAILURE,Interception,L,20.369,DIFFICULT,no,1.2
2019_12_DET_WAS,2019,12,REG,2019-11-24,Dwayne Haskins,WAS,DET,4,00:48,0,WAS 46,Take lead,CONVERSION,Offense reached required score state,W,54.943,AVERAGE,no,1.2
2019_12_IND_HOU,2019,12,REG,2019-11-21,Jacoby Brissett,IND,HOU,4,07:28,-3,IND 23,Tie or take lead,FAILURE,Turnover on downs,L,68.262,FAVORABLE,no,1.2
2019_12_NYG_CHI,2019,12,REG,2019-11-24,Daniel Jones,NYG,CHI,4,03:37,-5,NYG 6,Tie or take lead,FAILURE,Turnover on downs,L,23.034,DIFFICULT,no,1.2
2019_12_PIT_CIN,2019,12,REG,2019-11-24,Ryan Finley,CIN,PIT,4,03:18,-6,CIN 21,Tie or take lead,FAILURE,Fumble lost,L,35.382,AVERAGE,no,1.2
2019_13_CHI_DET,2019,13,REG,2019-11-28,Mitchell Trubisky,CHI,DET,4,06:40,-3,CHI 10,Tie or take lead,CONVERSION,Offense reached required score state,W,54.034,AVERAGE,no,1.2
2019_13_CHI_DET,2019,13,REG,2019-11-28,David Blough,DET,CHI,4,02:17,-4,DET 17,Tie or take lead,FAILURE,Interception,L,23.034,DIFFICULT,no,1.2
2019_13_CLE_PIT,2019,13,REG,2019-12-01,Baker Mayfield,CLE,PIT,4,01:45,-7,CLE 20,Touchdown,FAILURE,Interception,L,13.356,VERY_DIFFICULT,no,1.2
2019_13_LAC_DEN,2019,13,REG,2019-12-01,Drew Lock,DEN,LAC,4,00:14,0,DEN 28,Take lead,CONVERSION,Offense reached required score state,W,40.648,AVERAGE,no,1.2
2019_13_LAC_DEN,2019,13,REG,2019-12-01,Philip Rivers,LAC,DEN,4,04:26,-3,LAC 25,Tie or take lead,CONVERSION,Offense reached required score state,L,60.068,FAVORABLE,no,1.2
2019_13_MIN_SEA,2019,13,REG,2019-12-02,Kirk Cousins,MIN,SEA,4,03:27,-4,MIN 16,Tie or take lead,FAILURE,Turnover on downs,L,23.034,DIFFICULT,no,1.2
2019_13_NO_ATL,2019,13,REG,2019-11-28,Matt Ryan,ATL,NO,4,01:56,-8,ATL 47,TD + 2-point conversion,FAILURE,Turnover on downs,L,8.608,VERY_DIFFICULT,no,1.2
2019_13_SF_BAL,2019,13,REG,2019-12-01,Lamar Jackson,BAL,SF,4,06:28,0,BAL 35,Take lead,CONVERSION,Offense reached required score state,W,85.204,VERY_FAVORABLE,no,1.2
2019_13_SF_BAL,2019,13,REG,2019-12-01,Jimmy Garoppolo,SF,BAL,4,09:38,0,SF 40,Take lead,FAILURE,Turnover on downs,L,91.114,VERY_FAVORABLE,no,1.2
2019_13_WAS_CAR,2019,13,REG,2019-12-01,Kyle Allen,CAR,WAS,4,01:51,-8,CAR 48,TD + 2-point conversion,FAILURE,Fumble lost,L,8.608,VERY_DIFFICULT,no,1.2
2019_14_BAL_BUF,2019,14,REG,2019-12-08,Josh Allen,BUF,BAL,4,05:27,-7,BUF 28,Touchdown,FAILURE,Turnover on downs,L,31.992,DIFFICULT,no,1.2
2019_14_IND_TB,2019,14,REG,2019-12-08,Jacoby Brissett,IND,TB,4,03:51,-3,IND 25,Tie or take lead,FAILURE,Turnover on downs,L,60.068,FAVORABLE,no,1.2
2019_14_KC_NE,2019,14,REG,2019-12-08,Tom Brady,NE,KC,4,05:04,-7,NE 32,Touchdown,FAILURE,Turnover on downs,L,31.992,DIFFICULT,no,1.2
2019_14_MIA_NYJ,2019,14,REG,2019-12-08,Ryan Fitzpatrick,MIA,NYJ,4,04:05,-1,MIA 25,Tie or take lead,CONVERSION,Offense reached required score state,L,60.068,FAVORABLE,no,1.2
2019_14_MIA_NYJ,2019,14,REG,2019-12-08,Sam Darnold,NYJ,MIA,4,01:33,-2,NYJ 25,Tie or take lead,CONVERSION,Offense reached required score state,W,41.34,AVERAGE,no,1.2
2019_14_NYG_PHI,2019,14,REG,2019-12-09,Eli Manning,NYG,PHI,4,01:53,0,NYG 25,Take lead,FAILURE,Punt,L,65.361,FAVORABLE,no,1.2
2019_14_NYG_PHI,2019,14,REG,2019-12-09,Carson Wentz,PHI,NYG,5,10:00,0,PHI 25,Take lead,CONVERSION,Offense reached required score state,W,61.432,FAVORABLE,no,1.2
2019_14_PIT_ARI,2019,14,REG,2019-12-08,Kyler Murray,ARI,PIT,4,01:42,-6,ARI 25,Tie or take lead,FAILURE,Interception,L,20.416,DIFFICULT,no,1.2
2019_14_SF_NO,2019,14,REG,2019-12-08,Drew Brees,NO,SF,4,02:23,-5,NO 24,Tie or take lead,CONVERSION,Offense reached required score state,L,35.382,AVERAGE,no,1.2
2019_14_SF_NO,2019,14,REG,2019-12-08,Jimmy Garoppolo,SF,NO,4,00:53,-1,SF 25,Tie or take lead,CONVERSION,Offense reached required score state,W,20.369,DIFFICULT,no,1.2
2019_15_ATL_SF,2019,15,REG,2019-12-15,Matt Ryan,ATL,SF,4,01:48,-5,ATL 30,Tie or take lead,CONVERSION,Offense reached required score state,W,20.416,DIFFICULT,no,1.2
2019_15_BUF_PIT,2019,15,REG,2019-12-15,Devlin Hodges,PIT,BUF,4,01:31,-7,PIT 43,Touchdown,FAILURE,Interception,L,21.535,DIFFICULT,no,1.2
2019_15_CHI_GB,2019,15,REG,2019-12-15,Mitchell Trubisky,CHI,GB,4,00:36,-8,CHI 22,TD + 2-point conversion,FAILURE,Fumble lost,L,1.884,VERY_DIFFICULT,no,1.2
2019_15_JAX_OAK,2019,15,REG,2019-12-15,Gardner Minshew,JAX,LV,4,01:44,-3,JAX 35,Tie or take lead,CONVERSION,Offense reached required score state,W,41.34,AVERAGE,no,1.2
2019_15_JAX_OAK,2019,15,REG,2019-12-15,Derek Carr,LV,JAX,4,00:31,-4,LV 17,Tie or take lead,FAILURE,End game,L,4.842,VERY_DIFFICULT,no,1.2
2019_15_PHI_WAS,2019,15,REG,2019-12-15,Carson Wentz,PHI,WAS,4,04:52,-3,PHI 25,Tie or take lead,CONVERSION,Offense reached required score state,W,60.068,FAVORABLE,no,1.2
2019_15_PHI_WAS,2019,15,REG,2019-12-15,Dwayne Haskins,WAS,PHI,4,00:26,-4,WAS 31,Tie or take lead,FAILURE,Opp touchdown,L,8.518,VERY_DIFFICULT,no,1.2
2019_16_BUF_NE,2019,16,REG,2019-12-21,Josh Allen,BUF,NE,4,05:06,-7,BUF 25,Touchdown,FAILURE,Turnover on downs,L,31.992,DIFFICULT,no,1.2
2019_16_BUF_NE,2019,16,REG,2019-12-21,Tom Brady,NE,BUF,4,09:01,-1,NE 41,Tie or take lead,CONVERSION,Offense reached required score state,W,79.294,VERY_FAVORABLE,no,1.2
2019_16_CIN_MIA,2019,16,REG,2019-12-22,Andy Dalton,CIN,MIA,5,04:13,0,CIN 36,Take lead,FAILURE,Punt,L,61.432,FAVORABLE,no,1.2
2019_16_CIN_MIA,2019,16,REG,2019-12-22,Ryan Fitzpatrick,MIA,CIN,5,03:19,0,MIA 30,Take lead,CONVERSION,Offense reached required score state,W,61.432,FAVORABLE,no,1.2
2019_16_DAL_PHI,2019,16,REG,2019-12-22,Dak Prescott,DAL,PHI,4,04:33,-8,DAL 12,TD + 2-point conversion,FAILURE,Turnover on downs,L,5.813,VERY_DIFFICULT,no,1.2
2019_16_HOU_TB,2019,16,REG,2019-12-21,Jameis Winston,TB,HOU,4,02:21,-3,TB 10,Tie or take lead,FAILURE,Interception,L,45.12,AVERAGE,no,1.2
2019_16_LA_SF,2019,16,REG,2019-12-21,Jared Goff,LA,SF,4,06:06,-3,LA 25,Tie or take lead,CONVERSION,Offense reached required score state,L,68.262,FAVORABLE,no,1.2
2019_16_LA_SF,2019,16,REG,2019-12-21,Jimmy Garoppolo,SF,LA,4,02:30,0,SF 25,Take lead,CONVERSION,Offense reached required score state,W,80.11,VERY_FAVORABLE,no,1.2
2019_16_NYG_WAS,2019,16,REG,2019-12-22,Daniel Jones,NYG,WAS,5,10:00,0,NYG 34,Take lead,CONVERSION,Offense reached required score state,W,61.432,FAVORABLE,no,1.2
2019_16_NYG_WAS,2019,16,REG,2019-12-22,Case Keenum,WAS,NYG,4,06:28,-7,WAS 1,Touchdown,CONVERSION,Touchdown down 7 kicker neutral,L,20.453,DIFFICULT,no,1.2
2019_16_PIT_NYJ,2019,16,REG,2019-12-22,Devlin Hodges,PIT,NYJ,4,01:27,-6,PIT 40,Tie or take lead,FAILURE,Turnover on downs,L,31.355,DIFFICULT,no,1.2
2019_17_ARI_LA,2019,17,REG,2019-12-29,Kyler Murray,ARI,LA,4,01:00,-7,ARI 20,Touchdown,FAILURE,Fumble lost,L,5.298,VERY_DIFFICULT,no,1.2
2019_17_ATL_TB,2019,17,REG,2019-12-29,Matt Ryan,ATL,TB,4,03:01,-3,ATL 20,Tie or take lead,CONVERSION,Offense reached required score state,W,60.068,FAVORABLE,no,1.2
2019_17_ATL_TB,2019,17,REG,2019-12-29,Jameis Winston,TB,ATL,5,10:00,0,TB 25,Take lead,FAILURE,Opp touchdown,L,61.432,FAVORABLE,no,1.2
2019_17_CHI_MIN,2019,17,REG,2019-12-29,Mitchell Trubisky,CHI,MIN,4,04:53,-1,CHI 25,Tie or take lead,CONVERSION,Offense reached required score state,W,60.068,FAVORABLE,no,1.2
2019_17_CHI_MIN,2019,17,REG,2019-12-29,Sean Mannion,MIN,CHI,4,00:10,-2,MIN 29,Tie or take lead,FAILURE,Turnover,L,20.369,DIFFICULT,no,1.2
2019_17_GB_DET,2019,17,REG,2019-12-29,David Blough,DET,GB,4,01:40,0,DET 26,Take lead,FAILURE,Punt,L,65.361,FAVORABLE,no,1.2
2019_17_GB_DET,2019,17,REG,2019-12-29,Aaron Rodgers,GB,DET,4,01:20,0,GB 17,Take lead,CONVERSION,Offense reached required score state,W,50.771,AVERAGE,no,1.2
2019_17_MIA_NE,2019,17,REG,2019-12-29,Ryan Fitzpatrick,MIA,NE,4,03:53,-4,MIA 25,Tie or take lead,CONVERSION,Offense reached required score state,W,35.382,AVERAGE,no,1.2
2019_17_MIA_NE,2019,17,REG,2019-12-29,Tom Brady,NE,MIA,4,00:24,-3,NE 25,Tie or take lead,FAILURE,Fumble lost,L,20.369,DIFFICULT,no,1.2
2019_17_OAK_DEN,2019,17,REG,2019-12-29,Derek Carr,LV,DEN,4,01:41,-7,LV 47,Touchdown,CONVERSION,Touchdown down 7 kicker neutral,L,21.535,DIFFICULT,no,1.2
2019_17_SF_SEA,2019,17,REG,2019-12-29,Russell Wilson,SEA,SF,4,02:27,-5,SEA 27,Tie or take lead,FAILURE,Turnover on downs,L,35.382,AVERAGE,no,1.2
2019_18_BUF_HOU,2019,18,POST,2020-01-04,Josh Allen,BUF,HOU,5,13:26,0,BUF 30,Take lead,FAILURE,Punt,L,61.432,FAVORABLE,no,1.2
2019_18_BUF_HOU,2019,18,POST,2020-01-04,Deshaun Watson,HOU,BUF,5,09:02,0,HOU 17,Take lead,CONVERSION,Offense reached required score state,W,46.54,AVERAGE,no,1.2
2019_18_MIN_NO,2019,18,POST,2020-01-05,Kirk Cousins,MIN,NO,5,15:00,0,MIN 25,Take lead,CONVERSION,Offense reached required score state,W,61.432,FAVORABLE,no,1.2
2019_18_MIN_NO,2019,18,POST,2020-01-05,Drew Brees,NO,MIN,4,01:55,-3,NO 30,Tie or take lead,CONVERSION,Offense reached required score state,L,41.34,AVERAGE,no,1.2
2019_18_SEA_PHI,2019,18,POST,2020-01-05,Josh McCown,PHI,SEA,4,04:56,-8,PHI 31,TD + 2-point conversion,FAILURE,Turnover on downs,L,10.146,VERY_DIFFICULT,no,1.2
2019_18_TEN_NE,2019,18,POST,2020-01-04,Tom Brady,NE,TEN,4,04:44,-1,NE 11,Tie or take lead,FAILURE,Punt,L,45.12,AVERAGE,no,1.2
2019_19_SEA_GB,2019,19,POST,2020-01-12,Russell Wilson,SEA,GB,4,04:54,-5,SEA 23,Tie or take lead,FAILURE,Punt,L,35.382,AVERAGE,no,1.2
2020_01_ARI_SF,2020,1,REG,2020-09-13,Jimmy Garoppolo,SF,ARI,4,05:03,-4,SF 25,Tie or take lead,FAILURE,Turnover on downs,L,47.749,AVERAGE,no,1.2
2020_01_CHI_DET,2020,1,REG,2020-09-13,Mitchell Trubisky,CHI,DET,4,02:35,-3,DET 37,Tie or take lead,CONVERSION,Offense reached required score state,W,87.605,VERY_FAVORABLE,no,1.2
2020_01_CHI_DET,2020,1,REG,2020-09-13,Matthew Stafford,DET,CHI,4,01:54,-4,DET 25,Tie or take lead,FAILURE,End game,L,22.467,DIFFICULT,no,1.2
2020_01_DAL_LA,2020,1,REG,2020-09-13,Dak Prescott,DAL,LA,4,02:28,-3,DAL 9,Tie or take lead,FAILURE,Turnover on downs,L,48.758,AVERAGE,no,1.2
2020_01_IND_JAX,2020,1,REG,2020-09-13,Philip Rivers,IND,JAX,4,02:50,-7,IND 25,Touchdown,FAILURE,Turnover on downs,L,27.788,DIFFICULT,no,1.2
2020_01_LAC_CIN,2020,1,REG,2020-09-13,Joe Burrow,CIN,LAC,4,03:08,-3,CIN 18,Tie or take lead,CONVERSION,Missed or blocked fg 45 or shorter,L,48.758,AVERAGE,no,1.2
2020_01_LV_CAR,2020,1,REG,2020-09-13,Teddy Bridgewater,CAR,LV,4,04:08,-4,CAR 30,Tie or take lead,FAILURE,Game or drive ended without required score,L,38.359,AVERAGE,no,1.2
2020_01_TEN_DEN,2020,1,REG,2020-09-14,Drew Lock,DEN,TEN,4,00:17,-2,DEN 25,Tie or take lead,FAILURE,End game,L,22.704,DIFFICULT,no,1.2
2020_01_TEN_DEN,2020,1,REG,2020-09-14,Ryan Tannehill,TEN,DEN,4,03:05,-1,TEN 10,Tie or take lead,CONVERSION,Offense reached required score state,W,48.758,AVERAGE,no,1.2
2020_02_ATL_DAL,2020,2,REG,2020-09-20,Dak Prescott,DAL,ATL,4,01:49,-2,DAL 46,Tie or take lead,CONVERSION,Offense reached required score state,W,58.952,FAVORABLE,no,1.2
2020_02_DEN_PIT,2020,2,REG,2020-09-20,Jeff Driskel,DEN,PIT,4,06:08,-5,DEN 18,Tie or take lead,FAILURE,Turnover on downs,L,33.301,DIFFICULT,no,1.2
2020_02_JAX_TEN,2020,2,REG,2020-09-20,Gardner Minshew,JAX,TEN,4,01:36,-3,JAX 25,Tie or take lead,FAILURE,Interception,L,44.781,AVERAGE,no,1.2
2020_02_JAX_TEN,2020,2,REG,2020-09-20,Ryan Tannehill,TEN,JAX,4,03:29,0,TEN 40,Take lead,CONVERSION,Offense reached required score state,W,89.081,VERY_FAVORABLE,no,1.2
2020_02_KC_LAC,2020,2,REG,2020-09-20,Patrick Mahomes,KC,LAC,5,07:47,0,KC 21,Take lead,CONVERSION,Offense reached required score state,W,64.618,FAVORABLE,no,1.2
2020_02_KC_LAC,2020,2,REG,2020-09-20,Justin Herbert,LAC,KC,5,10:00,0,LAC 25,Take lead,FAILURE,Punt,L,64.618,FAVORABLE,no,1.2
2020_02_NE_SEA,2020,2,REG,2020-09-20,Cam Newton,NE,SEA,4,01:42,-5,NE 19,Tie or take lead,FAILURE,End game,L,13.668,VERY_DIFFICULT,no,1.2
2020_02_NYG_CHI,2020,2,REG,2020-09-20,Daniel Jones,NYG,CHI,4,02:02,-4,NYG 40,Tie or take lead,FAILURE,End game,L,52.427,AVERAGE,no,1.2
2020_03_CAR_LAC,2020,3,REG,2020-09-27,Justin Herbert,LAC,CAR,4,01:46,-5,LAC 1,Tie or take lead,FAILURE,Fumble lost,L,13.668,VERY_DIFFICULT,no,1.2
2020_03_CHI_ATL,2020,3,REG,2020-09-27,Matt Ryan,ATL,CHI,4,01:53,-4,ATL 25,Tie or take lead,FAILURE,Interception,L,22.467,DIFFICULT,no,1.2
2020_03_CIN_PHI,2020,3,REG,2020-09-27,Joe Burrow,CIN,PHI,5,02:56,0,CIN 9,Take lead,FAILURE,Punt,T,49.946,AVERAGE,no,1.2
2020_03_CIN_PHI,2020,3,REG,2020-09-27,Carson Wentz,PHI,CIN,5,01:41,0,PHI 45,Take lead,FAILURE,Punt,T,76.383,VERY_FAVORABLE,no,1.2
2020_03_DAL_SEA,2020,3,REG,2020-09-27,Dak Prescott,DAL,SEA,4,01:47,-7,DAL 25,Touchdown,FAILURE,Interception,L,15.196,VERY_DIFFICULT,no,1.2
2020_03_DAL_SEA,2020,3,REG,2020-09-27,Russell Wilson,SEA,DAL,4,03:59,-1,SEA 25,Tie or take lead,CONVERSION,Offense reached required score state,W,63.524,FAVORABLE,no,1.2
2020_03_DET_ARI,2020,3,REG,2020-09-27,Kyler Murray,ARI,DET,4,06:44,0,ARI 23,Take lead,FAILURE,Punt,L,87.122,VERY_FAVORABLE,no,1.2
2020_03_DET_ARI,2020,3,REG,2020-09-27,Matthew Stafford,DET,ARI,4,04:49,0,DET 9,Take lead,CONVERSION,Offense reached required score state,W,71.567,VERY_FAVORABLE,no,1.2
2020_03_HOU_PIT,2020,3,REG,2020-09-27,Deshaun Watson,HOU,PIT,4,06:24,-7,HOU 25,Touchdown,FAILURE,Punt,L,36.106,AVERAGE,no,1.2
2020_03_LA_BUF,2020,3,REG,2020-09-27,Josh Allen,BUF,LA,4,04:30,-4,BUF 25,Tie or take lead,CONVERSION,Offense reached required score state,W,38.359,AVERAGE,no,1.2
2020_03_LA_BUF,2020,3,REG,2020-09-27,Jared Goff,LA,BUF,4,00:15,-3,LA 25,Tie or take lead,FAILURE,Fumble lost,L,22.704,DIFFICULT,no,1.2
2020_03_TEN_MIN,2020,3,REG,2020-09-27,Kirk Cousins,MIN,TEN,4,01:44,-1,MIN 25,Tie or take lead,FAILURE,Interception,L,44.781,AVERAGE,no,1.2
2020_03_TEN_MIN,2020,3,REG,2020-09-27,Ryan Tannehill,TEN,MIN,4,03:42,-2,TEN 19,Tie or take lead,CONVERSION,Offense reached required score state,W,48.758,AVERAGE,no,1.2
2020_04_LAC_TB,2020,4,REG,2020-10-04,Justin Herbert,LAC,TB,4,02:40,-7,LAC 25,Touchdown,FAILURE,Interception,L,27.788,DIFFICULT,no,1.2
2020_04_MIN_HOU,2020,4,REG,2020-10-04,Deshaun Watson,HOU,MIN,4,02:53,-8,HOU 24,TD + 2-point conversion,FAILURE,Turnover on downs,L,12.617,VERY_DIFFICULT,no,1.2
2020_04_NYG_LA,2020,4,REG,2020-10-04,Daniel Jones,NYG,LA,4,02:05,-8,NYG 20,TD + 2-point conversion,FAILURE,Interception,L,12.617,VERY_DIFFICULT,no,1.2
2020_04_PHI_SF,2020,4,REG,2020-10-04,C.J. Beathard,SF,PHI,4,01:40,-5,SF 12,Tie or take lead,FAILURE,Turnover on downs,L,13.668,VERY_DIFFICULT,no,1.2
2020_05_LAC_NO,2020,5,REG,2020-10-12,Justin Herbert,LAC,NO,5,05:08,-3,LAC 25,Tie or take lead,FAILURE,Turnover on downs,L,40.843,AVERAGE,no,1.2
2020_05_LAC_NO,2020,5,REG,2020-10-12,Drew Brees,NO,LAC,5,10:00,0,NO 34,Take lead,CONVERSION,Offense reached required score state,W,64.618,FAVORABLE,no,1.2
2020_05_MIN_SEA,2020,5,REG,2020-10-11,Kirk Cousins,MIN,SEA,4,00:15,-1,MIN 25,Tie or take lead,FAILURE,End game,L,22.704,DIFFICULT,no,1.2
2020_05_MIN_SEA,2020,5,REG,2020-10-11,Russell Wilson,SEA,MIN,4,01:57,-5,SEA 6,Tie or take lead,CONVERSION,Offense reached required score state,W,13.668,VERY_DIFFICULT,no,1.2
2020_05_NYG_DAL,2020,5,REG,2020-10-11,Andy Dalton,DAL,NYG,4,00:52,0,DAL 12,Take lead,CONVERSION,Offense reached required score state,W,29.8,DIFFICULT,no,1.2
2020_05_NYG_DAL,2020,5,REG,2020-10-11,Daniel Jones,NYG,DAL,4,01:56,0,NYG 24,Take lead,FAILURE,Punt,L,68.205,FAVORABLE,no,1.2
2020_05_TB_CHI,2020,5,REG,2020-10-08,Nick Foles,CHI,TB,4,02:21,-2,CHI 48,Tie or take lead,CONVERSION,Offense reached required score state,W,75.515,VERY_FAVORABLE,no,1.2
2020_05_TB_CHI,2020,5,REG,2020-10-08,Tom Brady,TB,CHI,4,01:13,-1,TB 25,Tie or take lead,FAILURE,Turnover on downs,L,44.781,AVERAGE,no,1.2
2020_06_BAL_PHI,2020,6,REG,2020-10-18,Carson Wentz,PHI,BAL,4,03:11,-8,PHI 29,TD + 2-point conversion,FAILURE,Two point conversion failed,L,12.617,VERY_DIFFICULT,no,1.2
2020_06_CHI_CAR,2020,6,REG,2020-10-18,Teddy Bridgewater,CAR,CHI,4,01:32,-7,CAR 20,Touchdown,FAILURE,Interception,L,15.196,VERY_DIFFICULT,no,1.2
2020_06_CIN_IND,2020,6,REG,2020-10-18,Joe Burrow,CIN,IND,4,04:03,-4,CIN 26,Tie or take lead,FAILURE,Interception,L,38.359,AVERAGE,no,1.2
2020_06_DEN_NE,2020,6,REG,2020-10-18,Cam Newton,NE,DEN,4,03:14,-6,NE 28,Tie or take lead,FAILURE,Turnover on downs,L,38.359,AVERAGE,no,1.2
2020_06_HOU_TEN,2020,6,REG,2020-10-18,Ryan Tannehill,TEN,HOU,5,10:00,0,TEN 18,Take lead,CONVERSION,Offense reached required score state,W,49.946,AVERAGE,no,1.2
2020_06_WAS_NYG,2020,6,REG,2020-10-18,Daniel Jones,NYG,WAS,4,08:56,0,NYG 16,Take lead,FAILURE,Punt,W,78.706,VERY_FAVORABLE,no,1.2
2020_06_WAS_NYG,2020,6,REG,2020-10-18,Kyle Allen,WAS,NYG,4,03:29,-7,WAS 25,Touchdown,CONVERSION,Touchdown down 7 kicker neutral,L,27.788,DIFFICULT,no,1.2
2020_07_BUF_NYJ,2020,7,REG,2020-10-25,Sam Darnold,NYJ,BUF,4,01:56,-8,NYJ 25,TD + 2-point conversion,FAILURE,Interception,L,6.3,VERY_DIFFICULT,no,1.2
2020_07_CAR_NO,2020,7,REG,2020-10-25,Teddy Bridgewater,CAR,NO,4,07:55,-3,CAR 25,Tie or take lead,MANUAL_REVIEW,Missed or blocked fg 56 plus,L,,,no,1.2
2020_07_CLE_CIN,2020,7,REG,2020-10-25,Joe Burrow,CIN,CLE,4,00:11,-3,CIN 42,Tie or take lead,FAILURE,End game,L,34.218,DIFFICULT,no,1.2
2020_07_CLE_CIN,2020,7,REG,2020-10-25,Baker Mayfield,CLE,CIN,4,01:06,-3,CLE 25,Tie or take lead,CONVERSION,Offense reached required score state,W,44.781,AVERAGE,no,1.2
2020_07_DET_ATL,2020,7,REG,2020-10-25,Matt Ryan,ATL,DET,4,03:16,-2,ATL 24,Tie or take lead,CONVERSION,Offense reached required score state,L,63.524,FAVORABLE,no,1.2
2020_07_DET_ATL,2020,7,REG,2020-10-25,Matthew Stafford,DET,ATL,4,01:04,-6,DET 25,Tie or take lead,CONVERSION,Offense reached required score state,W,22.467,DIFFICULT,no,1.2
2020_07_NYG_PHI,2020,7,REG,2020-10-22,Daniel Jones,NYG,PHI,4,00:40,-1,NYG 25,Tie or take lead,FAILURE,Fumble lost,L,22.704,DIFFICULT,no,1.2
2020_07_NYG_PHI,2020,7,REG,2020-10-22,Carson Wentz,PHI,NYG,4,02:02,-5,PHI 29,Tie or take lead,CONVERSION,Offense reached required score state,W,38.359,AVERAGE,no,1.2
2020_07_PIT_TEN,2020,7,REG,2020-10-25,Ryan Tannehill,TEN,PIT,4,02:35,-3,TEN 20,Tie or take lead,CONVERSION,Missed or blocked fg 45 or shorter,L,63.524,FAVORABLE,no,1.2
2020_07_SEA_ARI,2020,7,REG,2020-10-25,Kyler Murray,ARI,SEA,5,00:57,0,SEA 49,Take lead,CONVERSION,Offense reached required score state,W,76.383,VERY_FAVORABLE,no,1.2
2020_07_SEA_ARI,2020,7,REG,2020-10-25,Russell Wilson,SEA,ARI,5,02:42,0,SEA 31,Take lead,FAILURE,Interception,L,64.618,FAVORABLE,no,1.2
2020_08_ATL_CAR,2020,8,REG,2020-10-29,Teddy Bridgewater,CAR,ATL,4,02:58,-8,CAR 5,TD + 2-point conversion,FAILURE,Interception,L,7.312,VERY_DIFFICULT,no,1.2
2020_08_LAC_DEN,2020,8,REG,2020-11-01,Drew Lock,DEN,LAC,4,02:30,-6,DEN 19,Tie or take lead,CONVERSION,Offense reached required score state,W,25.373,DIFFICULT,no,1.2
2020_08_MIN_GB,2020,8,REG,2020-11-01,Aaron Rodgers,GB,MIN,4,00:47,-6,GB 28,Tie or take lead,FAILURE,Fumble lost,L,9.499,VERY_DIFFICULT,no,1.2
2020_08_NE_BUF,2020,8,REG,2020-11-01,Josh Allen,BUF,NE,4,09:36,0,BUF 27,Take lead,CONVERSION,Offense reached required score state,W,87.122,VERY_FAVORABLE,no,1.2
2020_08_NE_BUF,2020,8,REG,2020-11-01,Cam Newton,NE,BUF,4,04:06,-3,NE 21,Tie or take lead,FAILURE,Fumble lost,L,63.524,FAVORABLE,no,1.2
2020_08_NO_CHI,2020,8,REG,2020-11-01,Nick Foles,CHI,NO,5,06:52,0,CHI 19,Take lead,FAILURE,Punt,L,49.946,AVERAGE,no,1.2
2020_08_NO_CHI,2020,8,REG,2020-11-01,Drew Brees,NO,CHI,5,03:48,0,NO 32,Take lead,CONVERSION,Offense reached required score state,W,64.618,FAVORABLE,no,1.2
2020_08_PIT_BAL,2020,8,REG,2020-11-01,Lamar Jackson,BAL,PIT,4,00:52,-4,BAL 37,Tie or take lead,FAILURE,End game,L,9.499,VERY_DIFFICULT,no,1.2
2020_08_TB_NYG,2020,8,REG,2020-11-02,Daniel Jones,NYG,TB,4,03:41,-8,NYG 30,TD + 2-point conversion,FAILURE,Two point conversion failed,L,12.617,VERY_DIFFICULT,no,1.2
2020_09_CAR_KC,2020,9,REG,2020-11-08,Teddy Bridgewater,CAR,KC,4,01:26,-2,CAR 9,Tie or take lead,MANUAL_REVIEW,Missed or blocked fg 56 plus,L,,,no,1.2
2020_09_DEN_ATL,2020,9,REG,2020-11-08,Drew Lock,DEN,ATL,4,00:44,-7,DEN 20,Touchdown,FAILURE,Turnover on downs,L,6.095,VERY_DIFFICULT,no,1.2
2020_09_HOU_JAX,2020,9,REG,2020-11-08,Jake Luton,JAX,HOU,4,02:57,-8,JAX 20,TD + 2-point conversion,FAILURE,Two point conversion failed,L,12.617,VERY_DIFFICULT,no,1.2
2020_09_LV_LAC,2020,9,REG,2020-11-08,Justin Herbert,LAC,LV,4,04:37,-5,LAC 25,Tie or take lead,FAILURE,End game,L,38.359,AVERAGE,no,1.2
2020_09_MIA_ARI,2020,9,REG,2020-11-08,Kyler Murray,ARI,MIA,4,03:30,-3,ARI 25,Tie or take lead,ND-K,Missed or blocked fg 46 to 55,L,,,no,1.2
2020_09_NE_NYJ,2020,9,REG,2020-11-09,Cam Newton,NE,NYJ,4,00:47,0,NE 22,Take lead,CONVERSION,Offense reached required score state,W,43.724,AVERAGE,no,1.2
2020_09_NE_NYJ,2020,9,REG,2020-11-09,Joe Flacco,NYJ,NE,4,01:57,0,NYJ 26,Take lead,FAILURE,Punt,L,68.205,FAVORABLE,no,1.2
2020_09_NYG_WAS,2020,9,REG,2020-11-08,Alex Smith,WAS,NYG,4,01:48,-3,WAS 28,Tie or take lead,FAILURE,Interception,L,44.781,AVERAGE,no,1.2
2020_09_PIT_DAL,2020,9,REG,2020-11-08,Garrett Gilbert,DAL,PIT,4,00:38,-5,DAL 19,Tie or take lead,FAILURE,End game,L,5.423,VERY_DIFFICULT,no,1.2
2020_10_BAL_NE,2020,10,REG,2020-11-15,Lamar Jackson,BAL,NE,4,01:05,-6,BAL 17,Tie or take lead,FAILURE,Turnover on downs,L,13.668,VERY_DIFFICULT,no,1.2
2020_10_BUF_ARI,2020,10,REG,2020-11-15,Kyler Murray,ARI,BUF,4,00:34,-4,ARI 25,Tie or take lead,CONVERSION,Offense reached required score state,W,9.499,VERY_DIFFICULT,no,1.2
2020_10_BUF_ARI,2020,10,REG,2020-11-15,Josh Allen,BUF,ARI,4,03:35,-3,BUF 22,Tie or take lead,CONVERSION,Offense reached required score state,L,63.524,FAVORABLE,no,1.2
2020_10_JAX_GB,2020,10,REG,2020-11-15,Jake Luton,JAX,GB,4,02:25,-4,JAX 47,Tie or take lead,FAILURE,Turnover on downs,L,52.427,AVERAGE,no,1.2
2020_10_MIN_CHI,2020,10,REG,2020-11-16,Unresolved,CHI,MIN,4,00:44,-6,CHI 20,Tie or take lead,MANUAL_REVIEW,Multi qb material participation,L,,,no,1.2
2020_10_WAS_DET,2020,10,REG,2020-11-15,Matthew Stafford,DET,WAS,4,00:16,0,DET 25,Take lead,CONVERSION,Offense reached required score state,W,43.724,AVERAGE,no,1.2
2020_10_WAS_DET,2020,10,REG,2020-11-15,Alex Smith,WAS,DET,4,02:37,-3,WAS 11,Tie or take lead,CONVERSION,Offense reached required score state,L,48.758,AVERAGE,no,1.2
2020_11_ARI_SEA,2020,11,REG,2020-11-19,Kyler Murray,ARI,SEA,4,02:19,-7,ARI 21,Touchdown,FAILURE,Turnover on downs,L,27.788,DIFFICULT,no,1.2
2020_11_DAL_MIN,2020,11,REG,2020-11-22,Andy Dalton,DAL,MIN,4,04:00,-4,DAL 39,Tie or take lead,CONVERSION,Offense reached required score state,W,38.359,AVERAGE,no,1.2
2020_11_DAL_MIN,2020,11,REG,2020-11-22,Kirk Cousins,MIN,DAL,4,01:37,-3,MIN 25,Tie or take lead,FAILURE,Turnover on downs,L,44.781,AVERAGE,no,1.2
2020_11_GB_IND,2020,11,REG,2020-11-22,Aaron Rodgers,GB,IND,5,10:00,0,GB 22,Take lead,FAILURE,Fumble lost,L,64.618,FAVORABLE,no,1.2
2020_11_GB_IND,2020,11,REG,2020-11-22,Philip Rivers,IND,GB,5,09:12,0,GB 29,Take lead,CONVERSION,active qb verified; Rivers was primary QB and overtime winning drive was handoff-FG only,W,88.112,VERY_FAVORABLE,yes,1.2
2020_11_KC_LV,2020,11,REG,2020-11-22,Patrick Mahomes,KC,LV,4,01:43,-3,KC 25,Tie or take lead,CONVERSION,Offense reached required score state,W,44.781,AVERAGE,no,1.2
2020_11_KC_LV,2020,11,REG,2020-11-22,Derek Carr,LV,KC,4,00:28,-4,LV 25,Tie or take lead,FAILURE,Interception,L,9.499,VERY_DIFFICULT,no,1.2
2020_11_LA_TB,2020,11,REG,2020-11-23,Tom Brady,TB,LA,4,02:36,-3,TB 19,Tie or take lead,FAILURE,Interception,L,48.758,AVERAGE,no,1.2
2020_11_MIA_DEN,2020,11,REG,2020-11-22,Ryan Fitzpatrick,MIA,DEN,4,05:13,-7,MIA 1,Touchdown,FAILURE,Interception,L,23.591,DIFFICULT,no,1.2
2020_11_NE_HOU,2020,11,REG,2020-11-22,Cam Newton,NE,HOU,4,04:11,-7,NE 25,Touchdown,FAILURE,Turnover on downs,L,27.788,DIFFICULT,no,1.2
2020_11_NYJ_LAC,2020,11,REG,2020-11-22,Joe Flacco,NYJ,LAC,4,02:48,-8,NYJ 46,TD + 2-point conversion,FAILURE,Turnover on downs,L,20.363,DIFFICULT,no,1.2
2020_11_TEN_BAL,2020,11,REG,2020-11-22,Lamar Jackson,BAL,TEN,5,10:00,0,BAL 25,Take lead,FAILURE,Punt,L,64.618,FAVORABLE,no,1.2
2020_11_TEN_BAL,2020,11,REG,2020-11-22,Ryan Tannehill,TEN,BAL,5,07:58,0,TEN 27,Take lead,CONVERSION,Offense reached required score state,W,64.618,FAVORABLE,no,1.2
2020_12_ARI_NE,2020,12,REG,2020-11-29,Kyler Murray,ARI,NE,4,04:27,0,NE 47,Take lead,CONVERSION,Missed or blocked fg 45 or shorter,L,89.081,VERY_FAVORABLE,no,1.2
2020_12_ARI_NE,2020,12,REG,2020-11-29,Cam Newton,NE,ARI,4,01:47,0,NE 35,Take lead,CONVERSION,Offense reached required score state,W,68.205,FAVORABLE,no,1.2
2020_12_CAR_MIN,2020,12,REG,2020-11-29,Teddy Bridgewater,CAR,MIN,4,00:46,-1,CAR 13,Tie or take lead,ND-K,Missed or blocked fg 46 to 55,L,,,no,1.2
2020_12_CAR_MIN,2020,12,REG,2020-11-29,Kirk Cousins,MIN,CAR,4,01:51,-6,MIN 25,Tie or take lead,CONVERSION,Offense reached required score state,W,22.467,DIFFICULT,no,1.2
2020_12_CLE_JAX,2020,12,REG,2020-11-29,Mike Glennon,JAX,CLE,4,05:29,-8,JAX 22,TD + 2-point conversion,FAILURE,Two point conversion failed,L,17.493,VERY_DIFFICULT,no,1.2
2020_12_NYG_CIN,2020,12,REG,2020-11-29,Brandon Allen,CIN,NYG,4,00:57,-2,50,Tie or take lead,FAILURE,Fumble lost,L,34.218,DIFFICULT,no,1.2
2020_12_SF_LA,2020,12,REG,2020-11-29,Jared Goff,LA,SF,4,03:11,0,LA 25,Take lead,FAILURE,Punt,L,82.165,VERY_FAVORABLE,no,1.2
2020_12_SF_LA,2020,12,REG,2020-11-29,Nick Mullens,SF,LA,4,02:10,0,SF 20,Take lead,CONVERSION,Offense reached required score state,W,82.165,VERY_FAVORABLE,no,1.2
2020_13_DEN_KC,2020,13,REG,2020-12-06,Drew Lock,DEN,KC,4,01:04,-6,DEN 25,Tie or take lead,FAILURE,Interception,L,22.467,DIFFICULT,no,1.2
2020_13_DET_CHI,2020,13,REG,2020-12-06,Mitchell Trubisky,CHI,DET,4,01:37,-4,CHI 25,Tie or take lead,FAILURE,Turnover on downs,L,22.467,DIFFICULT,no,1.2
2020_13_DET_CHI,2020,13,REG,2020-12-06,Matthew Stafford,DET,CHI,4,01:48,-3,CHI 7,Tie or take lead,CONVERSION,Offense reached required score state,W,78.412,VERY_FAVORABLE,no,1.2
2020_13_IND_HOU,2020,13,REG,2020-12-06,Deshaun Watson,HOU,IND,4,02:43,-6,HOU 20,Tie or take lead,FAILURE,Fumble lost,L,38.359,AVERAGE,no,1.2
2020_13_JAX_MIN,2020,13,REG,2020-12-06,Mike Glennon,JAX,MIN,5,08:06,0,JAX 18,Take lead,FAILURE,Interception,L,49.946,AVERAGE,no,1.2
2020_13_JAX_MIN,2020,13,REG,2020-12-06,Kirk Cousins,MIN,JAX,5,07:13,0,JAX 46,Take lead,CONVERSION,Offense reached required score state,W,76.383,VERY_FAVORABLE,no,1.2
2020_13_LV_NYJ,2020,13,REG,2020-12-06,Derek Carr,LV,NYJ,4,00:35,-4,LV 39,Tie or take lead,CONVERSION,Offense reached required score state,W,9.499,VERY_DIFFICULT,no,1.2
2020_13_LV_NYJ,2020,13,REG,2020-12-06,Sam Darnold,NYJ,LV,4,00:05,-3,50,Tie or take lead,FAILURE,End game,L,34.218,DIFFICULT,no,1.2
2020_13_NO_ATL,2020,13,REG,2020-12-06,Matt Ryan,ATL,NO,4,00:27,-5,ATL 39,Tie or take lead,FAILURE,End game,L,9.499,VERY_DIFFICULT,no,1.2
2020_13_NYG_SEA,2020,13,REG,2020-12-06,Russell Wilson,SEA,NYG,4,01:48,-5,SEA 20,Tie or take lead,FAILURE,Turnover on downs,L,22.467,DIFFICULT,no,1.2
2020_13_WAS_PIT,2020,13,REG,2020-12-07,Ben Roethlisberger,PIT,WAS,4,00:17,-6,PIT 25,Tie or take lead,FAILURE,End game,L,9.499,VERY_DIFFICULT,no,1.2
2020_14_ATL_LAC,2020,14,REG,2020-12-13,Matt Ryan,ATL,LAC,4,00:47,0,ATL 38,Take lead,FAILURE,Interception,L,43.724,AVERAGE,no,1.2
2020_14_ATL_LAC,2020,14,REG,2020-12-13,Justin Herbert,LAC,ATL,4,00:31,0,LAC 26,Take lead,CONVERSION,Offense reached required score state,W,43.724,AVERAGE,no,1.2
2020_14_BAL_CLE,2020,14,REG,2020-12-14,Lamar Jackson,BAL,CLE,4,01:04,0,BAL 25,Take lead,CONVERSION,Offense reached required score state,W,68.205,FAVORABLE,no,1.2
2020_14_BAL_CLE,2020,14,REG,2020-12-14,Baker Mayfield,CLE,BAL,4,01:51,-7,CLE 25,Touchdown,CONVERSION,Touchdown down 7 kicker neutral,L,15.196,VERY_DIFFICULT,no,1.2
2020_14_DEN_CAR,2020,14,REG,2020-12-13,Teddy Bridgewater,CAR,DEN,4,02:48,-5,CAR 27,Tie or take lead,FAILURE,Turnover on downs,L,38.359,AVERAGE,no,1.2
2020_14_WAS_SF,2020,14,REG,2020-12-13,Nick Mullens,SF,WAS,4,02:40,-8,SF 48,TD + 2-point conversion,FAILURE,Turnover on downs,L,20.363,DIFFICULT,no,1.2
2020_15_CAR_GB,2020,15,REG,2020-12-19,Teddy Bridgewater,CAR,GB,4,00:55,-8,CAR 20,TD + 2-point conversion,FAILURE,Turnover on downs,L,2.377,VERY_DIFFICULT,no,1.2
2020_15_CHI_MIN,2020,15,REG,2020-12-20,Kirk Cousins,MIN,CHI,4,00:56,-6,MIN 30,Tie or take lead,FAILURE,Turnover,L,9.499,VERY_DIFFICULT,no,1.2
2020_15_HOU_IND,2020,15,REG,2020-12-20,Deshaun Watson,HOU,IND,4,01:47,-7,HOU 25,Touchdown,FAILURE,Fumble lost,L,15.196,VERY_DIFFICULT,no,1.2
2020_15_HOU_IND,2020,15,REG,2020-12-20,Philip Rivers,IND,HOU,4,07:25,0,IND 25,Take lead,CONVERSION,Offense reached required score state,W,87.122,VERY_FAVORABLE,no,1.2
2020_15_LAC_LV,2020,15,REG,2020-12-17,Justin Herbert,LAC,LV,5,03:18,-3,LAC 25,Tie or take lead,CONVERSION,Offense reached required score state,W,40.843,AVERAGE,no,1.2
2020_15_LAC_LV,2020,15,REG,2020-12-17,Marcus Mariota,LV,LAC,5,10:00,0,LV 25,Take lead,CONVERSION,Offense reached required score state,L,64.618,FAVORABLE,no,1.2
2020_15_NYJ_LA,2020,15,REG,2020-12-20,Jared Goff,LA,NYJ,4,05:33,-3,NYJ 43,Tie or take lead,FAILURE,Turnover on downs,L,81.914,VERY_FAVORABLE,no,1.2
2020_15_PHI_ARI,2020,15,REG,2020-12-20,Jalen Hurts,PHI,ARI,4,01:28,-7,PHI 22,Touchdown,FAILURE,End game,L,15.196,VERY_DIFFICULT,no,1.2
2020_15_PIT_CIN,2020,15,REG,2020-12-21,Ben Roethlisberger,PIT,CIN,4,02:17,-7,PIT 24,Touchdown,FAILURE,Turnover on downs,L,27.788,DIFFICULT,no,1.2
2020_15_SEA_WAS,2020,15,REG,2020-12-20,Dwayne Haskins,WAS,SEA,4,05:34,-5,WAS 14,Tie or take lead,FAILURE,Turnover on downs,L,33.301,DIFFICULT,no,1.2
2020_15_TB_ATL,2020,15,REG,2020-12-20,Matt Ryan,ATL,TB,4,02:44,-4,ATL 12,Tie or take lead,FAILURE,Turnover on downs,L,25.373,DIFFICULT,no,1.2
2020_16_ATL_KC,2020,16,REG,2020-12-27,Matt Ryan,ATL,KC,4,01:55,-3,ATL 25,Tie or take lead,CONVERSION,Missed or blocked fg 45 or shorter,L,44.781,AVERAGE,no,1.2
2020_16_ATL_KC,2020,16,REG,2020-12-27,Patrick Mahomes,KC,ATL,4,04:33,-4,KC 25,Tie or take lead,CONVERSION,Offense reached required score state,W,38.359,AVERAGE,no,1.2
2020_16_CIN_HOU,2020,16,REG,2020-12-27,Deshaun Watson,HOU,CIN,4,00:18,-6,HOU 18,Tie or take lead,FAILURE,End game,L,5.423,VERY_DIFFICULT,no,1.2
2020_16_CLE_NYJ,2020,16,REG,2020-12-27,Baker Mayfield,CLE,NYJ,4,02:52,-7,CLE 40,Touchdown,FAILURE,Turnover on downs,L,40.528,AVERAGE,no,1.2
2020_16_DEN_LAC,2020,16,REG,2020-12-27,Drew Lock,DEN,LAC,4,00:41,-3,DEN 25,Tie or take lead,FAILURE,Interception,L,22.704,DIFFICULT,no,1.2
2020_16_DEN_LAC,2020,16,REG,2020-12-27,Justin Herbert,LAC,DEN,4,02:42,0,LAC 25,Take lead,CONVERSION,Offense reached required score state,W,82.165,VERY_FAVORABLE,no,1.2
2020_16_IND_PIT,2020,16,REG,2020-12-27,Philip Rivers,IND,PIT,4,02:18,-4,IND 15,Tie or take lead,FAILURE,Turnover on downs,L,25.373,DIFFICULT,no,1.2
2020_16_MIA_LV,2020,16,REG,2020-12-26,Derek Carr,LV,MIA,4,02:55,-1,LV 25,Tie or take lead,CONVERSION,Offense reached required score state,L,63.524,FAVORABLE,no,1.2
2020_16_MIA_LV,2020,16,REG,2020-12-26,Ryan Fitzpatrick,MIA,LV,4,00:19,-2,MIA 25,Tie or take lead,CONVERSION,Offense reached required score state,W,22.704,DIFFICULT,no,1.2
2020_16_SF_ARI,2020,16,REG,2020-12-26,Kyler Murray,ARI,SF,4,01:05,-8,ARI 27,TD + 2-point conversion,FAILURE,Turnover on downs,L,6.3,VERY_DIFFICULT,no,1.2
2020_17_DAL_NYG,2020,17,REG,2021-01-03,Andy Dalton,DAL,NYG,4,06:27,-4,DAL 25,Tie or take lead,FAILURE,Interception,L,47.749,AVERAGE,no,1.2
2020_17_LV_DEN,2020,17,REG,2021-01-03,Drew Lock,DEN,LV,4,00:24,-1,DEN 25,Tie or take lead,MANUAL_REVIEW,Missed or blocked fg 56 plus,L,,,no,1.2
2020_17_LV_DEN,2020,17,REG,2021-01-03,Derek Carr,LV,DEN,4,01:47,-7,LV 23,Touchdown,CONVERSION,Touchdown down 7 kicker neutral,W,15.196,VERY_DIFFICULT,no,1.2
2020_17_MIN_DET,2020,17,REG,2021-01-03,Matthew Stafford,DET,MIN,4,10:32,-8,DET 25,TD + 2-point conversion,FAILURE,Two point conversion failed,L,18.348,VERY_DIFFICULT,no,1.2
2020_17_PIT_CLE,2020,17,REG,2021-01-03,Unresolved,PIT,CLE,4,03:37,-8,PIT 35,TD + 2-point conversion,MANUAL_REVIEW,Multi qb material participation,L,,,no,1.2
2020_17_TEN_HOU,2020,17,REG,2021-01-03,Deshaun Watson,HOU,TEN,4,01:42,-3,HOU 9,Tie or take lead,CONVERSION,Offense reached required score state,L,30.704,DIFFICULT,no,1.2
2020_17_TEN_HOU,2020,17,REG,2021-01-03,Ryan Tannehill,TEN,HOU,4,00:18,0,TEN 25,Take lead,CONVERSION,Offense reached required score state,W,43.724,AVERAGE,no,1.2
2020_17_WAS_PHI,2020,17,REG,2021-01-03,Nate Sudfeld,PHI,WAS,4,00:56,-6,PHI 8,Tie or take lead,FAILURE,End game,L,5.423,VERY_DIFFICULT,no,1.2
2020_18_BAL_TEN,2020,18,POST,2021-01-10,Ryan Tannehill,TEN,BAL,4,04:19,-7,TEN 21,Touchdown,FAILURE,Interception,L,27.788,DIFFICULT,no,1.2
2020_18_IND_BUF,2020,18,POST,2021-01-09,Philip Rivers,IND,BUF,4,02:30,-3,IND 14,Tie or take lead,FAILURE,Turnover on downs,L,48.758,AVERAGE,no,1.2
2020_18_TB_WAS,2020,18,POST,2021-01-09,Taylor Heinicke,WAS,TB,4,02:49,-8,WAS 25,TD + 2-point conversion,FAILURE,Turnover on downs,L,12.617,VERY_DIFFICULT,no,1.2
2020_19_CLE_KC,2020,19,POST,2021-01-17,Baker Mayfield,CLE,KC,4,08:00,-5,CLE 20,Tie or take lead,FAILURE,Punt,L,47.749,AVERAGE,no,1.2
2020_20_TB_GB,2020,20,POST,2021-01-24,Aaron Rodgers,GB,TB,4,04:42,-8,GB 34,TD + 2-point conversion,FAILURE,Field goal no conversion,L,12.617,VERY_DIFFICULT,no,1.2
2021_01_BAL_LV,2021,1,REG,2021-09-13,Lamar Jackson,BAL,LV,5,06:13,0,BAL 20,Take lead,FAILURE,Fumble lost,L,63.447,FAVORABLE,no,1.2
2021_01_BAL_LV,2021,1,REG,2021-09-13,Derek Carr,LV,BAL,5,04:31,0,BAL 27,Take lead,CONVERSION,Offense reached required score state,W,87.73,VERY_FAVORABLE,no,1.2
2021_01_CLE_KC,2021,1,REG,2021-09-12,Baker Mayfield,CLE,KC,4,02:49,-4,CLE 17,Tie or take lead,FAILURE,Interception,L,25.052,DIFFICULT,no,1.2
2021_01_DAL_TB,2021,1,REG,2021-09-09,Dak Prescott,DAL,TB,4,04:52,-2,DAL 10,Tie or take lead,CONVERSION,Offense reached required score state,L,48.174,AVERAGE,no,1.2
2021_01_DAL_TB,2021,1,REG,2021-09-09,Tom Brady,TB,DAL,4,01:24,-1,TB 25,Tie or take lead,CONVERSION,Offense reached required score state,W,43.675,AVERAGE,no,1.2
2021_01_LAC_WAS,2021,1,REG,2021-09-12,Taylor Heinicke,WAS,LAC,4,11:21,-4,WAS 25,Tie or take lead,FAILURE,Punt,L,45.578,AVERAGE,no,1.2
2021_01_MIA_NE,2021,1,REG,2021-09-12,Mac Jones,NE,MIA,4,08:07,-1,50,Tie or take lead,FAILURE,Fumble lost,L,80.079,VERY_FAVORABLE,no,1.2
2021_01_MIN_CIN,2021,1,REG,2021-09-12,Joe Burrow,CIN,MIN,5,01:48,0,CIN 39,Take lead,CONVERSION,Offense reached required score state,W,63.447,FAVORABLE,no,1.2
2021_01_MIN_CIN,2021,1,REG,2021-09-12,Kirk Cousins,MIN,CIN,5,03:40,0,MIN 37,Take lead,FAILURE,Fumble lost,L,63.447,FAVORABLE,no,1.2
2021_01_SF_DET,2021,1,REG,2021-09-12,Jared Goff,DET,SF,4,00:52,-8,DET 30,TD + 2-point conversion,FAILURE,Turnover on downs,L,2.108,VERY_DIFFICULT,no,1.2
2021_02_DAL_LAC,2021,2,REG,2021-09-19,Dak Prescott,DAL,LAC,4,03:54,0,DAL 13,Take lead,CONVERSION,Offense reached required score state,W,71.667,VERY_FAVORABLE,no,1.2
2021_02_DAL_LAC,2021,2,REG,2021-09-19,Justin Herbert,LAC,DAL,4,10:25,-3,LAC 25,Tie or take lead,CONVERSION,Offense reached required score state,L,69.961,FAVORABLE,no,1.2
2021_02_KC_BAL,2021,2,REG,2021-09-19,Patrick Mahomes,KC,BAL,4,03:14,-1,KC 25,Tie or take lead,FAILURE,Fumble lost,L,62.85,FAVORABLE,no,1.2
2021_02_LA_IND,2021,2,REG,2021-09-19,Jacob Eason,IND,LA,4,00:24,-3,IND 10,Tie or take lead,FAILURE,End game,L,13.738,VERY_DIFFICULT,no,1.2
2021_02_MIN_ARI,2021,2,REG,2021-09-19,Kirk Cousins,MIN,ARI,4,02:09,-1,MIN 23,Tie or take lead,CONVERSION,Missed or blocked fg 45 or shorter,L,62.85,FAVORABLE,no,1.2
2021_02_NYG_WAS,2021,2,REG,2021-09-16,Daniel Jones,NYG,WAS,4,02:16,-1,WAS 20,Tie or take lead,CONVERSION,Offense reached required score state,L,87.284,VERY_FAVORABLE,no,1.2
2021_02_NYG_WAS,2021,2,REG,2021-09-16,Taylor Heinicke,WAS,NYG,4,02:00,-2,WAS 25,Tie or take lead,CONVERSION,Offense reached required score state,W,43.675,AVERAGE,no,1.2
2021_02_TEN_SEA,2021,2,REG,2021-09-19,Russell Wilson,SEA,TEN,5,08:19,0,SEA 13,Take lead,FAILURE,Punt,L,48.815,AVERAGE,no,1.2
2021_02_TEN_SEA,2021,2,REG,2021-09-19,Ryan Tannehill,TEN,SEA,5,07:19,0,SEA 39,Take lead,CONVERSION,Offense reached required score state,W,87.73,VERY_FAVORABLE,no,1.2
2021_03_ATL_NYG,2021,3,REG,2021-09-26,Matt Ryan,ATL,NYG,4,01:50,0,ATL 20,Take lead,CONVERSION,Offense reached required score state,W,67.846,FAVORABLE,no,1.2
2021_03_ATL_NYG,2021,3,REG,2021-09-26,Daniel Jones,NYG,ATL,4,04:13,0,NYG 25,Take lead,FAILURE,Punt,L,82.154,VERY_FAVORABLE,no,1.2
2021_03_BAL_DET,2021,3,REG,2021-09-26,Lamar Jackson,BAL,DET,4,01:04,-1,BAL 25,Tie or take lead,CONVERSION,Offense reached required score state,W,43.675,AVERAGE,no,1.2
2021_03_BAL_DET,2021,3,REG,2021-09-26,Jared Goff,DET,BAL,4,05:25,-2,DET 21,Tie or take lead,CONVERSION,Offense reached required score state,L,70.102,VERY_FAVORABLE,no,1.2
2021_03_GB_SF,2021,3,REG,2021-09-26,Aaron Rodgers,GB,SF,4,00:37,-1,GB 25,Tie or take lead,CONVERSION,Offense reached required score state,W,22.472,DIFFICULT,no,1.2
2021_03_GB_SF,2021,3,REG,2021-09-26,Jimmy Garoppolo,SF,GB,4,02:39,-6,SF 25,Tie or take lead,CONVERSION,Offense reached required score state,L,37.825,AVERAGE,no,1.2
2021_03_LAC_KC,2021,3,REG,2021-09-26,Patrick Mahomes,KC,LAC,4,00:32,-6,KC 25,Tie or take lead,FAILURE,End game,L,9.439,VERY_DIFFICULT,no,1.2
2021_03_LAC_KC,2021,3,REG,2021-09-26,Justin Herbert,LAC,KC,4,01:42,0,LAC 41,Take lead,CONVERSION,Offense reached required score state,W,78.343,VERY_FAVORABLE,no,1.2
2021_03_MIA_LV,2021,3,REG,2021-09-26,Derek Carr,LV,MIA,5,02:49,0,LV 25,Take lead,CONVERSION,Offense reached required score state,W,63.447,FAVORABLE,no,1.2
2021_03_MIA_LV,2021,3,REG,2021-09-26,Jacoby Brissett,MIA,LV,5,06:27,-3,MIA 25,Tie or take lead,CONVERSION,Offense reached required score state,L,38.946,AVERAGE,no,1.2
2021_04_CLE_MIN,2021,4,REG,2021-10-03,Kirk Cousins,MIN,CLE,4,01:01,-7,MIN 28,Touchdown,FAILURE,End game,L,14.26,VERY_DIFFICULT,no,1.2
2021_04_JAX_CIN,2021,4,REG,2021-09-30,Joe Burrow,CIN,JAX,4,05:33,0,CIN 10,Take lead,CONVERSION,Offense reached required score state,W,77.805,VERY_FAVORABLE,no,1.2
2021_04_JAX_CIN,2021,4,REG,2021-09-30,Trevor Lawrence,JAX,CIN,4,08:59,0,JAX 25,Take lead,FAILURE,Punt,L,86.45,VERY_FAVORABLE,no,1.2
2021_04_NYG_NO,2021,4,REG,2021-10-03,Jameis Winston,NO,NYG,4,00:31,0,NO 22,Take lead,FAILURE,End half,L,44.094,AVERAGE,no,1.2
2021_04_NYG_NO,2021,4,REG,2021-10-03,Daniel Jones,NYG,NO,5,10:00,0,NYG 25,Take lead,CONVERSION,Offense reached required score state,W,63.447,FAVORABLE,no,1.2
2021_04_TB_NE,2021,4,REG,2021-10-03,Mac Jones,NE,TB,4,01:57,-2,NE 25,Tie or take lead,MANUAL_REVIEW,Missed or blocked fg 56 plus,L,,,no,1.2
2021_04_TB_NE,2021,4,REG,2021-10-03,Tom Brady,TB,NE,4,04:34,-1,TB 25,Tie or take lead,CONVERSION,Offense reached required score state,W,62.85,FAVORABLE,no,1.2
2021_04_TEN_NYJ,2021,4,REG,2021-10-03,Zach Wilson,NYJ,TEN,5,10:00,0,NYJ 25,Take lead,CONVERSION,Offense reached required score state,W,63.447,FAVORABLE,no,1.2
2021_04_TEN_NYJ,2021,4,REG,2021-10-03,Ryan Tannehill,TEN,NYJ,5,04:31,-3,TEN 25,Tie or take lead,ND-K,Missed or blocked fg 46 to 55,L,,,no,1.2
2021_04_WAS_ATL,2021,4,REG,2021-10-03,Matt Ryan,ATL,WAS,4,00:33,-4,ATL 25,Tie or take lead,FAILURE,End game,L,9.439,VERY_DIFFICULT,no,1.2
2021_04_WAS_ATL,2021,4,REG,2021-10-03,Taylor Heinicke,WAS,ATL,4,01:47,-2,WAS 24,Tie or take lead,CONVERSION,Offense reached required score state,W,43.675,AVERAGE,no,1.2
2021_05_CLE_LAC,2021,5,REG,2021-10-10,Baker Mayfield,CLE,LAC,4,01:31,-5,CLE 25,Tie or take lead,FAILURE,Turnover on downs,L,21.804,DIFFICULT,no,1.2
2021_05_CLE_LAC,2021,5,REG,2021-10-10,Justin Herbert,LAC,CLE,4,02:02,-1,CLE 48,Tie or take lead,CONVERSION,Offense reached required score state,W,74.362,VERY_FAVORABLE,no,1.2
2021_05_DEN_PIT,2021,5,REG,2021-10-10,Teddy Bridgewater,DEN,PIT,4,02:29,-8,DEN 25,TD + 2-point conversion,FAILURE,Interception,L,11.167,VERY_DIFFICULT,no,1.2
2021_05_DET_MIN,2021,5,REG,2021-10-10,Jared Goff,DET,MIN,4,01:56,-7,MIN 20,Touchdown,CONVERSION,Touchdown down 7 kicker neutral,L,40.291,AVERAGE,no,1.2
2021_05_DET_MIN,2021,5,REG,2021-10-10,Kirk Cousins,MIN,DET,4,00:37,-1,MIN 18,Tie or take lead,CONVERSION,Offense reached required score state,W,13.738,VERY_DIFFICULT,no,1.2
2021_05_GB_CIN,2021,5,REG,2021-10-10,Joe Burrow,CIN,GB,5,08:08,0,CIN 30,Take lead,ND-K,Missed or blocked fg 46 to 55,L,,,no,1.2
2021_05_GB_CIN,2021,5,REG,2021-10-10,Aaron Rodgers,GB,CIN,5,04:14,0,GB 39,Take lead,CONVERSION,Offense reached required score state,W,63.447,FAVORABLE,no,1.2
2021_05_IND_BAL,2021,5,REG,2021-10-11,Lamar Jackson,BAL,IND,5,10:00,0,BAL 32,Take lead,CONVERSION,Offense reached required score state,W,63.447,FAVORABLE,no,1.2
2021_05_IND_BAL,2021,5,REG,2021-10-11,Carson Wentz,IND,BAL,4,00:39,0,IND 25,Take lead,ND-K,Missed or blocked fg 46 to 55,L,,,no,1.2
2021_05_NE_HOU,2021,5,REG,2021-10-10,Davis Mills,HOU,NE,4,00:15,-3,HOU 25,Tie or take lead,FAILURE,Fumble lost,L,22.472,DIFFICULT,no,1.2
2021_05_NE_HOU,2021,5,REG,2021-10-10,Mac Jones,NE,HOU,4,07:15,0,NE 13,Take lead,CONVERSION,Offense reached required score state,W,77.805,VERY_FAVORABLE,no,1.2
2021_05_PHI_CAR,2021,5,REG,2021-10-10,Sam Darnold,CAR,PHI,4,02:38,-3,CAR 25,Tie or take lead,FAILURE,Interception,L,62.85,FAVORABLE,no,1.2
2021_06_BUF_TEN,2021,6,REG,2021-10-18,Josh Allen,BUF,TEN,4,03:05,-3,BUF 18,Tie or take lead,FAILURE,Turnover on downs,L,48.174,AVERAGE,no,1.2
2021_06_BUF_TEN,2021,6,REG,2021-10-18,Ryan Tannehill,TEN,BUF,4,08:01,-4,TEN 30,Tie or take lead,CONVERSION,Offense reached required score state,W,45.744,AVERAGE,no,1.2
2021_06_DAL_NE,2021,6,REG,2021-10-17,Dak Prescott,DAL,NE,5,07:53,0,DAL 20,Take lead,CONVERSION,Offense reached required score state,W,63.447,FAVORABLE,no,1.2
2021_06_DAL_NE,2021,6,REG,2021-10-17,Mac Jones,NE,DAL,5,10:00,0,NE 25,Take lead,FAILURE,Punt,L,63.447,FAVORABLE,no,1.2
2021_06_MIA_JAX,2021,6,REG,2021-10-17,Trevor Lawrence,JAX,MIA,4,01:42,0,MIA 46,Take lead,CONVERSION,Offense reached required score state,W,78.343,VERY_FAVORABLE,no,1.2
2021_06_MIA_JAX,2021,6,REG,2021-10-17,Tua Tagovailoa,MIA,JAX,4,03:40,0,MIA 25,Take lead,FAILURE,Turnover on downs,L,82.154,VERY_FAVORABLE,no,1.2
2021_06_MIN_CAR,2021,6,REG,2021-10-17,Sam Darnold,CAR,MIN,4,02:09,-8,CAR 4,TD + 2-point conversion,CONVERSION,Offense reached required score state,L,6.461,VERY_DIFFICULT,no,1.2
2021_06_MIN_CAR,2021,6,REG,2021-10-17,Kirk Cousins,MIN,CAR,5,10:00,0,MIN 25,Take lead,CONVERSION,Offense reached required score state,W,63.447,FAVORABLE,no,1.2
2021_06_SEA_PIT,2021,6,REG,2021-10-17,Ben Roethlisberger,PIT,SEA,5,04:16,0,SEA 16,Take lead,CONVERSION,Offense reached required score state,W,87.566,VERY_FAVORABLE,no,1.2
2021_06_SEA_PIT,2021,6,REG,2021-10-17,Geno Smith,SEA,PIT,5,04:27,0,SEA 15,Take lead,FAILURE,Fumble lost,L,48.815,AVERAGE,no,1.2
2021_07_ATL_MIA,2021,7,REG,2021-10-24,Matt Ryan,ATL,MIA,4,02:27,-1,ATL 25,Tie or take lead,CONVERSION,Offense reached required score state,W,62.85,FAVORABLE,no,1.2
2021_07_ATL_MIA,2021,7,REG,2021-10-24,Tua Tagovailoa,MIA,ATL,4,05:54,-6,ATL 40,Tie or take lead,CONVERSION,Offense reached required score state,L,77.643,VERY_FAVORABLE,no,1.2
2021_07_NO_SEA,2021,7,REG,2021-10-25,Jameis Winston,NO,SEA,4,06:44,0,NO 43,Take lead,CONVERSION,Offense reached required score state,W,91.624,VERY_FAVORABLE,no,1.2
2021_07_NO_SEA,2021,7,REG,2021-10-25,Geno Smith,SEA,NO,4,01:56,-3,SEA 25,Tie or take lead,FAILURE,Turnover on downs,L,43.675,AVERAGE,no,1.2
2021_08_CIN_NYJ,2021,8,REG,2021-10-31,Joe Burrow,CIN,NYJ,4,03:45,-3,CIN 25,Tie or take lead,FAILURE,Punt,L,62.85,FAVORABLE,no,1.2
2021_08_DAL_MIN,2021,8,REG,2021-10-31,Cooper Rush,DAL,MIN,4,02:51,-3,DAL 25,Tie or take lead,CONVERSION,Offense reached required score state,W,62.85,FAVORABLE,no,1.2
2021_08_DAL_MIN,2021,8,REG,2021-10-31,Kirk Cousins,MIN,DAL,4,00:51,-4,MIN 25,Tie or take lead,FAILURE,Turnover on downs,L,9.439,VERY_DIFFICULT,no,1.2
2021_08_GB_ARI,2021,8,REG,2021-10-28,Kyler Murray,ARI,GB,4,03:23,-3,ARI 1,Tie or take lead,FAILURE,Interception,L,48.174,AVERAGE,no,1.2
2021_08_NYG_KC,2021,8,REG,2021-11-01,Patrick Mahomes,KC,NYG,4,04:41,0,KC 29,Take lead,CONVERSION,Offense reached required score state,W,82.154,VERY_FAVORABLE,no,1.2
2021_08_NYG_KC,2021,8,REG,2021-11-01,Daniel Jones,NYG,KC,4,01:07,-3,NYG 25,Tie or take lead,FAILURE,Turnover on downs,L,43.675,AVERAGE,no,1.2
2021_08_PIT_CLE,2021,8,REG,2021-10-31,Baker Mayfield,CLE,PIT,4,04:22,-5,CLE 39,Tie or take lead,FAILURE,Turnover on downs,L,37.825,AVERAGE,no,1.2
2021_08_TB_NO,2021,8,REG,2021-10-31,Trevor Siemian,NO,TB,4,05:44,-1,NO 25,Tie or take lead,CONVERSION,Offense reached required score state,W,70.102,VERY_FAVORABLE,no,1.2
2021_08_TEN_IND,2021,8,REG,2021-10-31,Carson Wentz,IND,TEN,5,07:27,0,IND 15,Take lead,FAILURE,Interception,L,48.815,AVERAGE,no,1.2
2021_08_TEN_IND,2021,8,REG,2021-10-31,Ryan Tannehill,TEN,IND,5,05:48,0,IND 32,Take lead,CONVERSION,Offense reached required score state,W,87.73,VERY_FAVORABLE,no,1.2
2021_08_WAS_DEN,2021,8,REG,2021-10-31,Taylor Heinicke,WAS,DEN,4,00:21,-7,DEN 24,Touchdown,FAILURE,Turnover on downs,L,20.387,DIFFICULT,no,1.2
2021_09_ATL_NO,2021,9,REG,2021-11-07,Matt Ryan,ATL,NO,4,01:01,-1,ATL 25,Tie or take lead,CONVERSION,Offense reached required score state,W,43.675,AVERAGE,no,1.2
2021_09_ATL_NO,2021,9,REG,2021-11-07,Trevor Siemian,NO,ATL,4,02:46,-5,ATL 43,Tie or take lead,CONVERSION,Offense reached required score state,L,51.051,AVERAGE,no,1.2
2021_09_BUF_JAX,2021,9,REG,2021-11-07,Josh Allen,BUF,JAX,4,02:59,-3,BUF 20,Tie or take lead,FAILURE,Turnover on downs,L,62.85,FAVORABLE,no,1.2
2021_09_CHI_PIT,2021,9,REG,2021-11-08,Justin Fields,CHI,PIT,4,00:26,-2,CHI 25,Tie or take lead,MANUAL_REVIEW,Missed or blocked fg 56 plus,L,,,no,1.2
2021_09_CHI_PIT,2021,9,REG,2021-11-08,Ben Roethlisberger,PIT,CHI,4,01:46,-1,PIT 25,Tie or take lead,CONVERSION,Offense reached required score state,W,43.675,AVERAGE,no,1.2
2021_09_HOU_MIA,2021,9,REG,2021-11-07,Tyrod Taylor,HOU,MIA,4,00:27,-8,HOU 2,TD + 2-point conversion,FAILURE,End game,L,1.169,VERY_DIFFICULT,no,1.2
2021_09_LAC_PHI,2021,9,REG,2021-11-07,Justin Herbert,LAC,PHI,4,06:07,0,LAC 25,Take lead,CONVERSION,Offense reached required score state,W,86.45,VERY_FAVORABLE,no,1.2
2021_09_LAC_PHI,2021,9,REG,2021-11-07,Jalen Hurts,PHI,LAC,4,11:32,-7,PHI 22,Touchdown,CONVERSION,Touchdown down 7 kicker neutral,L,33.313,DIFFICULT,no,1.2
2021_09_LV_NYG,2021,9,REG,2021-11-07,Derek Carr,LV,NYG,4,03:21,-7,LV 25,Touchdown,FAILURE,Fumble lost,L,26.625,DIFFICULT,no,1.2
2021_09_MIN_BAL,2021,9,REG,2021-11-07,Lamar Jackson,BAL,MIN,5,05:17,0,BAL 10,Take lead,CONVERSION,Offense reached required score state,W,48.815,AVERAGE,no,1.2
2021_09_MIN_BAL,2021,9,REG,2021-11-07,Kirk Cousins,MIN,BAL,5,06:42,0,MIN 38,Take lead,FAILURE,Punt,L,63.447,FAVORABLE,no,1.2
2021_10_DET_PIT,2021,10,REG,2021-11-14,Jared Goff,DET,PIT,5,02:25,0,DET 45,Take lead,FAILURE,Punt,T,74.848,VERY_FAVORABLE,no,1.2
2021_10_DET_PIT,2021,10,REG,2021-11-14,Mason Rudolph,PIT,DET,5,01:37,0,PIT 11,Take lead,FAILURE,Fumble lost,T,48.815,AVERAGE,no,1.2
2021_10_JAX_IND,2021,10,REG,2021-11-14,Trevor Lawrence,JAX,IND,4,02:22,-6,JAX 25,Tie or take lead,FAILURE,Fumble lost,L,37.825,AVERAGE,no,1.2
2021_10_NO_TEN,2021,10,REG,2021-11-14,Trevor Siemian,NO,TEN,4,03:34,-8,NO 29,TD + 2-point conversion,FAILURE,Two point conversion failed,L,11.167,VERY_DIFFICULT,no,1.2
2021_11_BAL_CHI,2021,11,REG,2021-11-21,Tyler Huntley,BAL,CHI,4,01:41,-4,BAL 28,Tie or take lead,CONVERSION,Offense reached required score state,W,21.804,DIFFICULT,no,1.2
2021_11_BAL_CHI,2021,11,REG,2021-11-21,Andy Dalton,CHI,BAL,4,00:22,-3,CHI 25,Tie or take lead,FAILURE,End game,L,22.472,DIFFICULT,no,1.2
2021_11_DET_CLE,2021,11,REG,2021-11-21,Tim Boyle,DET,CLE,4,05:16,-3,DET 16,Tie or take lead,FAILURE,Punt,L,56.299,FAVORABLE,no,1.2
2021_11_GB_MIN,2021,11,REG,2021-11-21,Aaron Rodgers,GB,MIN,4,02:17,-7,GB 25,Touchdown,CONVERSION,Touchdown down 7 kicker neutral,L,26.625,DIFFICULT,no,1.2
2021_11_GB_MIN,2021,11,REG,2021-11-21,Kirk Cousins,MIN,GB,4,02:08,0,MIN 25,Take lead,CONVERSION,Offense reached required score state,W,82.154,VERY_FAVORABLE,no,1.2
2021_11_PIT_LAC,2021,11,REG,2021-11-21,Justin Herbert,LAC,PIT,4,03:24,-3,LAC 25,Tie or take lead,CONVERSION,Offense reached required score state,W,62.85,FAVORABLE,no,1.2
2021_11_PIT_LAC,2021,11,REG,2021-11-21,Ben Roethlisberger,PIT,LAC,4,02:09,-4,PIT 25,Tie or take lead,FAILURE,Turnover on downs,L,37.825,AVERAGE,no,1.2
2021_11_WAS_CAR,2021,11,REG,2021-11-21,Cam Newton,CAR,WAS,4,01:50,-6,CAR 25,Tie or take lead,FAILURE,Turnover on downs,L,21.804,DIFFICULT,no,1.2
2021_12_ATL_JAX,2021,12,REG,2021-11-28,Trevor Lawrence,JAX,ATL,4,02:14,-7,JAX 18,Touchdown,FAILURE,Turnover on downs,L,16.623,VERY_DIFFICULT,no,1.2
2021_12_CHI_DET,2021,12,REG,2021-11-25,Andy Dalton,CHI,DET,4,08:30,-1,CHI 21,Tie or take lead,CONVERSION,Offense reached required score state,W,70.102,VERY_FAVORABLE,no,1.2
2021_12_CLE_BAL,2021,12,REG,2021-11-28,Baker Mayfield,CLE,BAL,4,01:10,-6,CLE 25,Tie or take lead,FAILURE,Turnover on downs,L,21.804,DIFFICULT,no,1.2
2021_12_LV_DAL,2021,12,REG,2021-11-25,Dak Prescott,DAL,LV,5,10:00,0,DAL 7,Take lead,FAILURE,Punt,L,48.815,AVERAGE,no,1.2
2021_12_LV_DAL,2021,12,REG,2021-11-25,Derek Carr,LV,DAL,5,08:40,0,LV 22,Take lead,CONVERSION,Offense reached required score state,W,63.447,FAVORABLE,no,1.2
2021_12_MIN_SF,2021,12,REG,2021-11-28,Kirk Cousins,MIN,SF,4,01:56,-8,MIN 32,TD + 2-point conversion,FAILURE,Turnover on downs,L,5.448,VERY_DIFFICULT,no,1.2
2021_12_NYJ_HOU,2021,12,REG,2021-11-28,Tyrod Taylor,HOU,NYJ,4,00:20,-7,HOU 20,Touchdown,FAILURE,End game,L,5.853,VERY_DIFFICULT,no,1.2
2021_12_PHI_NYG,2021,12,REG,2021-11-28,Jalen Hurts,PHI,NYG,4,01:11,-6,PHI 41,Tie or take lead,FAILURE,Turnover on downs,L,32.342,DIFFICULT,no,1.2
2021_12_SEA_WAS,2021,12,REG,2021-11-29,Russell Wilson,SEA,WAS,4,02:19,-8,SEA 4,TD + 2-point conversion,FAILURE,Two point conversion failed,L,6.461,VERY_DIFFICULT,no,1.2
2021_12_TB_IND,2021,12,REG,2021-11-28,Carson Wentz,IND,TB,4,00:20,-7,TB 32,Touchdown,FAILURE,Turnover,L,20.387,DIFFICULT,no,1.2
2021_12_TB_IND,2021,12,REG,2021-11-28,Tom Brady,TB,IND,4,03:29,0,TB 25,Take lead,CONVERSION,Offense reached required score state,W,82.154,VERY_FAVORABLE,no,1.2
2021_13_BAL_PIT,2021,13,REG,2021-12-05,Lamar Jackson,BAL,PIT,4,01:48,-7,BAL 40,Touchdown,CONVERSION,Touchdown down 7 kicker neutral,L,22.187,DIFFICULT,no,1.2
2021_13_BAL_PIT,2021,13,REG,2021-12-05,Ben Roethlisberger,PIT,BAL,4,06:21,-1,PIT 31,Tie or take lead,CONVERSION,Offense reached required score state,W,70.102,VERY_FAVORABLE,no,1.2
2021_13_MIN_DET,2021,13,REG,2021-12-05,Jared Goff,DET,MIN,4,01:50,-4,DET 25,Tie or take lead,CONVERSION,Offense reached required score state,W,21.804,DIFFICULT,no,1.2
2021_13_MIN_DET,2021,13,REG,2021-12-05,Kirk Cousins,MIN,DET,4,04:01,-2,DET 19,Tie or take lead,CONVERSION,Offense reached required score state,L,87.284,VERY_FAVORABLE,no,1.2
2021_13_NE_BUF,2021,13,REG,2021-12-06,Josh Allen,BUF,NE,4,05:47,-4,BUF 20,Tie or take lead,FAILURE,Turnover on downs,L,45.744,AVERAGE,no,1.2
2021_13_SF_SEA,2021,13,REG,2021-12-05,Jimmy Garoppolo,SF,SEA,4,04:03,-7,SF 2,Touchdown,FAILURE,Turnover on downs,L,16.623,VERY_DIFFICULT,no,1.2
2021_13_WAS_LV,2021,13,REG,2021-12-05,Derek Carr,LV,WAS,4,00:37,-2,LV 25,Tie or take lead,FAILURE,End game,L,22.472,DIFFICULT,no,1.2
2021_13_WAS_LV,2021,13,REG,2021-12-05,Taylor Heinicke,WAS,LV,4,02:22,-1,WAS 25,Tie or take lead,CONVERSION,Offense reached required score state,W,62.85,FAVORABLE,no,1.2
2021_14_BAL_CLE,2021,14,REG,2021-12-12,Tyler Huntley,BAL,CLE,4,01:17,-2,BAL 41,Tie or take lead,FAILURE,Turnover on downs,L,57.07,FAVORABLE,no,1.2
2021_14_BUF_TB,2021,14,REG,2021-12-12,Josh Allen,BUF,TB,5,10:00,0,BUF 25,Take lead,FAILURE,Punt,L,63.447,FAVORABLE,no,1.2
2021_14_BUF_TB,2021,14,REG,2021-12-12,Tom Brady,TB,BUF,5,08:48,0,TB 6,Take lead,CONVERSION,Offense reached required score state,W,48.815,AVERAGE,no,1.2
2021_14_DAL_WAS,2021,14,REG,2021-12-12,Kyle Allen,WAS,DAL,4,03:04,-7,WAS 30,Touchdown,FAILURE,Fumble lost,L,26.625,DIFFICULT,no,1.2
2021_14_LA_ARI,2021,14,REG,2021-12-13,Kyler Murray,ARI,LA,4,00:37,-7,ARI 48,Touchdown,FAILURE,End game,L,9.632,VERY_DIFFICULT,no,1.2
2021_14_PIT_MIN,2021,14,REG,2021-12-09,Ben Roethlisberger,PIT,MIN,4,02:16,-8,PIT 4,TD + 2-point conversion,FAILURE,End game,L,6.461,VERY_DIFFICULT,no,1.2
2021_14_SF_CIN,2021,14,REG,2021-12-12,Joe Burrow,CIN,SF,5,10:00,0,CIN 25,Take lead,CONVERSION,Offense reached required score state,L,63.447,FAVORABLE,no,1.2
2021_14_SF_CIN,2021,14,REG,2021-12-12,Jimmy Garoppolo,SF,CIN,5,06:15,-3,SF 25,Tie or take lead,CONVERSION,Offense reached required score state,W,38.946,AVERAGE,no,1.2
2021_15_CIN_DEN,2021,15,REG,2021-12-19,Drew Lock,DEN,CIN,4,01:04,-5,DEN 25,Tie or take lead,FAILURE,Turnover on downs,L,21.804,DIFFICULT,no,1.2
2021_15_GB_BAL,2021,15,REG,2021-12-19,Tyler Huntley,BAL,GB,4,02:24,-7,GB 49,Touchdown,CONVERSION,Touchdown down 7 kicker neutral,L,38.351,AVERAGE,no,1.2
2021_15_KC_LAC,2021,15,REG,2021-12-16,Patrick Mahomes,KC,LAC,5,10:00,0,KC 25,Take lead,CONVERSION,Offense reached required score state,W,63.447,FAVORABLE,no,1.2
2021_15_KC_LAC,2021,15,REG,2021-12-16,Justin Herbert,LAC,KC,4,01:16,0,LAC 25,Take lead,FAILURE,Punt,L,67.846,FAVORABLE,no,1.2
2021_15_LV_CLE,2021,15,REG,2021-12-20,Derek Carr,LV,CLE,4,01:50,-1,LV 29,Tie or take lead,CONVERSION,Offense reached required score state,W,43.675,AVERAGE,no,1.2
2021_15_NYJ_MIA,2021,15,REG,2021-12-19,Zach Wilson,NYJ,MIA,4,01:36,-7,NYJ 37,Touchdown,FAILURE,Turnover on downs,L,14.26,VERY_DIFFICULT,no,1.2
2021_15_TEN_PIT,2021,15,REG,2021-12-19,Ryan Tannehill,TEN,PIT,4,04:29,-6,TEN 25,Tie or take lead,FAILURE,Turnover on downs,L,37.825,AVERAGE,no,1.2
2021_16_CHI_SEA,2021,16,REG,2021-12-26,Nick Foles,CHI,SEA,4,02:56,-7,CHI 20,Touchdown,CONVERSION,Touchdown down 7 kicker neutral,W,26.625,DIFFICULT,no,1.2
2021_16_CHI_SEA,2021,16,REG,2021-12-26,Russell Wilson,SEA,CHI,4,01:01,-1,SEA 27,Tie or take lead,FAILURE,Turnover on downs,L,43.675,AVERAGE,no,1.2
2021_16_CLE_GB,2021,16,REG,2021-12-25,Baker Mayfield,CLE,GB,4,02:05,-2,CLE 25,Tie or take lead,FAILURE,Interception,L,62.85,FAVORABLE,no,1.2
2021_16_DEN_LV,2021,16,REG,2021-12-26,Drew Lock,DEN,LV,4,07:35,-4,DEN 25,Tie or take lead,FAILURE,Punt,L,45.744,AVERAGE,no,1.2
2021_16_DET_ATL,2021,16,REG,2021-12-26,Tim Boyle,DET,ATL,4,02:18,-4,ATL 37,Tie or take lead,FAILURE,Interception,L,71.476,VERY_FAVORABLE,no,1.2
2021_16_JAX_NYJ,2021,16,REG,2021-12-26,Trevor Lawrence,JAX,NYJ,4,01:47,-5,JAX 25,Tie or take lead,FAILURE,Turnover on downs,L,21.804,DIFFICULT,no,1.2
2021_16_SF_TEN,2021,16,REG,2021-12-23,Jimmy Garoppolo,SF,TEN,4,05:18,-7,SF 5,Touchdown,CONVERSION,Touchdown down 7 kicker neutral,L,21.65,DIFFICULT,no,1.2
2021_16_SF_TEN,2021,16,REG,2021-12-23,Ryan Tannehill,TEN,SF,4,02:20,0,TEN 25,Take lead,CONVERSION,Offense reached required score state,W,82.154,VERY_FAVORABLE,no,1.2
2021_17_CAR_NO,2021,17,REG,2022-01-02,Sam Darnold,CAR,NO,4,04:06,-8,CAR 23,TD + 2-point conversion,FAILURE,Interception,L,11.167,VERY_DIFFICULT,no,1.2
2021_17_KC_CIN,2021,17,REG,2022-01-02,Joe Burrow,CIN,KC,4,06:01,0,CIN 25,Take lead,CONVERSION,Offense reached required score state,W,86.45,VERY_FAVORABLE,no,1.2
2021_17_KC_CIN,2021,17,REG,2022-01-02,Patrick Mahomes,KC,CIN,4,11:44,-3,KC 32,Tie or take lead,CONVERSION,Offense reached required score state,L,69.961,FAVORABLE,no,1.2
2021_17_LA_BAL,2021,17,REG,2022-01-02,Tyler Huntley,BAL,LA,4,00:57,-1,BAL 25,Tie or take lead,FAILURE,Fumble lost,L,22.472,DIFFICULT,no,1.2
2021_17_LA_BAL,2021,17,REG,2022-01-02,Matthew Stafford,LA,BAL,4,04:30,-5,LA 25,Tie or take lead,CONVERSION,Offense reached required score state,W,37.825,AVERAGE,no,1.2
2021_17_LV_IND,2021,17,REG,2022-01-02,Carson Wentz,IND,LV,4,11:18,-3,IND 25,Tie or take lead,CONVERSION,Offense reached required score state,L,69.961,FAVORABLE,no,1.2
2021_17_LV_IND,2021,17,REG,2022-01-02,Derek Carr,LV,IND,4,01:56,0,LV 25,Take lead,CONVERSION,Offense reached required score state,W,67.846,FAVORABLE,no,1.2
2021_17_PHI_WAS,2021,17,REG,2022-01-02,Taylor Heinicke,WAS,PHI,4,02:21,-4,WAS 25,Tie or take lead,FAILURE,Interception,L,37.825,AVERAGE,no,1.2
2021_17_TB_NYJ,2021,17,REG,2022-01-02,Zach Wilson,NYJ,TB,4,00:15,-4,NYJ 30,Tie or take lead,FAILURE,Fumble lost,L,9.439,VERY_DIFFICULT,no,1.2
2021_17_TB_NYJ,2021,17,REG,2022-01-02,Tom Brady,TB,NYJ,4,02:12,-4,TB 7,Tie or take lead,CONVERSION,Offense reached required score state,W,25.052,DIFFICULT,no,1.2
2021_18_GB_DET,2021,18,REG,2022-01-09,Jordan Love,GB,DET,4,00:48,-7,GB 22,Touchdown,FAILURE,Interception,L,5.853,VERY_DIFFICULT,no,1.2
2021_18_KC_DEN,2021,18,REG,2022-01-08,Drew Lock,DEN,KC,4,07:42,-7,DEN 25,Touchdown,FAILURE,Field goal no conversion,L,33.462,DIFFICULT,no,1.2
2021_18_LAC_LV,2021,18,REG,2022-01-09,Justin Herbert,LAC,LV,5,07:09,-3,LAC 25,Tie or take lead,CONVERSION,Offense reached required score state,L,38.946,AVERAGE,no,1.2
2021_18_LAC_LV,2021,18,REG,2022-01-09,Derek Carr,LV,LAC,5,04:30,0,LV 25,Take lead,CONVERSION,Offense reached required score state,W,63.447,FAVORABLE,no,1.2
2021_18_PIT_BAL,2021,18,REG,2022-01-09,Tyler Huntley,BAL,PIT,5,10:00,0,BAL 24,Take lead,FAILURE,Punt,L,63.447,FAVORABLE,no,1.2
2021_18_PIT_BAL,2021,18,REG,2022-01-09,Ben Roethlisberger,PIT,BAL,5,06:24,0,PIT 17,Take lead,CONVERSION,Offense reached required score state,W,48.815,AVERAGE,no,1.2
2021_18_SF_LA,2021,18,REG,2022-01-09,Matthew Stafford,LA,SF,5,02:45,-3,LA 18,Tie or take lead,FAILURE,Turnover,L,25.952,DIFFICULT,no,1.2
2021_18_SF_LA,2021,18,REG,2022-01-09,Jimmy Garoppolo,SF,LA,5,10:00,0,SF 25,Take lead,CONVERSION,Offense reached required score state,W,63.447,FAVORABLE,no,1.2
2021_19_LV_CIN,2021,19,POST,2022-01-15,Derek Carr,LV,CIN,4,01:51,-7,LV 35,Touchdown,FAILURE,Interception,L,14.26,VERY_DIFFICULT,no,1.2
2021_19_SF_DAL,2021,19,POST,2022-01-16,Dak Prescott,DAL,SF,4,00:32,-6,DAL 20,Tie or take lead,FAILURE,End game,L,9.439,VERY_DIFFICULT,no,1.2
2021_20_BUF_KC,2021,20,POST,2022-01-23,Josh Allen,BUF,KC,4,01:02,-4,BUF 25,Tie or take lead,CONVERSION,Offense reached required score state,L,21.804,DIFFICULT,no,1.2
2021_20_BUF_KC,2021,20,POST,2022-01-23,Patrick Mahomes,KC,BUF,5,15:00,0,KC 25,Take lead,CONVERSION,Offense reached required score state,W,63.447,FAVORABLE,no,1.2
2021_20_CIN_TEN,2021,20,POST,2022-01-22,Joe Burrow,CIN,TEN,4,00:20,0,CIN 47,Take lead,CONVERSION,Offense reached required score state,W,57.486,FAVORABLE,no,1.2
2021_20_CIN_TEN,2021,20,POST,2022-01-22,Ryan Tannehill,TEN,CIN,4,02:43,0,TEN 16,Take lead,FAILURE,Interception,L,71.667,VERY_FAVORABLE,no,1.2
2021_20_LA_TB,2021,20,POST,2022-01-23,Matthew Stafford,LA,TB,4,00:42,0,LA 25,Take lead,CONVERSION,Offense reached required score state,W,44.094,AVERAGE,no,1.2
2021_20_LA_TB,2021,20,POST,2022-01-23,Tom Brady,TB,LA,4,02:25,-7,LA 30,Touchdown,CONVERSION,Touchdown down 7 kicker neutral,L,59.915,FAVORABLE,no,1.2
2021_20_SF_GB,2021,20,POST,2022-01-22,Aaron Rodgers,GB,SF,4,04:41,0,GB 29,Take lead,FAILURE,Punt,L,82.154,VERY_FAVORABLE,no,1.2
2021_20_SF_GB,2021,20,POST,2022-01-22,Jimmy Garoppolo,SF,GB,4,03:20,0,SF 29,Take lead,CONVERSION,Offense reached required score state,W,82.154,VERY_FAVORABLE,no,1.2
2021_21_CIN_KC,2021,21,POST,2022-01-30,Joe Burrow,CIN,KC,5,14:46,0,CIN 45,Take lead,CONVERSION,Offense reached required score state,W,74.848,VERY_FAVORABLE,no,1.2
2021_21_CIN_KC,2021,21,POST,2022-01-30,Patrick Mahomes,KC,CIN,5,15:00,0,KC 25,Take lead,FAILURE,Interception,L,63.447,FAVORABLE,no,1.2
2021_21_SF_LA,2021,21,POST,2022-01-30,Matthew Stafford,LA,SF,4,06:26,0,LA 39,Take lead,CONVERSION,Offense reached required score state,W,86.45,VERY_FAVORABLE,no,1.2
2021_21_SF_LA,2021,21,POST,2022-01-30,Jimmy Garoppolo,SF,LA,4,01:46,-3,SF 25,Tie or take lead,FAILURE,Interception,L,43.675,AVERAGE,no,1.2
2021_22_LA_CIN,2021,22,POST,2022-02-13,Joe Burrow,CIN,LA,4,01:25,-3,CIN 25,Tie or take lead,FAILURE,Turnover on downs,L,43.675,AVERAGE,no,1.2
2021_22_LA_CIN,2021,22,POST,2022-02-13,Matthew Stafford,LA,CIN,4,06:13,-4,LA 21,Tie or take lead,CONVERSION,Offense reached required score state,W,45.744,AVERAGE,no,1.2
2022_01_CLE_CAR,2022,1,REG,2022-09-11,Baker Mayfield,CAR,CLE,4,00:08,-2,CAR 25,Tie or take lead,FAILURE,End game,L,24.363,DIFFICULT,no,1.2
2022_01_CLE_CAR,2022,1,REG,2022-09-11,Jacoby Brissett,CLE,CAR,4,01:13,-1,CLE 25,Tie or take lead,CONVERSION,Offense reached required score state,W,46.654,AVERAGE,no,1.2
2022_01_DEN_SEA,2022,1,REG,2022-09-12,Russell Wilson,DEN,SEA,4,04:02,-1,DEN 22,Tie or take lead,MANUAL_REVIEW,Missed or blocked fg 56 plus,L,,,no,1.2
2022_01_IND_HOU,2022,1,REG,2022-09-11,Davis Mills,HOU,IND,5,01:57,0,HOU 32,Take lead,FAILURE,Punt,T,66.396,FAVORABLE,no,1.2
2022_01_IND_HOU,2022,1,REG,2022-09-11,Matt Ryan,IND,HOU,5,00:20,0,IND 6,Take lead,FAILURE,End game,T,51.766,AVERAGE,no,1.2
2022_01_JAX_WAS,2022,1,REG,2022-09-11,Trevor Lawrence,JAX,WAS,4,01:46,-6,JAX 25,Tie or take lead,FAILURE,Interception,L,23.382,DIFFICULT,no,1.2
2022_01_LV_LAC,2022,1,REG,2022-09-11,Derek Carr,LV,LAC,4,03:30,-5,LV 21,Tie or take lead,FAILURE,Turnover on downs,L,39.333,AVERAGE,no,1.2
2022_01_NO_ATL,2022,1,REG,2022-09-11,Marcus Mariota,ATL,NO,4,00:19,-1,ATL 25,Tie or take lead,MANUAL_REVIEW,Missed or blocked fg 56 plus,L,,,no,1.2
2022_01_NO_ATL,2022,1,REG,2022-09-11,Jameis Winston,NO,ATL,4,00:48,-2,NO 20,Tie or take lead,CONVERSION,Offense reached required score state,W,24.363,DIFFICULT,no,1.2
2022_01_NYG_TEN,2022,1,REG,2022-09-11,Daniel Jones,NYG,TEN,4,05:27,-7,NYG 27,Touchdown,CONVERSION,Touchdown down 7 kicker neutral,W,36.418,AVERAGE,no,1.2
2022_01_NYG_TEN,2022,1,REG,2022-09-11,Ryan Tannehill,TEN,NYG,4,01:06,-1,TEN 30,Tie or take lead,ND-K,Missed or blocked fg 46 to 55,L,,,no,1.2
2022_01_PIT_CIN,2022,1,REG,2022-09-11,Joe Burrow,CIN,PIT,5,02:22,0,CIN 45,Take lead,FAILURE,Punt,L,77.38,VERY_FAVORABLE,no,1.2
2022_01_PIT_CIN,2022,1,REG,2022-09-11,Mitchell Trubisky,PIT,CIN,5,00:56,0,PIT 20,Take lead,CONVERSION,Offense reached required score state,W,66.396,FAVORABLE,no,1.2
2022_02_ARI_LV,2022,2,REG,2022-09-18,Kyler Murray,ARI,LV,5,10:00,0,ARI 25,Take lead,FAILURE,Turnover on downs,W,66.396,FAVORABLE,no,1.2
2022_02_ARI_LV,2022,2,REG,2022-09-18,Derek Carr,LV,ARI,5,05:30,0,LV 37,Take lead,FAILURE,Opp touchdown,L,66.396,FAVORABLE,no,1.2
2022_02_ATL_LA,2022,2,REG,2022-09-18,Marcus Mariota,ATL,LA,4,03:22,-6,LA 37,Tie or take lead,FAILURE,Interception,L,72.278,VERY_FAVORABLE,no,1.2
2022_02_CAR_NYG,2022,2,REG,2022-09-18,Baker Mayfield,CAR,NYG,4,03:34,-3,CAR 25,Tie or take lead,FAILURE,Punt,L,65.01,FAVORABLE,no,1.2
2022_02_CIN_DAL,2022,2,REG,2022-09-18,Joe Burrow,CIN,DAL,4,02:13,0,CIN 8,Take lead,FAILURE,Punt,L,72.656,VERY_FAVORABLE,no,1.2
2022_02_CIN_DAL,2022,2,REG,2022-09-18,Cooper Rush,DAL,CIN,4,00:57,0,DAL 35,Take lead,CONVERSION,Offense reached required score state,W,45.889,AVERAGE,no,1.2
2022_02_HOU_DEN,2022,2,REG,2022-09-18,Davis Mills,HOU,DEN,4,00:53,-7,HOU 25,Touchdown,FAILURE,Turnover on downs,L,6.425,VERY_DIFFICULT,no,1.2
2022_02_MIA_BAL,2022,2,REG,2022-09-18,Lamar Jackson,BAL,MIA,4,00:14,-4,BAL 25,Tie or take lead,FAILURE,End game,L,10.104,VERY_DIFFICULT,no,1.2
2022_02_MIA_BAL,2022,2,REG,2022-09-18,Tua Tagovailoa,MIA,BAL,4,02:18,-3,MIA 32,Tie or take lead,CONVERSION,Offense reached required score state,W,65.01,FAVORABLE,no,1.2
2022_02_NE_PIT,2022,2,REG,2022-09-18,Mitchell Trubisky,PIT,NE,4,08:03,-3,PIT 20,Tie or take lead,FAILURE,Punt,L,72.877,VERY_FAVORABLE,no,1.2
2022_02_NYJ_CLE,2022,2,REG,2022-09-18,Jacoby Brissett,CLE,NYJ,4,00:22,-1,CLE 25,Tie or take lead,FAILURE,Interception,L,24.363,DIFFICULT,no,1.2
2022_02_NYJ_CLE,2022,2,REG,2022-09-18,Joe Flacco,NYJ,CLE,4,01:22,-6,NYJ 47,Tie or take lead,CONVERSION,Offense reached required score state,W,34.571,DIFFICULT,no,1.2
2022_03_ATL_SEA,2022,3,REG,2022-09-25,Geno Smith,SEA,ATL,4,05:12,-4,SEA 37,Tie or take lead,FAILURE,Interception,L,48.39,AVERAGE,no,1.2
2022_03_BUF_MIA,2022,3,REG,2022-09-25,Josh Allen,BUF,MIA,4,01:33,-2,BUF 23,Tie or take lead,FAILURE,End game,L,46.654,AVERAGE,no,1.2
2022_03_DAL_NYG,2022,3,REG,2022-09-26,Daniel Jones,NYG,DAL,4,01:45,-7,NYG 9,Touchdown,FAILURE,Interception,L,9.196,VERY_DIFFICULT,no,1.2
2022_03_DET_MIN,2022,3,REG,2022-09-25,Jared Goff,DET,MIN,4,00:45,-4,DET 25,Tie or take lead,FAILURE,Interception,L,10.104,VERY_DIFFICULT,no,1.2
2022_03_DET_MIN,2022,3,REG,2022-09-25,Kirk Cousins,MIN,DET,4,01:10,-3,MIN 44,Tie or take lead,CONVERSION,Offense reached required score state,W,60.225,FAVORABLE,no,1.2
2022_03_GB_TB,2022,3,REG,2022-09-25,Tom Brady,TB,GB,4,03:04,-8,TB 11,TD + 2-point conversion,FAILURE,Two point conversion failed,L,6.429,VERY_DIFFICULT,no,1.2
2022_03_HOU_CHI,2022,3,REG,2022-09-25,Justin Fields,CHI,HOU,4,01:05,0,HOU 12,Take lead,CONVERSION,Offense reached required score state,W,90.846,VERY_FAVORABLE,no,1.2
2022_03_HOU_CHI,2022,3,REG,2022-09-25,Davis Mills,HOU,CHI,4,01:42,0,HOU 17,Take lead,FAILURE,Interception,L,55.57,FAVORABLE,no,1.2
2022_03_KC_IND,2022,3,REG,2022-09-25,Matt Ryan,IND,KC,4,08:38,-4,IND 24,Tie or take lead,CONVERSION,Offense reached required score state,W,48.39,AVERAGE,no,1.2
2022_03_KC_IND,2022,3,REG,2022-09-25,Patrick Mahomes,KC,IND,4,00:24,-3,KC 30,Tie or take lead,FAILURE,Interception,L,24.363,DIFFICULT,no,1.2
2022_03_LV_TEN,2022,3,REG,2022-09-25,Derek Carr,LV,TEN,4,02:57,-8,LV 19,TD + 2-point conversion,FAILURE,Two point conversion failed,L,6.429,VERY_DIFFICULT,no,1.2
2022_03_SF_DEN,2022,3,REG,2022-09-25,Jimmy Garoppolo,SF,DEN,4,01:42,-1,SF 15,Tie or take lead,FAILURE,Fumble lost,L,32.206,DIFFICULT,no,1.2
2022_04_BUF_BAL,2022,4,REG,2022-10-02,Lamar Jackson,BAL,BUF,4,13:38,0,BAL 5,Take lead,FAILURE,Interception,L,82.028,VERY_FAVORABLE,no,1.2
2022_04_BUF_BAL,2022,4,REG,2022-10-02,Josh Allen,BUF,BAL,4,04:09,0,BUF 20,Take lead,CONVERSION,Offense reached required score state,W,83.027,VERY_FAVORABLE,no,1.2
2022_04_CHI_NYG,2022,4,REG,2022-10-02,Justin Fields,CHI,NYG,4,00:17,-8,CHI 27,TD + 2-point conversion,FAILURE,Fumble lost,L,2.146,VERY_DIFFICULT,no,1.2
2022_04_CLE_ATL,2022,4,REG,2022-10-02,Marcus Mariota,ATL,CLE,4,03:35,0,ATL 9,Take lead,CONVERSION,Offense reached required score state,W,72.656,VERY_FAVORABLE,no,1.2
2022_04_CLE_ATL,2022,4,REG,2022-10-02,Jacoby Brissett,CLE,ATL,4,02:28,-3,CLE 25,Tie or take lead,FAILURE,Interception,L,65.01,FAVORABLE,no,1.2
2022_04_JAX_PHI,2022,4,REG,2022-10-02,Trevor Lawrence,JAX,PHI,4,01:54,-8,JAX 21,TD + 2-point conversion,FAILURE,Fumble lost,L,5.619,VERY_DIFFICULT,no,1.2
2022_04_MIN_NO,2022,4,REG,2022-10-02,Kirk Cousins,MIN,NO,4,01:51,0,MIN 18,Take lead,CONVERSION,Offense reached required score state,W,55.57,FAVORABLE,no,1.2
2022_04_MIN_NO,2022,4,REG,2022-10-02,Andy Dalton,NO,MIN,4,00:24,-3,NO 25,Tie or take lead,MANUAL_REVIEW,Missed or blocked fg 56 plus,L,,,no,1.2
2022_04_NE_GB,2022,4,REG,2022-10-02,Aaron Rodgers,GB,NE,5,06:47,0,GB 10,Take lead,CONVERSION,Offense reached required score state,W,51.766,AVERAGE,no,1.2
2022_04_NE_GB,2022,4,REG,2022-10-02,Bailey Zappe,NE,GB,5,08:16,0,NE 49,Take lead,FAILURE,Punt,L,77.38,VERY_FAVORABLE,no,1.2
2022_04_NYJ_PIT,2022,4,REG,2022-10-02,Zach Wilson,NYJ,PIT,4,03:34,-3,NYJ 35,Tie or take lead,CONVERSION,Offense reached required score state,W,65.01,FAVORABLE,no,1.2
2022_04_NYJ_PIT,2022,4,REG,2022-10-02,Kenny Pickett,PIT,NYJ,4,00:16,-4,PIT 25,Tie or take lead,FAILURE,Turnover,L,10.104,VERY_DIFFICULT,no,1.2
2022_04_TEN_IND,2022,4,REG,2022-10-02,Matt Ryan,IND,TEN,4,04:46,-7,IND 34,Touchdown,FAILURE,Field goal no conversion,L,28.37,DIFFICULT,no,1.2
2022_05_CHI_MIN,2022,5,REG,2022-10-09,Justin Fields,CHI,MIN,4,02:26,-7,CHI 25,Touchdown,FAILURE,Fumble lost,L,28.37,DIFFICULT,no,1.2
2022_05_CHI_MIN,2022,5,REG,2022-10-09,Kirk Cousins,MIN,CHI,4,09:26,-1,MIN 25,Tie or take lead,CONVERSION,Offense reached required score state,W,72.877,VERY_FAVORABLE,no,1.2
2022_05_CIN_BAL,2022,5,REG,2022-10-09,Lamar Jackson,BAL,CIN,4,01:58,-1,BAL 25,Tie or take lead,CONVERSION,Offense reached required score state,W,46.654,AVERAGE,no,1.2
2022_05_CIN_BAL,2022,5,REG,2022-10-09,Joe Burrow,CIN,BAL,4,09:42,-6,CIN 25,Tie or take lead,CONVERSION,Offense reached required score state,L,48.39,AVERAGE,no,1.2
2022_05_HOU_JAX,2022,5,REG,2022-10-09,Trevor Lawrence,JAX,HOU,4,00:41,-7,JAX 13,Touchdown,FAILURE,Turnover,L,3.596,VERY_DIFFICULT,no,1.2
2022_05_IND_DEN,2022,5,REG,2022-10-06,Russell Wilson,DEN,IND,5,05:50,-3,DEN 25,Tie or take lead,FAILURE,Turnover on downs,L,42.872,AVERAGE,no,1.2
2022_05_IND_DEN,2022,5,REG,2022-10-06,Matt Ryan,IND,DEN,5,10:00,0,IND 25,Take lead,CONVERSION,Offense reached required score state,W,66.396,FAVORABLE,no,1.2
2022_05_LAC_CLE,2022,5,REG,2022-10-09,Jacoby Brissett,CLE,LAC,4,01:10,-2,LAC 45,Tie or take lead,ND-K,Missed or blocked fg 46 to 55,L,,,no,1.2
2022_05_LV_KC,2022,5,REG,2022-10-10,Derek Carr,LV,KC,4,02:29,-1,LV 7,Tie or take lead,FAILURE,Turnover on downs,L,50.229,AVERAGE,no,1.2
2022_05_NYG_GB,2022,5,REG,2022-10-09,Aaron Rodgers,GB,NYG,4,00:11,-5,GB 41,Tie or take lead,FAILURE,End game,L,16.29,VERY_DIFFICULT,no,1.2
2022_05_PHI_ARI,2022,5,REG,2022-10-09,Kyler Murray,ARI,PHI,4,01:45,-3,ARI 25,Tie or take lead,CONVERSION,Missed or blocked fg 45 or shorter,L,46.654,AVERAGE,no,1.2
2022_05_PHI_ARI,2022,5,REG,2022-10-09,Jalen Hurts,PHI,ARI,4,09:43,0,PHI 25,Take lead,CONVERSION,Offense reached required score state,W,87.615,VERY_FAVORABLE,no,1.2
2022_05_SEA_NO,2022,5,REG,2022-10-09,Geno Smith,SEA,NO,4,05:22,-7,SEA 25,Touchdown,FAILURE,Punt,L,36.418,AVERAGE,no,1.2
2022_05_TEN_WAS,2022,5,REG,2022-10-09,Carson Wentz,WAS,TEN,4,04:46,-4,WAS 11,Tie or take lead,FAILURE,Interception,L,26.044,DIFFICULT,no,1.2
2022_06_BAL_NYG,2022,6,REG,2022-10-16,Lamar Jackson,BAL,NYG,4,01:43,-4,BAL 25,Tie or take lead,FAILURE,Fumble lost,L,23.382,DIFFICULT,no,1.2
2022_06_BUF_KC,2022,6,REG,2022-10-16,Patrick Mahomes,KC,BUF,4,01:04,-4,KC 25,Tie or take lead,FAILURE,Interception,L,23.382,DIFFICULT,no,1.2
2022_06_CIN_NO,2022,6,REG,2022-10-16,Joe Burrow,CIN,NO,4,02:10,-2,CIN 40,Tie or take lead,CONVERSION,Offense reached required score state,W,76.285,VERY_FAVORABLE,no,1.2
2022_06_CIN_NO,2022,6,REG,2022-10-16,Andy Dalton,NO,CIN,4,01:57,-4,NO 30,Tie or take lead,FAILURE,Turnover on downs,L,23.382,DIFFICULT,no,1.2
2022_06_DEN_LAC,2022,6,REG,2022-10-17,Russell Wilson,DEN,LAC,5,07:10,0,DEN 31,Take lead,FAILURE,Punt,L,66.396,FAVORABLE,no,1.2
2022_06_DEN_LAC,2022,6,REG,2022-10-17,Justin Herbert,LAC,DEN,5,04:46,0,DEN 28,Take lead,CONVERSION,Offense reached required score state,W,88.821,VERY_FAVORABLE,no,1.2
2022_06_JAX_IND,2022,6,REG,2022-10-16,Matt Ryan,IND,JAX,4,02:44,-1,IND 34,Tie or take lead,CONVERSION,Offense reached required score state,W,65.01,FAVORABLE,no,1.2
2022_06_JAX_IND,2022,6,REG,2022-10-16,Trevor Lawrence,JAX,IND,4,00:17,-7,JAX 25,Touchdown,FAILURE,Fumble lost,L,6.425,VERY_DIFFICULT,no,1.2
2022_06_TB_PIT,2022,6,REG,2022-10-16,Tom Brady,TB,PIT,4,09:55,-8,TB 27,TD + 2-point conversion,FAILURE,Two point conversion failed,L,15.464,VERY_DIFFICULT,no,1.2
2022_06_WAS_CHI,2022,6,REG,2022-10-13,Justin Fields,CHI,WAS,4,01:49,-5,CHI 38,Tie or take lead,FAILURE,Turnover on downs,L,23.382,DIFFICULT,no,1.2
2022_07_CLE_BAL,2022,7,REG,2022-10-23,Jacoby Brissett,CLE,BAL,4,00:16,-3,CLE 20,Tie or take lead,FAILURE,Fumble lost,L,24.363,DIFFICULT,no,1.2
2022_07_GB_WAS,2022,7,REG,2022-10-23,Aaron Rodgers,GB,WAS,4,00:23,-2,GB 18,Tie or take lead,FAILURE,End game,L,14.891,VERY_DIFFICULT,no,1.2
2022_07_NYG_JAX,2022,7,REG,2022-10-23,Trevor Lawrence,JAX,NYG,4,01:04,-6,JAX 25,Tie or take lead,FAILURE,End game,L,23.382,DIFFICULT,no,1.2
2022_07_NYJ_DEN,2022,7,REG,2022-10-23,Brett Rypien,DEN,NYJ,4,01:30,-7,DEN 20,Touchdown,FAILURE,Turnover on downs,L,15.714,VERY_DIFFICULT,no,1.2
2022_07_PIT_MIA,2022,7,REG,2022-10-23,Kenny Pickett,PIT,MIA,4,02:31,-6,PIT 13,Tie or take lead,FAILURE,Interception,L,26.044,DIFFICULT,no,1.2
2022_08_ARI_MIN,2022,8,REG,2022-10-30,Kyler Murray,ARI,MIN,4,01:52,-8,ARI 13,TD + 2-point conversion,FAILURE,End game,L,3.133,VERY_DIFFICULT,no,1.2
2022_08_CAR_ATL,2022,8,REG,2022-10-30,Marcus Mariota,ATL,CAR,5,05:54,0,ATL 22,Take lead,CONVERSION,Offense reached required score state,W,66.396,FAVORABLE,no,1.2
2022_08_CAR_ATL,2022,8,REG,2022-10-30,PJ Walker,CAR,ATL,5,07:44,0,ATL 20,Take lead,CONVERSION,Missed or blocked fg 45 or shorter,L,89.492,VERY_FAVORABLE,no,1.2
2022_08_DEN_JAX,2022,8,REG,2022-10-30,Trevor Lawrence,JAX,DEN,4,01:43,-4,JAX 25,Tie or take lead,FAILURE,Interception,L,23.382,DIFFICULT,no,1.2
2022_08_MIA_DET,2022,8,REG,2022-10-30,Jared Goff,DET,MIA,4,08:19,-4,DET 12,Tie or take lead,FAILURE,Turnover on downs,L,33.744,DIFFICULT,no,1.2
2022_08_WAS_IND,2022,8,REG,2022-10-30,Sam Ehlinger,IND,WAS,4,00:22,-1,IND 25,Tie or take lead,FAILURE,End game,L,24.363,DIFFICULT,no,1.2
2022_08_WAS_IND,2022,8,REG,2022-10-30,Taylor Heinicke,WAS,IND,4,02:39,-6,WAS 11,Tie or take lead,CONVERSION,Offense reached required score state,W,26.044,DIFFICULT,no,1.2
2022_09_BUF_NYJ,2022,9,REG,2022-11-06,Josh Allen,BUF,NYJ,4,01:43,-3,BUF 25,Tie or take lead,FAILURE,Turnover on downs,L,46.654,AVERAGE,no,1.2
2022_09_BUF_NYJ,2022,9,REG,2022-11-06,Zach Wilson,NYJ,BUF,4,07:53,0,NYJ 4,Take lead,CONVERSION,Offense reached required score state,W,79.35,VERY_FAVORABLE,no,1.2
2022_09_GB_DET,2022,9,REG,2022-11-06,Aaron Rodgers,GB,DET,4,02:00,-6,GB 43,Tie or take lead,FAILURE,Turnover on downs,L,34.571,DIFFICULT,no,1.2
2022_09_LAC_ATL,2022,9,REG,2022-11-06,Marcus Mariota,ATL,LAC,4,05:27,0,ATL 25,Take lead,FAILURE,Punt,L,87.615,VERY_FAVORABLE,no,1.2
2022_09_LAC_ATL,2022,9,REG,2022-11-06,Justin Herbert,LAC,ATL,4,00:34,0,ATL 43,Take lead,CONVERSION,Offense reached required score state,W,59.486,FAVORABLE,no,1.2
2022_09_LA_TB,2022,9,REG,2022-11-06,Tom Brady,TB,LA,4,00:44,-4,TB 40,Tie or take lead,CONVERSION,Offense reached required score state,W,16.29,VERY_DIFFICULT,no,1.2
2022_09_LV_JAX,2022,9,REG,2022-11-06,Derek Carr,LV,JAX,4,01:03,-7,LV 25,Touchdown,FAILURE,Fumble lost,L,15.714,VERY_DIFFICULT,no,1.2
2022_09_MIA_CHI,2022,9,REG,2022-11-06,Justin Fields,CHI,MIA,4,02:38,-3,CHI 28,Tie or take lead,FAILURE,Turnover on downs,L,65.01,FAVORABLE,no,1.2
2022_09_MIN_WAS,2022,9,REG,2022-11-06,Kirk Cousins,MIN,WAS,4,06:12,0,MIN 46,Take lead,CONVERSION,Offense reached required score state,W,92.452,VERY_FAVORABLE,no,1.2
2022_09_MIN_WAS,2022,9,REG,2022-11-06,Taylor Heinicke,WAS,MIN,4,07:46,0,WAS 25,Take lead,FAILURE,Punt,L,87.615,VERY_FAVORABLE,no,1.2
2022_09_TEN_KC,2022,9,REG,2022-11-06,Patrick Mahomes,KC,TEN,5,10:00,0,KC 25,Take lead,CONVERSION,Offense reached required score state,W,66.396,FAVORABLE,no,1.2
2022_09_TEN_KC,2022,9,REG,2022-11-06,Malik Willis,TEN,KC,5,04:04,-3,TEN 25,Tie or take lead,FAILURE,Turnover on downs,L,42.872,AVERAGE,no,1.2
2022_10_DAL_GB,2022,10,REG,2022-11-13,Dak Prescott,DAL,GB,5,10:00,0,DAL 25,Take lead,FAILURE,Turnover on downs,L,66.396,FAVORABLE,no,1.2
2022_10_DAL_GB,2022,10,REG,2022-11-13,Aaron Rodgers,GB,DAL,5,06:15,0,GB 35,Take lead,CONVERSION,Offense reached required score state,W,66.396,FAVORABLE,no,1.2
2022_10_DEN_TEN,2022,10,REG,2022-11-13,Russell Wilson,DEN,TEN,4,02:59,-7,DEN 25,Touchdown,FAILURE,Interception,L,28.37,DIFFICULT,no,1.2
2022_10_DET_CHI,2022,10,REG,2022-11-13,Justin Fields,CHI,DET,4,02:21,-1,CHI 20,Tie or take lead,FAILURE,Turnover on downs,L,65.01,FAVORABLE,no,1.2
2022_10_IND_LV,2022,10,REG,2022-11-13,Matt Ryan,IND,LV,4,08:00,-1,IND 18,Tie or take lead,CONVERSION,Offense reached required score state,W,59.341,FAVORABLE,no,1.2
2022_10_IND_LV,2022,10,REG,2022-11-13,Derek Carr,LV,IND,4,05:07,-5,LV 25,Tie or take lead,FAILURE,Turnover on downs,L,48.39,AVERAGE,no,1.2
2022_10_LAC_SF,2022,10,REG,2022-11-13,Justin Herbert,LAC,SF,4,00:58,-6,LAC 23,Tie or take lead,FAILURE,Interception,L,10.104,VERY_DIFFICULT,no,1.2
2022_10_MIN_BUF,2022,10,REG,2022-11-13,Josh Allen,BUF,MIN,5,03:42,-3,BUF 28,Tie or take lead,FAILURE,Turnover,L,42.872,AVERAGE,no,1.2
2022_10_MIN_BUF,2022,10,REG,2022-11-13,Kirk Cousins,MIN,BUF,5,10:00,0,MIN 25,Take lead,CONVERSION,Offense reached required score state,W,66.396,FAVORABLE,no,1.2
2022_10_WAS_PHI,2022,10,REG,2022-11-14,Jalen Hurts,PHI,WAS,4,03:26,-5,PHI 20,Tie or take lead,FAILURE,Punt,L,39.333,AVERAGE,no,1.2
2022_11_CHI_ATL,2022,11,REG,2022-11-20,Justin Fields,CHI,ATL,4,01:47,-3,CHI 25,Tie or take lead,FAILURE,Interception,L,46.654,AVERAGE,no,1.2
2022_11_KC_LAC,2022,11,REG,2022-11-20,Patrick Mahomes,KC,LAC,4,01:46,-4,KC 25,Tie or take lead,CONVERSION,Offense reached required score state,W,23.382,DIFFICULT,no,1.2
2022_11_KC_LAC,2022,11,REG,2022-11-20,Justin Herbert,LAC,KC,4,00:31,-3,LAC 25,Tie or take lead,FAILURE,Interception,L,24.363,DIFFICULT,no,1.2
2022_11_LV_DEN,2022,11,REG,2022-11-20,Russell Wilson,DEN,LV,4,00:16,0,DEN 25,Take lead,FAILURE,End half,L,45.889,AVERAGE,no,1.2
2022_11_LV_DEN,2022,11,REG,2022-11-20,Derek Carr,LV,DEN,5,10:00,0,LV 33,Take lead,CONVERSION,Offense reached required score state,W,66.396,FAVORABLE,no,1.2
2022_11_NYJ_NE,2022,11,REG,2022-11-20,Mac Jones,NE,NYJ,4,03:22,0,NE 34,Take lead,FAILURE,Punt,W,83.027,VERY_FAVORABLE,no,1.2
2022_11_NYJ_NE,2022,11,REG,2022-11-20,Zach Wilson,NYJ,NE,4,01:52,0,NYJ 20,Take lead,FAILURE,Punt,L,69.72,FAVORABLE,no,1.2
2022_11_PHI_IND,2022,11,REG,2022-11-20,Matt Ryan,IND,PHI,4,01:20,-1,IND 25,Tie or take lead,FAILURE,Turnover on downs,L,46.654,AVERAGE,no,1.2
2022_11_PHI_IND,2022,11,REG,2022-11-20,Jalen Hurts,PHI,IND,4,04:37,-6,PHI 25,Tie or take lead,CONVERSION,Offense reached required score state,W,39.333,AVERAGE,no,1.2
2022_12_ATL_WAS,2022,12,REG,2022-11-27,Marcus Mariota,ATL,WAS,4,05:03,-6,ATL 16,Tie or take lead,FAILURE,Interception,L,33.744,DIFFICULT,no,1.2
2022_12_BAL_JAX,2022,12,REG,2022-11-27,Lamar Jackson,BAL,JAX,4,00:14,-1,BAL 39,Tie or take lead,MANUAL_REVIEW,Missed or blocked fg 56 plus,L,,,no,1.2
2022_12_BAL_JAX,2022,12,REG,2022-11-27,Trevor Lawrence,JAX,BAL,4,02:02,-7,JAX 25,Touchdown,CONVERSION,Touchdown down 7 kicker neutral,W,28.37,DIFFICULT,no,1.2
2022_12_BUF_DET,2022,12,REG,2022-11-24,Josh Allen,BUF,DET,4,00:23,0,BUF 25,Take lead,CONVERSION,Offense reached required score state,W,45.889,AVERAGE,no,1.2
2022_12_BUF_DET,2022,12,REG,2022-11-24,Jared Goff,DET,BUF,4,02:40,-3,DET 25,Tie or take lead,CONVERSION,Offense reached required score state,L,65.01,FAVORABLE,no,1.2
2022_12_CIN_TEN,2022,12,REG,2022-11-27,Ryan Tannehill,TEN,CIN,4,13:42,-7,TEN 25,Touchdown,FAILURE,Field goal no conversion,L,40.489,AVERAGE,no,1.2
2022_12_LAC_ARI,2022,12,REG,2022-11-27,Kyler Murray,ARI,LAC,4,00:15,-1,ARI 32,Tie or take lead,FAILURE,End game,L,24.363,DIFFICULT,no,1.2
2022_12_LAC_ARI,2022,12,REG,2022-11-27,Justin Herbert,LAC,ARI,4,01:48,-7,ARI 38,Touchdown,CONVERSION,Touchdown down 7 kicker neutral,W,42.848,AVERAGE,no,1.2
2022_12_LV_SEA,2022,12,REG,2022-11-27,Derek Carr,LV,SEA,5,04:32,0,LV 14,Take lead,CONVERSION,Offense reached required score state,W,51.766,AVERAGE,no,1.2
2022_12_LV_SEA,2022,12,REG,2022-11-27,Geno Smith,SEA,LV,5,05:51,0,SEA 46,Take lead,FAILURE,Punt,L,77.38,VERY_FAVORABLE,no,1.2
2022_12_NE_MIN,2022,12,REG,2022-11-24,Mac Jones,NE,MIN,4,00:53,-7,NE 11,Touchdown,FAILURE,End game,L,3.596,VERY_DIFFICULT,no,1.2
2022_12_PIT_IND,2022,12,REG,2022-11-28,Matt Ryan,IND,PIT,4,03:52,-7,IND 7,Touchdown,FAILURE,Turnover on downs,L,17.705,VERY_DIFFICULT,no,1.2
2022_12_TB_CLE,2022,12,REG,2022-11-27,Jacoby Brissett,CLE,TB,5,02:45,0,CLE 29,Take lead,CONVERSION,Offense reached required score state,W,66.396,FAVORABLE,no,1.2
2022_12_TB_CLE,2022,12,REG,2022-11-27,Tom Brady,TB,CLE,5,05:27,0,TB 19,Take lead,FAILURE,Punt,L,51.766,AVERAGE,no,1.2
2022_13_DEN_BAL,2022,13,REG,2022-12-04,Tyler Huntley,BAL,DEN,4,05:02,-6,BAL 9,Tie or take lead,CONVERSION,Offense reached required score state,W,33.744,DIFFICULT,no,1.2
2022_13_DEN_BAL,2022,13,REG,2022-12-04,Russell Wilson,DEN,BAL,4,00:28,-1,DEN 18,Tie or take lead,MANUAL_REVIEW,Missed or blocked fg 56 plus,L,,,no,1.2
2022_13_KC_CIN,2022,13,REG,2022-12-04,Patrick Mahomes,KC,CIN,4,08:54,-3,KC 25,Tie or take lead,ND-K,Missed or blocked fg 46 to 55,L,,,no,1.2
2022_13_LAC_LV,2022,13,REG,2022-12-04,Justin Herbert,LAC,LV,4,05:12,-7,LAC 9,Touchdown,FAILURE,Turnover on downs,L,23.73,DIFFICULT,no,1.2
2022_13_NO_TB,2022,13,REG,2022-12-05,Tom Brady,TB,NO,4,02:29,-6,TB 37,Tie or take lead,CONVERSION,Offense reached required score state,W,39.333,AVERAGE,no,1.2
2022_13_NYJ_MIN,2022,13,REG,2022-12-04,Mike White,NYJ,MIN,4,01:19,-5,MIN 43,Tie or take lead,FAILURE,Interception,L,34.571,DIFFICULT,no,1.2
2022_13_PIT_ATL,2022,13,REG,2022-12-04,Marcus Mariota,ATL,PIT,4,00:42,-3,ATL 2,Tie or take lead,FAILURE,Interception,L,14.891,VERY_DIFFICULT,no,1.2
2022_13_SEA_LA,2022,13,REG,2022-12-04,John Wolford,LA,SEA,4,00:36,-4,LA 25,Tie or take lead,FAILURE,Interception,L,10.104,VERY_DIFFICULT,no,1.2
2022_13_SEA_LA,2022,13,REG,2022-12-04,Geno Smith,SEA,LA,4,02:56,-3,SEA 25,Tie or take lead,CONVERSION,Offense reached required score state,W,65.01,FAVORABLE,no,1.2
2022_13_WAS_NYG,2022,13,REG,2022-12-04,Daniel Jones,NYG,WAS,5,00:28,0,NYG 43,Take lead,MANUAL_REVIEW,Missed or blocked fg 56 plus,T,,,no,1.2
2022_13_WAS_NYG,2022,13,REG,2022-12-04,Taylor Heinicke,WAS,NYG,5,01:36,0,WAS 10,Take lead,FAILURE,Punt,T,51.766,AVERAGE,no,1.2
2022_14_HOU_DAL,2022,14,REG,2022-12-11,Dak Prescott,DAL,HOU,4,03:20,-3,DAL 2,Tie or take lead,CONVERSION,Offense reached required score state,W,50.229,AVERAGE,no,1.2
2022_14_HOU_DAL,2022,14,REG,2022-12-11,Davis Mills,HOU,DAL,4,00:41,-4,HOU 25,Tie or take lead,FAILURE,Interception,L,10.104,VERY_DIFFICULT,no,1.2
2022_14_KC_DEN,2022,14,REG,2022-12-11,Brett Rypien,DEN,KC,4,05:49,-6,DEN 46,Tie or take lead,FAILURE,Interception,L,61.88,FAVORABLE,no,1.2
2022_14_LV_LA,2022,14,REG,2022-12-08,Baker Mayfield,LA,LV,4,01:45,-6,LA 2,Tie or take lead,CONVERSION,Offense reached required score state,W,14.22,VERY_DIFFICULT,no,1.2
2022_14_LV_LA,2022,14,REG,2022-12-08,Derek Carr,LV,LA,4,00:10,-1,LV 25,Tie or take lead,FAILURE,Interception,L,24.363,DIFFICULT,no,1.2
2022_14_NYJ_BUF,2022,14,REG,2022-12-11,Mike White,NYJ,BUF,4,00:46,-8,NYJ 21,TD + 2-point conversion,FAILURE,Turnover on downs,L,2.146,VERY_DIFFICULT,no,1.2
2022_15_ATL_NO,2022,15,REG,2022-12-18,Desmond Ridder,ATL,NO,4,06:06,-3,ATL 10,Tie or take lead,FAILURE,Fumble lost,L,59.341,FAVORABLE,no,1.2
2022_15_DAL_JAX,2022,15,REG,2022-12-18,Dak Prescott,DAL,JAX,5,08:48,0,DAL 20,Take lead,FAILURE,Interception,L,66.396,FAVORABLE,no,1.2
2022_15_DAL_JAX,2022,15,REG,2022-12-18,Trevor Lawrence,JAX,DAL,5,10:00,0,JAX 25,Take lead,FAILURE,Punt,W,66.396,FAVORABLE,no,1.2
2022_15_DET_NYJ,2022,15,REG,2022-12-18,Jared Goff,DET,NYJ,4,04:41,-4,DET 22,Tie or take lead,CONVERSION,Offense reached required score state,W,39.333,AVERAGE,no,1.2
2022_15_DET_NYJ,2022,15,REG,2022-12-18,Zach Wilson,NYJ,DET,4,01:49,-3,NYJ 25,Tie or take lead,MANUAL_REVIEW,Missed or blocked fg 56 plus,L,,,no,1.2
2022_15_IND_MIN,2022,15,REG,2022-12-17,Matt Ryan,IND,MIN,5,04:50,0,IND 13,Take lead,FAILURE,Punt,L,51.766,AVERAGE,no,1.2
2022_15_IND_MIN,2022,15,REG,2022-12-17,Kirk Cousins,MIN,IND,5,01:41,0,MIN 18,Take lead,CONVERSION,Offense reached required score state,W,51.766,AVERAGE,no,1.2
2022_15_KC_HOU,2022,15,REG,2022-12-18,Davis Mills,HOU,KC,5,05:34,0,HOU 13,Take lead,FAILURE,Fumble lost,L,51.766,AVERAGE,no,1.2
2022_15_KC_HOU,2022,15,REG,2022-12-18,Patrick Mahomes,KC,HOU,5,05:19,0,HOU 26,Take lead,CONVERSION,Offense reached required score state,W,88.821,VERY_FAVORABLE,no,1.2
2022_15_MIA_BUF,2022,15,REG,2022-12-17,Josh Allen,BUF,MIA,4,05:56,0,BUF 7,Take lead,CONVERSION,Offense reached required score state,W,79.35,VERY_FAVORABLE,no,1.2
2022_15_MIA_BUF,2022,15,REG,2022-12-17,Tua Tagovailoa,MIA,BUF,4,09:02,0,MIA 25,Take lead,FAILURE,Punt,L,87.615,VERY_FAVORABLE,no,1.2
2022_15_NE_LV,2022,15,REG,2022-12-18,Derek Carr,LV,NE,4,02:11,-7,LV 19,Touchdown,CONVERSION,Touchdown down 7 kicker neutral,W,17.705,VERY_DIFFICULT,no,1.2
2022_15_NE_LV,2022,15,REG,2022-12-18,Mac Jones,NE,LV,4,00:32,0,NE 25,Take lead,FAILURE,Fumble lost,L,45.889,AVERAGE,no,1.2
2022_15_NYG_WAS,2022,15,REG,2022-12-18,Taylor Heinicke,WAS,NYG,4,01:55,-8,WAS 43,TD + 2-point conversion,FAILURE,Turnover on downs,L,9.345,VERY_DIFFICULT,no,1.2
2022_15_TEN_LAC,2022,15,REG,2022-12-18,Justin Herbert,LAC,TEN,4,00:48,0,LAC 23,Take lead,CONVERSION,Offense reached required score state,W,45.889,AVERAGE,no,1.2
2022_15_TEN_LAC,2022,15,REG,2022-12-18,Ryan Tannehill,TEN,LAC,4,02:57,-7,TEN 26,Touchdown,CONVERSION,Touchdown down 7 kicker neutral,L,28.37,DIFFICULT,no,1.2
2022_16_CIN_NE,2022,16,REG,2022-12-24,Mac Jones,NE,CIN,4,00:41,-4,NE 24,Tie or take lead,FAILURE,Turnover on downs,L,10.104,VERY_DIFFICULT,no,1.2
2022_16_GB_MIA,2022,16,REG,2022-12-25,Tua Tagovailoa,MIA,GB,4,02:02,-6,MIA 28,Tie or take lead,FAILURE,Interception,L,39.333,AVERAGE,no,1.2
2022_16_HOU_TEN,2022,16,REG,2022-12-24,Malik Willis,TEN,HOU,4,01:10,-5,TEN 4,Tie or take lead,FAILURE,Turnover,L,14.22,VERY_DIFFICULT,no,1.2
2022_16_LV_PIT,2022,16,REG,2022-12-24,Derek Carr,LV,PIT,4,00:46,-3,LV 29,Tie or take lead,FAILURE,Interception,L,24.363,DIFFICULT,no,1.2
2022_16_NO_CLE,2022,16,REG,2022-12-24,Deshaun Watson,CLE,NO,4,05:16,-7,CLE 20,Touchdown,FAILURE,Turnover on downs,L,36.418,AVERAGE,no,1.2
2022_16_NYG_MIN,2022,16,REG,2022-12-24,Kirk Cousins,MIN,NYG,4,02:01,0,MIN 25,Take lead,CONVERSION,Offense reached required score state,W,83.027,VERY_FAVORABLE,no,1.2
2022_16_NYG_MIN,2022,16,REG,2022-12-24,Daniel Jones,NYG,MIN,4,03:00,-8,NYG 25,TD + 2-point conversion,CONVERSION,Offense reached required score state,L,11.228,VERY_DIFFICULT,no,1.2
2022_16_PHI_DAL,2022,16,REG,2022-12-24,Gardner Minshew,PHI,DAL,4,01:41,-6,PHI 25,Tie or take lead,FAILURE,Turnover on downs,L,23.382,DIFFICULT,no,1.2
2022_16_TB_ARI,2022,16,REG,2022-12-25,Trace McSorley,ARI,TB,5,10:00,0,ARI 25,Take lead,FAILURE,Punt,L,66.396,FAVORABLE,no,1.2
2022_16_TB_ARI,2022,16,REG,2022-12-25,Tom Brady,TB,ARI,5,07:43,0,TB 12,Take lead,CONVERSION,Offense reached required score state,W,51.766,AVERAGE,no,1.2
2022_17_ARI_ATL,2022,17,REG,2023-01-01,David Blough,ARI,ATL,4,09:36,-1,ARI 25,Tie or take lead,CONVERSION,Offense reached required score state,L,72.877,VERY_FAVORABLE,no,1.2
2022_17_ARI_ATL,2022,17,REG,2023-01-01,Desmond Ridder,ATL,ARI,4,04:57,-2,ATL 25,Tie or take lead,CONVERSION,Offense reached required score state,W,65.01,FAVORABLE,no,1.2
2022_17_CAR_TB,2022,17,REG,2023-01-01,Sam Darnold,CAR,TB,4,00:26,-6,CAR 8,Tie or take lead,FAILURE,End game,L,5.754,VERY_DIFFICULT,no,1.2
2022_17_DEN_KC,2022,17,REG,2023-01-01,Russell Wilson,DEN,KC,4,03:53,-3,DEN 26,Tie or take lead,FAILURE,Turnover on downs,L,65.01,FAVORABLE,no,1.2
2022_17_PIT_BAL,2022,17,REG,2023-01-01,Tyler Huntley,BAL,PIT,4,00:56,-3,BAL 25,Tie or take lead,FAILURE,Interception,L,24.363,DIFFICULT,no,1.2
2022_17_PIT_BAL,2022,17,REG,2023-01-01,Kenny Pickett,PIT,BAL,4,04:16,-4,PIT 20,Tie or take lead,CONVERSION,Offense reached required score state,W,39.333,AVERAGE,no,1.2
2022_17_SF_LV,2022,17,REG,2023-01-01,Jarrett Stidham,LV,SF,5,10:00,0,LV 25,Take lead,FAILURE,Interception,L,66.396,FAVORABLE,no,1.2
2022_17_SF_LV,2022,17,REG,2023-01-01,Brock Purdy,SF,LV,5,07:39,0,LV 3,Take lead,CONVERSION,Offense reached required score state,W,89.492,VERY_FAVORABLE,no,1.2
2022_18_CAR_NO,2022,18,REG,2023-01-08,Sam Darnold,CAR,NO,4,01:20,0,CAR 45,Take lead,CONVERSION,Offense reached required score state,W,79.946,VERY_FAVORABLE,no,1.2
2022_18_CAR_NO,2022,18,REG,2023-01-08,Andy Dalton,NO,CAR,4,01:36,0,CAR 35,Take lead,ND-K,Missed or blocked fg 46 to 55,L,,,no,1.2
2022_18_DET_GB,2022,18,REG,2023-01-08,Aaron Rodgers,GB,DET,4,05:55,-4,GB 21,Tie or take lead,FAILURE,Interception,L,48.39,AVERAGE,no,1.2
2022_18_HOU_IND,2022,18,REG,2023-01-08,Davis Mills,HOU,IND,4,03:33,-7,HOU 17,Touchdown,CONVERSION,Touchdown down 7 kicker neutral,W,17.705,VERY_DIFFICULT,no,1.2
2022_18_HOU_IND,2022,18,REG,2023-01-08,Sam Ehlinger,IND,HOU,4,00:50,-1,IND 25,Tie or take lead,FAILURE,End game,L,24.363,DIFFICULT,no,1.2
2022_18_LAC_DEN,2022,18,REG,2023-01-08,Chase Daniel,LAC,DEN,4,04:16,-3,LAC 40,Tie or take lead,FAILURE,Punt,L,76.285,VERY_FAVORABLE,no,1.2
2022_18_LA_SEA,2022,18,REG,2023-01-08,Baker Mayfield,LA,SEA,5,09:16,0,LA 26,Take lead,FAILURE,Interception,L,66.396,FAVORABLE,no,1.2
2022_18_LA_SEA,2022,18,REG,2023-01-08,Geno Smith,SEA,LA,5,08:24,0,SEA 36,Take lead,CONVERSION,Offense reached required score state,W,66.396,FAVORABLE,no,1.2
2022_18_NYJ_MIA,2022,18,REG,2023-01-08,Skylar Thompson,MIA,NYJ,4,03:01,0,MIA 32,Take lead,CONVERSION,Offense reached required score state,W,83.027,VERY_FAVORABLE,no,1.2
2022_18_NYJ_MIA,2022,18,REG,2023-01-08,Joe Flacco,NYJ,MIA,4,00:18,-3,NYJ 25,Tie or take lead,FAILURE,Safety,L,24.363,DIFFICULT,no,1.2
2022_18_TEN_JAX,2022,18,REG,2023-01-07,Trevor Lawrence,JAX,TEN,4,09:45,-3,JAX 34,Tie or take lead,FAILURE,Punt,W,72.877,VERY_FAVORABLE,no,1.2
2022_18_TEN_JAX,2022,18,REG,2023-01-07,Joshua Dobbs,TEN,JAX,4,02:51,-4,TEN 25,Tie or take lead,FAILURE,Turnover on downs,L,39.333,AVERAGE,no,1.2
2022_19_BAL_CIN,2022,19,POST,2023-01-15,Tyler Huntley,BAL,CIN,4,03:14,-7,CIN 46,Touchdown,FAILURE,Turnover on downs,L,40.679,AVERAGE,no,1.2
2022_19_LAC_JAX,2022,19,POST,2023-01-14,Trevor Lawrence,JAX,LAC,4,03:09,-2,JAX 21,Tie or take lead,CONVERSION,Offense reached required score state,W,65.01,FAVORABLE,no,1.2
2022_19_MIA_BUF,2022,19,POST,2023-01-15,Skylar Thompson,MIA,BUF,4,04:24,-3,MIA 14,Tie or take lead,FAILURE,Turnover on downs,L,50.229,AVERAGE,no,1.2
2022_19_NYG_MIN,2022,19,POST,2023-01-15,Kirk Cousins,MIN,NYG,4,02:56,-7,MIN 12,Touchdown,FAILURE,Turnover on downs,L,17.705,VERY_DIFFICULT,no,1.2
2022_20_DAL_SF,2022,20,POST,2023-01-22,Dak Prescott,DAL,SF,4,00:45,-7,DAL 6,Touchdown,FAILURE,End game,L,3.596,VERY_DIFFICULT,no,1.2
2022_21_CIN_KC,2022,21,POST,2023-01-29,Joe Burrow,CIN,KC,4,02:30,0,CIN 6,Take lead,FAILURE,Punt,L,72.656,VERY_FAVORABLE,no,1.2
2022_21_CIN_KC,2022,21,POST,2023-01-29,Patrick Mahomes,KC,CIN,4,00:30,0,KC 47,Take lead,CONVERSION,Offense reached required score state,W,59.486,FAVORABLE,no,1.2
2022_22_KC_PHI,2022,22,POST,2023-02-12,Patrick Mahomes,KC,PHI,4,05:15,0,KC 25,Take lead,CONVERSION,Offense reached required score state,W,87.615,VERY_FAVORABLE,no,1.2
2022_22_KC_PHI,2022,22,POST,2023-02-12,Jalen Hurts,PHI,KC,4,09:22,-8,PHI 25,TD + 2-point conversion,CONVERSION,Offense reached required score state,L,15.464,VERY_DIFFICULT,no,1.2
2023_01_ARI_WAS,2023,1,REG,2023-09-10,Joshua Dobbs,ARI,WAS,4,02:23,-4,ARI 25,Tie or take lead,FAILURE,Turnover on downs,L,37.704,AVERAGE,no,1.2
2023_01_BUF_NYJ,2023,1,REG,2023-09-11,Josh Allen,BUF,NYJ,5,10:00,0,BUF 25,Take lead,FAILURE,Punt,L,64.128,FAVORABLE,no,1.2
2023_01_BUF_NYJ,2023,1,REG,2023-09-11,Zach Wilson,NYJ,BUF,4,04:51,0,BUF 27,Take lead,CONVERSION,Offense reached required score state,W,94.965,VERY_FAVORABLE,no,1.2
2023_01_DET_KC,2023,1,REG,2023-09-07,Patrick Mahomes,KC,DET,4,02:30,-1,KC 45,Tie or take lead,FAILURE,Turnover on downs,L,75.162,VERY_FAVORABLE,no,1.2
2023_01_LV_DEN,2023,1,REG,2023-09-10,Russell Wilson,DEN,LV,4,06:34,-1,DEN 25,Tie or take lead,FAILURE,Punt,L,70.595,VERY_FAVORABLE,no,1.2
2023_01_MIA_LAC,2023,1,REG,2023-09-10,Justin Herbert,LAC,MIA,4,01:45,-2,LAC 25,Tie or take lead,FAILURE,Turnover on downs,L,45.261,AVERAGE,no,1.2
2023_01_MIA_LAC,2023,1,REG,2023-09-10,Tua Tagovailoa,MIA,LAC,4,03:53,-4,MIA 25,Tie or take lead,CONVERSION,Offense reached required score state,W,37.704,AVERAGE,no,1.2
2023_01_PHI_NE,2023,1,REG,2023-09-10,Mac Jones,NE,PHI,4,01:57,-5,NE 44,Tie or take lead,FAILURE,Turnover on downs,L,34.0,DIFFICULT,no,1.2
2023_01_TB_MIN,2023,1,REG,2023-09-10,Kirk Cousins,MIN,TB,4,05:10,-3,MIN 25,Tie or take lead,FAILURE,Punt,L,70.595,VERY_FAVORABLE,no,1.2
2023_01_TEN_NO,2023,1,REG,2023-09-10,Ryan Tannehill,TEN,NO,4,06:42,-4,TEN 27,Tie or take lead,FAILURE,Field goal no conversion,L,45.873,AVERAGE,no,1.2
2023_02_CLE_PIT,2023,2,REG,2023-09-18,Deshaun Watson,CLE,PIT,4,02:55,-4,CLE 25,Tie or take lead,FAILURE,Turnover on downs,L,37.704,AVERAGE,no,1.2
2023_02_GB_ATL,2023,2,REG,2023-09-17,Desmond Ridder,ATL,GB,4,06:07,-2,ATL 27,Tie or take lead,CONVERSION,Offense reached required score state,W,70.595,VERY_FAVORABLE,no,1.2
2023_02_GB_ATL,2023,2,REG,2023-09-17,Jordan Love,GB,ATL,4,00:57,-1,GB 25,Tie or take lead,FAILURE,Turnover on downs,L,23.273,DIFFICULT,no,1.2
2023_02_KC_JAX,2023,2,REG,2023-09-17,Trevor Lawrence,JAX,KC,4,08:10,-8,JAX 25,TD + 2-point conversion,FAILURE,Turnover on downs,L,15.97,VERY_DIFFICULT,no,1.2
2023_02_LAC_TEN,2023,2,REG,2023-09-17,Justin Herbert,LAC,TEN,5,10:00,0,LAC 25,Take lead,FAILURE,Punt,L,64.128,FAVORABLE,no,1.2
2023_02_LAC_TEN,2023,2,REG,2023-09-17,Ryan Tannehill,TEN,LAC,5,09:32,0,TEN 39,Take lead,CONVERSION,Offense reached required score state,W,64.128,FAVORABLE,no,1.2
2023_02_MIA_NE,2023,2,REG,2023-09-17,Mac Jones,NE,MIA,4,02:14,-7,NE 45,Touchdown,FAILURE,Turnover on downs,L,40.116,AVERAGE,no,1.2
2023_02_NYG_ARI,2023,2,REG,2023-09-17,Joshua Dobbs,ARI,NYG,4,00:19,-3,ARI 20,Tie or take lead,FAILURE,End game,L,23.273,DIFFICULT,no,1.2
2023_02_NYG_ARI,2023,2,REG,2023-09-17,Daniel Jones,NYG,ARI,4,02:31,0,NYG 28,Take lead,CONVERSION,Offense reached required score state,W,81.718,VERY_FAVORABLE,no,1.2
2023_02_SEA_DET,2023,2,REG,2023-09-17,Jared Goff,DET,SEA,4,01:44,-3,50,Tie or take lead,CONVERSION,Offense reached required score state,L,59.338,FAVORABLE,no,1.2
2023_02_SEA_DET,2023,2,REG,2023-09-17,Geno Smith,SEA,DET,5,10:00,0,SEA 25,Take lead,CONVERSION,Offense reached required score state,W,64.128,FAVORABLE,no,1.2
2023_02_WAS_DEN,2023,2,REG,2023-09-17,Russell Wilson,DEN,WAS,4,00:48,-8,DEN 13,TD + 2-point conversion,FAILURE,Two point conversion failed,L,1.325,VERY_DIFFICULT,no,1.2
2023_03_IND_BAL,2023,3,REG,2023-09-24,Lamar Jackson,BAL,IND,5,04:10,0,BAL 46,Take lead,FAILURE,Turnover on downs,L,75.934,VERY_FAVORABLE,no,1.2
2023_03_IND_BAL,2023,3,REG,2023-09-24,Gardner Minshew,IND,BAL,5,03:21,0,IND 47,Take lead,CONVERSION,Offense reached required score state,W,75.934,VERY_FAVORABLE,no,1.2
2023_03_LAC_MIN,2023,3,REG,2023-09-24,Kirk Cousins,MIN,LAC,4,01:47,-4,LAC 24,Tie or take lead,FAILURE,Interception,L,55.189,FAVORABLE,no,1.2
2023_03_NE_NYJ,2023,3,REG,2023-09-24,Zach Wilson,NYJ,NE,4,00:16,-5,NYJ 17,Tie or take lead,FAILURE,End game,L,5.648,VERY_DIFFICULT,no,1.2
2023_03_NO_GB,2023,3,REG,2023-09-24,Jordan Love,GB,NO,4,05:23,-6,GB 20,Tie or take lead,CONVERSION,Offense reached required score state,W,45.873,AVERAGE,no,1.2
2023_03_NO_GB,2023,3,REG,2023-09-24,Jameis Winston,NO,GB,4,02:56,-1,NO 25,Tie or take lead,ND-K,Missed or blocked fg 46 to 55,L,,,no,1.2
2023_03_PIT_LV,2023,3,REG,2023-09-24,Jimmy Garoppolo,LV,PIT,4,04:35,-8,LV 48,TD + 2-point conversion,FAILURE,Field goal no conversion,L,19.325,VERY_DIFFICULT,no,1.2
2023_04_DEN_CHI,2023,4,REG,2023-10-01,Justin Fields,CHI,DEN,4,01:46,-3,CHI 25,Tie or take lead,FAILURE,Interception,L,45.261,AVERAGE,no,1.2
2023_04_DEN_CHI,2023,4,REG,2023-10-01,Russell Wilson,DEN,CHI,4,02:52,0,DEN 19,Take lead,CONVERSION,Offense reached required score state,W,71.418,VERY_FAVORABLE,no,1.2
2023_04_KC_NYJ,2023,4,REG,2023-10-01,Zach Wilson,NYJ,KC,4,10:51,-3,NYJ 25,Tie or take lead,FAILURE,Fumble lost,L,73.487,VERY_FAVORABLE,no,1.2
2023_04_LA_IND,2023,4,REG,2023-10-01,Anthony Richardson,IND,LA,4,01:32,0,IND 35,Take lead,FAILURE,Punt,L,68.31,FAVORABLE,no,1.2
2023_04_LA_IND,2023,4,REG,2023-10-01,Matthew Stafford,LA,IND,5,10:00,0,LA 25,Take lead,CONVERSION,Offense reached required score state,W,64.128,FAVORABLE,no,1.2
2023_04_LV_LAC,2023,4,REG,2023-10-01,Aidan O'Connell,LV,LAC,4,03:30,-7,LAC 34,Touchdown,FAILURE,Interception,L,61.56,FAVORABLE,no,1.2
2023_04_MIN_CAR,2023,4,REG,2023-10-01,Bryce Young,CAR,MIN,4,07:20,-8,CAR 26,TD + 2-point conversion,FAILURE,Turnover on downs,L,15.97,VERY_DIFFICULT,no,1.2
2023_04_WAS_PHI,2023,4,REG,2023-10-01,Jalen Hurts,PHI,WAS,5,08:26,0,PHI 41,Take lead,CONVERSION,Offense reached required score state,W,75.934,VERY_FAVORABLE,no,1.2
2023_04_WAS_PHI,2023,4,REG,2023-10-01,Sam Howell,WAS,PHI,5,10:00,0,WAS 25,Take lead,FAILURE,Punt,L,64.128,FAVORABLE,no,1.2
2023_05_BAL_PIT,2023,5,REG,2023-10-08,Lamar Jackson,BAL,PIT,4,00:49,-7,BAL 25,Touchdown,FAILURE,Turnover on downs,L,6.292,VERY_DIFFICULT,no,1.2
2023_05_GB_LV,2023,5,REG,2023-10-09,Jordan Love,GB,LV,4,01:56,-4,GB 42,Tie or take lead,FAILURE,Interception,L,34.0,DIFFICULT,no,1.2
2023_05_HOU_ATL,2023,5,REG,2023-10-08,Desmond Ridder,ATL,HOU,4,01:49,-1,ATL 25,Tie or take lead,CONVERSION,Offense reached required score state,W,45.261,AVERAGE,no,1.2
2023_05_HOU_ATL,2023,5,REG,2023-10-08,C.J. Stroud,HOU,ATL,4,06:57,-6,HOU 25,Tie or take lead,CONVERSION,Offense reached required score state,L,45.873,AVERAGE,no,1.2
2023_05_JAX_BUF,2023,5,REG,2023-10-08,Josh Allen,BUF,JAX,4,00:22,-5,BUF 6,Tie or take lead,FAILURE,Fumble lost,L,5.648,VERY_DIFFICULT,no,1.2
2023_05_KC_MIN,2023,5,REG,2023-10-08,Kirk Cousins,MIN,KC,4,01:07,-7,MIN 19,Touchdown,FAILURE,End game,L,9.282,VERY_DIFFICULT,no,1.2
2023_05_TEN_IND,2023,5,REG,2023-10-08,Ryan Tannehill,TEN,IND,4,01:00,-7,TEN 25,Touchdown,FAILURE,Interception,L,6.292,VERY_DIFFICULT,no,1.2
2023_06_DAL_LAC,2023,6,REG,2023-10-16,Dak Prescott,DAL,LAC,4,07:11,0,DAL 25,Take lead,CONVERSION,Offense reached required score state,W,86.224,VERY_FAVORABLE,no,1.2
2023_06_DAL_LAC,2023,6,REG,2023-10-16,Justin Herbert,LAC,DAL,4,02:19,-3,LAC 25,Tie or take lead,FAILURE,Interception,L,63.161,FAVORABLE,no,1.2
2023_06_MIN_CHI,2023,6,REG,2023-10-15,Tyson Bagent,CHI,MIN,4,06:44,-6,CHI 24,Tie or take lead,FAILURE,Interception,L,45.873,AVERAGE,no,1.2
2023_06_NE_LV,2023,6,REG,2023-10-15,Mac Jones,NE,LV,4,02:23,-2,NE 9,Tie or take lead,FAILURE,Safety,L,48.939,AVERAGE,no,1.2
2023_06_NO_HOU,2023,6,REG,2023-10-15,Derek Carr,NO,HOU,4,02:41,-7,NO 15,Touchdown,FAILURE,Interception,L,17.503,VERY_DIFFICULT,no,1.2
2023_06_NYG_BUF,2023,6,REG,2023-10-15,Tyrod Taylor,NYG,BUF,4,01:25,-5,NYG 43,Tie or take lead,FAILURE,End game,L,34.0,DIFFICULT,no,1.2
2023_06_PHI_NYJ,2023,6,REG,2023-10-15,Zach Wilson,NYJ,PHI,4,01:50,-2,PHI 8,Tie or take lead,CONVERSION,Offense reached required score state,W,78.586,VERY_FAVORABLE,no,1.2
2023_06_PHI_NYJ,2023,6,REG,2023-10-15,Jalen Hurts,PHI,NYJ,4,01:46,-6,PHI 25,Tie or take lead,FAILURE,Turnover on downs,L,22.594,DIFFICULT,no,1.2
2023_06_SEA_CIN,2023,6,REG,2023-10-15,Geno Smith,SEA,CIN,4,01:39,-4,SEA 40,Tie or take lead,FAILURE,Turnover on downs,L,34.0,DIFFICULT,no,1.2
2023_06_SF_CLE,2023,6,REG,2023-10-15,PJ Walker,CLE,SF,4,02:56,-1,CLE 26,Tie or take lead,CONVERSION,Offense reached required score state,W,63.161,FAVORABLE,no,1.2
2023_06_SF_CLE,2023,6,REG,2023-10-15,Brock Purdy,SF,CLE,4,01:40,-2,SF 25,Tie or take lead,CONVERSION,Missed or blocked fg 45 or shorter,L,45.261,AVERAGE,no,1.2
2023_06_WAS_ATL,2023,6,REG,2023-10-15,Desmond Ridder,ATL,WAS,4,02:00,-8,ATL 7,TD + 2-point conversion,FAILURE,Interception,L,3.53,VERY_DIFFICULT,no,1.2
2023_07_ATL_TB,2023,7,REG,2023-10-22,Desmond Ridder,ATL,TB,4,00:45,0,ATL 25,Take lead,CONVERSION,Offense reached required score state,W,44.158,AVERAGE,no,1.2
2023_07_ATL_TB,2023,7,REG,2023-10-22,Baker Mayfield,TB,ATL,4,02:36,-3,TB 33,Tie or take lead,CONVERSION,Offense reached required score state,L,63.161,FAVORABLE,no,1.2
2023_07_BUF_NE,2023,7,REG,2023-10-22,Josh Allen,BUF,NE,4,00:12,-4,BUF 25,Tie or take lead,FAILURE,Fumble lost,L,9.672,VERY_DIFFICULT,no,1.2
2023_07_BUF_NE,2023,7,REG,2023-10-22,Mac Jones,NE,BUF,4,01:58,-3,NE 25,Tie or take lead,CONVERSION,Offense reached required score state,W,45.261,AVERAGE,no,1.2
2023_07_CLE_IND,2023,7,REG,2023-10-22,PJ Walker,CLE,IND,4,02:35,-5,CLE 20,Tie or take lead,CONVERSION,Offense reached required score state,W,37.704,AVERAGE,no,1.2
2023_07_CLE_IND,2023,7,REG,2023-10-22,Gardner Minshew,IND,CLE,4,00:15,-1,IND 25,Tie or take lead,FAILURE,Fumble lost,L,23.273,DIFFICULT,no,1.2
2023_07_GB_DEN,2023,7,REG,2023-10-22,Jordan Love,GB,DEN,4,03:50,-2,GB 25,Tie or take lead,FAILURE,Interception,L,63.161,FAVORABLE,no,1.2
2023_07_JAX_NO,2023,7,REG,2023-10-19,Trevor Lawrence,JAX,NO,4,03:45,0,NO 46,Take lead,CONVERSION,Offense reached required score state,W,88.75,VERY_FAVORABLE,no,1.2
2023_07_JAX_NO,2023,7,REG,2023-10-19,Derek Carr,NO,JAX,4,03:08,-7,NO 25,Touchdown,FAILURE,Turnover on downs,L,27.513,DIFFICULT,no,1.2
2023_07_PIT_LA,2023,7,REG,2023-10-22,Matthew Stafford,LA,PIT,4,07:20,-7,LA 25,Touchdown,FAILURE,Punt,L,34.703,DIFFICULT,no,1.2
2023_07_SF_MIN,2023,7,REG,2023-10-23,Brock Purdy,SF,MIN,4,01:11,-5,SF 40,Tie or take lead,FAILURE,Interception,L,34.0,DIFFICULT,no,1.2
2023_07_WAS_NYG,2023,7,REG,2023-10-22,Sam Howell,WAS,NYG,4,07:46,-7,WAS 8,Touchdown,FAILURE,Turnover on downs,L,22.904,DIFFICULT,no,1.2
2023_08_ATL_TEN,2023,8,REG,2023-10-29,Taylor Heinicke,ATL,TEN,4,02:19,-5,ATL 13,Tie or take lead,FAILURE,Turnover on downs,L,25.28,DIFFICULT,no,1.2
2023_08_CLE_SEA,2023,8,REG,2023-10-29,PJ Walker,CLE,SEA,4,00:38,-4,CLE 25,Tie or take lead,FAILURE,Turnover on downs,L,9.672,VERY_DIFFICULT,no,1.2
2023_08_CLE_SEA,2023,8,REG,2023-10-29,Geno Smith,SEA,CLE,4,01:57,-3,SEA 43,Tie or take lead,CONVERSION,Offense reached required score state,W,59.338,FAVORABLE,no,1.2
2023_08_HOU_CAR,2023,8,REG,2023-10-29,Bryce Young,CAR,HOU,4,06:17,-1,CAR 9,Tie or take lead,CONVERSION,Offense reached required score state,W,57.302,FAVORABLE,no,1.2
2023_08_NYJ_NYG,2023,8,REG,2023-10-29,Tommy DeVito,NYG,NYJ,5,10:00,0,NYG 25,Take lead,FAILURE,Punt,L,64.128,FAVORABLE,no,1.2
2023_08_NYJ_NYG,2023,8,REG,2023-10-29,Zach Wilson,NYJ,NYG,5,08:11,0,NYJ 39,Take lead,CONVERSION,Offense reached required score state,W,64.128,FAVORABLE,no,1.2
2023_08_TB_BUF,2023,8,REG,2023-10-26,Baker Mayfield,TB,BUF,4,00:21,-6,TB 20,Tie or take lead,FAILURE,End game,L,9.672,VERY_DIFFICULT,no,1.2
2023_09_CHI_NO,2023,9,REG,2023-11-05,Tyson Bagent,CHI,NO,4,02:26,-7,CHI 37,Touchdown,FAILURE,Fumble lost,L,27.513,DIFFICULT,no,1.2
2023_09_DAL_PHI,2023,9,REG,2023-11-05,Dak Prescott,DAL,PHI,4,00:46,-5,DAL 14,Tie or take lead,FAILURE,Fumble lost,L,5.648,VERY_DIFFICULT,no,1.2
2023_09_MIA_KC,2023,9,REG,2023-11-05,Tua Tagovailoa,MIA,KC,4,02:28,-7,MIA 25,Touchdown,FAILURE,Turnover on downs,L,27.513,DIFFICULT,no,1.2
2023_09_MIN_ATL,2023,9,REG,2023-11-05,Taylor Heinicke,ATL,MIN,4,00:22,-3,ATL 25,Tie or take lead,FAILURE,End game,L,23.273,DIFFICULT,no,1.2
2023_09_MIN_ATL,2023,9,REG,2023-11-05,Joshua Dobbs,MIN,ATL,4,02:08,-4,MIN 25,Tie or take lead,CONVERSION,Offense reached required score state,W,37.704,AVERAGE,no,1.2
2023_09_TB_HOU,2023,9,REG,2023-11-05,C.J. Stroud,HOU,TB,4,00:46,-4,HOU 25,Tie or take lead,CONVERSION,Offense reached required score state,W,9.672,VERY_DIFFICULT,no,1.2
2023_09_TB_HOU,2023,9,REG,2023-11-05,Baker Mayfield,TB,HOU,4,04:27,-3,TB 39,Tie or take lead,CONVERSION,Offense reached required score state,L,63.161,FAVORABLE,no,1.2
2023_09_TEN_PIT,2023,9,REG,2023-11-02,Will Levis,TEN,PIT,4,01:44,-4,TEN 15,Tie or take lead,FAILURE,Interception,L,14.028,VERY_DIFFICULT,no,1.2
2023_09_WAS_NE,2023,9,REG,2023-11-05,Mac Jones,NE,WAS,4,02:07,-3,NE 9,Tie or take lead,FAILURE,Interception,L,48.939,AVERAGE,no,1.2
2023_10_ATL_ARI,2023,10,REG,2023-11-12,Kyler Murray,ARI,ATL,4,02:33,-1,ARI 25,Tie or take lead,CONVERSION,Offense reached required score state,W,63.161,FAVORABLE,no,1.2
2023_10_ATL_ARI,2023,10,REG,2023-11-12,Desmond Ridder,ATL,ARI,4,05:43,-5,ATL 26,Tie or take lead,CONVERSION,Offense reached required score state,L,45.873,AVERAGE,no,1.2
2023_10_CAR_CHI,2023,10,REG,2023-11-09,Bryce Young,CAR,CHI,4,07:10,-3,CAR 9,Tie or take lead,MANUAL_REVIEW,Missed or blocked fg 56 plus,L,,,no,1.2
2023_10_CLE_BAL,2023,10,REG,2023-11-12,Deshaun Watson,CLE,BAL,4,04:55,-1,CLE 20,Tie or take lead,CONVERSION,Offense reached required score state,W,63.161,FAVORABLE,no,1.2
2023_10_DEN_BUF,2023,10,REG,2023-11-13,Josh Allen,BUF,DEN,4,05:06,-6,BUF 25,Tie or take lead,CONVERSION,Offense reached required score state,L,45.873,AVERAGE,no,1.2
2023_10_DEN_BUF,2023,10,REG,2023-11-13,Russell Wilson,DEN,BUF,4,01:55,-1,DEN 25,Tie or take lead,CONVERSION,Offense reached required score state,W,45.261,AVERAGE,no,1.2
2023_10_DET_LAC,2023,10,REG,2023-11-12,Jared Goff,DET,LAC,4,03:34,0,DET 25,Take lead,CONVERSION,Offense reached required score state,W,81.718,VERY_FAVORABLE,no,1.2
2023_10_DET_LAC,2023,10,REG,2023-11-12,Justin Herbert,LAC,DET,4,07:30,-7,LAC 32,Touchdown,CONVERSION,Touchdown down 7 kicker neutral,L,34.703,DIFFICULT,no,1.2
2023_10_GB_PIT,2023,10,REG,2023-11-12,Jordan Love,GB,PIT,4,00:59,-4,GB 19,Tie or take lead,FAILURE,Interception,L,5.648,VERY_DIFFICULT,no,1.2
2023_10_HOU_CIN,2023,10,REG,2023-11-12,Joe Burrow,CIN,HOU,4,02:10,-3,CIN 29,Tie or take lead,CONVERSION,Offense reached required score state,L,63.161,FAVORABLE,no,1.2
2023_10_HOU_CIN,2023,10,REG,2023-11-12,C.J. Stroud,HOU,CIN,4,01:33,0,HOU 25,Take lead,CONVERSION,Offense reached required score state,W,68.31,FAVORABLE,no,1.2
2023_10_IND_NE,2023,10,REG,2023-11-12,Bailey Zappe,NE,IND,4,01:52,-4,NE 14,Tie or take lead,FAILURE,Interception,L,14.028,VERY_DIFFICULT,no,1.2
2023_10_NO_MIN,2023,10,REG,2023-11-12,Jameis Winston,NO,MIN,4,00:06,-8,MIN 48,TD + 2-point conversion,FAILURE,End game,L,4.066,VERY_DIFFICULT,no,1.2
2023_10_NYJ_LV,2023,10,REG,2023-11-12,Zach Wilson,NYJ,LV,4,00:53,-4,NYJ 20,Tie or take lead,FAILURE,End game,L,9.672,VERY_DIFFICULT,no,1.2
2023_10_WAS_SEA,2023,10,REG,2023-11-12,Geno Smith,SEA,WAS,4,00:52,0,SEA 25,Take lead,CONVERSION,Offense reached required score state,W,44.158,AVERAGE,no,1.2
2023_10_WAS_SEA,2023,10,REG,2023-11-12,Sam Howell,WAS,SEA,4,03:47,-7,WAS 29,Touchdown,CONVERSION,Touchdown down 7 kicker neutral,L,27.513,DIFFICULT,no,1.2
2023_11_ARI_HOU,2023,11,REG,2023-11-19,Kyler Murray,ARI,HOU,4,04:58,-5,ARI 19,Tie or take lead,FAILURE,Turnover on downs,L,25.28,DIFFICULT,no,1.2
2023_11_CHI_DET,2023,11,REG,2023-11-19,Justin Fields,CHI,DET,4,00:29,-3,CHI 25,Tie or take lead,FAILURE,Safety,L,23.273,DIFFICULT,no,1.2
2023_11_CHI_DET,2023,11,REG,2023-11-19,Jared Goff,DET,CHI,4,02:33,-5,DET 27,Tie or take lead,CONVERSION,Offense reached required score state,W,37.704,AVERAGE,no,1.2
2023_11_LAC_GB,2023,11,REG,2023-11-19,Justin Herbert,LAC,GB,4,01:27,-3,LAC 20,Tie or take lead,FAILURE,Turnover on downs,L,45.261,AVERAGE,no,1.2
2023_11_LV_MIA,2023,11,REG,2023-11-19,Aidan O'Connell,LV,MIA,4,01:58,-7,LV 7,Touchdown,FAILURE,Interception,L,9.282,VERY_DIFFICULT,no,1.2
2023_11_MIN_DEN,2023,11,REG,2023-11-19,Russell Wilson,DEN,MIN,4,03:17,-5,DEN 25,Tie or take lead,CONVERSION,Offense reached required score state,W,37.704,AVERAGE,no,1.2
2023_11_MIN_DEN,2023,11,REG,2023-11-19,Joshua Dobbs,MIN,DEN,4,01:03,-1,MIN 25,Tie or take lead,FAILURE,Turnover on downs,L,45.261,AVERAGE,no,1.2
2023_11_PHI_KC,2023,11,REG,2023-11-20,Patrick Mahomes,KC,PHI,4,02:49,-4,KC 9,Tie or take lead,FAILURE,Turnover on downs,L,25.28,DIFFICULT,no,1.2
2023_11_PIT_CLE,2023,11,REG,2023-11-19,Dorian Thompson-Robinson,CLE,PIT,4,01:18,0,CLE 35,Take lead,CONVERSION,Offense reached required score state,W,68.31,FAVORABLE,no,1.2
2023_11_PIT_CLE,2023,11,REG,2023-11-19,Kenny Pickett,PIT,CLE,4,01:42,0,PIT 30,Take lead,FAILURE,Punt,L,68.31,FAVORABLE,no,1.2
2023_11_SEA_LA,2023,11,REG,2023-11-19,Matthew Stafford,LA,SEA,4,06:43,-2,LA 21,Tie or take lead,CONVERSION,Offense reached required score state,W,70.595,VERY_FAVORABLE,no,1.2
2023_11_SEA_LA,2023,11,REG,2023-11-19,Geno Smith,SEA,LA,4,01:31,-1,SEA 25,Tie or take lead,ND-K,Missed or blocked fg 46 to 55,L,,,no,1.2
2023_12_BUF_PHI,2023,12,REG,2023-11-26,Josh Allen,BUF,PHI,5,10:00,0,BUF 25,Take lead,CONVERSION,Offense reached required score state,L,64.128,FAVORABLE,no,1.2
2023_12_BUF_PHI,2023,12,REG,2023-11-26,Jalen Hurts,PHI,BUF,5,05:52,-3,PHI 25,Tie or take lead,CONVERSION,Offense reached required score state,W,40.678,AVERAGE,no,1.2
2023_12_CAR_TEN,2023,12,REG,2023-11-26,Bryce Young,CAR,TEN,4,02:57,-7,CAR 20,Touchdown,FAILURE,Turnover on downs,L,27.513,DIFFICULT,no,1.2
2023_12_CHI_MIN,2023,12,REG,2023-11-27,Justin Fields,CHI,MIN,4,02:29,-1,CHI 22,Tie or take lead,CONVERSION,Offense reached required score state,W,63.161,FAVORABLE,no,1.2
2023_12_CHI_MIN,2023,12,REG,2023-11-27,Joshua Dobbs,MIN,CHI,4,00:10,-2,MIN 34,Tie or take lead,FAILURE,End game,L,23.273,DIFFICULT,no,1.2
2023_12_JAX_HOU,2023,12,REG,2023-11-26,C.J. Stroud,HOU,JAX,4,03:01,-3,HOU 11,Tie or take lead,MANUAL_REVIEW,Missed or blocked fg 56 plus,L,,,no,1.2
2023_12_NE_NYG,2023,12,REG,2023-11-26,Bailey Zappe,NE,NYG,4,03:15,-3,50,Tie or take lead,CONVERSION,Missed or blocked fg 45 or shorter,L,75.162,VERY_FAVORABLE,no,1.2
2023_12_TB_IND,2023,12,REG,2023-11-26,Baker Mayfield,TB,IND,4,02:21,-7,TB 35,Touchdown,FAILURE,Fumble lost,L,27.513,DIFFICULT,no,1.2
2023_13_ATL_NYJ,2023,13,REG,2023-12-03,Trevor Siemian,NYJ,ATL,4,01:53,-5,NYJ 7,Tie or take lead,FAILURE,Turnover on downs,L,14.028,VERY_DIFFICULT,no,1.2
2023_13_CAR_TB,2023,13,REG,2023-12-03,Bryce Young,CAR,TB,4,03:31,-3,CAR 31,Tie or take lead,FAILURE,Interception,L,63.161,FAVORABLE,no,1.2
2023_13_CIN_JAX,2023,13,REG,2023-12-04,Jake Browning,CIN,JAX,5,05:02,0,CIN 28,Take lead,CONVERSION,Offense reached required score state,W,64.128,FAVORABLE,no,1.2
2023_13_CIN_JAX,2023,13,REG,2023-12-04,C.J. Beathard,JAX,CIN,5,10:00,0,JAX 25,Take lead,FAILURE,Punt,L,64.128,FAVORABLE,no,1.2
2023_13_DEN_HOU,2023,13,REG,2023-12-03,Russell Wilson,DEN,HOU,4,04:36,-5,DEN 20,Tie or take lead,FAILURE,Interception,L,37.704,AVERAGE,no,1.2
2023_13_DET_NO,2023,13,REG,2023-12-03,Jameis Winston,NO,DET,4,05:54,-5,NO 18,Tie or take lead,FAILURE,Turnover on downs,L,32.146,DIFFICULT,no,1.2
2023_13_IND_TEN,2023,13,REG,2023-12-03,Gardner Minshew,IND,TEN,5,04:19,-3,IND 25,Tie or take lead,CONVERSION,Offense reached required score state,W,40.678,AVERAGE,no,1.2
2023_13_IND_TEN,2023,13,REG,2023-12-03,Will Levis,TEN,IND,5,10:00,0,TEN 25,Take lead,CONVERSION,Offense reached required score state,L,64.128,FAVORABLE,no,1.2
2023_13_KC_GB,2023,13,REG,2023-12-03,Patrick Mahomes,KC,GB,4,01:09,-8,KC 30,TD + 2-point conversion,FAILURE,Turnover on downs,L,6.143,VERY_DIFFICULT,no,1.2
2023_13_LAC_NE,2023,13,REG,2023-12-03,Bailey Zappe,NE,LAC,4,04:36,-6,NE 13,Tie or take lead,FAILURE,Turnover on downs,L,25.28,DIFFICULT,no,1.2
2023_13_SEA_DAL,2023,13,REG,2023-11-30,Geno Smith,SEA,DAL,4,01:43,-6,SEA 25,Tie or take lead,FAILURE,Turnover on downs,L,22.594,DIFFICULT,no,1.2
2023_14_BUF_KC,2023,14,REG,2023-12-10,Josh Allen,BUF,KC,4,06:57,0,BUF 31,Take lead,CONVERSION,Offense reached required score state,W,86.224,VERY_FAVORABLE,no,1.2
2023_14_BUF_KC,2023,14,REG,2023-12-10,Patrick Mahomes,KC,BUF,4,01:54,-3,KC 25,Tie or take lead,FAILURE,Turnover on downs,L,45.261,AVERAGE,no,1.2
2023_14_GB_NYG,2023,14,REG,2023-12-11,Jordan Love,GB,NYG,4,03:34,-5,NYG 36,Tie or take lead,CONVERSION,Offense reached required score state,L,71.861,VERY_FAVORABLE,no,1.2
2023_14_GB_NYG,2023,14,REG,2023-12-11,Tommy DeVito,NYG,GB,4,01:33,-1,NYG 25,Tie or take lead,CONVERSION,Offense reached required score state,W,45.261,AVERAGE,no,1.2
2023_14_LA_BAL,2023,14,REG,2023-12-10,Lamar Jackson,BAL,LA,5,10:00,0,BAL 25,Take lead,FAILURE,Punt,W,64.128,FAVORABLE,no,1.2
2023_14_LA_BAL,2023,14,REG,2023-12-10,Matthew Stafford,LA,BAL,5,08:56,0,LA 25,Take lead,FAILURE,Punt,L,64.128,FAVORABLE,no,1.2
2023_14_MIN_LV,2023,14,REG,2023-12-10,Aidan O'Connell,LV,MIN,4,01:57,-3,LV 25,Tie or take lead,FAILURE,Interception,L,45.261,AVERAGE,no,1.2
2023_14_NE_PIT,2023,14,REG,2023-12-07,Mitchell Trubisky,PIT,NE,4,02:44,-3,PIT 27,Tie or take lead,FAILURE,Turnover on downs,L,63.161,FAVORABLE,no,1.2
2023_14_TB_ATL,2023,14,REG,2023-12-10,Desmond Ridder,ATL,TB,4,00:31,-4,ATL 25,Tie or take lead,FAILURE,End game,L,9.672,VERY_DIFFICULT,no,1.2
2023_14_TB_ATL,2023,14,REG,2023-12-10,Baker Mayfield,TB,ATL,4,03:23,-3,TB 25,Tie or take lead,CONVERSION,Offense reached required score state,W,63.161,FAVORABLE,no,1.2
2023_14_TEN_MIA,2023,14,REG,2023-12-11,Tua Tagovailoa,MIA,TEN,4,01:49,-1,MIA 26,Tie or take lead,FAILURE,Turnover on downs,L,45.261,AVERAGE,no,1.2
2023_14_TEN_MIA,2023,14,REG,2023-12-11,Will Levis,TEN,MIA,4,02:15,-6,TEN 36,Tie or take lead,CONVERSION,Offense reached required score state,W,37.704,AVERAGE,no,1.2
2023_15_ATL_CAR,2023,15,REG,2023-12-17,Bryce Young,CAR,ATL,4,07:35,-1,CAR 5,Tie or take lead,CONVERSION,Offense reached required score state,W,57.302,FAVORABLE,no,1.2
2023_15_CHI_CLE,2023,15,REG,2023-12-17,Justin Fields,CHI,CLE,4,00:32,-3,CHI 25,Tie or take lead,FAILURE,Interception,L,23.273,DIFFICULT,no,1.2
2023_15_CHI_CLE,2023,15,REG,2023-12-17,Joe Flacco,CLE,CHI,4,01:50,0,CLE 21,Take lead,CONVERSION,Offense reached required score state,W,68.31,FAVORABLE,no,1.2
2023_15_HOU_TEN,2023,15,REG,2023-12-17,Case Keenum,HOU,TEN,5,01:43,0,HOU 20,Take lead,CONVERSION,Offense reached required score state,W,64.128,FAVORABLE,no,1.2
2023_15_HOU_TEN,2023,15,REG,2023-12-17,Will Levis,TEN,HOU,5,04:15,0,TEN 37,Take lead,FAILURE,Punt,L,64.128,FAVORABLE,no,1.2
2023_15_MIN_CIN,2023,15,REG,2023-12-16,Jake Browning,CIN,MIN,5,06:12,0,CIN 42,Take lead,CONVERSION,Offense reached required score state,W,75.934,VERY_FAVORABLE,no,1.2
2023_15_MIN_CIN,2023,15,REG,2023-12-16,Nick Mullens,MIN,CIN,5,08:20,0,MIN 37,Take lead,FAILURE,Turnover on downs,L,64.128,FAVORABLE,no,1.2
2023_15_PHI_SEA,2023,15,REG,2023-12-18,Jalen Hurts,PHI,SEA,4,00:28,-3,PHI 25,Tie or take lead,FAILURE,Interception,L,23.273,DIFFICULT,no,1.2
2023_15_PHI_SEA,2023,15,REG,2023-12-18,Drew Lock,SEA,PHI,4,01:52,-4,SEA 8,Tie or take lead,CONVERSION,Offense reached required score state,W,14.028,VERY_DIFFICULT,no,1.2
2023_16_BUF_LAC,2023,16,REG,2023-12-23,Josh Allen,BUF,LAC,4,05:26,-1,BUF 25,Tie or take lead,CONVERSION,Offense reached required score state,W,70.595,VERY_FAVORABLE,no,1.2
2023_16_BUF_LAC,2023,16,REG,2023-12-23,Easton Stick,LAC,BUF,4,00:28,-2,LAC 30,Tie or take lead,FAILURE,End game,L,23.273,DIFFICULT,no,1.2
2023_16_DAL_MIA,2023,16,REG,2023-12-24,Dak Prescott,DAL,MIA,4,11:06,-6,DAL 31,Tie or take lead,CONVERSION,Offense reached required score state,L,49.455,AVERAGE,no,1.2
2023_16_DAL_MIA,2023,16,REG,2023-12-24,Tua Tagovailoa,MIA,DAL,4,03:27,-1,MIA 25,Tie or take lead,CONVERSION,Offense reached required score state,W,63.161,FAVORABLE,no,1.2
2023_16_DET_MIN,2023,16,REG,2023-12-24,Nick Mullens,MIN,DET,4,02:23,-6,MIN 12,Tie or take lead,FAILURE,Interception,L,25.28,DIFFICULT,no,1.2
2023_16_GB_CAR,2023,16,REG,2023-12-24,Bryce Young,CAR,GB,4,00:19,-3,CAR 25,Tie or take lead,FAILURE,End game,L,23.273,DIFFICULT,no,1.2
2023_16_GB_CAR,2023,16,REG,2023-12-24,Jordan Love,GB,CAR,4,04:05,0,GB 25,Take lead,CONVERSION,Offense reached required score state,W,81.718,VERY_FAVORABLE,no,1.2
2023_16_NE_DEN,2023,16,REG,2023-12-24,Russell Wilson,DEN,NE,4,01:42,0,DEN 39,Take lead,FAILURE,Punt,L,68.31,FAVORABLE,no,1.2
2023_16_NE_DEN,2023,16,REG,2023-12-24,Bailey Zappe,NE,DEN,4,00:58,0,NE 19,Take lead,CONVERSION,Offense reached required score state,W,30.654,DIFFICULT,no,1.2
2023_16_NYG_PHI,2023,16,REG,2023-12-25,Tyrod Taylor,NYG,PHI,4,01:10,-8,NYG 25,TD + 2-point conversion,FAILURE,Interception,L,6.143,VERY_DIFFICULT,no,1.2
2023_16_SEA_TEN,2023,16,REG,2023-12-24,Geno Smith,SEA,TEN,4,03:21,-4,SEA 25,Tie or take lead,CONVERSION,Offense reached required score state,W,37.704,AVERAGE,no,1.2
2023_16_SEA_TEN,2023,16,REG,2023-12-24,Ryan Tannehill,TEN,SEA,4,00:57,-3,TEN 25,Tie or take lead,FAILURE,End game,L,23.273,DIFFICULT,no,1.2
2023_16_WAS_NYJ,2023,16,REG,2023-12-24,Trevor Siemian,NYJ,WAS,4,01:41,-1,NYJ 33,Tie or take lead,CONVERSION,Offense reached required score state,W,45.261,AVERAGE,no,1.2
2023_17_ARI_PHI,2023,17,REG,2023-12-31,Kyler Murray,ARI,PHI,4,02:33,-3,ARI 30,Tie or take lead,CONVERSION,Offense reached required score state,W,63.161,FAVORABLE,no,1.2
2023_17_ARI_PHI,2023,17,REG,2023-12-31,Jalen Hurts,PHI,ARI,4,00:32,-4,PHI 25,Tie or take lead,FAILURE,Turnover,L,9.672,VERY_DIFFICULT,no,1.2
2023_17_CIN_KC,2023,17,REG,2023-12-31,Jake Browning,CIN,KC,4,02:59,-8,CIN 25,TD + 2-point conversion,FAILURE,Turnover on downs,L,11.951,VERY_DIFFICULT,no,1.2
2023_17_DET_DAL,2023,17,REG,2023-12-30,Jared Goff,DET,DAL,4,01:41,-7,DET 25,Touchdown,CONVERSION,Touchdown down 7 kicker neutral,L,15.472,VERY_DIFFICULT,no,1.2
2023_17_LA_NYG,2023,17,REG,2023-12-31,Tyrod Taylor,NYG,LA,4,01:08,-1,NYG 35,Tie or take lead,ND-K,Missed or blocked fg 46 to 55,L,,,no,1.2
2023_17_NE_BUF,2023,17,REG,2023-12-31,Bailey Zappe,NE,BUF,4,06:41,-6,NE 3,Tie or take lead,FAILURE,Punt,L,32.146,DIFFICULT,no,1.2
2023_18_BUF_MIA,2023,18,REG,2024-01-07,Tua Tagovailoa,MIA,BUF,4,01:53,-7,MIA 37,Touchdown,FAILURE,Interception,L,15.472,VERY_DIFFICULT,no,1.2
2023_18_CHI_GB,2023,18,REG,2024-01-07,Justin Fields,CHI,GB,4,10:54,-8,CHI 32,TD + 2-point conversion,FAILURE,Punt,L,17.994,VERY_DIFFICULT,no,1.2
2023_18_HOU_IND,2023,18,REG,2024-01-06,Gardner Minshew,IND,HOU,4,06:20,-6,IND 25,Tie or take lead,FAILURE,Turnover on downs,L,45.873,AVERAGE,no,1.2
2023_18_JAX_TEN,2023,18,REG,2024-01-07,Trevor Lawrence,JAX,TEN,4,02:18,-8,JAX 25,TD + 2-point conversion,FAILURE,Turnover on downs,L,11.951,VERY_DIFFICULT,no,1.2
2023_18_KC_LAC,2023,18,REG,2024-01-07,Blaine Gabbert,KC,LAC,4,04:06,-2,KC 25,Tie or take lead,CONVERSION,Offense reached required score state,W,63.161,FAVORABLE,no,1.2
2023_18_KC_LAC,2023,18,REG,2024-01-07,Easton Stick,LAC,KC,4,00:49,-1,LAC 25,Tie or take lead,FAILURE,Turnover on downs,L,23.273,DIFFICULT,no,1.2
2023_18_LA_SF,2023,18,REG,2024-01-07,Sam Darnold,SF,LA,4,00:55,-1,SF 22,Tie or take lead,FAILURE,Fumble lost,L,23.273,DIFFICULT,no,1.2
2023_18_SEA_ARI,2023,18,REG,2024-01-07,Kyler Murray,ARI,SEA,4,01:54,-1,ARI 25,Tie or take lead,ND-K,Missed or blocked fg 46 to 55,L,,,no,1.2
2023_18_SEA_ARI,2023,18,REG,2024-01-07,Geno Smith,SEA,ARI,4,02:56,-7,SEA 33,Touchdown,CONVERSION,Touchdown down 7 kicker neutral,W,27.513,DIFFICULT,no,1.2
2023_19_LA_DET,2023,19,POST,2024-01-14,Matthew Stafford,LA,DET,4,07:18,-1,LA 8,Tie or take lead,FAILURE,Punt,L,57.302,FAVORABLE,no,1.2
2023_20_GB_SF,2023,20,POST,2024-01-20,Jordan Love,GB,SF,4,01:07,-3,GB 25,Tie or take lead,FAILURE,Interception,L,45.261,AVERAGE,no,1.2
2023_20_GB_SF,2023,20,POST,2024-01-20,Brock Purdy,SF,GB,4,06:18,-4,SF 31,Tie or take lead,CONVERSION,Offense reached required score state,W,45.873,AVERAGE,no,1.2
2023_20_KC_BUF,2023,20,POST,2024-01-21,Josh Allen,BUF,KC,4,08:23,-3,BUF 20,Tie or take lead,CONVERSION,Missed or blocked fg 45 or shorter,L,70.595,VERY_FAVORABLE,no,1.2
2023_20_TB_DET,2023,20,POST,2024-01-21,Baker Mayfield,TB,DET,4,01:59,-8,TB 10,TD + 2-point conversion,FAILURE,Interception,L,3.53,VERY_DIFFICULT,no,1.2
2023_22_SF_KC,2023,22,POST,2024-02-11,Patrick Mahomes,KC,SF,5,07:22,-3,KC 25,Tie or take lead,CONVERSION,Offense reached required score state,W,40.678,AVERAGE,no,1.2
2023_22_SF_KC,2023,22,POST,2024-02-11,Brock Purdy,SF,KC,5,15:00,0,SF 25,Take lead,CONVERSION,Offense reached required score state,L,64.128,FAVORABLE,no,1.2
2024_01_ARI_BUF,2024,1,REG,2024-09-08,Kyler Murray,ARI,BUF,4,01:56,-6,ARI 40,Tie or take lead,FAILURE,Turnover on downs,L,32.318,DIFFICULT,no,1.2
2024_01_BAL_KC,2024,1,REG,2024-09-05,Lamar Jackson,BAL,KC,4,01:50,-7,BAL 13,Touchdown,FAILURE,End game,L,8.728,VERY_DIFFICULT,no,1.2
2024_01_GB_PHI,2024,1,REG,2024-09-06,Unresolved,GB,PHI,4,00:27,-5,GB 16,Tie or take lead,MANUAL_REVIEW,Multi qb material participation,L,,,no,1.2
2024_01_JAX_MIA,2024,1,REG,2024-09-08,Trevor Lawrence,JAX,MIA,4,04:22,0,JAX 30,Take lead,FAILURE,Punt,L,81.07,VERY_FAVORABLE,no,1.2
2024_01_JAX_MIA,2024,1,REG,2024-09-08,Tua Tagovailoa,MIA,JAX,4,02:09,0,MIA 35,Take lead,CONVERSION,Offense reached required score state,W,81.07,VERY_FAVORABLE,no,1.2
2024_01_LA_DET,2024,1,REG,2024-09-08,Jared Goff,DET,LA,5,10:00,0,DET 30,Take lead,CONVERSION,Offense reached required score state,W,63.403,FAVORABLE,no,1.2
2024_01_LA_DET,2024,1,REG,2024-09-08,Matthew Stafford,LA,DET,4,00:17,0,LA 30,Take lead,FAILURE,End half,L,42.964,AVERAGE,no,1.2
2024_01_NE_CIN,2024,1,REG,2024-09-08,Joe Burrow,CIN,NE,4,03:04,-6,CIN 10,Tie or take lead,FAILURE,Punt,L,25.121,DIFFICULT,no,1.2
2024_01_PIT_ATL,2024,1,REG,2024-09-08,Kirk Cousins,ATL,PIT,4,00:28,-8,ATL 30,TD + 2-point conversion,FAILURE,End game,L,2.149,VERY_DIFFICULT,no,1.2
2024_01_TEN_CHI,2024,1,REG,2024-09-08,Will Levis,TEN,CHI,4,02:20,-7,TEN 18,Touchdown,FAILURE,Interception,L,16.745,VERY_DIFFICULT,no,1.2
2024_02_ATL_PHI,2024,2,REG,2024-09-16,Kirk Cousins,ATL,PHI,4,01:39,-6,ATL 30,Tie or take lead,CONVERSION,Offense reached required score state,W,22.238,DIFFICULT,no,1.2
2024_02_ATL_PHI,2024,2,REG,2024-09-16,Jalen Hurts,PHI,ATL,4,00:34,-1,PHI 30,Tie or take lead,FAILURE,Interception,L,22.728,DIFFICULT,no,1.2
2024_02_CHI_HOU,2024,2,REG,2024-09-15,Caleb Williams,CHI,HOU,4,01:37,-6,CHI 20,Tie or take lead,FAILURE,Turnover on downs,L,22.238,DIFFICULT,no,1.2
2024_02_CIN_KC,2024,2,REG,2024-09-15,Patrick Mahomes,KC,CIN,4,02:35,-2,KC 25,Tie or take lead,CONVERSION,Offense reached required score state,W,62.579,FAVORABLE,no,1.2
2024_02_CLE_JAX,2024,2,REG,2024-09-15,Trevor Lawrence,JAX,CLE,4,01:27,-5,JAX 10,Tie or take lead,FAILURE,End game,L,13.757,VERY_DIFFICULT,no,1.2
2024_02_IND_GB,2024,2,REG,2024-09-15,Anthony Richardson,IND,GB,4,00:43,-6,IND 5,Tie or take lead,FAILURE,Interception,L,5.572,VERY_DIFFICULT,no,1.2
2024_02_LV_BAL,2024,2,REG,2024-09-15,Lamar Jackson,BAL,LV,4,00:27,-3,BAL 30,Tie or take lead,FAILURE,End game,L,22.728,DIFFICULT,no,1.2
2024_02_LV_BAL,2024,2,REG,2024-09-15,Gardner Minshew,LV,BAL,4,02:21,0,BAL 43,Take lead,CONVERSION,Offense reached required score state,W,87.731,VERY_FAVORABLE,no,1.2
2024_02_NYG_WAS,2024,2,REG,2024-09-15,Daniel Jones,NYG,WAS,4,07:12,0,NYG 32,Take lead,FAILURE,Turnover on downs,L,85.748,VERY_FAVORABLE,no,1.2
2024_02_NYG_WAS,2024,2,REG,2024-09-15,Jayden Daniels,WAS,NYG,4,02:04,0,WAS 23,Take lead,CONVERSION,Offense reached required score state,W,81.07,VERY_FAVORABLE,no,1.2
2024_02_NYJ_TEN,2024,2,REG,2024-09-15,Aaron Rodgers,NYJ,TEN,4,08:41,0,NYJ 26,Take lead,CONVERSION,Offense reached required score state,W,85.748,VERY_FAVORABLE,no,1.2
2024_02_NYJ_TEN,2024,2,REG,2024-09-15,Will Levis,TEN,NYJ,4,04:31,-7,TEN 30,Touchdown,FAILURE,Turnover on downs,L,26.504,DIFFICULT,no,1.2
2024_02_SEA_NE,2024,2,REG,2024-09-15,Jacoby Brissett,NE,SEA,5,10:00,0,NE 30,Take lead,FAILURE,Punt,L,63.403,FAVORABLE,no,1.2
2024_02_SEA_NE,2024,2,REG,2024-09-15,Geno Smith,SEA,NE,5,08:12,0,SEA 16,Take lead,CONVERSION,Offense reached required score state,W,49.143,AVERAGE,no,1.2
2024_02_TB_DET,2024,2,REG,2024-09-15,Jared Goff,DET,TB,4,00:33,-4,TB 44,Tie or take lead,FAILURE,Turnover on downs,L,15.013,VERY_DIFFICULT,no,1.2
2024_03_KC_ATL,2024,3,REG,2024-09-22,Kirk Cousins,ATL,KC,4,02:26,-5,ATL 35,Tie or take lead,FAILURE,Turnover on downs,L,37.558,AVERAGE,no,1.2
2024_03_NYG_CLE,2024,3,REG,2024-09-22,Deshaun Watson,CLE,NYG,4,03:00,-6,CLE 38,Tie or take lead,FAILURE,Turnover on downs,L,37.558,AVERAGE,no,1.2
2024_03_PHI_NO,2024,3,REG,2024-09-22,Derek Carr,NO,PHI,4,01:01,-3,NO 30,Tie or take lead,FAILURE,Interception,L,44.293,AVERAGE,no,1.2
2024_03_PHI_NO,2024,3,REG,2024-09-22,Jalen Hurts,PHI,NO,4,02:03,-5,PHI 31,Tie or take lead,CONVERSION,Offense reached required score state,W,37.558,AVERAGE,no,1.2
2024_03_SF_LA,2024,3,REG,2024-09-22,Matthew Stafford,LA,SF,4,00:42,0,50,Take lead,CONVERSION,Offense reached required score state,W,55.708,FAVORABLE,no,1.2
2024_03_SF_LA,2024,3,REG,2024-09-22,Brock Purdy,SF,LA,4,01:51,0,SF 30,Take lead,FAILURE,Punt,L,67.064,FAVORABLE,no,1.2
2024_04_CLE_LV,2024,4,REG,2024-09-29,Deshaun Watson,CLE,LV,4,03:17,-4,CLE 31,Tie or take lead,FAILURE,Turnover on downs,L,37.558,AVERAGE,no,1.2
2024_04_DAL_NYG,2024,4,REG,2024-09-26,Daniel Jones,NYG,DAL,4,00:28,-5,NYG 41,Tie or take lead,FAILURE,Interception,L,15.013,VERY_DIFFICULT,no,1.2
2024_04_DEN_NYJ,2024,4,REG,2024-09-29,Aaron Rodgers,NYJ,DEN,4,01:27,-1,NYJ 40,Tie or take lead,ND-K,Missed or blocked fg 46 to 55,L,,,no,1.2
2024_04_JAX_HOU,2024,4,REG,2024-09-29,C.J. Stroud,HOU,JAX,4,02:54,-3,HOU 31,Tie or take lead,CONVERSION,Offense reached required score state,W,62.579,FAVORABLE,no,1.2
2024_04_KC_LAC,2024,4,REG,2024-09-29,Justin Herbert,LAC,KC,4,06:04,-7,LAC 30,Touchdown,FAILURE,Punt,L,33.625,DIFFICULT,no,1.2
2024_04_LA_CHI,2024,4,REG,2024-09-29,Matthew Stafford,LA,CHI,4,01:03,-6,LA 8,Tie or take lead,FAILURE,Interception,L,13.757,VERY_DIFFICULT,no,1.2
2024_04_NO_ATL,2024,4,REG,2024-09-29,Kirk Cousins,ATL,NO,4,01:00,-1,ATL 30,Tie or take lead,CONVERSION,Offense reached required score state,W,22.728,DIFFICULT,no,1.2
2024_04_NO_ATL,2024,4,REG,2024-09-29,Derek Carr,NO,ATL,4,03:28,-6,ATL 42,Tie or take lead,CONVERSION,Offense reached required score state,L,50.107,AVERAGE,no,1.2
2024_04_PIT_IND,2024,4,REG,2024-09-29,Justin Fields,PIT,IND,4,02:39,-3,PIT 17,Tie or take lead,FAILURE,Turnover on downs,L,48.26,AVERAGE,no,1.2
2024_05_ARI_SF,2024,5,REG,2024-10-06,Kyler Murray,ARI,SF,4,06:11,-2,ARI 9,Tie or take lead,CONVERSION,Offense reached required score state,W,56.716,FAVORABLE,no,1.2
2024_05_ARI_SF,2024,5,REG,2024-10-06,Brock Purdy,SF,ARI,4,01:37,-1,SF 27,Tie or take lead,FAILURE,Interception,L,44.293,AVERAGE,no,1.2
2024_05_BAL_CIN,2024,5,REG,2024-10-06,Lamar Jackson,BAL,CIN,5,04:26,0,BAL 43,Take lead,CONVERSION,Offense reached required score state,W,74.311,VERY_FAVORABLE,no,1.2
2024_05_BAL_CIN,2024,5,REG,2024-10-06,Joe Burrow,CIN,BAL,5,06:28,0,BAL 38,Take lead,ND-K,Missed or blocked fg 46 to 55,L,,,no,1.2
2024_05_BUF_HOU,2024,5,REG,2024-10-06,Josh Allen,BUF,HOU,4,00:32,0,BUF 3,Take lead,FAILURE,Punt,L,29.585,DIFFICULT,no,1.2
2024_05_BUF_HOU,2024,5,REG,2024-10-06,C.J. Stroud,HOU,BUF,4,00:07,0,BUF 46,Take lead,CONVERSION,Offense reached required score state,W,55.708,FAVORABLE,no,1.2
2024_05_DAL_PIT,2024,5,REG,2024-10-06,Dak Prescott,DAL,PIT,4,04:56,-4,DAL 30,Tie or take lead,CONVERSION,Offense reached required score state,W,37.558,AVERAGE,no,1.2
2024_05_DAL_PIT,2024,5,REG,2024-10-06,Justin Fields,PIT,DAL,4,00:20,-3,PIT 21,Tie or take lead,FAILURE,Fumble lost,L,22.728,DIFFICULT,no,1.2
2024_05_GB_LA,2024,5,REG,2024-10-06,Matthew Stafford,LA,GB,4,02:57,-5,LA 29,Tie or take lead,FAILURE,Turnover on downs,L,37.558,AVERAGE,no,1.2
2024_05_IND_JAX,2024,5,REG,2024-10-06,Joe Flacco,IND,JAX,4,00:17,-3,IND 30,Tie or take lead,FAILURE,End game,L,22.728,DIFFICULT,no,1.2
2024_05_IND_JAX,2024,5,REG,2024-10-06,Trevor Lawrence,JAX,IND,4,02:40,0,JAX 30,Take lead,CONVERSION,Offense reached required score state,W,81.07,VERY_FAVORABLE,no,1.2
2024_05_MIA_NE,2024,5,REG,2024-10-06,Jacoby Brissett,NE,MIA,4,00:29,-5,NE 43,Tie or take lead,FAILURE,End game,L,15.013,VERY_DIFFICULT,no,1.2
2024_05_NYJ_MIN,2024,5,REG,2024-10-06,Aaron Rodgers,NYJ,MIN,4,03:07,-6,NYJ 30,Tie or take lead,FAILURE,Interception,L,37.558,AVERAGE,no,1.2
2024_05_TB_ATL,2024,5,REG,2024-10-03,Kirk Cousins,ATL,TB,5,10:00,0,ATL 30,Take lead,CONVERSION,Offense reached required score state,W,63.403,FAVORABLE,no,1.2
2024_06_BUF_NYJ,2024,6,REG,2024-10-14,Aaron Rodgers,NYJ,BUF,4,03:43,-3,NYJ 30,Tie or take lead,FAILURE,Interception,L,62.579,FAVORABLE,no,1.2
2024_06_CLE_PHI,2024,6,REG,2024-10-13,Deshaun Watson,CLE,PHI,4,07:54,-7,CLE 30,Touchdown,FAILURE,Field goal no conversion,L,33.625,DIFFICULT,no,1.2
2024_06_IND_TEN,2024,6,REG,2024-10-13,Will Levis,TEN,IND,4,03:49,-3,TEN 6,Tie or take lead,FAILURE,Punt,L,48.26,AVERAGE,no,1.2
2024_07_DET_MIN,2024,7,REG,2024-10-20,Jared Goff,DET,MIN,4,02:32,-1,DET 30,Tie or take lead,CONVERSION,Offense reached required score state,W,62.579,FAVORABLE,no,1.2
2024_07_DET_MIN,2024,7,REG,2024-10-20,Sam Darnold,MIN,DET,4,00:15,-2,MIN 30,Tie or take lead,FAILURE,End game,L,22.728,DIFFICULT,no,1.2
2024_07_HOU_GB,2024,7,REG,2024-10-20,Jordan Love,GB,HOU,4,01:44,-1,GB 30,Tie or take lead,CONVERSION,Offense reached required score state,W,44.293,AVERAGE,no,1.2
2024_07_HOU_GB,2024,7,REG,2024-10-20,C.J. Stroud,HOU,GB,4,08:11,-2,HOU 38,Tie or take lead,CONVERSION,Offense reached required score state,L,70.143,VERY_FAVORABLE,no,1.2
2024_07_LAC_ARI,2024,7,REG,2024-10-21,Kyler Murray,ARI,LAC,4,01:54,-1,ARI 30,Tie or take lead,CONVERSION,Offense reached required score state,W,44.293,AVERAGE,no,1.2
2024_07_LAC_ARI,2024,7,REG,2024-10-21,Justin Herbert,LAC,ARI,4,10:06,-2,LAC 1,Tie or take lead,CONVERSION,Offense reached required score state,L,56.363,FAVORABLE,no,1.2
2024_07_LV_LA,2024,7,REG,2024-10-20,Gardner Minshew,LV,LA,4,01:39,-5,LV 11,Tie or take lead,FAILURE,Interception,L,13.757,VERY_DIFFICULT,no,1.2
2024_07_MIA_IND,2024,7,REG,2024-10-20,Tim Boyle,MIA,IND,4,01:51,-6,MIA 30,Tie or take lead,FAILURE,Turnover on downs,L,22.238,DIFFICULT,no,1.2
2024_08_ARI_MIA,2024,8,REG,2024-10-27,Kyler Murray,ARI,MIA,4,05:01,-2,ARI 11,Tie or take lead,CONVERSION,Offense reached required score state,W,56.716,FAVORABLE,no,1.2
2024_08_ATL_TB,2024,8,REG,2024-10-27,Baker Mayfield,TB,ATL,4,01:01,-5,TB 36,Tie or take lead,FAILURE,End game,L,22.238,DIFFICULT,no,1.2
2024_08_BAL_CLE,2024,8,REG,2024-10-27,Lamar Jackson,BAL,CLE,4,00:59,-5,BAL 30,Tie or take lead,FAILURE,Turnover on downs,L,9.567,VERY_DIFFICULT,no,1.2
2024_08_BAL_CLE,2024,8,REG,2024-10-27,Jameis Winston,CLE,BAL,4,02:36,-1,CLE 31,Tie or take lead,CONVERSION,Offense reached required score state,W,62.579,FAVORABLE,no,1.2
2024_08_CHI_WAS,2024,8,REG,2024-10-27,Caleb Williams,CHI,WAS,4,04:21,-5,CHI 38,Tie or take lead,CONVERSION,Offense reached required score state,L,37.558,AVERAGE,no,1.2
2024_08_CHI_WAS,2024,8,REG,2024-10-27,Jayden Daniels,WAS,CHI,4,00:25,-3,WAS 24,Tie or take lead,CONVERSION,Offense reached required score state,W,22.728,DIFFICULT,no,1.2
2024_08_DAL_SF,2024,8,REG,2024-10-27,Dak Prescott,DAL,SF,4,03:05,-6,DAL 25,Tie or take lead,FAILURE,Turnover on downs,L,37.558,AVERAGE,no,1.2
2024_08_GB_JAX,2024,8,REG,2024-10-27,Malik Willis,GB,JAX,4,01:48,0,GB 30,Take lead,CONVERSION,Offense reached required score state,W,67.064,FAVORABLE,no,1.2
2024_08_GB_JAX,2024,8,REG,2024-10-27,Trevor Lawrence,JAX,GB,4,03:50,-7,JAX 13,Touchdown,CONVERSION,Touchdown down 7 kicker neutral,L,16.745,VERY_DIFFICULT,no,1.2
2024_08_IND_HOU,2024,8,REG,2024-10-27,Anthony Richardson,IND,HOU,4,00:54,-3,IND 9,Tie or take lead,FAILURE,Fumble lost,L,14.093,VERY_DIFFICULT,no,1.2
2024_08_MIN_LA,2024,8,REG,2024-10-24,Sam Darnold,MIN,LA,4,01:46,-8,MIN 5,TD + 2-point conversion,FAILURE,Safety,L,3.205,VERY_DIFFICULT,no,1.2
2024_08_NYG_PIT,2024,8,REG,2024-10-28,Daniel Jones,NYG,PIT,4,01:53,-8,NYG 7,TD + 2-point conversion,FAILURE,Interception,L,3.205,VERY_DIFFICULT,no,1.2
2024_08_NYJ_NE,2024,8,REG,2024-10-27,Jacoby Brissett,NE,NYJ,4,02:57,-5,NE 30,Tie or take lead,CONVERSION,Offense reached required score state,W,37.558,AVERAGE,no,1.2
2024_08_NYJ_NE,2024,8,REG,2024-10-27,Aaron Rodgers,NYJ,NE,4,00:22,-3,NYJ 30,Tie or take lead,FAILURE,End game,L,22.728,DIFFICULT,no,1.2
2024_09_JAX_PHI,2024,9,REG,2024-11-03,Trevor Lawrence,JAX,PHI,4,02:11,-5,JAX 47,Tie or take lead,FAILURE,Interception,L,50.107,AVERAGE,no,1.2
2024_09_LA_SEA,2024,9,REG,2024-11-03,Matthew Stafford,LA,SEA,5,07:19,0,LA 17,Take lead,CONVERSION,Offense reached required score state,W,49.143,AVERAGE,no,1.2
2024_09_LA_SEA,2024,9,REG,2024-11-03,Geno Smith,SEA,LA,5,10:00,0,SEA 30,Take lead,FAILURE,Turnover on downs,L,63.403,FAVORABLE,no,1.2
2024_09_MIA_BUF,2024,9,REG,2024-11-03,Josh Allen,BUF,MIA,4,01:38,0,BUF 30,Take lead,CONVERSION,Offense reached required score state,W,67.064,FAVORABLE,no,1.2
2024_09_MIA_BUF,2024,9,REG,2024-11-03,Tua Tagovailoa,MIA,BUF,4,06:18,-7,MIA 19,Touchdown,CONVERSION,Touchdown down 7 kicker neutral,L,22.031,DIFFICULT,no,1.2
2024_09_NE_TEN,2024,9,REG,2024-11-03,Drake Maye,NE,TEN,5,02:32,-3,NE 30,Tie or take lead,FAILURE,Interception,L,40.352,AVERAGE,no,1.2
2024_09_NE_TEN,2024,9,REG,2024-11-03,Mason Rudolph,TEN,NE,5,10:00,0,TEN 22,Take lead,CONVERSION,Offense reached required score state,W,63.403,FAVORABLE,no,1.2
2024_09_NO_CAR,2024,9,REG,2024-11-03,Bryce Young,CAR,NO,4,03:26,-5,CAR 36,Tie or take lead,CONVERSION,Offense reached required score state,W,37.558,AVERAGE,no,1.2
2024_09_NO_CAR,2024,9,REG,2024-11-03,Derek Carr,NO,CAR,4,02:18,-1,NO 20,Tie or take lead,FAILURE,Turnover on downs,L,62.579,FAVORABLE,no,1.2
2024_09_TB_KC,2024,9,REG,2024-11-04,Patrick Mahomes,KC,TB,5,10:00,0,KC 30,Take lead,CONVERSION,Offense reached required score state,W,63.403,FAVORABLE,no,1.2
2024_09_TB_KC,2024,9,REG,2024-11-04,Baker Mayfield,TB,KC,4,02:16,-7,TB 29,Touchdown,CONVERSION,Touchdown down 7 kicker neutral,L,26.504,DIFFICULT,no,1.2
2024_10_ATL_NO,2024,10,REG,2024-11-10,Kirk Cousins,ATL,NO,4,01:35,-3,ATL 14,Tie or take lead,FAILURE,Turnover on downs,L,30.723,DIFFICULT,no,1.2
2024_10_CIN_BAL,2024,10,REG,2024-11-07,Lamar Jackson,BAL,CIN,4,05:37,0,BAL 30,Take lead,CONVERSION,Offense reached required score state,W,85.748,VERY_FAVORABLE,no,1.2
2024_10_CIN_BAL,2024,10,REG,2024-11-07,Joe Burrow,CIN,BAL,4,01:49,-7,CIN 30,Touchdown,CONVERSION,Touchdown down 7 kicker neutral,L,14.636,VERY_DIFFICULT,no,1.2
2024_10_DEN_KC,2024,10,REG,2024-11-10,Bo Nix,DEN,KC,4,05:57,-2,DEN 40,Tie or take lead,CONVERSION,Missed or blocked fg 45 or shorter,L,79.685,VERY_FAVORABLE,no,1.2
2024_10_DEN_KC,2024,10,REG,2024-11-10,Patrick Mahomes,KC,DEN,4,10:40,-1,DEN 46,Tie or take lead,CONVERSION,Offense reached required score state,W,79.452,VERY_FAVORABLE,no,1.2
2024_10_DET_HOU,2024,10,REG,2024-11-10,Jared Goff,DET,HOU,4,01:51,0,DET 48,Take lead,CONVERSION,Offense reached required score state,W,77.272,VERY_FAVORABLE,no,1.2
2024_10_DET_HOU,2024,10,REG,2024-11-10,C.J. Stroud,HOU,DET,4,05:01,0,HOU 30,Take lead,MANUAL_REVIEW,Missed or blocked fg 56 plus,L,,,no,1.2
2024_10_MIN_JAX,2024,10,REG,2024-11-10,Mac Jones,JAX,MIN,4,02:42,-5,JAX 17,Tie or take lead,FAILURE,Interception,L,25.121,DIFFICULT,no,1.2
2024_10_NYG_CAR,2024,10,REG,2024-11-10,Bryce Young,CAR,NYG,5,09:49,0,NYG 23,Take lead,CONVERSION,Offense reached required score state,W,87.557,VERY_FAVORABLE,no,1.2
2024_10_NYG_CAR,2024,10,REG,2024-11-10,Daniel Jones,NYG,CAR,5,10:00,0,NYG 26,Take lead,FAILURE,Fumble lost,L,63.403,FAVORABLE,no,1.2
2024_10_PIT_WAS,2024,10,REG,2024-11-10,Jayden Daniels,WAS,PIT,4,02:22,-1,WAS 35,Tie or take lead,FAILURE,Turnover on downs,L,62.579,FAVORABLE,no,1.2
2024_10_SF_TB,2024,10,REG,2024-11-10,Brock Purdy,SF,TB,4,00:41,0,SF 35,Take lead,CONVERSION,Offense reached required score state,W,42.964,AVERAGE,no,1.2
2024_10_SF_TB,2024,10,REG,2024-11-10,Baker Mayfield,TB,SF,4,03:09,-3,TB 34,Tie or take lead,CONVERSION,Offense reached required score state,L,62.579,FAVORABLE,no,1.2
2024_11_BAL_PIT,2024,11,REG,2024-11-17,Lamar Jackson,BAL,PIT,4,03:35,-8,BAL 31,TD + 2-point conversion,FAILURE,Two point conversion failed,L,11.1,VERY_DIFFICULT,no,1.2
2024_11_CIN_LAC,2024,11,REG,2024-11-17,Joe Burrow,CIN,LAC,4,00:18,-7,CIN 30,Touchdown,FAILURE,End game,L,5.964,VERY_DIFFICULT,no,1.2
2024_11_CIN_LAC,2024,11,REG,2024-11-17,Justin Herbert,LAC,CIN,4,00:45,0,LAC 16,Take lead,CONVERSION,Offense reached required score state,W,29.585,DIFFICULT,no,1.2
2024_11_GB_CHI,2024,11,REG,2024-11-17,Caleb Williams,CHI,GB,4,02:59,-1,CHI 30,Tie or take lead,ND-K,Missed or blocked fg 46 to 55,L,,,no,1.2
2024_11_GB_CHI,2024,11,REG,2024-11-17,Jordan Love,GB,CHI,4,04:17,-5,GB 22,Tie or take lead,CONVERSION,Offense reached required score state,W,37.558,AVERAGE,no,1.2
2024_11_IND_NYJ,2024,11,REG,2024-11-17,Anthony Richardson,IND,NYJ,4,02:41,-5,IND 30,Tie or take lead,CONVERSION,Offense reached required score state,W,37.558,AVERAGE,no,1.2
2024_11_IND_NYJ,2024,11,REG,2024-11-17,Aaron Rodgers,NYJ,IND,4,00:46,-1,NYJ 30,Tie or take lead,FAILURE,End game,L,22.728,DIFFICULT,no,1.2
2024_11_LA_NE,2024,11,REG,2024-11-17,Drake Maye,NE,LA,4,02:14,-6,NE 10,Tie or take lead,FAILURE,Interception,L,25.121,DIFFICULT,no,1.2
2024_11_SEA_SF,2024,11,REG,2024-11-17,Geno Smith,SEA,SF,4,02:38,-4,SEA 20,Tie or take lead,CONVERSION,Offense reached required score state,W,37.558,AVERAGE,no,1.2
2024_11_SEA_SF,2024,11,REG,2024-11-17,Brock Purdy,SF,SEA,4,00:12,-3,SF 30,Tie or take lead,FAILURE,End game,L,22.728,DIFFICULT,no,1.2
2024_12_DAL_WAS,2024,12,REG,2024-11-24,Jayden Daniels,WAS,DAL,4,00:14,-8,WAS 36,TD + 2-point conversion,FAILURE,Turnover,L,2.149,VERY_DIFFICULT,no,1.2
2024_12_KC_CAR,2024,12,REG,2024-11-24,Bryce Young,CAR,KC,4,03:21,-8,KC 49,TD + 2-point conversion,CONVERSION,Offense reached required score state,L,17.251,VERY_DIFFICULT,no,1.2
2024_12_KC_CAR,2024,12,REG,2024-11-24,Patrick Mahomes,KC,CAR,4,01:46,0,KC 30,Take lead,CONVERSION,Offense reached required score state,W,67.064,FAVORABLE,no,1.2
2024_12_MIN_CHI,2024,12,REG,2024-11-24,Caleb Williams,CHI,MIN,5,10:00,0,CHI 30,Take lead,FAILURE,Punt,L,63.403,FAVORABLE,no,1.2
2024_12_MIN_CHI,2024,12,REG,2024-11-24,Sam Darnold,MIN,CHI,5,07:39,0,MIN 21,Take lead,CONVERSION,Offense reached required score state,W,63.403,FAVORABLE,no,1.2
2024_12_PIT_CLE,2024,12,REG,2024-11-21,Jameis Winston,CLE,PIT,4,03:22,-1,PIT 45,Tie or take lead,CONVERSION,Offense reached required score state,W,73.63,VERY_FAVORABLE,no,1.2
2024_12_PIT_CLE,2024,12,REG,2024-11-21,Russell Wilson,PIT,CLE,4,00:57,-5,PIT 36,Tie or take lead,FAILURE,End game,L,9.567,VERY_DIFFICULT,no,1.2
2024_12_TEN_HOU,2024,12,REG,2024-11-24,C.J. Stroud,HOU,TEN,4,01:29,-3,HOU 8,Tie or take lead,FAILURE,Safety,L,30.723,DIFFICULT,no,1.2
2024_13_ARI_MIN,2024,13,REG,2024-12-01,Kyler Murray,ARI,MIN,4,01:13,-1,ARI 30,Tie or take lead,FAILURE,Interception,L,44.293,AVERAGE,no,1.2
2024_13_ARI_MIN,2024,13,REG,2024-12-01,Sam Darnold,MIN,ARI,4,03:20,-6,MIN 30,Tie or take lead,CONVERSION,Offense reached required score state,W,37.558,AVERAGE,no,1.2
2024_13_CHI_DET,2024,13,REG,2024-11-28,Caleb Williams,CHI,DET,4,03:31,-3,CHI 1,Tie or take lead,FAILURE,End game,L,48.26,AVERAGE,no,1.2
2024_13_CLE_DEN,2024,13,REG,2024-12-02,Bo Nix,DEN,CLE,4,08:57,-1,DEN 30,Tie or take lead,CONVERSION,Offense reached required score state,W,70.143,VERY_FAVORABLE,no,1.2
2024_13_IND_NE,2024,13,REG,2024-12-01,Anthony Richardson,IND,NE,4,05:34,-7,IND 20,Touchdown,CONVERSION,Touchdown down 7 kicker neutral,W,33.625,DIFFICULT,no,1.2
2024_13_IND_NE,2024,13,REG,2024-12-01,Drake Maye,NE,IND,4,00:12,-1,NE 30,Tie or take lead,MANUAL_REVIEW,Missed or blocked fg 56 plus,L,,,no,1.2
2024_13_LAC_ATL,2024,13,REG,2024-12-01,Kirk Cousins,ATL,LAC,4,06:05,-4,ATL 6,Tie or take lead,FAILURE,Interception,L,32.033,DIFFICULT,no,1.2
2024_13_LA_NO,2024,13,REG,2024-12-01,Derek Carr,NO,LA,4,08:54,-7,NO 30,Touchdown,FAILURE,Turnover on downs,L,33.625,DIFFICULT,no,1.2
2024_13_LV_KC,2024,13,REG,2024-11-29,Aidan O'Connell,LV,KC,4,01:56,-2,LV 8,Tie or take lead,FAILURE,Fumble lost,L,30.723,DIFFICULT,no,1.2
2024_13_SEA_NYJ,2024,13,REG,2024-12-01,Aaron Rodgers,NYJ,SEA,4,05:31,-5,NYJ 28,Tie or take lead,FAILURE,Turnover on downs,L,45.799,AVERAGE,no,1.2
2024_13_SEA_NYJ,2024,13,REG,2024-12-01,Geno Smith,SEA,NYJ,4,11:34,-2,SEA 29,Tie or take lead,CONVERSION,Offense reached required score state,W,69.841,FAVORABLE,no,1.2
2024_13_TB_CAR,2024,13,REG,2024-12-01,Bryce Young,CAR,TB,5,06:31,0,CAR 45,Take lead,FAILURE,Fumble lost,L,74.311,VERY_FAVORABLE,no,1.2
2024_13_TB_CAR,2024,13,REG,2024-12-01,Baker Mayfield,TB,CAR,5,05:03,0,TB 29,Take lead,CONVERSION,Offense reached required score state,W,63.403,FAVORABLE,no,1.2
2024_14_CAR_PHI,2024,14,REG,2024-12-08,Bryce Young,CAR,PHI,4,02:58,-6,CAR 3,Tie or take lead,FAILURE,Turnover on downs,L,25.121,DIFFICULT,no,1.2
2024_14_CIN_DAL,2024,14,REG,2024-12-09,Joe Burrow,CIN,DAL,4,01:53,0,CIN 43,Take lead,CONVERSION,Offense reached required score state,W,77.272,VERY_FAVORABLE,no,1.2
2024_14_CIN_DAL,2024,14,REG,2024-12-09,Cooper Rush,DAL,CIN,4,01:01,-7,DAL 30,Touchdown,FAILURE,Turnover on downs,L,14.636,VERY_DIFFICULT,no,1.2
2024_14_GB_DET,2024,14,REG,2024-12-05,Jared Goff,DET,GB,4,03:38,0,DET 30,Take lead,CONVERSION,Offense reached required score state,W,81.07,VERY_FAVORABLE,no,1.2
2024_14_GB_DET,2024,14,REG,2024-12-05,Jordan Love,GB,DET,4,08:39,-3,GB 30,Tie or take lead,CONVERSION,Offense reached required score state,L,70.143,VERY_FAVORABLE,no,1.2
2024_14_JAX_TEN,2024,14,REG,2024-12-08,Will Levis,TEN,JAX,4,00:49,-4,TEN 40,Tie or take lead,FAILURE,Turnover on downs,L,15.013,VERY_DIFFICULT,no,1.2
2024_14_LAC_KC,2024,14,REG,2024-12-08,Patrick Mahomes,KC,LAC,4,04:35,-1,KC 40,Tie or take lead,CONVERSION,Offense reached required score state,W,73.63,VERY_FAVORABLE,no,1.2
2024_14_LAC_KC,2024,14,REG,2024-12-08,Justin Herbert,LAC,KC,4,13:04,-2,LAC 24,Tie or take lead,CONVERSION,Offense reached required score state,L,69.841,FAVORABLE,no,1.2
2024_14_NO_NYG,2024,14,REG,2024-12-08,Drew Lock,NYG,NO,4,01:21,-3,NYG 27,Tie or take lead,CONVERSION,Missed or blocked fg 45 or shorter,L,44.293,AVERAGE,no,1.2
2024_14_NYJ_MIA,2024,14,REG,2024-12-08,Tua Tagovailoa,MIA,NYJ,5,10:00,0,MIA 30,Take lead,CONVERSION,Offense reached required score state,W,63.403,FAVORABLE,no,1.2
2024_14_NYJ_MIA,2024,14,REG,2024-12-08,Aaron Rodgers,NYJ,MIA,4,04:25,0,NYJ 13,Take lead,CONVERSION,Offense reached required score state,L,70.49,VERY_FAVORABLE,no,1.2
2024_15_ATL_LV,2024,15,REG,2024-12-16,Desmond Ridder,LV,ATL,4,01:50,-6,LV 20,Tie or take lead,FAILURE,Turnover,L,22.238,DIFFICULT,no,1.2
2024_15_LA_SF,2024,15,REG,2024-12-12,Brock Purdy,SF,LA,4,00:18,-6,50,Tie or take lead,FAILURE,End game,L,15.013,VERY_DIFFICULT,no,1.2
2024_15_MIA_HOU,2024,15,REG,2024-12-15,Tua Tagovailoa,MIA,HOU,4,01:44,-8,MIA 23,TD + 2-point conversion,FAILURE,Interception,L,5.604,VERY_DIFFICULT,no,1.2
2024_15_NYJ_JAX,2024,15,REG,2024-12-15,Mac Jones,JAX,NYJ,4,01:05,-7,JAX 30,Touchdown,FAILURE,Interception,L,14.636,VERY_DIFFICULT,no,1.2
2024_15_NYJ_JAX,2024,15,REG,2024-12-15,Aaron Rodgers,NYJ,JAX,4,01:51,0,NYJ 30,Take lead,CONVERSION,Offense reached required score state,W,67.064,FAVORABLE,no,1.2
2024_15_WAS_NO,2024,15,REG,2024-12-15,Spencer Rattler,NO,WAS,4,01:55,-7,NO 44,Touchdown,CONVERSION,Touchdown down 7 kicker neutral,L,22.256,DIFFICULT,no,1.2
2024_16_ARI_CAR,2024,16,REG,2024-12-22,Kyler Murray,ARI,CAR,5,07:39,0,ARI 10,Take lead,FAILURE,Punt,L,49.143,AVERAGE,no,1.2
2024_16_ARI_CAR,2024,16,REG,2024-12-22,Bryce Young,CAR,ARI,5,04:11,0,ARI 49,Take lead,CONVERSION,Offense reached required score state,W,74.311,VERY_FAVORABLE,no,1.2
2024_16_HOU_KC,2024,16,REG,2024-12-21,C.J. Stroud,HOU,KC,4,05:18,-8,HOU 26,TD + 2-point conversion,FAILURE,Punt,L,14.923,VERY_DIFFICULT,no,1.2
2024_16_JAX_LV,2024,16,REG,2024-12-22,Mac Jones,JAX,LV,4,02:44,-5,JAX 7,Tie or take lead,FAILURE,Turnover on downs,L,25.121,DIFFICULT,no,1.2
2024_16_MIN_SEA,2024,16,REG,2024-12-22,Geno Smith,SEA,MIN,4,00:55,-3,SEA 17,Tie or take lead,FAILURE,Interception,L,14.093,VERY_DIFFICULT,no,1.2
2024_16_PHI_WAS,2024,16,REG,2024-12-22,Jayden Daniels,WAS,PHI,4,01:58,-5,WAS 43,Tie or take lead,CONVERSION,Offense reached required score state,W,32.318,DIFFICULT,no,1.2
2024_16_TB_DAL,2024,16,REG,2024-12-22,Baker Mayfield,TB,DAL,4,01:40,-2,TB 26,Tie or take lead,FAILURE,Fumble lost,L,44.293,AVERAGE,no,1.2
2024_17_ARI_LA,2024,17,REG,2024-12-28,Kyler Murray,ARI,LA,4,02:01,-4,ARI 36,Tie or take lead,FAILURE,Interception,L,37.558,AVERAGE,no,1.2
2024_17_ATL_WAS,2024,17,REG,2024-12-29,Michael Penix Jr.,ATL,WAS,4,00:40,0,ATL 19,Take lead,MANUAL_REVIEW,Missed or blocked fg 56 plus,L,,,no,1.2
2024_17_ATL_WAS,2024,17,REG,2024-12-29,Jayden Daniels,WAS,ATL,5,10:00,0,WAS 30,Take lead,CONVERSION,Offense reached required score state,W,63.403,FAVORABLE,no,1.2
2024_17_DEN_CIN,2024,17,REG,2024-12-28,Joe Burrow,CIN,DEN,5,02:20,0,CIN 37,Take lead,CONVERSION,Offense reached required score state,W,63.403,FAVORABLE,no,1.2
2024_17_DEN_CIN,2024,17,REG,2024-12-28,Bo Nix,DEN,CIN,5,02:43,0,DEN 23,Take lead,FAILURE,Punt,L,63.403,FAVORABLE,no,1.2
2024_17_SEA_CHI,2024,17,REG,2024-12-26,Caleb Williams,CHI,SEA,4,05:12,-3,CHI 11,Tie or take lead,FAILURE,Interception,L,56.716,FAVORABLE,no,1.2
2024_17_TEN_JAX,2024,17,REG,2024-12-29,Mason Rudolph,TEN,JAX,4,01:29,-7,TEN 26,Touchdown,FAILURE,Turnover on downs,L,14.636,VERY_DIFFICULT,no,1.2
2024_18_BUF_NE,2024,18,REG,2025-01-05,Mike White,BUF,NE,4,01:55,-7,BUF 29,Touchdown,FAILURE,Turnover on downs,L,14.636,VERY_DIFFICULT,no,1.2
2024_18_CAR_ATL,2024,18,REG,2025-01-05,Michael Penix Jr.,ATL,CAR,4,00:17,0,ATL 12,Take lead,FAILURE,End half,L,29.585,DIFFICULT,no,1.2
2024_18_CAR_ATL,2024,18,REG,2025-01-05,Bryce Young,CAR,ATL,5,10:00,0,CAR 30,Take lead,CONVERSION,Offense reached required score state,W,63.403,FAVORABLE,no,1.2
2024_18_CHI_GB,2024,18,REG,2025-01-05,Caleb Williams,CHI,GB,4,00:54,-1,CHI 20,Tie or take lead,CONVERSION,Offense reached required score state,W,22.728,DIFFICULT,no,1.2
2024_18_CHI_GB,2024,18,REG,2025-01-05,Malik Willis,GB,CHI,4,01:49,-2,CHI 43,Tie or take lead,CONVERSION,Offense reached required score state,L,57.037,FAVORABLE,no,1.2
2024_18_CIN_PIT,2024,18,REG,2025-01-04,Russell Wilson,PIT,CIN,4,01:51,-2,PIT 24,Tie or take lead,FAILURE,Turnover on downs,L,44.293,AVERAGE,no,1.2
2024_18_JAX_IND,2024,18,REG,2025-01-05,Joe Flacco,IND,JAX,5,10:00,0,IND 30,Take lead,CONVERSION,Offense reached required score state,W,63.403,FAVORABLE,no,1.2
2024_18_JAX_IND,2024,18,REG,2025-01-05,Mac Jones,JAX,IND,5,05:23,-3,JAX 30,Tie or take lead,FAILURE,Turnover on downs,L,40.352,AVERAGE,no,1.2
2024_18_NO_TB,2024,18,REG,2025-01-05,Spencer Rattler,NO,TB,4,01:51,-8,NO 30,TD + 2-point conversion,FAILURE,Turnover on downs,L,5.604,VERY_DIFFICULT,no,1.2
2024_18_NYG_PHI,2024,18,REG,2025-01-05,Drew Lock,NYG,PHI,4,00:47,-7,NYG 30,Touchdown,FAILURE,Interception,L,5.964,VERY_DIFFICULT,no,1.2
2024_18_SEA_LA,2024,18,REG,2025-01-05,Jimmy Garoppolo,LA,SEA,4,03:19,-5,LA 30,Tie or take lead,FAILURE,Turnover on downs,L,37.558,AVERAGE,no,1.2
2024_18_SEA_LA,2024,18,REG,2025-01-05,Geno Smith,SEA,LA,4,07:29,-1,SEA 30,Tie or take lead,CONVERSION,Offense reached required score state,W,70.143,VERY_FAVORABLE,no,1.2
2024_18_WAS_DAL,2024,18,REG,2025-01-05,Marcus Mariota,WAS,DAL,4,03:18,-3,WAS 9,Tie or take lead,CONVERSION,Offense reached required score state,W,48.26,AVERAGE,no,1.2
2024_19_WAS_TB,2024,19,POST,2025-01-12,Baker Mayfield,TB,WAS,4,09:46,-3,TB 25,Tie or take lead,CONVERSION,Offense reached required score state,L,70.143,VERY_FAVORABLE,no,1.2
2024_19_WAS_TB,2024,19,POST,2025-01-12,Jayden Daniels,WAS,TB,4,04:41,0,WAS 30,Take lead,CONVERSION,Offense reached required score state,W,81.07,VERY_FAVORABLE,no,1.2
2024_20_BAL_BUF,2024,20,POST,2025-01-19,Lamar Jackson,BAL,BUF,4,03:29,-8,BAL 12,TD + 2-point conversion,FAILURE,Two point conversion failed,L,6.511,VERY_DIFFICULT,no,1.2
2024_20_LA_PHI,2024,20,POST,2025-01-19,Matthew Stafford,LA,PHI,4,02:23,-6,LA 18,Tie or take lead,FAILURE,Turnover on downs,L,25.121,DIFFICULT,no,1.2
2024_21_BUF_KC,2024,21,POST,2025-01-26,Josh Allen,BUF,KC,4,03:33,-3,BUF 30,Tie or take lead,FAILURE,Turnover on downs,L,62.579,FAVORABLE,no,1.2
2025_01_ARI_NO,2025,1,REG,2025-09-07,Spencer Rattler,NO,ARI,4,01:49,-7,NO 42,Touchdown,FAILURE,Turnover on downs,L,21.973,DIFFICULT,no,1.2
2025_01_BAL_BUF,2025,1,REG,2025-09-07,Josh Allen,BUF,BAL,4,01:26,-2,BUF 20,Tie or take lead,CONVERSION,Offense reached required score state,W,43.837,AVERAGE,no,1.2
2025_01_CIN_CLE,2025,1,REG,2025-09-07,Joe Flacco,CLE,CIN,4,00:19,-1,CLE 1,Tie or take lead,FAILURE,End game,L,12.931,VERY_DIFFICULT,no,1.2
2025_01_DAL_PHI,2025,1,REG,2025-09-04,Dak Prescott,DAL,PHI,4,03:02,-4,DAL 18,Tie or take lead,FAILURE,Turnover on downs,L,24.524,DIFFICULT,no,1.2
2025_01_HOU_LA,2025,1,REG,2025-09-07,C.J. Stroud,HOU,LA,4,04:09,-5,HOU 19,Tie or take lead,FAILURE,Fumble lost,L,24.524,DIFFICULT,no,1.2
2025_01_PIT_NYJ,2025,1,REG,2025-09-07,Justin Fields,NYJ,PIT,4,01:03,-2,NYJ 31,Tie or take lead,FAILURE,Turnover on downs,L,43.837,AVERAGE,no,1.2
2025_01_PIT_NYJ,2025,1,REG,2025-09-07,Aaron Rodgers,PIT,NYJ,4,03:13,-1,PIT 19,Tie or take lead,CONVERSION,Offense reached required score state,W,47.517,AVERAGE,no,1.2
2025_01_SF_SEA,2025,1,REG,2025-09-07,Sam Darnold,SEA,SF,4,01:34,-4,SEA 35,Tie or take lead,FAILURE,Fumble lost,L,21.882,DIFFICULT,no,1.2
2025_01_SF_SEA,2025,1,REG,2025-09-07,Brock Purdy,SF,SEA,4,03:24,-3,SF 32,Tie or take lead,CONVERSION,Offense reached required score state,W,62.43,FAVORABLE,no,1.2
2025_01_TB_ATL,2025,1,REG,2025-09-07,Michael Penix Jr.,ATL,TB,4,00:59,-3,ATL 14,Tie or take lead,CONVERSION,Missed or blocked fg 45 or shorter,L,12.931,VERY_DIFFICULT,no,1.2
2025_01_TB_ATL,2025,1,REG,2025-09-07,Baker Mayfield,TB,ATL,4,02:17,-3,TB 37,Tie or take lead,CONVERSION,Offense reached required score state,W,62.43,FAVORABLE,no,1.2
2025_01_TEN_DEN,2025,1,REG,2025-09-07,Cam Ward,TEN,DEN,4,00:59,-8,TEN 36,TD + 2-point conversion,FAILURE,Fumble lost,L,2.137,VERY_DIFFICULT,no,1.2
2025_02_CAR_ARI,2025,2,REG,2025-09-14,Bryce Young,CAR,ARI,4,01:58,-5,CAR 49,Tie or take lead,FAILURE,Turnover on downs,L,31.749,DIFFICULT,no,1.2
2025_02_DEN_IND,2025,2,REG,2025-09-14,Daniel Jones,IND,DEN,4,03:15,-2,IND 32,Tie or take lead,CONVERSION,Offense reached required score state,W,62.43,FAVORABLE,no,1.2
2025_02_JAX_CIN,2025,2,REG,2025-09-14,Jake Browning,CIN,JAX,4,03:42,-3,CIN 8,Tie or take lead,CONVERSION,Offense reached required score state,W,47.517,AVERAGE,no,1.2
2025_02_JAX_CIN,2025,2,REG,2025-09-14,Trevor Lawrence,JAX,CIN,4,00:18,-4,JAX 35,Tie or take lead,FAILURE,End game,L,8.911,VERY_DIFFICULT,no,1.2
2025_02_NE_MIA,2025,2,REG,2025-09-14,Tua Tagovailoa,MIA,NE,4,01:47,-6,MIA 40,Tie or take lead,FAILURE,Turnover on downs,L,31.749,DIFFICULT,no,1.2
2025_02_NYG_DAL,2025,2,REG,2025-09-14,Dak Prescott,DAL,NYG,5,02:00,0,DAL 30,Take lead,CONVERSION,Offense reached required score state,W,63.044,FAVORABLE,no,1.2
2025_02_NYG_DAL,2025,2,REG,2025-09-14,Russell Wilson,NYG,DAL,5,02:49,0,NYG 34,Take lead,FAILURE,Interception,L,63.044,FAVORABLE,no,1.2
2025_02_SF_NO,2025,2,REG,2025-09-14,Spencer Rattler,NO,SF,4,02:40,-5,NO 6,Tie or take lead,FAILURE,Turnover on downs,L,24.524,DIFFICULT,no,1.2
2025_02_TB_HOU,2025,2,REG,2025-09-15,C.J. Stroud,HOU,TB,4,03:00,-1,TB 26,Tie or take lead,CONVERSION,Offense reached required score state,L,86.716,VERY_FAVORABLE,no,1.2
2025_02_TB_HOU,2025,2,REG,2025-09-15,Baker Mayfield,TB,HOU,4,02:10,-5,TB 20,Tie or take lead,CONVERSION,Offense reached required score state,W,37.357,AVERAGE,no,1.2
2025_03_ARI_SF,2025,3,REG,2025-09-21,Mac Jones,SF,ARI,4,01:46,-2,SF 20,Tie or take lead,CONVERSION,Offense reached required score state,W,43.837,AVERAGE,no,1.2
2025_03_DEN_LAC,2025,3,REG,2025-09-21,Bo Nix,DEN,LAC,4,02:37,0,DEN 22,Take lead,FAILURE,Punt,L,82.14,VERY_FAVORABLE,no,1.2
2025_03_DEN_LAC,2025,3,REG,2025-09-21,Justin Herbert,LAC,DEN,4,01:43,0,LAC 32,Take lead,CONVERSION,Offense reached required score state,W,68.356,FAVORABLE,no,1.2
2025_03_GB_CLE,2025,3,REG,2025-09-21,Joe Flacco,CLE,GB,4,00:21,0,CLE 47,Take lead,CONVERSION,Offense reached required score state,W,55.61,FAVORABLE,no,1.2
2025_03_GB_CLE,2025,3,REG,2025-09-21,Jordan Love,GB,CLE,4,03:01,0,GB 40,Take lead,CONVERSION,Missed or blocked fg 45 or shorter,L,88.422,VERY_FAVORABLE,no,1.2
2025_03_HOU_JAX,2025,3,REG,2025-09-21,C.J. Stroud,HOU,JAX,4,01:48,-7,HOU 26,Touchdown,FAILURE,Interception,L,14.499,VERY_DIFFICULT,no,1.2
2025_03_HOU_JAX,2025,3,REG,2025-09-21,Trevor Lawrence,JAX,HOU,4,03:47,0,JAX 17,Take lead,CONVERSION,Offense reached required score state,W,71.475,VERY_FAVORABLE,no,1.2
2025_03_LA_PHI,2025,3,REG,2025-09-21,Matthew Stafford,LA,PHI,4,01:48,-1,LA 30,Tie or take lead,CONVERSION,Missed or blocked fg 45 or shorter,L,43.837,AVERAGE,no,1.2
2025_03_LA_PHI,2025,3,REG,2025-09-21,Jalen Hurts,PHI,LA,4,08:42,-5,PHI 9,Tie or take lead,CONVERSION,Offense reached required score state,W,30.481,DIFFICULT,no,1.2
2025_03_NYJ_TB,2025,3,REG,2025-09-21,Baker Mayfield,TB,NYJ,4,01:49,-1,TB 34,Tie or take lead,CONVERSION,Offense reached required score state,W,43.837,AVERAGE,no,1.2
2025_03_PIT_NE,2025,3,REG,2025-09-21,Drake Maye,NE,PIT,4,02:16,-7,NE 26,Touchdown,FAILURE,Turnover on downs,L,26.526,DIFFICULT,no,1.2
2025_03_PIT_NE,2025,3,REG,2025-09-21,Aaron Rodgers,PIT,NE,4,07:41,0,PIT 38,Take lead,CONVERSION,Offense reached required score state,W,86.123,VERY_FAVORABLE,no,1.2
2025_04_CHI_LV,2025,4,REG,2025-09-28,Caleb Williams,CHI,LV,4,06:45,-5,CHI 31,Tie or take lead,CONVERSION,Offense reached required score state,W,44.59,AVERAGE,no,1.2
2025_04_CHI_LV,2025,4,REG,2025-09-28,Geno Smith,LV,CHI,4,01:34,-1,LV 42,Tie or take lead,ND-K,Missed or blocked fg 46 to 55,L,,,no,1.2
2025_04_GB_DAL,2025,4,REG,2025-09-28,Dak Prescott,DAL,GB,5,10:00,0,DAL 20,Take lead,CONVERSION,Offense reached required score state,T,63.044,FAVORABLE,no,1.2
2025_04_GB_DAL,2025,4,REG,2025-09-28,Jordan Love,GB,DAL,5,04:40,-3,GB 20,Tie or take lead,CONVERSION,Offense reached required score state,T,38.133,AVERAGE,no,1.2
2025_04_IND_LA,2025,4,REG,2025-09-28,Daniel Jones,IND,LA,4,01:33,-7,IND 11,Touchdown,FAILURE,Interception,L,8.458,VERY_DIFFICULT,no,1.2
2025_04_JAX_SF,2025,4,REG,2025-09-28,Brock Purdy,SF,JAX,4,03:32,-5,SF 37,Tie or take lead,FAILURE,Fumble lost,L,37.357,AVERAGE,no,1.2
2025_04_LAC_NYG,2025,4,REG,2025-09-28,Justin Herbert,LAC,NYG,4,00:18,-3,LAC 16,Tie or take lead,FAILURE,End game,L,12.931,VERY_DIFFICULT,no,1.2
2025_04_MIN_PIT,2025,4,REG,2025-09-28,Carson Wentz,MIN,PIT,4,01:02,-3,MIN 20,Tie or take lead,FAILURE,Turnover on downs,L,43.837,AVERAGE,no,1.2
2025_04_PHI_TB,2025,4,REG,2025-09-28,Baker Mayfield,TB,PHI,4,06:07,-8,TB 22,TD + 2-point conversion,FAILURE,Turnover on downs,L,15.229,VERY_DIFFICULT,no,1.2
2025_04_SEA_ARI,2025,4,REG,2025-09-25,Kyler Murray,ARI,SEA,4,03:16,-7,ARI 43,Touchdown,CONVERSION,Touchdown down 7 kicker neutral,L,37.482,AVERAGE,no,1.2
2025_04_SEA_ARI,2025,4,REG,2025-09-25,Sam Darnold,SEA,ARI,4,00:28,0,SEA 40,Take lead,CONVERSION,Offense reached required score state,W,55.61,FAVORABLE,no,1.2
2025_05_DEN_PHI,2025,5,REG,2025-10-05,Jalen Hurts,PHI,DEN,4,01:11,-4,PHI 26,Tie or take lead,FAILURE,End game,L,21.882,DIFFICULT,no,1.2
2025_05_KC_JAX,2025,5,REG,2025-10-06,Trevor Lawrence,JAX,KC,4,01:45,-4,JAX 40,Tie or take lead,CONVERSION,Offense reached required score state,W,31.749,DIFFICULT,no,1.2
2025_05_KC_JAX,2025,5,REG,2025-10-06,Patrick Mahomes,KC,JAX,4,00:23,-3,KC 17,Tie or take lead,FAILURE,End game,L,12.931,VERY_DIFFICULT,no,1.2
2025_05_MIA_CAR,2025,5,REG,2025-10-05,Tua Tagovailoa,MIA,CAR,4,01:59,-3,MIA 22,Tie or take lead,FAILURE,Punt,L,43.837,AVERAGE,no,1.2
2025_05_MIN_CLE,2025,5,REG,2025-10-05,Dillon Gabriel,CLE,MIN,4,00:25,-4,CLE 29,Tie or take lead,FAILURE,End game,L,8.911,VERY_DIFFICULT,no,1.2
2025_05_MIN_CLE,2025,5,REG,2025-10-05,Carson Wentz,MIN,CLE,4,03:05,-3,MIN 20,Tie or take lead,CONVERSION,Offense reached required score state,W,62.43,FAVORABLE,no,1.2
2025_05_NE_BUF,2025,5,REG,2025-10-05,Josh Allen,BUF,NE,4,05:52,-3,BUF 20,Tie or take lead,CONVERSION,Offense reached required score state,L,69.158,FAVORABLE,no,1.2
2025_05_NE_BUF,2025,5,REG,2025-10-05,Drake Maye,NE,BUF,4,02:17,0,NE 29,Take lead,CONVERSION,Offense reached required score state,W,82.14,VERY_FAVORABLE,no,1.2
2025_05_SF_LA,2025,5,REG,2025-10-02,Matthew Stafford,LA,SF,5,05:51,-3,LA 33,Tie or take lead,FAILURE,Turnover on downs,L,38.133,AVERAGE,no,1.2
2025_05_SF_LA,2025,5,REG,2025-10-02,Mac Jones,SF,LA,5,10:00,0,SF 40,Take lead,CONVERSION,Offense reached required score state,W,73.91,VERY_FAVORABLE,no,1.2
2025_05_TB_SEA,2025,5,REG,2025-10-05,Sam Darnold,SEA,TB,4,01:08,0,SEA 23,Take lead,FAILURE,Interception,L,68.356,FAVORABLE,no,1.2
2025_05_TB_SEA,2025,5,REG,2025-10-05,Baker Mayfield,TB,SEA,4,00:53,0,SEA 35,Take lead,CONVERSION,Offense reached required score state,W,74.77,VERY_FAVORABLE,no,1.2
2025_05_TEN_ARI,2025,5,REG,2025-10-05,Cam Ward,TEN,ARI,4,01:53,-2,TEN 18,Tie or take lead,CONVERSION,Offense reached required score state,W,29.837,DIFFICULT,no,1.2
2025_06_ARI_IND,2025,6,REG,2025-10-12,Jacoby Brissett,ARI,IND,4,04:32,-4,ARI 13,Tie or take lead,FAILURE,Turnover on downs,L,24.524,DIFFICULT,no,1.2
2025_06_CHI_WAS,2025,6,REG,2025-10-13,Caleb Williams,CHI,WAS,4,03:07,-2,CHI 44,Tie or take lead,CONVERSION,Offense reached required score state,W,73.401,VERY_FAVORABLE,no,1.2
2025_06_DAL_CAR,2025,6,REG,2025-10-12,Bryce Young,CAR,DAL,4,06:07,0,CAR 14,Take lead,CONVERSION,Offense reached required score state,W,77.176,VERY_FAVORABLE,no,1.2
2025_06_DAL_CAR,2025,6,REG,2025-10-12,Dak Prescott,DAL,CAR,4,08:18,0,DAL 46,Take lead,FAILURE,Punt,L,91.155,VERY_FAVORABLE,no,1.2
2025_06_DEN_NYJ,2025,6,REG,2025-10-12,Justin Fields,NYJ,DEN,4,02:23,-2,NYJ 43,Tie or take lead,FAILURE,Turnover on downs,L,73.401,VERY_FAVORABLE,no,1.2
2025_06_LAC_MIA,2025,6,REG,2025-10-12,Justin Herbert,LAC,MIA,4,00:46,-1,LAC 41,Tie or take lead,CONVERSION,Offense reached required score state,W,31.161,DIFFICULT,no,1.2
2025_06_LAC_MIA,2025,6,REG,2025-10-12,Tua Tagovailoa,MIA,LAC,4,06:19,-6,MIA 18,Tie or take lead,CONVERSION,Offense reached required score state,L,30.481,DIFFICULT,no,1.2
2025_06_NE_NO,2025,6,REG,2025-10-12,Spencer Rattler,NO,NE,4,05:51,-6,NO 10,Tie or take lead,FAILURE,Punt,L,30.481,DIFFICULT,no,1.2
2025_06_SEA_JAX,2025,6,REG,2025-10-12,Trevor Lawrence,JAX,SEA,4,04:03,-8,JAX 36,TD + 2-point conversion,FAILURE,Punt,L,11.749,VERY_DIFFICULT,no,1.2
2025_07_CAR_NYJ,2025,7,REG,2025-10-19,Tyrod Taylor,NYJ,CAR,4,02:49,-7,NYJ 14,Touchdown,FAILURE,Punt,L,16.437,VERY_DIFFICULT,no,1.2
2025_07_GB_ARI,2025,7,REG,2025-10-19,Jacoby Brissett,ARI,GB,4,01:50,-4,ARI 35,Tie or take lead,FAILURE,Turnover on downs,L,21.882,DIFFICULT,no,1.2
2025_07_GB_ARI,2025,7,REG,2025-10-19,Jordan Love,GB,ARI,4,05:51,-3,ARI 48,Tie or take lead,CONVERSION,Offense reached required score state,W,78.831,VERY_FAVORABLE,no,1.2
2025_07_NYG_DEN,2025,7,REG,2025-10-19,Bo Nix,DEN,NYG,4,00:37,-2,DEN 23,Tie or take lead,CONVERSION,Offense reached required score state,W,21.419,DIFFICULT,no,1.2
2025_07_NYG_DEN,2025,7,REG,2025-10-19,Jaxson Dart,NYG,DEN,4,01:51,-4,NYG 35,Tie or take lead,CONVERSION,Offense reached required score state,L,21.882,DIFFICULT,no,1.2
2025_07_PIT_CIN,2025,7,REG,2025-10-16,Joe Flacco,CIN,PIT,4,02:21,-1,CIN 30,Tie or take lead,CONVERSION,Offense reached required score state,W,62.43,FAVORABLE,no,1.2
2025_07_PIT_CIN,2025,7,REG,2025-10-16,Aaron Rodgers,PIT,CIN,4,02:46,-6,PIT 42,Tie or take lead,CONVERSION,Offense reached required score state,L,49.757,AVERAGE,no,1.2
2025_08_NYJ_CIN,2025,8,REG,2025-10-26,Joe Flacco,CIN,NYJ,4,01:54,-1,CIN 25,Tie or take lead,FAILURE,Turnover on downs,L,43.837,AVERAGE,no,1.2
2025_08_NYJ_CIN,2025,8,REG,2025-10-26,Justin Fields,NYJ,CIN,4,06:50,-6,NYJ 42,Tie or take lead,CONVERSION,Offense reached required score state,W,57.199,FAVORABLE,no,1.2
2025_09_ATL_NE,2025,9,REG,2025-11-02,Michael Penix Jr.,ATL,NE,4,03:30,-1,ATL 19,Tie or take lead,FAILURE,Punt,L,47.517,AVERAGE,no,1.2
2025_09_CAR_GB,2025,9,REG,2025-11-02,Bryce Young,CAR,GB,4,02:32,0,CAR 29,Take lead,CONVERSION,Offense reached required score state,W,82.14,VERY_FAVORABLE,no,1.2
2025_09_CAR_GB,2025,9,REG,2025-11-02,Jordan Love,GB,CAR,4,07:24,-7,GB 29,Touchdown,CONVERSION,Touchdown down 7 kicker neutral,L,32.758,DIFFICULT,no,1.2
2025_09_CHI_CIN,2025,9,REG,2025-11-02,Caleb Williams,CHI,CIN,4,00:54,-1,CHI 28,Tie or take lead,CONVERSION,Offense reached required score state,W,21.419,DIFFICULT,no,1.2
2025_09_CHI_CIN,2025,9,REG,2025-11-02,Joe Flacco,CIN,CHI,4,00:17,-5,CIN 35,Tie or take lead,FAILURE,Turnover,L,8.911,VERY_DIFFICULT,no,1.2
2025_09_DEN_HOU,2025,9,REG,2025-11-02,Bo Nix,DEN,HOU,4,00:50,0,DEN 36,Take lead,CONVERSION,Offense reached required score state,W,43.0,AVERAGE,no,1.2
2025_09_DEN_HOU,2025,9,REG,2025-11-02,Davis Mills,HOU,DEN,4,01:14,0,HOU 13,Take lead,FAILURE,Punt,L,54.064,AVERAGE,no,1.2
2025_09_JAX_LV,2025,9,REG,2025-11-02,Trevor Lawrence,JAX,LV,5,10:00,0,LV 44,Take lead,CONVERSION,Offense reached required score state,W,73.91,VERY_FAVORABLE,no,1.2
2025_09_JAX_LV,2025,9,REG,2025-11-02,Geno Smith,LV,JAX,5,03:24,-7,JAX 45,Touchdown,CONVERSION,Touchdown down 7 kicker neutral,L,18.193,VERY_DIFFICULT,no,1.2
2025_09_KC_BUF,2025,9,REG,2025-11-02,Patrick Mahomes,KC,BUF,4,00:22,-7,KC 42,Touchdown,FAILURE,End game,L,8.954,VERY_DIFFICULT,no,1.2
2025_10_ATL_IND,2025,10,REG,2025-11-09,Michael Penix Jr.,ATL,IND,5,10:00,0,ATL 30,Take lead,FAILURE,Punt,L,63.044,FAVORABLE,no,1.2
2025_10_ATL_IND,2025,10,REG,2025-11-09,Daniel Jones,IND,ATL,5,07:29,0,IND 43,Take lead,CONVERSION,Offense reached required score state,W,73.91,VERY_FAVORABLE,no,1.2
2025_10_BAL_MIN,2025,10,REG,2025-11-09,J.J. McCarthy,MIN,BAL,4,01:44,-8,MIN 8,TD + 2-point conversion,FAILURE,Turnover on downs,L,3.295,VERY_DIFFICULT,no,1.2
2025_10_JAX_HOU,2025,10,REG,2025-11-09,Davis Mills,HOU,JAX,4,06:10,-5,HOU 7,Tie or take lead,CONVERSION,Offense reached required score state,W,30.481,DIFFICULT,no,1.2
2025_10_JAX_HOU,2025,10,REG,2025-11-09,Trevor Lawrence,JAX,HOU,4,00:31,-1,JAX 33,Tie or take lead,FAILURE,Fumble lost,L,21.419,DIFFICULT,no,1.2
2025_10_LV_DEN,2025,10,REG,2025-11-06,Geno Smith,LV,DEN,4,07:10,-3,DEN 45,Tie or take lead,ND-K,Missed or blocked fg 46 to 55,L,,,no,1.2
2025_10_NYG_CHI,2025,10,REG,2025-11-09,Caleb Williams,CHI,NYG,4,02:53,-3,CHI 47,Tie or take lead,CONVERSION,Offense reached required score state,W,73.401,VERY_FAVORABLE,no,1.2
2025_10_NYG_CHI,2025,10,REG,2025-11-09,Russell Wilson,NYG,CHI,4,01:47,-4,NYG 35,Tie or take lead,FAILURE,Turnover on downs,L,21.882,DIFFICULT,no,1.2
2025_10_PHI_GB,2025,10,REG,2025-11-10,Jordan Love,GB,PHI,4,00:27,-3,GB 36,Tie or take lead,MANUAL_REVIEW,Missed or blocked fg 56 plus,L,,,no,1.2
2025_11_BAL_CLE,2025,11,REG,2025-11-16,Lamar Jackson,BAL,CLE,4,04:32,0,CLE 44,Take lead,CONVERSION,Offense reached required score state,W,88.422,VERY_FAVORABLE,no,1.2
2025_11_BAL_CLE,2025,11,REG,2025-11-16,Shedeur Sanders,CLE,BAL,4,02:31,-7,CLE 35,Touchdown,FAILURE,Turnover on downs,L,26.526,DIFFICULT,no,1.2
2025_11_CAR_ATL,2025,11,REG,2025-11-16,Kirk Cousins,ATL,CAR,5,10:00,0,ATL 20,Take lead,FAILURE,Punt,L,63.044,FAVORABLE,no,1.2
2025_11_CAR_ATL,2025,11,REG,2025-11-16,Bryce Young,CAR,ATL,5,08:45,0,CAR 30,Take lead,CONVERSION,Offense reached required score state,W,63.044,FAVORABLE,no,1.2
2025_11_CHI_MIN,2025,11,REG,2025-11-16,Caleb Williams,CHI,MIN,4,00:50,-1,MIN 40,Tie or take lead,CONVERSION,Offense reached required score state,W,51.71,AVERAGE,no,1.2
2025_11_CHI_MIN,2025,11,REG,2025-11-16,J.J. McCarthy,MIN,CHI,4,03:14,-6,MIN 15,Tie or take lead,CONVERSION,Offense reached required score state,L,24.524,DIFFICULT,no,1.2
2025_11_GB_NYG,2025,11,REG,2025-11-16,Jameis Winston,NYG,GB,4,04:02,-7,NYG 35,Touchdown,FAILURE,Interception,L,26.526,DIFFICULT,no,1.2
2025_11_HOU_TEN,2025,11,REG,2025-11-16,Davis Mills,HOU,TEN,4,01:35,0,HOU 35,Take lead,CONVERSION,Offense reached required score state,W,68.356,FAVORABLE,no,1.2
2025_11_HOU_TEN,2025,11,REG,2025-11-16,Cam Ward,TEN,HOU,4,04:57,-7,TEN 5,Touchdown,CONVERSION,Touchdown down 7 kicker neutral,L,16.437,VERY_DIFFICULT,no,1.2
2025_11_KC_DEN,2025,11,REG,2025-11-16,Bo Nix,DEN,KC,4,02:59,0,DEN 26,Take lead,CONVERSION,Offense reached required score state,W,82.14,VERY_FAVORABLE,no,1.2
2025_11_KC_DEN,2025,11,REG,2025-11-16,Patrick Mahomes,KC,DEN,4,04:10,0,KC 26,Take lead,FAILURE,Punt,L,82.14,VERY_FAVORABLE,no,1.2
2025_11_SEA_LA,2025,11,REG,2025-11-16,Sam Darnold,SEA,LA,4,01:41,-2,SEA 1,Tie or take lead,MANUAL_REVIEW,Missed or blocked fg 56 plus,L,,,no,1.2
2025_11_WAS_MIA,2025,11,REG,2025-11-16,Tua Tagovailoa,MIA,WAS,5,09:53,0,WAS 33,Take lead,CONVERSION,Offense reached required score state,W,87.015,VERY_FAVORABLE,no,1.2
2025_11_WAS_MIA,2025,11,REG,2025-11-16,Marcus Mariota,WAS,MIA,5,10:00,0,WAS 35,Take lead,FAILURE,Interception,L,63.044,FAVORABLE,no,1.2
2025_12_BUF_HOU,2025,12,REG,2025-11-20,Josh Allen,BUF,HOU,4,02:48,-4,BUF 18,Tie or take lead,FAILURE,Interception,L,24.524,DIFFICULT,no,1.2
2025_12_IND_KC,2025,12,REG,2025-11-23,Daniel Jones,IND,KC,5,10:00,0,IND 33,Take lead,FAILURE,Punt,L,63.044,FAVORABLE,no,1.2
2025_12_IND_KC,2025,12,REG,2025-11-23,Patrick Mahomes,KC,IND,5,07:53,0,KC 10,Take lead,CONVERSION,Offense reached required score state,W,48.171,AVERAGE,no,1.2
2025_12_JAX_ARI,2025,12,REG,2025-11-23,Jacoby Brissett,ARI,JAX,5,07:46,-3,ARI 28,Tie or take lead,FAILURE,Turnover on downs,L,38.133,AVERAGE,no,1.2
2025_12_JAX_ARI,2025,12,REG,2025-11-23,Trevor Lawrence,JAX,ARI,5,10:00,0,JAX 35,Take lead,CONVERSION,Offense reached required score state,W,63.044,FAVORABLE,no,1.2
2025_12_NE_CIN,2025,12,REG,2025-11-23,Joe Flacco,CIN,NE,4,01:51,-6,CIN 28,Tie or take lead,FAILURE,Turnover on downs,L,21.882,DIFFICULT,no,1.2
2025_12_NYG_DET,2025,12,REG,2025-11-23,Jared Goff,DET,NYG,5,10:00,0,DET 31,Take lead,CONVERSION,Offense reached required score state,W,63.044,FAVORABLE,no,1.2
2025_12_NYG_DET,2025,12,REG,2025-11-23,Jameis Winston,NYG,DET,5,09:42,-7,NYG 30,Touchdown,FAILURE,Turnover on downs,L,11.81,VERY_DIFFICULT,no,1.2
2025_12_PHI_DAL,2025,12,REG,2025-11-23,Dak Prescott,DAL,PHI,4,01:35,0,DAL 27,Take lead,CONVERSION,Offense reached required score state,W,68.356,FAVORABLE,no,1.2
2025_12_PHI_DAL,2025,12,REG,2025-11-23,Jalen Hurts,PHI,DAL,4,03:38,0,PHI 2,Take lead,FAILURE,Punt,L,71.475,VERY_FAVORABLE,no,1.2
2025_12_PIT_CHI,2025,12,REG,2025-11-23,Mason Rudolph,PIT,CHI,4,01:29,-3,PIT 20,Tie or take lead,FAILURE,Turnover on downs,L,43.837,AVERAGE,no,1.2
2025_13_ARI_TB,2025,13,REG,2025-11-30,Jacoby Brissett,ARI,TB,4,01:49,-3,ARI 9,Tie or take lead,FAILURE,Turnover on downs,L,29.837,DIFFICULT,no,1.2
2025_13_ATL_NYJ,2025,13,REG,2025-11-30,Kirk Cousins,ATL,NYJ,4,00:57,0,ATL 33,Take lead,FAILURE,Punt,L,43.0,AVERAGE,no,1.2
2025_13_ATL_NYJ,2025,13,REG,2025-11-30,Tyrod Taylor,NYJ,ATL,4,00:35,0,NYJ 43,Take lead,CONVERSION,Offense reached required score state,W,55.61,FAVORABLE,no,1.2
2025_13_DEN_WAS,2025,13,REG,2025-11-30,Bo Nix,DEN,WAS,5,10:00,0,DEN 24,Take lead,CONVERSION,Offense reached required score state,W,63.044,FAVORABLE,no,1.2
2025_13_DEN_WAS,2025,13,REG,2025-11-30,Marcus Mariota,WAS,DEN,5,06:59,-7,WAS 35,Touchdown,CONVERSION,Touchdown down 7 kicker neutral,L,11.81,VERY_DIFFICULT,no,1.2
2025_13_HOU_IND,2025,13,REG,2025-11-30,Daniel Jones,IND,HOU,4,04:45,-4,IND 17,Tie or take lead,FAILURE,Turnover on downs,L,24.524,DIFFICULT,no,1.2
2025_13_LA_CAR,2025,13,REG,2025-11-30,Matthew Stafford,LA,CAR,4,06:34,-3,LA 28,Tie or take lead,FAILURE,Fumble lost,L,69.158,FAVORABLE,no,1.2
2025_13_NO_MIA,2025,13,REG,2025-11-30,Tyler Shough,NO,MIA,4,01:17,-4,NO 45,Tie or take lead,FAILURE,Turnover on downs,L,31.749,DIFFICULT,no,1.2
2025_14_CHI_GB,2025,14,REG,2025-12-07,Caleb Williams,CHI,GB,4,03:32,-7,CHI 26,Touchdown,FAILURE,Interception,L,26.526,DIFFICULT,no,1.2
2025_14_CHI_GB,2025,14,REG,2025-12-07,Jordan Love,GB,CHI,4,08:00,0,GB 35,Take lead,CONVERSION,Offense reached required score state,W,86.123,VERY_FAVORABLE,no,1.2
2025_14_NO_TB,2025,14,REG,2025-12-07,Baker Mayfield,TB,NO,4,01:48,-4,TB 20,Tie or take lead,FAILURE,Turnover on downs,L,21.882,DIFFICULT,no,1.2
2025_14_PHI_LAC,2025,14,REG,2025-12-08,Justin Herbert,LAC,PHI,5,10:00,0,LAC 30,Take lead,CONVERSION,Offense reached required score state,W,63.044,FAVORABLE,no,1.2
2025_14_PHI_LAC,2025,14,REG,2025-12-08,Jalen Hurts,PHI,LAC,5,06:24,-3,PHI 31,Tie or take lead,FAILURE,Interception,L,38.133,AVERAGE,no,1.2
2025_14_PIT_BAL,2025,14,REG,2025-12-07,Lamar Jackson,BAL,PIT,4,01:56,-5,BAL 26,Tie or take lead,FAILURE,End game,L,21.882,DIFFICULT,no,1.2
2025_14_TEN_CLE,2025,14,REG,2025-12-07,Shedeur Sanders,CLE,TEN,4,02:43,-8,CLE 20,TD + 2-point conversion,FAILURE,Two point conversion failed,L,11.749,VERY_DIFFICULT,no,1.2
2025_15_ATL_TB,2025,15,REG,2025-12-11,Kirk Cousins,ATL,TB,4,01:49,-2,ATL 30,Tie or take lead,CONVERSION,Offense reached required score state,W,43.837,AVERAGE,no,1.2
2025_15_BUF_NE,2025,15,REG,2025-12-14,Drake Maye,NE,BUF,4,02:43,-4,NE 17,Tie or take lead,FAILURE,Turnover on downs,L,24.524,DIFFICULT,no,1.2
2025_15_CAR_NO,2025,15,REG,2025-12-14,Bryce Young,CAR,NO,4,02:29,0,CAR 29,Take lead,FAILURE,Punt,L,82.14,VERY_FAVORABLE,no,1.2
2025_15_CAR_NO,2025,15,REG,2025-12-14,Unresolved,NO,CAR,4,00:57,0,NO 9,Take lead,MANUAL_REVIEW,Multi qb material participation,W,,,no,1.2
2025_15_GB_DEN,2025,15,REG,2025-12-14,Jordan Love,GB,DEN,4,01:07,-8,GB 38,TD + 2-point conversion,FAILURE,Turnover on downs,L,5.885,VERY_DIFFICULT,no,1.2
2025_15_IND_SEA,2025,15,REG,2025-12-14,Philip Rivers,IND,SEA,4,00:18,-2,IND 30,Tie or take lead,FAILURE,Interception,L,21.419,DIFFICULT,no,1.2
2025_15_IND_SEA,2025,15,REG,2025-12-14,Sam Darnold,SEA,IND,4,00:47,-1,SEA 37,Tie or take lead,CONVERSION,Offense reached required score state,W,21.419,DIFFICULT,no,1.2
2025_15_LAC_KC,2025,15,REG,2025-12-14,Unresolved,KC,LAC,4,05:20,-3,KC 8,Tie or take lead,MANUAL_REVIEW,Multi qb material participation,L,,,no,1.2
2025_15_WAS_NYG,2025,15,REG,2025-12-14,Jaxson Dart,NYG,WAS,4,02:38,-8,NYG 49,TD + 2-point conversion,FAILURE,Turnover on downs,L,18.105,VERY_DIFFICULT,no,1.2
2025_16_ATL_ARI,2025,16,REG,2025-12-21,Jacoby Brissett,ARI,ATL,4,02:05,-7,ARI 40,Touchdown,FAILURE,Interception,L,37.482,AVERAGE,no,1.2
2025_16_BUF_CLE,2025,16,REG,2025-12-21,Shedeur Sanders,CLE,BUF,4,02:47,-3,CLE 12,Tie or take lead,FAILURE,Punt,L,47.517,AVERAGE,no,1.2
2025_16_GB_CHI,2025,16,REG,2025-12-20,Caleb Williams,CHI,GB,5,06:10,0,CHI 36,Take lead,CONVERSION,Offense reached required score state,W,63.044,FAVORABLE,no,1.2
2025_16_GB_CHI,2025,16,REG,2025-12-20,Malik Willis,GB,CHI,5,10:00,0,GB 21,Take lead,FAILURE,Turnover on downs,L,63.044,FAVORABLE,no,1.2
2025_16_LA_SEA,2025,16,REG,2025-12-18,Matthew Stafford,LA,SEA,5,10:00,0,LA 20,Take lead,CONVERSION,Offense reached required score state,L,63.044,FAVORABLE,no,1.2
2025_16_LA_SEA,2025,16,REG,2025-12-18,Sam Darnold,SEA,LA,5,06:27,-7,SEA 35,Touchdown,CONVERSION,Touchdown down 7 kicker neutral,W,11.81,VERY_DIFFICULT,no,1.2
2025_16_MIN_NYG,2025,16,REG,2025-12-21,Jaxson Dart,NYG,MIN,4,04:15,-3,NYG 34,Tie or take lead,FAILURE,Turnover on downs,L,62.43,FAVORABLE,no,1.2
2025_16_NE_BAL,2025,16,REG,2025-12-21,Tyler Huntley,BAL,NE,4,02:07,-4,BAL 32,Tie or take lead,FAILURE,Fumble lost,L,37.357,AVERAGE,no,1.2
2025_16_PIT_DET,2025,16,REG,2025-12-21,Jared Goff,DET,PIT,4,02:05,-5,DET 27,Tie or take lead,FAILURE,End game,L,37.357,AVERAGE,no,1.2
2025_16_TB_CAR,2025,16,REG,2025-12-21,Bryce Young,CAR,TB,4,04:46,0,CAR 27,Take lead,CONVERSION,Offense reached required score state,W,82.14,VERY_FAVORABLE,no,1.2
2025_16_TB_CAR,2025,16,REG,2025-12-21,Baker Mayfield,TB,CAR,4,02:20,-3,TB 10,Tie or take lead,FAILURE,Interception,L,47.517,AVERAGE,no,1.2
2025_17_CHI_SF,2025,17,REG,2025-12-28,Caleb Williams,CHI,SF,4,02:15,-4,CHI 35,Tie or take lead,FAILURE,End game,L,37.357,AVERAGE,no,1.2
2025_17_CHI_SF,2025,17,REG,2025-12-28,Brock Purdy,SF,CHI,4,05:22,-3,SF 25,Tie or take lead,CONVERSION,Offense reached required score state,W,69.158,FAVORABLE,no,1.2
2025_17_DEN_KC,2025,17,REG,2025-12-25,Bo Nix,DEN,KC,4,08:03,0,DEN 35,Take lead,CONVERSION,Offense reached required score state,W,86.123,VERY_FAVORABLE,no,1.2
2025_17_DEN_KC,2025,17,REG,2025-12-25,Chris Oladokun,KC,DEN,4,01:45,-7,KC 35,Touchdown,FAILURE,Turnover on downs,L,14.499,VERY_DIFFICULT,no,1.2
2025_17_JAX_IND,2025,17,REG,2025-12-28,Unresolved,IND,JAX,4,00:18,-6,IND 35,Tie or take lead,MANUAL_REVIEW,Multi qb material participation,L,,,no,1.2
2025_17_LA_ATL,2025,17,REG,2025-12-29,Kirk Cousins,ATL,LA,4,02:46,0,ATL 35,Take lead,CONVERSION,Offense reached required score state,W,82.14,VERY_FAVORABLE,no,1.2
2025_17_LA_ATL,2025,17,REG,2025-12-29,Matthew Stafford,LA,ATL,4,00:21,-3,LA 35,Tie or take lead,FAILURE,Turnover on downs,L,21.419,DIFFICULT,no,1.2
2025_17_NO_TEN,2025,17,REG,2025-12-28,Cam Ward,TEN,NO,4,01:37,-8,TEN 31,TD + 2-point conversion,FAILURE,End game,L,5.885,VERY_DIFFICULT,no,1.2
2025_17_PHI_BUF,2025,17,REG,2025-12-28,Josh Allen,BUF,PHI,4,03:21,-7,BUF 17,Touchdown,CONVERSION,Touchdown down 7 kicker neutral,L,16.437,VERY_DIFFICULT,no,1.2
2025_17_PIT_CLE,2025,17,REG,2025-12-28,Aaron Rodgers,PIT,CLE,4,01:40,-7,PIT 35,Touchdown,FAILURE,Turnover on downs,L,14.499,VERY_DIFFICULT,no,1.2
2025_18_BAL_PIT,2025,18,REG,2026-01-04,Lamar Jackson,BAL,PIT,4,00:55,-2,BAL 47,Tie or take lead,CONVERSION,Missed or blocked fg 45 or shorter,L,31.161,DIFFICULT,no,1.2
2025_18_BAL_PIT,2025,18,REG,2026-01-04,Aaron Rodgers,PIT,BAL,4,02:20,-4,PIT 35,Tie or take lead,CONVERSION,Offense reached required score state,W,37.357,AVERAGE,no,1.2
2025_18_CAR_TB,2025,18,REG,2026-01-03,Bryce Young,CAR,TB,4,00:18,-2,CAR 3,Tie or take lead,FAILURE,Fumble lost,L,12.931,VERY_DIFFICULT,no,1.2
2025_18_CLE_CIN,2025,18,REG,2026-01-04,Joe Burrow,CIN,CLE,4,02:41,-5,CIN 39,Tie or take lead,CONVERSION,Offense reached required score state,L,37.357,AVERAGE,no,1.2
2025_18_CLE_CIN,2025,18,REG,2026-01-04,Shedeur Sanders,CLE,CIN,4,01:29,-1,CLE 29,Tie or take lead,CONVERSION,Offense reached required score state,W,43.837,AVERAGE,no,1.2
2025_18_DET_CHI,2025,18,REG,2026-01-04,Caleb Williams,CHI,DET,4,02:11,0,CHI 26,Take lead,FAILURE,Punt,L,82.14,VERY_FAVORABLE,no,1.2
2025_18_DET_CHI,2025,18,REG,2026-01-04,Jared Goff,DET,CHI,4,01:41,0,DET 37,Take lead,CONVERSION,Offense reached required score state,W,68.356,FAVORABLE,no,1.2
2025_18_IND_HOU,2025,18,REG,2026-01-04,Davis Mills,HOU,IND,4,02:39,-1,HOU 35,Tie or take lead,CONVERSION,Offense reached required score state,W,62.43,FAVORABLE,no,1.2
2025_18_IND_HOU,2025,18,REG,2026-01-04,Riley Leonard,IND,HOU,4,00:12,-2,IND 25,Tie or take lead,FAILURE,Fumble lost,L,21.419,DIFFICULT,no,1.2
2025_18_KC_LV,2025,18,REG,2026-01-04,Shane Buechele,KC,LV,4,00:08,-2,KC 35,Tie or take lead,FAILURE,End game,L,21.419,DIFFICULT,no,1.2
2025_18_KC_LV,2025,18,REG,2026-01-04,Aidan O'Connell,LV,KC,4,01:01,-1,LV 32,Tie or take lead,CONVERSION,Offense reached required score state,W,43.837,AVERAGE,no,1.2
2025_18_WAS_PHI,2025,18,REG,2026-01-04,Tanner McKee,PHI,WAS,4,00:53,-7,PHI 28,Touchdown,FAILURE,Turnover on downs,L,5.591,VERY_DIFFICULT,no,1.2
2025_19_BUF_JAX,2025,19,POST,2026-01-11,Josh Allen,BUF,JAX,4,04:03,-4,BUF 34,Tie or take lead,CONVERSION,Offense reached required score state,W,37.357,AVERAGE,no,1.2
2025_19_BUF_JAX,2025,19,POST,2026-01-11,Trevor Lawrence,JAX,BUF,4,01:04,-3,JAX 23,Tie or take lead,FAILURE,Interception,L,43.837,AVERAGE,no,1.2
2025_19_GB_CHI,2025,19,POST,2026-01-10,Caleb Williams,CHI,GB,4,02:51,-3,CHI 34,Tie or take lead,CONVERSION,Offense reached required score state,W,62.43,FAVORABLE,no,1.2
2025_19_GB_CHI,2025,19,POST,2026-01-10,Jordan Love,GB,CHI,4,01:43,-4,GB 28,Tie or take lead,FAILURE,End game,L,21.882,DIFFICULT,no,1.2
2025_19_LA_CAR,2025,19,POST,2026-01-10,Bryce Young,CAR,LA,4,00:38,-3,CAR 28,Tie or take lead,FAILURE,Turnover on downs,L,21.419,DIFFICULT,no,1.2
2025_19_LA_CAR,2025,19,POST,2026-01-10,Matthew Stafford,LA,CAR,4,02:39,-4,LA 29,Tie or take lead,CONVERSION,Offense reached required score state,W,37.357,AVERAGE,no,1.2
2025_19_SF_PHI,2025,19,POST,2026-01-11,Jalen Hurts,PHI,SF,4,02:54,-4,PHI 35,Tie or take lead,FAILURE,Turnover on downs,L,37.357,AVERAGE,no,1.2
2025_19_SF_PHI,2025,19,POST,2026-01-11,Brock Purdy,SF,PHI,4,08:00,-2,SF 34,Tie or take lead,CONVERSION,Offense reached required score state,W,69.158,FAVORABLE,no,1.2
2025_20_BUF_DEN,2025,20,POST,2026-01-17,Josh Allen,BUF,DEN,5,13:10,0,BUF 7,Take lead,FAILURE,Interception,L,48.171,AVERAGE,no,1.2
2025_20_BUF_DEN,2025,20,POST,2026-01-17,Bo Nix,DEN,BUF,5,07:46,0,DEN 20,Take lead,CONVERSION,Offense reached required score state,W,63.044,FAVORABLE,no,1.2
2025_20_LA_CHI,2025,20,POST,2026-01-18,Caleb Williams,CHI,LA,5,12:42,0,CHI 16,Take lead,FAILURE,Interception,L,48.171,AVERAGE,no,1.2
2025_20_LA_CHI,2025,20,POST,2026-01-18,Matthew Stafford,LA,CHI,5,06:39,0,LA 22,Take lead,CONVERSION,Offense reached required score state,W,63.044,FAVORABLE,no,1.2
2025_21_LA_SEA,2025,21,POST,2026-01-25,Matthew Stafford,LA,SEA,4,00:25,-4,LA 7,Tie or take lead,FAILURE,End game,L,5.06,VERY_DIFFICULT,no,1.2
2025_21_NE_DEN,2025,21,POST,2026-01-25,Jarrett Stidham,DEN,NE,4,03:05,-3,DEN 32,Tie or take lead,FAILURE,Interception,L,62.43,FAVORABLE,no,1.2
2026_01_ATL_PIT,2026,1,REG,2026-09-13,Cooper Rush,ATL,PIT,4,06:58,-7,ATL 46,Touchdown,FAILURE,Punt,L,48.062,AVERAGE,no,1.2
2026_01_BUF_HOU,2026,1,REG,2026-09-13,Josh Allen,BUF,HOU,4,03:13,-1,BUF 4,Tie or take lead,CONVERSION,Offense reached required score state,W,48.228,AVERAGE,no,1.2
2026_01_BUF_HOU,2026,1,REG,2026-09-13,C.J. Stroud,HOU,BUF,4,01:36,-5,HOU 29,Tie or take lead,FAILURE,Fumble lost,L,22.355,DIFFICULT,no,1.2
2026_01_NE_SEA,2026,1,REG,2026-09-09,Drake Maye,NE,SEA,4,05:50,-3,NE 27,Tie or take lead,FAILURE,Interception,L,70.549,VERY_FAVORABLE,no,1.2
2026_01_NE_SEA,2026,1,REG,2026-09-09,Drew Lock,SEA,NE,4,09:20,0,NE 47,Take lead,CONVERSION,Offense reached required score state,W,91.688,VERY_FAVORABLE,no,1.2
2026_01_NO_DET,2026,1,REG,2026-09-13,Jared Goff,DET,NO,5,10:00,0,DET 30,Take lead,CONVERSION,Offense reached required score state,W,63.631,FAVORABLE,no,1.2
2026_01_NO_DET,2026,1,REG,2026-09-13,Tyler Shough,NO,DET,5,05:04,-7,NO 20,Touchdown,CONVERSION,Touchdown down 7 kicker neutral,L,12.799,VERY_DIFFICULT,no,1.2
2026_01_WAS_PHI,2026,1,REG,2026-09-13,Jayden Daniels,WAS,PHI,4,06:02,-8,WAS 37,TD + 2-point conversion,FAILURE,Two point conversion failed,L,15.52,VERY_DIFFICULT,no,1.2
2026_02_CLE_TB,2026,2,REG,2026-09-20,Deshaun Watson,CLE,TB,4,09:58,-3,CLE 32,Tie or take lead,CONVERSION,Offense reached required score state,W,70.549,VERY_FAVORABLE,no,1.2
2026_02_CLE_TB,2026,2,REG,2026-09-20,Baker Mayfield,TB,CLE,4,03:51,-4,TB 49,Tie or take lead,FAILURE,Turnover on downs,L,51.613,AVERAGE,no,1.2
2026_02_GB_NYJ,2026,2,REG,2026-09-20,Jordan Love,GB,NYJ,5,07:29,0,GB 34,Take lead,CONVERSION,Offense reached required score state,W,63.631,FAVORABLE,no,1.2
2026_02_GB_NYJ,2026,2,REG,2026-09-20,Geno Smith,NYJ,GB,5,10:00,0,NYJ 30,Take lead,FAILURE,Punt,L,63.631,FAVORABLE,no,1.2
2026_02_IND_KC,2026,2,REG,2026-09-20,Daniel Jones,IND,KC,5,05:09,-3,IND 35,Tie or take lead,CONVERSION,Offense reached required score state,L,39.781,AVERAGE,no,1.2
2026_02_IND_KC,2026,2,REG,2026-09-20,Patrick Mahomes,KC,IND,5,03:11,0,KC 32,Take lead,CONVERSION,Offense reached required score state,W,63.631,FAVORABLE,no,1.2
2026_02_JAX_DEN,2026,2,REG,2026-09-20,Trevor Lawrence,JAX,DEN,4,07:21,-7,JAX 20,Touchdown,FAILURE,Punt,L,34.736,DIFFICULT,no,1.2
2026_02_MIN_CHI,2026,2,REG,2026-09-20,Tyson Bagent,CHI,MIN,4,01:09,-6,CHI 35,Tie or take lead,FAILURE,Turnover on downs,L,22.355,DIFFICULT,no,1.2
2026_02_NO_BAL,2026,2,REG,2026-09-20,Lamar Jackson,BAL,NO,4,01:28,-7,BAL 29,Touchdown,FAILURE,Interception,L,15.06,VERY_DIFFICULT,no,1.2
2026_02_NO_BAL,2026,2,REG,2026-09-20,Tyler Shough,NO,BAL,4,08:06,0,NO 32,Take lead,CONVERSION,Offense reached required score state,W,86.384,VERY_FAVORABLE,no,1.2
2026_02_PHI_TEN,2026,2,REG,2026-09-20,Jalen Hurts,PHI,TEN,4,01:56,-3,PHI 35,Tie or take lead,CONVERSION,Offense reached required score state,W,44.383,AVERAGE,no,1.2
2026_02_PHI_TEN,2026,2,REG,2026-09-20,Cam Ward,TEN,PHI,4,06:00,0,TEN 17,Take lead,CONVERSION,Offense reached required score state,L,77.657,VERY_FAVORABLE,no,1.2
2026_03_BAL_DAL,2026,3,REG,2026-09-27,Lamar Jackson,BAL,DAL,4,00:07,0,BAL 35,Take lead,CONVERSION,Offense reached required score state,W,43.851,AVERAGE,no,1.2
2026_03_BAL_DAL,2026,3,REG,2026-09-27,Dak Prescott,DAL,BAL,4,01:30,-3,DAL 35,Tie or take lead,CONVERSION,Offense reached required score state,L,44.383,AVERAGE,no,1.2
2026_03_CAR_CLE,2026,3,REG,2026-09-27,Bryce Young,CAR,CLE,4,01:01,-3,CAR 17,Tie or take lead,FAILURE,Interception,L,30.42,DIFFICULT,no,1.2
2026_03_CIN_PIT,2026,3,REG,2026-09-27,Joe Burrow,CIN,PIT,4,02:15,-3,CIN 30,Tie or take lead,FAILURE,Fumble lost,L,62.968,FAVORABLE,no,1.2
2026_03_CIN_PIT,2026,3,REG,2026-09-27,Aaron Rodgers,PIT,CIN,4,07:39,0,PIT 8,Take lead,CONVERSION,Offense reached required score state,W,77.657,VERY_FAVORABLE,no,1.2
2026_03_HOU_IND,2026,3,REG,2026-09-27,C.J. Stroud,HOU,IND,4,00:16,-2,HOU 31,Tie or take lead,FAILURE,End game,L,22.773,DIFFICULT,no,1.2
2026_03_HOU_IND,2026,3,REG,2026-09-27,Daniel Jones,IND,HOU,4,01:48,-1,IND 35,Tie or take lead,CONVERSION,Offense reached required score state,W,44.383,AVERAGE,no,1.2
2026_03_LA_DEN,2026,3,REG,2026-09-27,Bo Nix,DEN,LA,4,03:38,-3,DEN 35,Tie or take lead,CONVERSION,Offense reached required score state,W,62.968,FAVORABLE,no,1.2
2026_03_LA_DEN,2026,3,REG,2026-09-27,Matthew Stafford,LA,DEN,4,00:47,-4,LA 33,Tie or take lead,FAILURE,Interception,L,9.616,VERY_DIFFICULT,no,1.2
2026_03_LV_NO,2026,3,REG,2026-09-27,Tyler Shough,NO,LV,4,01:38,-8,NO 20,TD + 2-point conversion,FAILURE,Fumble lost,L,5.767,VERY_DIFFICULT,no,1.2
2026_03_MIN_TB,2026,3,REG,2026-09-27,Jalon Daniels,TB,MIN,4,00:33,-7,TB 31,Touchdown,FAILURE,Turnover,L,6.149,VERY_DIFFICULT,no,1.2
2026_03_NYJ_DET,2026,3,REG,2026-09-27,Jared Goff,DET,NYJ,4,04:06,0,DET 35,Take lead,CONVERSION,Offense reached required score state,W,81.829,VERY_FAVORABLE,no,1.2
2026_03_NYJ_DET,2026,3,REG,2026-09-27,Geno Smith,NYJ,DET,4,02:25,-7,NYJ 31,Touchdown,FAILURE,Fumble lost,L,27.42,DIFFICULT,no,1.2
2026_03_TEN_NYG,2026,3,REG,2026-09-27,Cam Ward,TEN,NYG,4,03:03,-5,TEN 23,Tie or take lead,FAILURE,Interception,L,38.022,AVERAGE,no,1.2
