game_id,season,season_type,week,game_date,offense,opponent,qb_id,qb,drive_id,start_qtr,start_clock,start_score_diff,start_field_position,start_yardline_100,is_final_cdcr_opportunity,classification,event_type
1999_01_ARI_PHI,1999,REG,1,1999-09-12,ARI,PHI,00-0013042,J.Plummer,30,4,1:49,-2,PHI 43,43.0,1,CONVERSION,CLUTCH_RESPONSE
1999_01_CIN_TEN,1999,REG,1,1999-09-12,TEN,CIN,00-0011024,S.McNair,27,4,2:24,-2,CIN 49,49.0,1,CONVERSION,CLUTCH_RESPONSE
1999_01_DAL_WAS,1999,REG,1,1999-09-12,DAL,WAS,00-0000104,T.Aikman,24,4,3:01,-7,DAL 10,90.0,0,CONVERSION,CLUTCH_RESPONSE
1999_01_DAL_WAS,1999,REG,1,1999-09-12,DAL,WAS,00-0000104,T.Aikman,29,5,12:47,0,DAL 5,95.0,1,CONVERSION,CLUTCH_RESPONSE
1999_01_MIN_ATL,1999,REG,1,1999-09-12,ATL,MIN,00-0002876,C.Chandler,17,4,5:50,-3,ATL 20,80.0,1,CONVERSION,CLUTCH_RESPONSE
1999_01_NE_NYJ,1999,REG,1,1999-09-12,NE,NYJ,00-0001361,D.Bledsoe,24,4,3:30,-1,NYJ 49,49.0,1,CONVERSION,CLUTCH_RESPONSE
1999_01_OAK_GB,1999,REG,1,1999-09-12,GB,LV,00-0005106,B.Favre,24,4,1:51,-3,GB 18,82.0,1,CONVERSION,CLUTCH_RESPONSE
1999_02_ARI_MIA,1999,REG,2,1999-09-19,ARI,MIA,00-0013042,J.Plummer,21,4,15:00,-3,MIA 48,48.0,0,CONVERSION,CLUTCH_RESPONSE
1999_02_GB_DET,1999,REG,2,1999-09-19,GB,DET,00-0005106,B.Favre,22,4,14:57,-6,GB 48,52.0,0,CONVERSION,CLUTCH_RESPONSE
1999_02_GB_DET,1999,REG,2,1999-09-19,DET,GB,00-0000865,C.Batch,23,4,12:25,-1,GB 8,8.0,0,CONVERSION,CLUTCH_RESPONSE
1999_02_IND_NE,1999,REG,2,1999-09-19,NE,IND,00-0001361,D.Bledsoe,23,4,8:02,-7,NE 22,78.0,0,CONVERSION,CLUTCH_RESPONSE
1999_02_IND_NE,1999,REG,2,1999-09-19,NE,IND,00-0001361,D.Bledsoe,27,4,2:32,0,IND 37,37.0,1,CONVERSION,CLUTCH_RESPONSE
1999_02_JAX_CAR,1999,REG,2,1999-09-19,JAX,CAR,00-0002110,M.Brunell,17,4,11:23,-2,CAR 44,44.0,0,CONVERSION,CLUTCH_RESPONSE
1999_02_NO_SF,1999,REG,2,1999-09-19,SF,NO,00-0018441,S.Young,20,4,6:53,-7,SF 38,62.0,1,CONVERSION,CLUTCH_RESPONSE
1999_02_PIT_BAL,1999,REG,2,1999-09-19,BAL,PIT,00-0002787,S.Case,28,4,2:39,-7,BAL 28,72.0,1,CONVERSION,CLUTCH_RESPONSE
1999_02_PIT_BAL,1999,REG,2,1999-09-19,PIT,BAL,00-0015700,K.Stewart,29,4,1:22,0,50,50.0,1,CONVERSION,CLUTCH_RESPONSE
1999_02_SEA_CHI,1999,REG,2,1999-09-19,SEA,CHI,00-0005379,G.Foley,21,4,10:57,-6,SEA 15,85.0,0,CONVERSION,CLUTCH_RESPONSE
1999_03_CHI_OAK,1999,REG,3,1999-09-26,LV,CHI,00-0005741,R.Gannon,20,4,11:20,0,LV 43,57.0,0,CONVERSION,CLUTCH_RESPONSE
1999_03_IND_SD,1999,REG,3,1999-09-26,IND,LAC,00-0010346,P.Manning,18,4,14:28,-6,IND 17,83.0,0,CONVERSION,CLUTCH_RESPONSE
1999_03_MIN_GB,1999,REG,3,1999-09-26,GB,MIN,00-0005106,B.Favre,14,4,10:12,0,GB 20,80.0,0,CONVERSION,CLUTCH_RESPONSE
1999_03_MIN_GB,1999,REG,3,1999-09-26,MIN,GB,00-0003761,R.Cunningham,15,4,4:25,-3,MIN 20,80.0,0,CONVERSION,CLUTCH_RESPONSE
1999_03_MIN_GB,1999,REG,3,1999-09-26,GB,MIN,00-0005106,B.Favre,16,4,1:56,-4,GB 23,77.0,1,CONVERSION,CLUTCH_RESPONSE
1999_03_TEN_JAX,1999,REG,3,1999-09-26,TEN,JAX,00-0012261,N.O'Donnell,24,4,5:07,-4,JAX 45,45.0,1,CONVERSION,CLUTCH_RESPONSE
1999_03_WAS_NYJ,1999,REG,3,1999-09-26,WAS,NYJ,00-0008442,B.Johnson,21,4,8:04,-4,WAS 20,80.0,0,CONVERSION,CLUTCH_RESPONSE
1999_04_BAL_ATL,1999,REG,4,1999-10-03,BAL,ATL,00-0002787,S.Case,18,4,14:52,-3,ATL 35,35.0,0,CONVERSION,CLUTCH_RESPONSE
1999_04_BAL_ATL,1999,REG,4,1999-10-03,BAL,ATL,00-0002787,S.Case,26,5,13:53,0,BAL 36,64.0,1,CONVERSION,CLUTCH_RESPONSE
1999_04_CAR_WAS,1999,REG,4,1999-10-03,CAR,WAS,00-0001218,S.Beuerlein,25,4,10:28,-5,WAS 47,47.0,0,CONVERSION,CLUTCH_RESPONSE
1999_04_CAR_WAS,1999,REG,4,1999-10-03,WAS,CAR,00-0008442,B.Johnson,28,4,4:19,-1,WAS 19,81.0,1,CONVERSION,CLUTCH_RESPONSE
1999_04_NO_CHI,1999,REG,4,1999-10-03,CHI,NO,00-0010560,S.Matthews,27,4,1:08,-3,CHI 33,67.0,1,CONVERSION,CLUTCH_RESPONSE
1999_04_NYJ_DEN,1999,REG,4,1999-10-03,NYJ,DEN,00-0011378,R.Mirer,17,4,13:17,-6,NYJ 20,80.0,0,CONVERSION,CLUTCH_RESPONSE
1999_04_OAK_SEA,1999,REG,4,1999-10-03,SEA,LV,00-0009311,J.Kitna,16,4,14:10,-2,SEA 25,75.0,0,CONVERSION,CLUTCH_RESPONSE
1999_04_PHI_NYG,1999,REG,4,1999-10-03,NYG,PHI,00-0003292,K.Collins,22,4,12:37,-2,NYG 27,73.0,0,CONVERSION,CLUTCH_RESPONSE
1999_05_ATL_NO,1999,REG,5,1999-10-10,ATL,NO,00-0006299,T.Graziani,23,4,12:34,0,NO 49,49.0,0,CONVERSION,CLUTCH_RESPONSE
1999_05_CIN_CLE,1999,REG,5,1999-10-10,CIN,CLE,00-0015082,A.Smith,25,4,2:04,-5,CIN 20,80.0,1,CONVERSION,CLUTCH_RESPONSE
1999_05_DAL_PHI,1999,REG,5,1999-10-10,PHI,DAL,00-0012726,D.Pederson,24,4,3:13,-4,PHI 38,62.0,1,CONVERSION,CLUTCH_RESPONSE
1999_05_DEN_OAK,1999,REG,5,1999-10-10,DEN,LV,00-0006423,B.Griese,20,4,14:57,0,DEN 29,71.0,0,CONVERSION,CLUTCH_RESPONSE
1999_05_MIA_IND,1999,REG,5,1999-10-10,MIA,IND,00-0010379,D.Marino,21,4,1:54,-4,MIA 36,64.0,1,CONVERSION,CLUTCH_RESPONSE
1999_05_NE_KC,1999,REG,5,1999-10-10,NE,KC,00-0001361,D.Bledsoe,23,4,0:30,-2,NE 33,67.0,1,CONVERSION,CLUTCH_RESPONSE
1999_05_TB_GB,1999,REG,5,1999-10-10,GB,TB,00-0005106,B.Favre,20,4,10:37,0,GB 11,89.0,0,CONVERSION,CLUTCH_RESPONSE
1999_05_TB_GB,1999,REG,5,1999-10-10,TB,GB,00-0004293,T.Dilfer,23,4,2:28,-3,TB 35,65.0,0,CONVERSION,CLUTCH_RESPONSE
1999_05_TB_GB,1999,REG,5,1999-10-10,GB,TB,00-0005106,B.Favre,24,4,1:45,-4,GB 27,73.0,1,CONVERSION,CLUTCH_RESPONSE
1999_06_DAL_NYG,1999,REG,6,1999-10-18,DAL,NYG,00-0000104,T.Aikman,19,4,5:03,-7,DAL 32,68.0,1,CONVERSION,CLUTCH_RESPONSE
1999_06_DAL_NYG,1999,REG,6,1999-10-18,NYG,DAL,00-0006212,K.Graham,20,4,1:57,0,NYG 19,81.0,1,CONVERSION,CLUTCH_RESPONSE
1999_06_IND_NYJ,1999,REG,6,1999-10-17,IND,NYJ,00-0010346,P.Manning,21,4,4:32,0,NYJ 45,45.0,1,CONVERSION,CLUTCH_RESPONSE
1999_06_MIA_NE,1999,REG,6,1999-10-17,MIA,NE,00-0007835,D.Huard,28,4,2:10,-5,MIA 41,59.0,1,CONVERSION,CLUTCH_RESPONSE
1999_06_MIN_DET,1999,REG,6,1999-10-17,DET,MIN,00-0005589,G.Frerotte,19,4,13:30,-1,DET 18,82.0,0,CONVERSION,CLUTCH_RESPONSE
1999_06_MIN_DET,1999,REG,6,1999-10-17,MIN,DET,00-0005885,J.George,20,4,7:06,-2,MIN 21,79.0,1,CONVERSION,CLUTCH_RESPONSE
1999_06_MIN_DET,1999,REG,6,1999-10-17,DET,MIN,00-0005589,G.Frerotte,21,4,1:40,-1,DET 27,73.0,1,CONVERSION,CLUTCH_RESPONSE
1999_06_SEA_SD,1999,REG,6,1999-10-17,LAC,SEA,00-0009451,E.Kramer,24,4,5:33,-3,LAC 45,55.0,0,CONVERSION,CLUTCH_RESPONSE
1999_06_SEA_SD,1999,REG,6,1999-10-17,LAC,SEA,00-0009451,E.Kramer,26,4,1:34,0,LAC 32,68.0,1,CONVERSION,CLUTCH_RESPONSE
1999_07_NYJ_OAK,1999,REG,7,1999-10-24,LV,NYJ,00-0005741,R.Gannon,24,4,1:55,-6,LV 10,90.0,1,CONVERSION,CLUTCH_RESPONSE
1999_07_PHI_MIA,1999,REG,7,1999-10-24,PHI,MIA,00-0012726,D.Pederson,21,4,2:37,-3,PHI 42,58.0,1,CONVERSION,CLUTCH_RESPONSE
1999_08_BUF_BAL,1999,REG,8,1999-10-31,BUF,BAL,00-0005363,D.Flutie,26,4,3:25,-4,BAL 45,45.0,1,CONVERSION,CLUTCH_RESPONSE
1999_08_CLE_NO,1999,REG,8,1999-10-31,NO,CLE,00-0016534,B.Tolliver,23,4,3:41,-1,NO 37,63.0,1,CONVERSION,CLUTCH_RESPONSE
1999_08_CLE_NO,1999,REG,8,1999-10-31,CLE,NO,00-0003535,T.Couch,24,4,0:21,-2,CLE 25,75.0,1,CONVERSION,CLUTCH_RESPONSE
1999_08_MIN_DEN,1999,REG,8,1999-10-31,DEN,MIN,00-0006423,B.Griese,21,4,8:16,-8,DEN 45,55.0,1,CONVERSION,CLUTCH_RESPONSE
1999_08_MIN_DEN,1999,REG,8,1999-10-31,MIN,DEN,00-0005885,J.George,22,4,5:09,0,MIN 22,78.0,1,CONVERSION,CLUTCH_RESPONSE
1999_08_NYG_PHI,1999,REG,8,1999-10-31,NYG,PHI,00-0006212,K.Graham,23,4,2:43,-7,PHI 5,5.0,0,CONVERSION,CLUTCH_RESPONSE
1999_08_STL_TEN,1999,REG,8,1999-10-31,LA,TEN,00-0017200,K.Warner,29,4,2:14,-3,LA 42,58.0,1,CONVERSION,CLUTCH_RESPONSE
1999_09_ARI_NYJ,1999,REG,9,1999-11-07,NYJ,ARI,00-0011378,R.Mirer,22,4,6:44,-1,ARI 41,41.0,0,CONVERSION,CLUTCH_RESPONSE
1999_09_CHI_GB,1999,REG,9,1999-11-07,GB,CHI,00-0005106,B.Favre,22,4,3:19,-1,GB 17,83.0,1,CONVERSION,CLUTCH_RESPONSE
1999_09_KC_IND,1999,REG,9,1999-11-07,IND,KC,00-0010346,P.Manning,16,4,13:53,-1,IND 46,54.0,0,CONVERSION,CLUTCH_RESPONSE
1999_09_STL_DET,1999,REG,9,1999-11-07,LA,DET,00-0017200,K.Warner,26,4,6:10,-5,LA 13,87.0,0,CONVERSION,CLUTCH_RESPONSE
1999_09_STL_DET,1999,REG,9,1999-11-07,DET,LA,00-0005589,G.Frerotte,27,4,2:42,-3,DET 23,77.0,1,CONVERSION,CLUTCH_RESPONSE
1999_10_CLE_PIT,1999,REG,10,1999-11-14,CLE,PIT,00-0003535,T.Couch,26,4,1:51,-2,CLE 20,80.0,1,CONVERSION,CLUTCH_RESPONSE
1999_10_DEN_SEA,1999,REG,10,1999-11-14,SEA,DEN,00-0009311,J.Kitna,18,4,10:01,-4,SEA 20,80.0,0,CONVERSION,CLUTCH_RESPONSE
1999_10_MIN_CHI,1999,REG,10,1999-11-14,MIN,CHI,00-0005885,J.George,22,4,12:48,0,MIN 4,96.0,0,CONVERSION,CLUTCH_RESPONSE
1999_10_MIN_CHI,1999,REG,10,1999-11-14,CHI,MIN,00-0011276,J.Miller,25,4,3:25,-7,CHI 13,87.0,0,CONVERSION,CLUTCH_RESPONSE
1999_10_MIN_CHI,1999,REG,10,1999-11-14,MIN,CHI,00-0005885,J.George,28,4,0:49,0,MIN 9,91.0,0,CONVERSION,CLUTCH_RESPONSE
1999_10_MIN_CHI,1999,REG,10,1999-11-14,CHI,MIN,00-0011276,J.Miller,30,5,14:45,0,MIN 29,29.0,1,CONVERSION,CLUTCH_RESPONSE
1999_10_MIN_CHI,1999,REG,10,1999-11-14,MIN,CHI,00-0005885,J.George,31,5,12:58,0,MIN 31,69.0,1,CONVERSION,CLUTCH_RESPONSE
1999_10_WAS_PHI,1999,REG,10,1999-11-14,WAS,PHI,00-0008442,B.Johnson,24,4,11:33,-6,WAS 9,91.0,0,CONVERSION,CLUTCH_RESPONSE
1999_10_WAS_PHI,1999,REG,10,1999-11-14,PHI,WAS,00-0011022,D.McNabb,27,4,5:49,-1,WAS 50,50.0,1,CONVERSION,CLUTCH_RESPONSE
1999_11_ATL_TB,1999,REG,11,1999-11-21,TB,ATL,00-0004293,T.Dilfer,21,4,3:45,-1,TB 40,60.0,1,CONVERSION,CLUTCH_RESPONSE
1999_11_BAL_CIN,1999,REG,11,1999-11-21,CIN,BAL,00-0001335,J.Blake,26,4,5:28,-3,CIN 20,80.0,1,CONVERSION,CLUTCH_RESPONSE
1999_11_BAL_CIN,1999,REG,11,1999-11-21,BAL,CIN,00-0000722,T.Banks,27,4,1:50,0,BAL 31,69.0,1,CONVERSION,CLUTCH_RESPONSE
1999_11_CHI_SD,1999,REG,11,1999-11-21,LAC,CHI,00-0006808,J.Harbaugh,25,4,1:54,-3,LAC 23,77.0,1,CONVERSION,CLUTCH_RESPONSE
1999_11_CHI_SD,1999,REG,11,1999-11-21,CHI,LAC,00-0011276,J.Miller,27,5,15:00,0,CHI 22,78.0,1,CONVERSION,CLUTCH_RESPONSE
1999_11_OAK_DEN,1999,REG,11,1999-11-22,DEN,LV,00-0006423,B.Griese,25,4,7:08,-3,DEN 39,61.0,0,CONVERSION,CLUTCH_RESPONSE
1999_11_OAK_DEN,1999,REG,11,1999-11-22,LV,DEN,00-0005741,R.Gannon,28,4,1:42,0,DEN 35,35.0,0,CONVERSION,CLUTCH_RESPONSE
1999_11_OAK_DEN,1999,REG,11,1999-11-22,DEN,LV,00-0006423,B.Griese,29,4,1:21,-3,DEN 29,71.0,0,CONVERSION,CLUTCH_RESPONSE
1999_11_OAK_DEN,1999,REG,11,1999-11-22,DEN,LV,00-0006423,B.Griese,33,5,12:26,0,LV 24,24.0,1,CONVERSION,CLUTCH_RESPONSE
1999_12_JAX_BAL,1999,REG,12,1999-11-28,BAL,JAX,00-0000722,T.Banks,23,4,7:30,-6,JAX 49,49.0,0,CONVERSION,CLUTCH_RESPONSE
1999_12_JAX_BAL,1999,REG,12,1999-11-28,JAX,BAL,00-0002110,M.Brunell,24,4,6:26,-1,JAX 22,78.0,1,CONVERSION,CLUTCH_RESPONSE
1999_12_KC_OAK,1999,REG,12,1999-11-28,LV,KC,00-0005741,R.Gannon,27,4,6:24,0,LV 34,66.0,1,CONVERSION,CLUTCH_RESPONSE
1999_12_KC_OAK,1999,REG,12,1999-11-28,KC,LV,00-0006300,E.Grbac,28,4,2:56,0,KC 34,66.0,1,CONVERSION,CLUTCH_RESPONSE
1999_12_PHI_WAS,1999,REG,12,1999-11-28,PHI,WAS,00-0011022,D.McNabb,16,4,6:10,-7,PHI 9,91.0,1,CONVERSION,CLUTCH_RESPONSE
1999_12_PHI_WAS,1999,REG,12,1999-11-28,WAS,PHI,00-0008442,B.Johnson,17,4,1:52,0,PHI 36,36.0,0,CONVERSION,CLUTCH_RESPONSE
1999_12_PHI_WAS,1999,REG,12,1999-11-28,WAS,PHI,00-0008442,B.Johnson,18,5,15:00,0,PHI 46,46.0,1,CONVERSION,CLUTCH_RESPONSE
1999_13_IND_MIA,1999,REG,13,1999-12-05,IND,MIA,00-0010346,P.Manning,23,4,6:29,0,MIA 37,37.0,0,CONVERSION,CLUTCH_RESPONSE
1999_13_IND_MIA,1999,REG,13,1999-12-05,MIA,IND,00-0010379,D.Marino,24,4,4:24,-3,MIA 20,80.0,1,CONVERSION,CLUTCH_RESPONSE
1999_13_IND_MIA,1999,REG,13,1999-12-05,IND,MIA,00-0010346,P.Manning,25,4,0:36,0,IND 32,68.0,1,CONVERSION,CLUTCH_RESPONSE
1999_13_PHI_ARI,1999,REG,13,1999-12-05,ARI,PHI,00-0013042,J.Plummer,20,4,2:10,-3,ARI 31,69.0,1,CONVERSION,CLUTCH_RESPONSE
1999_14_CAR_GB,1999,REG,14,1999-12-12,CAR,GB,00-0001218,S.Beuerlein,17,4,11:05,0,CAR 32,68.0,0,CONVERSION,CLUTCH_RESPONSE
1999_14_CAR_GB,1999,REG,14,1999-12-12,GB,CAR,00-0005106,B.Favre,18,4,7:48,-3,GB 48,52.0,1,CONVERSION,CLUTCH_RESPONSE
1999_14_CAR_GB,1999,REG,14,1999-12-12,CAR,GB,00-0001218,S.Beuerlein,19,4,4:00,-4,CAR 37,63.0,1,CONVERSION,CLUTCH_RESPONSE
1999_14_DEN_JAX,1999,REG,14,1999-12-13,JAX,DEN,00-0002110,M.Brunell,23,4,3:57,0,JAX 30,70.0,0,CONVERSION,CLUTCH_RESPONSE
1999_14_DEN_JAX,1999,REG,14,1999-12-13,DEN,JAX,00-0006423,B.Griese,24,4,2:35,-7,DEN 20,80.0,1,CONVERSION,CLUTCH_RESPONSE
1999_14_DEN_JAX,1999,REG,14,1999-12-13,JAX,DEN,00-0002110,M.Brunell,27,4,1:43,0,JAX 27,73.0,1,CONVERSION,CLUTCH_RESPONSE
1999_14_DET_TB,1999,REG,14,1999-12-12,TB,DET,00-0009266,S.King,19,4,14:11,-7,TB 35,65.0,0,CONVERSION,CLUTCH_RESPONSE
1999_14_DET_TB,1999,REG,14,1999-12-12,TB,DET,00-0009266,S.King,23,4,5:07,0,DET 24,24.0,0,CONVERSION,CLUTCH_RESPONSE
1999_14_MIA_NYJ,1999,REG,14,1999-12-12,NYJ,MIA,00-0010137,R.Lucas,19,4,14:21,0,NYJ 43,57.0,0,CONVERSION,CLUTCH_RESPONSE
1999_14_MIN_KC,1999,REG,14,1999-12-12,KC,MIN,00-0006300,E.Grbac,26,4,1:38,0,KC 33,67.0,1,CONVERSION,CLUTCH_RESPONSE
1999_14_NYG_BUF,1999,REG,14,1999-12-12,BUF,NYG,00-0005363,D.Flutie,19,4,12:14,-6,NYG 22,22.0,0,CONVERSION,CLUTCH_RESPONSE
1999_14_NYG_BUF,1999,REG,14,1999-12-12,NYG,BUF,00-0003292,K.Collins,26,4,2:09,-1,NYG 36,64.0,1,CONVERSION,CLUTCH_RESPONSE
1999_14_SD_SEA,1999,REG,14,1999-12-12,LAC,SEA,00-0006808,J.Harbaugh,23,4,5:24,0,SEA 26,26.0,0,CONVERSION,CLUTCH_RESPONSE
1999_14_SD_SEA,1999,REG,14,1999-12-12,SEA,LAC,00-0009311,J.Kitna,24,4,3:19,-3,SEA 16,84.0,1,CONVERSION,CLUTCH_RESPONSE
1999_15_GB_MIN,1999,REG,15,1999-12-20,MIN,GB,00-0005885,J.George,21,4,12:31,-3,MIN 36,64.0,0,CONVERSION,CLUTCH_RESPONSE
1999_15_NYJ_DAL,1999,REG,15,1999-12-19,NYJ,DAL,00-0010137,R.Lucas,25,4,5:51,-2,NYJ 40,60.0,0,CONVERSION,CLUTCH_RESPONSE
1999_15_SD_MIA,1999,REG,15,1999-12-19,LAC,MIA,00-0006808,J.Harbaugh,24,4,11:31,0,MIA 4,4.0,0,CONVERSION,CLUTCH_RESPONSE
1999_15_SD_MIA,1999,REG,15,1999-12-19,MIA,LAC,00-0010379,D.Marino,25,4,10:11,-3,LAC 44,44.0,0,CONVERSION,CLUTCH_RESPONSE
1999_15_SD_MIA,1999,REG,15,1999-12-19,MIA,LAC,00-0010379,D.Marino,27,4,5:47,0,LAC 20,20.0,0,CONVERSION,CLUTCH_RESPONSE
1999_15_SD_MIA,1999,REG,15,1999-12-19,LAC,MIA,00-0006808,J.Harbaugh,28,4,3:22,-3,LAC 20,80.0,1,CONVERSION,CLUTCH_RESPONSE
1999_15_SEA_DEN,1999,REG,15,1999-12-19,SEA,DEN,00-0009311,J.Kitna,24,4,0:54,-3,SEA 42,58.0,0,CONVERSION,CLUTCH_RESPONSE
1999_16_BUF_NE,1999,REG,16,1999-12-26,NE,BUF,00-0001361,D.Bledsoe,17,4,12:19,0,BUF 14,14.0,0,CONVERSION,CLUTCH_RESPONSE
1999_16_BUF_NE,1999,REG,16,1999-12-26,BUF,NE,00-0005363,D.Flutie,20,4,8:47,-7,BUF 41,59.0,0,CONVERSION,CLUTCH_RESPONSE
1999_16_BUF_NE,1999,REG,16,1999-12-26,NE,BUF,00-0001361,D.Bledsoe,25,4,1:19,0,BUF 42,42.0,0,CONVERSION,CLUTCH_RESPONSE
1999_16_BUF_NE,1999,REG,16,1999-12-26,NE,BUF,00-0001361,D.Bledsoe,27,5,15:00,0,NE 33,67.0,0,CONVERSION,CLUTCH_RESPONSE
1999_16_BUF_NE,1999,REG,16,1999-12-26,BUF,NE,00-0005363,D.Flutie,30,5,7:31,0,BUF 42,58.0,1,CONVERSION,CLUTCH_RESPONSE
1999_16_IND_CLE,1999,REG,16,1999-12-26,IND,CLE,00-0010346,P.Manning,21,4,4:12,-2,IND 43,57.0,1,CONVERSION,CLUTCH_RESPONSE
1999_16_NYJ_MIA,1999,REG,16,1999-12-27,NYJ,MIA,00-0010137,R.Lucas,15,4,13:32,-4,NYJ 33,67.0,0,CONVERSION,CLUTCH_RESPONSE
1999_16_OAK_SD,1999,REG,16,1999-12-26,LAC,LV,00-0006808,J.Harbaugh,21,4,11:45,0,LV 41,41.0,0,CONVERSION,CLUTCH_RESPONSE
1999_16_OAK_SD,1999,REG,16,1999-12-26,LV,LAC,00-0005741,R.Gannon,22,4,8:09,-3,LV 28,72.0,1,CONVERSION,CLUTCH_RESPONSE
1999_16_WAS_SF,1999,REG,16,1999-12-26,WAS,SF,00-0008442,B.Johnson,21,4,7:01,-7,WAS 33,67.0,0,CONVERSION,CLUTCH_RESPONSE
1999_16_WAS_SF,1999,REG,16,1999-12-26,WAS,SF,00-0008442,B.Johnson,25,5,15:00,0,WAS 22,78.0,1,CONVERSION,CLUTCH_RESPONSE
1999_17_OAK_KC,1999,REG,17,2000-01-02,KC,LV,00-0006300,E.Grbac,26,4,8:01,-4,LV 40,40.0,0,CONVERSION,CLUTCH_RESPONSE
1999_17_OAK_KC,1999,REG,17,2000-01-02,LV,KC,00-0005741,R.Gannon,31,4,2:46,-3,LV 40,60.0,0,CONVERSION,CLUTCH_RESPONSE
1999_17_OAK_KC,1999,REG,17,2000-01-02,KC,LV,00-0006300,E.Grbac,32,4,0:45,0,KC 30,70.0,1,CONVERSION,CLUTCH_RESPONSE
1999_17_OAK_KC,1999,REG,17,2000-01-02,LV,KC,00-0005741,R.Gannon,33,5,15:00,0,LV 40,60.0,1,CONVERSION,CLUTCH_RESPONSE
1999_17_STL_PHI,1999,REG,17,2000-01-02,PHI,LA,00-0011022,D.McNabb,23,4,14:06,0,PHI 46,54.0,0,CONVERSION,CLUTCH_RESPONSE
1999_18_BUF_TEN,1999,POST,18,2000-01-08,TEN,BUF,00-0011024,S.McNair,25,4,6:15,-1,BUF 45,45.0,1,CONVERSION,CLUTCH_RESPONSE
1999_18_BUF_TEN,1999,POST,18,2000-01-08,BUF,TEN,00-0008612,R.Johnson,26,4,1:48,-2,BUF 39,61.0,1,CONVERSION,CLUTCH_RESPONSE
1999_18_MIA_SEA,1999,POST,18,2000-01-09,MIA,SEA,00-0010379,D.Marino,22,4,9:09,-4,MIA 15,85.0,0,CONVERSION,CLUTCH_RESPONSE
1999_19_WAS_TB,1999,POST,19,2000-01-15,TB,WAS,00-0009266,S.King,25,4,13:21,-6,WAS 32,32.0,0,CONVERSION,CLUTCH_RESPONSE
1999_20_TB_STL,1999,POST,20,2000-01-23,LA,TB,00-0017200,K.Warner,21,4,8:01,-1,TB 47,47.0,1,CONVERSION,CLUTCH_RESPONSE
1999_21_STL_TEN,1999,POST,21,2000-01-30,TEN,LA,00-0011024,S.McNair,17,4,6:17,-3,TEN 47,53.0,0,CONVERSION,CLUTCH_RESPONSE
1999_21_STL_TEN,1999,POST,21,2000-01-30,LA,TEN,00-0017200,K.Warner,18,4,2:12,0,LA 27,73.0,1,CONVERSION,CLUTCH_RESPONSE
2000_01_CHI_MIN,2000,REG,1,2000-09-03,MIN,CHI,00-0003739,D.Culpepper,17,4,14:14,-4,MIN 7,93.0,0,CONVERSION,CLUTCH_RESPONSE
2000_01_DEN_STL,2000,REG,1,2000-09-04,LA,DEN,00-0017200,K.Warner,18,4,6:35,-1,LA 25,75.0,0,CONVERSION,CLUTCH_RESPONSE
2000_01_NYJ_GB,2000,REG,1,2000-09-03,NYJ,GB,00-0016193,V.Testaverde,18,4,11:14,-3,NYJ 28,72.0,0,CONVERSION,CLUTCH_RESPONSE
2000_01_NYJ_GB,2000,REG,1,2000-09-03,GB,NYJ,00-0005106,B.Favre,19,4,8:52,0,GB 34,66.0,0,CONVERSION,CLUTCH_RESPONSE
2000_01_NYJ_GB,2000,REG,1,2000-09-03,NYJ,GB,00-0016193,V.Testaverde,20,4,6:38,-3,NYJ 26,74.0,0,CONVERSION,CLUTCH_RESPONSE
2000_01_SD_OAK,2000,REG,1,2000-09-03,LV,LAC,00-0005741,R.Gannon,25,4,5:30,-4,LV 47,53.0,0,CONVERSION,CLUTCH_RESPONSE
2000_01_TEN_BUF,2000,REG,1,2000-09-03,TEN,BUF,00-0011024,S.McNair,24,4,9:38,-7,BUF 47,47.0,0,CONVERSION,CLUTCH_RESPONSE
2000_01_TEN_BUF,2000,REG,1,2000-09-03,BUF,TEN,00-0016838,A.Van Pelt,29,4,1:01,0,BUF 44,56.0,1,CONVERSION,CLUTCH_RESPONSE
2000_02_DAL_ARI,2000,REG,2,2000-09-10,ARI,DAL,00-0013042,J.Plummer,18,4,4:03,-5,ARI 15,85.0,0,CONVERSION,CLUTCH_RESPONSE
2000_02_JAX_BAL,2000,REG,2,2000-09-10,BAL,JAX,00-0000722,T.Banks,23,4,10:09,-4,JAX 12,12.0,0,CONVERSION,CLUTCH_RESPONSE
2000_02_JAX_BAL,2000,REG,2,2000-09-10,JAX,BAL,00-0002110,M.Brunell,28,4,2:42,-3,JAX 39,61.0,0,CONVERSION,CLUTCH_RESPONSE
2000_02_JAX_BAL,2000,REG,2,2000-09-10,BAL,JAX,00-0000722,T.Banks,29,4,1:45,-4,BAL 25,75.0,1,CONVERSION,CLUTCH_RESPONSE
2000_02_KC_TEN,2000,REG,2,2000-09-10,TEN,KC,00-0012261,N.O'Donnell,20,4,2:43,-7,TEN 44,56.0,0,CONVERSION,CLUTCH_RESPONSE
2000_02_KC_TEN,2000,REG,2,2000-09-10,TEN,KC,00-0012261,N.O'Donnell,23,5,15:00,0,TEN 34,66.0,1,CONVERSION,CLUTCH_RESPONSE
2000_02_NE_NYJ,2000,REG,2,2000-09-11,NYJ,NE,00-0016193,V.Testaverde,21,4,2:28,-5,NYJ 28,72.0,0,CONVERSION,CLUTCH_RESPONSE
2000_02_NO_SD,2000,REG,2,2000-09-10,NO,LAC,00-0001335,J.Blake,23,4,5:08,-5,NO 10,90.0,0,CONVERSION,CLUTCH_RESPONSE
2000_02_STL_SEA,2000,REG,2,2000-09-10,SEA,LA,00-0009311,J.Kitna,14,4,11:32,-7,SEA 20,80.0,0,CONVERSION,CLUTCH_RESPONSE
2000_02_STL_SEA,2000,REG,2,2000-09-10,SEA,LA,00-0009311,J.Kitna,17,4,5:12,-7,SEA 29,71.0,0,CONVERSION,CLUTCH_RESPONSE
2000_02_STL_SEA,2000,REG,2,2000-09-10,LA,SEA,00-0017200,K.Warner,18,4,2:05,0,LA 30,70.0,1,CONVERSION,CLUTCH_RESPONSE
2000_03_ATL_CAR,2000,REG,3,2000-09-17,ATL,CAR,00-0002876,C.Chandler,24,4,8:39,0,CAR 30,30.0,0,CONVERSION,CLUTCH_RESPONSE
2000_03_PHI_GB,2000,REG,3,2000-09-17,GB,PHI,00-0005106,B.Favre,23,4,5:20,0,GB 20,80.0,1,CONVERSION,CLUTCH_RESPONSE
2000_03_PIT_CLE,2000,REG,3,2000-09-17,CLE,PIT,00-0003535,T.Couch,22,4,6:57,0,CLE 4,96.0,1,CONVERSION,CLUTCH_RESPONSE
2000_04_KC_DEN,2000,REG,4,2000-09-24,KC,DEN,00-0006300,E.Grbac,21,4,5:45,-5,KC 20,80.0,0,CONVERSION,CLUTCH_RESPONSE
2000_04_NYJ_TB,2000,REG,4,2000-09-24,NYJ,TB,00-0016193,V.Testaverde,27,4,1:39,-3,TB 24,24.0,1,CONVERSION,CLUTCH_RESPONSE
2000_04_TEN_PIT,2000,REG,4,2000-09-24,TEN,PIT,00-0012261,N.O'Donnell,19,4,14:58,0,PIT 40,40.0,0,CONVERSION,CLUTCH_RESPONSE
2000_04_TEN_PIT,2000,REG,4,2000-09-24,PIT,TEN,00-0006212,K.Graham,22,4,9:25,-3,PIT 47,53.0,0,CONVERSION,CLUTCH_RESPONSE
2000_05_DAL_CAR,2000,REG,5,2000-10-01,DAL,CAR,00-0000104,T.Aikman,19,4,6:25,0,DAL 30,70.0,0,CONVERSION,CLUTCH_RESPONSE
2000_05_DAL_CAR,2000,REG,5,2000-10-01,DAL,CAR,00-0000104,T.Aikman,22,5,15:00,0,DAL 26,74.0,1,CONVERSION,CLUTCH_RESPONSE
2000_05_IND_BUF,2000,REG,5,2000-10-01,BUF,IND,00-0008612,R.Johnson,20,4,2:05,-6,BUF 20,80.0,1,CONVERSION,CLUTCH_RESPONSE
2000_05_IND_BUF,2000,REG,5,2000-10-01,IND,BUF,00-0010346,P.Manning,23,4,1:08,-1,IND 31,69.0,1,CONVERSION,CLUTCH_RESPONSE
2000_05_MIN_DET,2000,REG,5,2000-10-01,MIN,DET,00-0003739,D.Culpepper,22,4,12:09,0,MIN 21,79.0,0,CONVERSION,CLUTCH_RESPONSE
2000_05_SEA_KC,2000,REG,5,2000-10-02,KC,SEA,00-0006300,E.Grbac,20,4,6:08,0,KC 49,51.0,0,CONVERSION,CLUTCH_RESPONSE
2000_05_TB_WAS,2000,REG,5,2000-10-01,TB,WAS,00-0009266,S.King,29,4,0:43,-3,TB 25,75.0,0,CONVERSION,CLUTCH_RESPONSE
2000_05_TB_WAS,2000,REG,5,2000-10-01,WAS,TB,00-0008442,B.Johnson,32,5,12:55,0,TB 8,8.0,1,CONVERSION,CLUTCH_RESPONSE
2000_06_OAK_SF,2000,REG,6,2000-10-08,SF,LV,00-0005755,J.Garcia,22,4,9:22,-7,LV 13,13.0,0,CONVERSION,CLUTCH_RESPONSE
2000_06_OAK_SF,2000,REG,6,2000-10-08,LV,SF,00-0005741,R.Gannon,23,4,8:38,0,LV 36,64.0,0,CONVERSION,CLUTCH_RESPONSE
2000_06_OAK_SF,2000,REG,6,2000-10-08,LV,SF,00-0005741,R.Gannon,27,5,15:00,0,LV 19,81.0,0,CONVERSION,CLUTCH_RESPONSE
2000_06_OAK_SF,2000,REG,6,2000-10-08,SF,LV,00-0005755,J.Garcia,28,5,11:49,0,SF 25,75.0,1,CONVERSION,CLUTCH_RESPONSE
2000_06_OAK_SF,2000,REG,6,2000-10-08,LV,SF,00-0005741,R.Gannon,29,5,6:15,0,LV 16,84.0,1,CONVERSION,CLUTCH_RESPONSE
2000_06_TB_MIN,2000,REG,6,2000-10-09,MIN,TB,00-0003739,D.Culpepper,18,4,12:13,-3,MIN 27,73.0,0,CONVERSION,CLUTCH_RESPONSE
2000_06_WAS_PHI,2000,REG,6,2000-10-08,WAS,PHI,00-0008442,B.Johnson,21,4,10:48,-7,PHI 15,15.0,0,CONVERSION,CLUTCH_RESPONSE
2000_06_WAS_PHI,2000,REG,6,2000-10-08,WAS,PHI,00-0008442,B.Johnson,27,4,0:23,0,PHI 19,19.0,1,CONVERSION,CLUTCH_RESPONSE
2000_07_DAL_NYG,2000,REG,7,2000-10-15,NYG,DAL,00-0003292,K.Collins,19,4,13:16,-1,DAL 31,31.0,0,CONVERSION,CLUTCH_RESPONSE
2000_07_OAK_KC,2000,REG,7,2000-10-15,LV,KC,00-0005741,R.Gannon,19,4,2:40,0,LV 11,89.0,0,CONVERSION,CLUTCH_RESPONSE
2000_07_SD_BUF,2000,REG,7,2000-10-15,BUF,LAC,00-0008612,R.Johnson,32,4,2:33,-3,BUF 20,80.0,0,CONVERSION,CLUTCH_RESPONSE
2000_07_SD_BUF,2000,REG,7,2000-10-15,BUF,LAC,00-0005363,D.Flutie,36,5,9:35,0,BUF 41,59.0,1,CONVERSION,CLUTCH_RESPONSE
2000_07_SF_GB,2000,REG,7,2000-10-15,SF,GB,00-0005755,J.Garcia,17,4,13:57,-7,SF 29,71.0,0,CONVERSION,CLUTCH_RESPONSE
2000_07_SF_GB,2000,REG,7,2000-10-15,GB,SF,00-0005106,B.Favre,18,4,11:36,0,GB 25,75.0,0,CONVERSION,CLUTCH_RESPONSE
2000_07_SF_GB,2000,REG,7,2000-10-15,SF,GB,00-0005755,J.Garcia,19,4,8:01,-7,SF 40,60.0,0,CONVERSION,CLUTCH_RESPONSE
2000_07_SF_GB,2000,REG,7,2000-10-15,GB,SF,00-0005106,B.Favre,20,4,5:30,0,GB 39,61.0,1,CONVERSION,CLUTCH_RESPONSE
2000_08_BUF_MIN,2000,REG,8,2000-10-22,MIN,BUF,00-0003739,D.Culpepper,19,4,3:54,-6,BUF 34,34.0,0,CONVERSION,CLUTCH_RESPONSE
2000_08_DET_TB,2000,REG,8,2000-10-19,DET,TB,00-0000865,C.Batch,23,4,8:36,0,DET 46,54.0,0,CONVERSION,CLUTCH_RESPONSE
2000_08_MIA_NYJ,2000,REG,8,2000-10-23,NYJ,MIA,00-0016193,V.Testaverde,31,4,4:28,-7,MIA 39,39.0,0,CONVERSION,CLUTCH_RESPONSE
2000_08_MIA_NYJ,2000,REG,8,2000-10-23,MIA,NYJ,00-0005180,J.Fiedler,32,4,3:55,0,NYJ 46,46.0,0,CONVERSION,CLUTCH_RESPONSE
2000_08_MIA_NYJ,2000,REG,8,2000-10-23,NYJ,MIA,00-0016193,V.Testaverde,33,4,3:33,-7,NYJ 43,57.0,0,CONVERSION,CLUTCH_RESPONSE
2000_08_MIA_NYJ,2000,REG,8,2000-10-23,NYJ,MIA,00-0016193,V.Testaverde,37,5,11:06,0,NYJ 34,66.0,1,CONVERSION,CLUTCH_RESPONSE
2000_08_NE_IND,2000,REG,8,2000-10-22,IND,NE,00-0010346,P.Manning,15,4,4:31,-2,IND 34,66.0,0,CONVERSION,CLUTCH_RESPONSE
2000_09_CAR_ATL,2000,REG,9,2000-10-29,ATL,CAR,00-0002876,C.Chandler,20,4,4:44,-2,CAR 7,7.0,0,CONVERSION,CLUTCH_RESPONSE
2000_09_JAX_DAL,2000,REG,9,2000-10-29,DAL,JAX,00-0003761,R.Cunningham,19,4,3:59,-7,DAL 29,71.0,1,CONVERSION,CLUTCH_RESPONSE
2000_09_JAX_DAL,2000,REG,9,2000-10-29,JAX,DAL,00-0002110,M.Brunell,22,5,15:00,0,JAX 34,66.0,1,CONVERSION,CLUTCH_RESPONSE
2000_09_NYJ_BUF,2000,REG,9,2000-10-29,BUF,NYJ,00-0005363,D.Flutie,20,4,8:11,0,BUF 47,53.0,0,CONVERSION,CLUTCH_RESPONSE
2000_09_NYJ_BUF,2000,REG,9,2000-10-29,NYJ,BUF,00-0016193,V.Testaverde,21,4,6:14,-3,NYJ 26,74.0,1,CONVERSION,CLUTCH_RESPONSE
2000_09_NYJ_BUF,2000,REG,9,2000-10-29,BUF,NYJ,00-0005363,D.Flutie,22,4,2:20,0,BUF 27,73.0,1,CONVERSION,CLUTCH_RESPONSE
2000_09_OAK_SD,2000,REG,9,2000-10-29,LAC,LV,00-0006808,J.Harbaugh,19,4,9:20,-5,LV 37,37.0,0,CONVERSION,CLUTCH_RESPONSE
2000_09_OAK_SD,2000,REG,9,2000-10-29,LV,LAC,00-0005741,R.Gannon,20,4,5:58,-1,LV 36,64.0,1,CONVERSION,CLUTCH_RESPONSE
2000_09_STL_SF,2000,REG,9,2000-10-29,LA,SF,00-0006355,T.Green,23,4,11:58,0,SF 31,31.0,0,CONVERSION,CLUTCH_RESPONSE
2000_10_BUF_NE,2000,REG,10,2000-11-05,NE,BUF,00-0005600,J.Friesz,20,4,13:57,-7,BUF 27,27.0,0,CONVERSION,CLUTCH_RESPONSE
2000_10_BUF_NE,2000,REG,10,2000-11-05,NE,BUF,00-0005600,J.Friesz,24,4,3:53,0,BUF 43,43.0,0,CONVERSION,CLUTCH_RESPONSE
2000_10_BUF_NE,2000,REG,10,2000-11-05,BUF,NE,00-0005363,D.Flutie,25,4,2:03,-3,BUF 24,76.0,0,CONVERSION,CLUTCH_RESPONSE
2000_10_BUF_NE,2000,REG,10,2000-11-05,BUF,NE,00-0005363,D.Flutie,28,5,13:18,0,BUF 35,65.0,1,CONVERSION,CLUTCH_RESPONSE
2000_10_CAR_STL,2000,REG,10,2000-11-05,CAR,LA,00-0001218,S.Beuerlein,18,4,10:53,-8,LA 26,26.0,0,CONVERSION,CLUTCH_RESPONSE
2000_10_CAR_STL,2000,REG,10,2000-11-05,CAR,LA,00-0001218,S.Beuerlein,20,4,6:31,0,CAR 27,73.0,1,CONVERSION,CLUTCH_RESPONSE
2000_10_DAL_PHI,2000,REG,10,2000-11-05,PHI,DAL,00-0011022,D.McNabb,17,4,12:02,-7,PHI 21,79.0,0,CONVERSION,CLUTCH_RESPONSE
2000_10_DAL_PHI,2000,REG,10,2000-11-05,DAL,PHI,00-0003761,R.Cunningham,22,4,2:20,0,DAL 42,58.0,0,CONVERSION,CLUTCH_RESPONSE
2000_10_DAL_PHI,2000,REG,10,2000-11-05,PHI,DAL,00-0011022,D.McNabb,23,4,1:51,-3,PHI 29,71.0,0,CONVERSION,CLUTCH_RESPONSE
2000_10_DAL_PHI,2000,REG,10,2000-11-05,PHI,DAL,00-0011022,D.McNabb,27,5,10:54,0,DAL 48,48.0,1,CONVERSION,CLUTCH_RESPONSE
2000_10_MIN_GB,2000,REG,10,2000-11-06,GB,MIN,00-0005106,B.Favre,27,5,15:00,0,GB 18,82.0,1,CONVERSION,CLUTCH_RESPONSE
2000_10_PIT_TEN,2000,REG,10,2000-11-05,PIT,TEN,00-0015700,K.Stewart,16,4,12:49,-6,PIT 40,60.0,0,CONVERSION,CLUTCH_RESPONSE
2000_10_PIT_TEN,2000,REG,10,2000-11-05,TEN,PIT,00-0011024,S.McNair,21,4,3:42,-1,TEN 26,74.0,1,CONVERSION,CLUTCH_RESPONSE
2000_10_SD_SEA,2000,REG,10,2000-11-05,LAC,SEA,00-0011640,M.Moreno,19,4,14:48,-2,LAC 17,83.0,1,CONVERSION,CLUTCH_RESPONSE
2000_10_SD_SEA,2000,REG,10,2000-11-05,SEA,LAC,00-0009311,J.Kitna,20,4,5:36,-1,SEA 34,66.0,1,CONVERSION,CLUTCH_RESPONSE
2000_10_WAS_ARI,2000,REG,10,2000-11-05,WAS,ARI,00-0005885,J.George,16,4,10:06,-1,WAS 47,53.0,0,CONVERSION,CLUTCH_RESPONSE
2000_11_ATL_DET,2000,REG,11,2000-11-12,DET,ATL,00-0000865,C.Batch,24,4,9:29,-3,ATL 46,46.0,0,CONVERSION,CLUTCH_RESPONSE
2000_11_ATL_DET,2000,REG,11,2000-11-12,DET,ATL,00-0000865,C.Batch,28,4,2:13,0,ATL 29,29.0,0,CONVERSION,CLUTCH_RESPONSE
2000_11_BAL_TEN,2000,REG,11,2000-11-12,TEN,BAL,00-0011024,S.McNair,18,4,14:53,-3,TEN 9,91.0,0,CONVERSION,CLUTCH_RESPONSE
2000_11_BAL_TEN,2000,REG,11,2000-11-12,BAL,TEN,00-0004293,T.Dilfer,22,4,2:30,-6,BAL 30,70.0,1,CONVERSION,CLUTCH_RESPONSE
2000_11_BAL_TEN,2000,REG,11,2000-11-12,TEN,BAL,00-0011024,S.McNair,23,4,0:25,-1,TEN 44,56.0,1,CONVERSION,CLUTCH_RESPONSE
2000_11_GB_TB,2000,REG,11,2000-11-12,TB,GB,00-0009266,S.King,19,4,14:01,-1,TB 27,73.0,0,CONVERSION,CLUTCH_RESPONSE
2000_11_OAK_DEN,2000,REG,11,2000-11-13,LV,DEN,00-0005741,R.Gannon,23,4,4:11,-7,LV 14,86.0,1,CONVERSION,CLUTCH_RESPONSE
2000_11_OAK_DEN,2000,REG,11,2000-11-13,DEN,LV,00-0006423,B.Griese,28,4,1:06,0,DEN 33,67.0,1,CONVERSION,CLUTCH_RESPONSE
2000_11_PHI_PIT,2000,REG,11,2000-11-12,PHI,PIT,00-0011022,D.McNabb,27,4,2:29,-3,PHI 32,68.0,0,CONVERSION,CLUTCH_RESPONSE
2000_11_PHI_PIT,2000,REG,11,2000-11-12,PHI,PIT,00-0011022,D.McNabb,28,5,15:00,0,PHI 37,63.0,1,CONVERSION,CLUTCH_RESPONSE
2000_11_SEA_JAX,2000,REG,11,2000-11-12,SEA,JAX,00-0009311,J.Kitna,20,4,4:23,0,SEA 33,67.0,1,CONVERSION,CLUTCH_RESPONSE
2000_12_BUF_KC,2000,REG,12,2000-11-19,KC,BUF,00-0006300,E.Grbac,18,4,13:35,-4,KC 37,63.0,0,CONVERSION,CLUTCH_RESPONSE
2000_12_BUF_KC,2000,REG,12,2000-11-19,BUF,KC,00-0008612,R.Johnson,19,4,7:55,-3,BUF 33,67.0,0,CONVERSION,CLUTCH_RESPONSE
2000_12_CIN_NE,2000,REG,12,2000-11-19,NE,CIN,00-0001361,D.Bledsoe,22,4,3:08,0,NE 15,85.0,1,CONVERSION,CLUTCH_RESPONSE
2000_12_SD_DEN,2000,REG,12,2000-11-19,DEN,LAC,00-0005589,G.Frerotte,27,4,3:44,-6,LAC 45,45.0,0,CONVERSION,CLUTCH_RESPONSE
2000_13_DEN_SEA,2000,REG,13,2000-11-26,DEN,SEA,00-0005589,G.Frerotte,20,4,14:10,-7,DEN 28,72.0,0,CONVERSION,CLUTCH_RESPONSE
2000_13_DEN_SEA,2000,REG,13,2000-11-26,SEA,DEN,00-0009311,J.Kitna,24,4,5:54,-7,SEA 14,86.0,0,CONVERSION,CLUTCH_RESPONSE
2000_13_DEN_SEA,2000,REG,13,2000-11-26,DEN,SEA,00-0005589,G.Frerotte,25,4,4:02,0,DEN 20,80.0,0,CONVERSION,CLUTCH_RESPONSE
2000_13_KC_SD,2000,REG,13,2000-11-26,LAC,KC,00-0009715,R.Leaf,29,4,3:38,-2,KC 36,36.0,0,CONVERSION,CLUTCH_RESPONSE
2000_13_MIA_IND,2000,REG,13,2000-11-26,MIA,IND,00-0007835,D.Huard,20,4,2:56,-4,MIA 14,86.0,1,CONVERSION,CLUTCH_RESPONSE
2000_13_NO_STL,2000,REG,13,2000-11-26,LA,NO,00-0006355,T.Green,19,4,14:05,-7,NO 21,21.0,0,CONVERSION,CLUTCH_RESPONSE
2000_13_NO_STL,2000,REG,13,2000-11-26,NO,LA,00-0001823,A.Brooks,20,4,11:06,0,NO 15,85.0,0,CONVERSION,CLUTCH_RESPONSE
2000_13_PHI_WAS,2000,REG,13,2000-11-26,WAS,PHI,00-0005885,J.George,20,4,11:43,-3,WAS 19,81.0,0,CONVERSION,CLUTCH_RESPONSE
2000_13_PHI_WAS,2000,REG,13,2000-11-26,PHI,WAS,00-0011022,D.McNabb,21,4,5:42,0,PHI 39,61.0,0,CONVERSION,CLUTCH_RESPONSE
2000_13_PHI_WAS,2000,REG,13,2000-11-26,WAS,PHI,00-0005885,J.George,22,4,3:00,-3,WAS 27,73.0,1,CONVERSION,CLUTCH_RESPONSE
2000_13_TEN_JAX,2000,REG,13,2000-11-26,TEN,JAX,00-0011024,S.McNair,18,4,6:10,0,TEN 44,56.0,1,CONVERSION,CLUTCH_RESPONSE
2000_13_TEN_JAX,2000,REG,13,2000-11-26,JAX,TEN,00-0002110,M.Brunell,19,4,3:08,0,JAX 20,80.0,1,CONVERSION,CLUTCH_RESPONSE
2000_14_OAK_PIT,2000,REG,14,2000-12-03,LV,PIT,00-0005741,R.Gannon,21,4,7:47,-1,LV 20,80.0,0,CONVERSION,CLUTCH_RESPONSE
2000_14_TEN_PHI,2000,REG,14,2000-12-03,PHI,TEN,00-0011022,D.McNabb,20,4,5:23,-6,PHI 23,77.0,0,CONVERSION,CLUTCH_RESPONSE
2000_14_TEN_PHI,2000,REG,14,2000-12-03,TEN,PHI,00-0011024,S.McNair,23,4,1:43,-1,TEN 36,64.0,1,CONVERSION,CLUTCH_RESPONSE
2000_15_CAR_KC,2000,REG,15,2000-12-10,KC,CAR,00-0006300,E.Grbac,17,4,7:11,-2,KC 42,58.0,0,CONVERSION,CLUTCH_RESPONSE
2000_15_NO_SF,2000,REG,15,2000-12-10,NO,SF,00-0001823,A.Brooks,23,4,4:00,-3,NO 32,68.0,0,CONVERSION,CLUTCH_RESPONSE
2000_15_TB_MIA,2000,REG,15,2000-12-10,TB,MIA,00-0009266,S.King,18,4,10:20,0,MIA 30,30.0,0,CONVERSION,CLUTCH_RESPONSE
2000_16_DEN_KC,2000,REG,16,2000-12-17,DEN,KC,00-0005589,G.Frerotte,19,4,14:13,-3,KC 41,41.0,0,CONVERSION,CLUTCH_RESPONSE
2000_16_DET_NYJ,2000,REG,16,2000-12-17,DET,NYJ,00-0000865,C.Batch,23,4,10:32,-4,NYJ 46,46.0,0,CONVERSION,CLUTCH_RESPONSE
2000_16_DET_NYJ,2000,REG,16,2000-12-17,NYJ,DET,00-0016193,V.Testaverde,26,4,2:26,-3,NYJ 31,69.0,1,CONVERSION,CLUTCH_RESPONSE
2000_16_JAX_CIN,2000,REG,16,2000-12-17,CIN,JAX,00-0011434,S.Mitchell,21,4,4:37,-7,CIN 20,80.0,0,CONVERSION,CLUTCH_RESPONSE
2000_16_JAX_CIN,2000,REG,16,2000-12-17,CIN,JAX,00-0011434,S.Mitchell,24,4,1:07,0,JAX 34,34.0,1,CONVERSION,CLUTCH_RESPONSE
2000_16_NE_BUF,2000,REG,16,2000-12-17,BUF,NE,00-0005363,D.Flutie,18,4,13:29,0,BUF 45,55.0,0,CONVERSION,CLUTCH_RESPONSE
2000_16_NE_BUF,2000,REG,16,2000-12-17,NE,BUF,00-0001361,D.Bledsoe,21,4,7:25,-7,BUF 37,37.0,0,CONVERSION,CLUTCH_RESPONSE
2000_16_NE_BUF,2000,REG,16,2000-12-17,NE,BUF,00-0001361,D.Bledsoe,27,4,0:31,0,NE 31,69.0,0,CONVERSION,CLUTCH_RESPONSE
2000_16_NE_BUF,2000,REG,16,2000-12-17,BUF,NE,00-0005363,D.Flutie,29,5,13:11,0,BUF 28,72.0,1,CONVERSION,CLUTCH_RESPONSE
2000_16_NE_BUF,2000,REG,16,2000-12-17,NE,BUF,00-0001361,D.Bledsoe,30,5,6:15,0,NE 11,89.0,1,CONVERSION,CLUTCH_RESPONSE
2000_16_NYG_DAL,2000,REG,16,2000-12-17,NYG,DAL,00-0003292,K.Collins,21,4,8:23,-6,DAL 13,13.0,0,CONVERSION,CLUTCH_RESPONSE
2000_16_OAK_SEA,2000,REG,16,2000-12-16,SEA,LV,00-0009311,J.Kitna,26,4,2:24,-3,SEA 39,61.0,0,CONVERSION,CLUTCH_RESPONSE
2000_16_SD_CAR,2000,REG,16,2000-12-17,LAC,CAR,00-0009715,R.Leaf,26,4,13:40,-1,LAC 42,58.0,0,CONVERSION,CLUTCH_RESPONSE
2000_16_STL_TB,2000,REG,16,2000-12-18,LA,TB,00-0017200,K.Warner,19,4,6:13,-3,LA 20,80.0,0,CONVERSION,CLUTCH_RESPONSE
2000_16_STL_TB,2000,REG,16,2000-12-18,TB,LA,00-0009266,S.King,22,4,2:22,-4,TB 20,80.0,1,CONVERSION,CLUTCH_RESPONSE
2000_17_CHI_DET,2000,REG,17,2000-12-24,DET,CHI,00-0002787,S.Case,20,4,2:22,-3,CHI 10,10.0,0,CONVERSION,CLUTCH_RESPONSE
2000_17_CHI_DET,2000,REG,17,2000-12-24,CHI,DET,00-0011044,C.McNown,23,4,0:39,0,CHI 45,55.0,1,CONVERSION,CLUTCH_RESPONSE
2000_17_JAX_NYG,2000,REG,17,2000-12-23,NYG,JAX,00-0003292,K.Collins,20,4,14:00,-3,NYG 25,75.0,0,CONVERSION,CLUTCH_RESPONSE
2000_17_MIA_NE,2000,REG,17,2000-12-24,MIA,NE,00-0005180,J.Fiedler,23,4,9:27,-7,MIA 35,65.0,0,CONVERSION,CLUTCH_RESPONSE
2000_17_MIA_NE,2000,REG,17,2000-12-24,MIA,NE,00-0005180,J.Fiedler,25,4,3:44,0,MIA 24,76.0,1,CONVERSION,CLUTCH_RESPONSE
2000_17_TB_GB,2000,REG,17,2000-12-24,TB,GB,00-0009266,S.King,26,4,8:41,-3,GB 35,35.0,0,CONVERSION,CLUTCH_RESPONSE
2000_17_TB_GB,2000,REG,17,2000-12-24,TB,GB,00-0009266,S.King,30,4,1:45,0,TB 43,57.0,1,CONVERSION,CLUTCH_RESPONSE
2000_17_TB_GB,2000,REG,17,2000-12-24,GB,TB,00-0005106,B.Favre,32,5,15:00,0,GB 38,62.0,1,CONVERSION,CLUTCH_RESPONSE
2000_18_IND_MIA,2000,POST,18,2000-12-30,MIA,IND,00-0005180,J.Fiedler,20,4,4:55,-7,MIA 20,80.0,0,CONVERSION,CLUTCH_RESPONSE
2000_18_IND_MIA,2000,POST,18,2000-12-30,MIA,IND,00-0005180,J.Fiedler,24,5,9:16,0,MIA 39,61.0,1,CONVERSION,CLUTCH_RESPONSE
2001_01_ATL_SF,2001,REG,1,2001-09-09,SF,ATL,00-0005755,J.Garcia,20,4,04:04,-3,SF 14,86.0,0,CONVERSION,CLUTCH_RESPONSE
2001_01_ATL_SF,2001,REG,1,2001-09-09,SF,ATL,00-0005755,J.Garcia,22,5,15:00,0,SF 20,80.0,1,CONVERSION,CLUTCH_RESPONSE
2001_01_OAK_KC,2001,REG,1,2001-09-09,LV,KC,00-0005741,R. Gannon,19,4,14:40,-3,LV 32,68.0,0,CONVERSION,CLUTCH_RESPONSE
2001_01_OAK_KC,2001,REG,1,2001-09-09,KC,LV,00-0006355,T. Green,20,4,09:35,0,KC 35,65.0,0,CONVERSION,CLUTCH_RESPONSE
2001_01_OAK_KC,2001,REG,1,2001-09-09,LV,KC,00-0005741,R. Gannon,23,4,04:56,0,LV 40,60.0,0,CONVERSION,CLUTCH_RESPONSE
2001_01_OAK_KC,2001,REG,1,2001-09-09,KC,LV,00-0006355,T. Green,24,4,03:19,-7,KC 20,80.0,0,CONVERSION,CLUTCH_RESPONSE
2001_01_OAK_KC,2001,REG,1,2001-09-09,LV,KC,00-0005741,R. Gannon,25,4,01:21,0,KC 49,49.0,1,CONVERSION,CLUTCH_RESPONSE
2001_01_SEA_CLE,2001,REG,1,2001-09-09,CLE,SEA,00-0003535,T.Couch,20,4,08:39,-3,CLE 34,66.0,1,CONVERSION,CLUTCH_RESPONSE
2001_01_SEA_CLE,2001,REG,1,2001-09-09,SEA,CLE,00-0007091,M.Hasselbeck,21,4,02:14,0,SEA 47,53.0,1,CONVERSION,CLUTCH_RESPONSE
2001_01_STL_PHI,2001,REG,1,2001-09-09,PHI,LA,00-0011022,D.McNabb,21,4,08:11,-7,PHI 31,69.0,0,CONVERSION,CLUTCH_RESPONSE
2001_01_STL_PHI,2001,REG,1,2001-09-09,LA,PHI,00-0017200,K.Warner,25,5,11:01,0,LA 36,64.0,1,CONVERSION,CLUTCH_RESPONSE
2001_02_MIN_CHI,2001,REG,2,2001-09-23,CHI,MIN,00-0011276,J. Miller,20,4,12:58,-7,CHI 46,54.0,0,CONVERSION,CLUTCH_RESPONSE
2001_02_MIN_CHI,2001,REG,2,2001-09-23,CHI,MIN,00-0011276,J. Miller,22,4,06:31,0,MIN 45,45.0,0,CONVERSION,CLUTCH_RESPONSE
2001_02_OAK_MIA,2001,REG,2,2001-09-23,MIA,LV,00-0005180,J.Fiedler,23,4,01:41,-5,MIA 20,80.0,1,CONVERSION,CLUTCH_RESPONSE
2001_03_TB_MIN,2001,REG,3,2001-09-30,MIN,TB,00-0003739,D.Culpepper,15,4,06:21,-3,MIN 4,96.0,0,CONVERSION,CLUTCH_RESPONSE
2001_04_ARI_PHI,2001,REG,4,2001-10-07,ARI,PHI,00-0013042,J.Plummer,22,4,01:13,-6,ARI 26,74.0,1,CONVERSION,CLUTCH_RESPONSE
2001_04_GB_TB,2001,REG,4,2001-10-07,TB,GB,00-0008442,B.Johnson,17,4,11:24,-3,TB 5,95.0,0,CONVERSION,CLUTCH_RESPONSE
2001_04_SD_CLE,2001,REG,4,2001-10-07,CLE,LAC,00-0003535,T.Couch,24,4,03:52,-3,50,50.0,1,CONVERSION,CLUTCH_RESPONSE
2001_05_NO_CAR,2001,REG,5,2001-10-14,NO,CAR,00-0001823,A.Brooks,30,4,01:48,-5,NO 18,82.0,1,CONVERSION,CLUTCH_RESPONSE
2001_05_NYG_STL,2001,REG,5,2001-10-14,LA,NYG,00-0017200,K.Warner,23,4,08:34,-5,LA 23,77.0,0,CONVERSION,CLUTCH_RESPONSE
2001_05_SD_NE,2001,REG,5,2001-10-14,LAC,NE,00-0005363,D.Flutie,16,4,14:08,-3,NE 34,34.0,0,CONVERSION,CLUTCH_RESPONSE
2001_05_SD_NE,2001,REG,5,2001-10-14,NE,LAC,00-0019596,T.Brady,20,4,02:10,-7,NE 40,60.0,0,CONVERSION,CLUTCH_RESPONSE
2001_05_SD_NE,2001,REG,5,2001-10-14,NE,LAC,00-0019596,T.Brady,23,5,13:54,0,NE 23,77.0,1,CONVERSION,CLUTCH_RESPONSE
2001_05_SF_ATL,2001,REG,5,2001-10-14,SF,ATL,00-0005755,J.Garcia,19,4,08:49,-6,SF 26,74.0,0,CONVERSION,CLUTCH_RESPONSE
2001_05_SF_ATL,2001,REG,5,2001-10-14,ATL,SF,00-0002876,C.Chandler,20,4,04:44,-1,ATL 28,72.0,0,CONVERSION,CLUTCH_RESPONSE
2001_05_SF_ATL,2001,REG,5,2001-10-14,SF,ATL,00-0005755,J.Garcia,21,4,02:22,-7,SF 28,72.0,0,CONVERSION,CLUTCH_RESPONSE
2001_05_SF_ATL,2001,REG,5,2001-10-14,SF,ATL,00-0005755,J.Garcia,25,5,09:55,0,SF 33,67.0,1,CONVERSION,CLUTCH_RESPONSE
2001_05_TB_TEN,2001,REG,5,2001-10-14,TB,TEN,00-0008442,B.Johnson,20,4,02:08,-7,TB 38,62.0,0,CONVERSION,CLUTCH_RESPONSE
2001_05_TB_TEN,2001,REG,5,2001-10-14,TEN,TB,00-0011024,S.McNair,23,5,14:25,0,TB 46,46.0,1,CONVERSION,CLUTCH_RESPONSE
2001_05_WAS_DAL,2001,REG,5,2001-10-15,WAS,DAL,00-0000722,T.Banks,17,4,14:55,-3,WAS 42,58.0,0,CONVERSION,CLUTCH_RESPONSE
2001_05_WAS_DAL,2001,REG,5,2001-10-15,DAL,WAS,00-0018272,A.Wright,20,4,02:39,-1,DAL 33,67.0,1,CONVERSION,CLUTCH_RESPONSE
2001_06_CAR_WAS,2001,REG,6,2001-10-21,WAS,CAR,00-0000722,T.Banks,22,4,07:37,-7,WAS 15,85.0,0,CONVERSION,CLUTCH_RESPONSE
2001_06_CAR_WAS,2001,REG,6,2001-10-21,WAS,CAR,00-0000722,T.Banks,24,4,05:04,0,WAS 20,80.0,0,CONVERSION,CLUTCH_RESPONSE
2001_06_CAR_WAS,2001,REG,6,2001-10-21,WAS,CAR,00-0000722,T.Banks,26,5,15:00,0,WAS 14,86.0,1,CONVERSION,CLUTCH_RESPONSE
2001_06_PHI_NYG,2001,REG,6,2001-10-22,PHI,NYG,00-0011022,D.McNabb,20,4,05:52,-6,NYG 40,40.0,0,CONVERSION,CLUTCH_RESPONSE
2001_06_TEN_DET,2001,REG,6,2001-10-21,TEN,DET,00-0011024,S.McNair,22,4,09:38,0,TEN 25,75.0,0,CONVERSION,CLUTCH_RESPONSE
2001_06_TEN_DET,2001,REG,6,2001-10-21,DET,TEN,00-0000865,C.Batch,25,4,02:18,-7,DET 21,79.0,1,CONVERSION,CLUTCH_RESPONSE
2001_06_TEN_DET,2001,REG,6,2001-10-21,TEN,DET,00-0011024,S.McNair,26,4,01:18,0,TEN 32,68.0,1,CONVERSION,CLUTCH_RESPONSE
2001_07_BUF_SD,2001,REG,7,2001-10-28,BUF,LAC,00-0008612,R.Johnson,20,4,06:36,-3,BUF 32,68.0,0,CONVERSION,CLUTCH_RESPONSE
2001_07_BUF_SD,2001,REG,7,2001-10-28,LAC,BUF,00-0005363,D.Flutie,21,4,01:30,-4,BUF 13,13.0,0,CONVERSION,CLUTCH_RESPONSE
2001_07_BUF_SD,2001,REG,7,2001-10-28,BUF,LAC,00-0008612,R.Johnson,22,4,01:10,-3,BUF 36,64.0,1,CONVERSION,CLUTCH_RESPONSE
2001_07_JAX_BAL,2001,REG,7,2001-10-28,BAL,JAX,00-0003761,R.Cunningham,18,4,08:08,-5,BAL 44,56.0,0,CONVERSION,CLUTCH_RESPONSE
2001_07_MIA_SEA,2001,REG,7,2001-10-28,MIA,SEA,00-0005180,J.Fiedler,18,4,08:37,-3,MIA 33,67.0,0,CONVERSION,CLUTCH_RESPONSE
2001_07_NO_STL,2001,REG,7,2001-10-28,LA,NO,00-0017200,K.Warner,26,4,14:00,-7,LA 13,87.0,0,CONVERSION,CLUTCH_RESPONSE
2001_07_NO_STL,2001,REG,7,2001-10-28,NO,LA,00-0001823,A.Brooks,29,4,04:00,0,LA 36,36.0,1,CONVERSION,CLUTCH_RESPONSE
2001_07_NYJ_CAR,2001,REG,7,2001-10-28,NYJ,CAR,00-0016193,V.Testaverde,26,4,06:53,-2,CAR 21,21.0,0,CONVERSION,CLUTCH_RESPONSE
2001_07_SF_CHI,2001,REG,7,2001-10-28,CHI,SF,00-0010560,S. Matthews,22,4,02:46,-8,CHI 33,67.0,1,CONVERSION,CLUTCH_RESPONSE
2001_08_BAL_PIT,2001,REG,8,2001-11-04,BAL,PIT,00-0003761,R.Cunningham,23,4,04:22,0,BAL 38,62.0,0,CONVERSION,CLUTCH_RESPONSE
2001_08_BAL_PIT,2001,REG,8,2001-11-04,PIT,BAL,00-0015700,K.Stewart,24,4,01:49,-3,PIT 38,62.0,1,CONVERSION,CLUTCH_RESPONSE
2001_08_CLE_CHI,2001,REG,8,2001-11-04,CHI,CLE,00-0010560,S. Matthews,24,4,00:28,-7,CLE 47,47.0,0,CONVERSION,CLUTCH_RESPONSE
2001_08_DAL_NYG,2001,REG,8,2001-11-04,NYG,DAL,00-0003292,K. Collins,23,4,08:59,-7,DAL 14,14.0,0,CONVERSION,CLUTCH_RESPONSE
2001_08_DAL_NYG,2001,REG,8,2001-11-04,NYG,DAL,00-0003292,K. Collins,29,5,12:05,0,NYG 15,85.0,1,CONVERSION,CLUTCH_RESPONSE
2001_08_JAX_TEN,2001,REG,8,2001-11-04,JAX,TEN,00-0002110,M.Brunell,19,4,06:43,-4,JAX 16,84.0,0,CONVERSION,CLUTCH_RESPONSE
2001_08_JAX_TEN,2001,REG,8,2001-11-04,TEN,JAX,00-0011024,S.McNair,20,4,03:05,-3,TEN 41,59.0,1,CONVERSION,CLUTCH_RESPONSE
2001_08_KC_SD,2001,REG,8,2001-11-04,LAC,KC,00-0020531,D.Brees,22,4,09:42,-6,LAC 11,89.0,0,CONVERSION,CLUTCH_RESPONSE
2001_08_KC_SD,2001,REG,8,2001-11-04,KC,LAC,00-0006355,T. Green,23,4,06:10,-1,KC 29,71.0,1,CONVERSION,CLUTCH_RESPONSE
2001_09_BAL_TEN,2001,REG,9,2001-11-12,BAL,TEN,00-0006300,E.Grbac,21,4,14:14,0,TEN 18,18.0,0,CONVERSION,CLUTCH_RESPONSE
2001_09_DAL_ATL,2001,REG,9,2001-11-11,ATL,DAL,00-0019087,D.Johnson,17,4,08:10,-3,DAL 15,15.0,0,CONVERSION,CLUTCH_RESPONSE
2001_09_MIA_IND,2001,REG,9,2001-11-11,MIA,IND,00-0005180,J.Fiedler,25,4,10:50,-4,MIA 41,59.0,0,CONVERSION,CLUTCH_RESPONSE
2001_09_NO_SF,2001,REG,9,2001-11-11,SF,NO,00-0005755,J.Garcia,19,4,13:23,-3,NO 30,30.0,0,CONVERSION,CLUTCH_RESPONSE
2001_09_PIT_CLE,2001,REG,9,2001-11-11,PIT,CLE,00-0015700,K.Stewart,16,4,14:45,-3,PIT 41,59.0,0,CONVERSION,CLUTCH_RESPONSE
2001_09_PIT_CLE,2001,REG,9,2001-11-11,PIT,CLE,00-0015700,K.Stewart,22,4,03:19,0,PIT 41,59.0,0,CONVERSION,CLUTCH_RESPONSE
2001_09_PIT_CLE,2001,REG,9,2001-11-11,PIT,CLE,00-0015700,K.Stewart,25,5,15:00,0,PIT 28,72.0,1,CONVERSION,CLUTCH_RESPONSE
2001_09_TB_DET,2001,REG,9,2001-11-11,DET,TB,00-0000865,C.Batch,24,4,05:43,-7,DET 39,61.0,1,CONVERSION,CLUTCH_RESPONSE
2001_09_TB_DET,2001,REG,9,2001-11-11,TB,DET,00-0008442,B.Johnson,25,4,01:49,0,TB 20,80.0,1,CONVERSION,CLUTCH_RESPONSE
2001_10_DET_ARI,2001,REG,10,2001-11-18,ARI,DET,00-0013042,J.Plummer,18,4,11:21,-3,ARI 37,63.0,0,CONVERSION,CLUTCH_RESPONSE
2001_10_SD_OAK,2001,REG,10,2001-11-18,LAC,LV,00-0005363,D.Flutie,20,4,14:54,-7,LAC 37,63.0,0,CONVERSION,CLUTCH_RESPONSE
2001_10_SD_OAK,2001,REG,10,2001-11-18,LV,LAC,00-0005741,R. Gannon,23,4,06:04,0,LV 35,65.0,0,CONVERSION,CLUTCH_RESPONSE
2001_10_SF_CAR,2001,REG,10,2001-11-18,CAR,SF,00-0020434,C.Weinke,19,4,14:50,-1,SF 46,46.0,0,CONVERSION,CLUTCH_RESPONSE
2001_10_SF_CAR,2001,REG,10,2001-11-18,SF,CAR,00-0005755,J.Garcia,26,4,01:52,-8,SF 34,66.0,0,CONVERSION,CLUTCH_RESPONSE
2001_10_SF_CAR,2001,REG,10,2001-11-18,SF,CAR,00-0005755,J.Garcia,28,5,15:00,0,SF 26,74.0,1,CONVERSION,CLUTCH_RESPONSE
2001_10_WAS_DEN,2001,REG,10,2001-11-18,WAS,DEN,00-0006212,K.Graham,25,4,08:36,0,WAS 46,54.0,0,CONVERSION,CLUTCH_RESPONSE
2001_11_ARI_SD,2001,REG,11,2001-11-25,ARI,LAC,00-0013042,J.Plummer,18,4,09:49,0,ARI 32,68.0,0,CONVERSION,CLUTCH_RESPONSE
2001_11_ARI_SD,2001,REG,11,2001-11-25,LAC,ARI,00-0005363,D.Flutie,19,4,06:00,-7,LAC 28,72.0,1,CONVERSION,CLUTCH_RESPONSE
2001_11_ARI_SD,2001,REG,11,2001-11-25,ARI,LAC,00-0013042,J.Plummer,20,4,01:54,0,ARI 36,64.0,1,CONVERSION,CLUTCH_RESPONSE
2001_11_MIA_BUF,2001,REG,11,2001-11-25,MIA,BUF,00-0005180,J.Fiedler,25,4,03:24,-3,MIA 38,62.0,0,CONVERSION,CLUTCH_RESPONSE
2001_11_MIA_BUF,2001,REG,11,2001-11-25,MIA,BUF,00-0005180,J.Fiedler,26,4,01:05,0,BUF 42,42.0,1,CONVERSION,CLUTCH_RESPONSE
2001_12_ARI_OAK,2001,REG,12,2001-12-02,LV,ARI,00-0005741,R. Gannon,23,4,05:30,-2,LV 38,62.0,0,CONVERSION,CLUTCH_RESPONSE
2001_12_ARI_OAK,2001,REG,12,2001-12-02,ARI,LV,00-0013042,J.Plummer,24,4,01:47,-1,ARI 30,70.0,0,CONVERSION,CLUTCH_RESPONSE
2001_12_ARI_OAK,2001,REG,12,2001-12-02,LV,ARI,00-0005741,R. Gannon,25,4,01:18,-7,LV 22,78.0,0,CONVERSION,CLUTCH_RESPONSE
2001_12_ARI_OAK,2001,REG,12,2001-12-02,ARI,LV,00-0013042,J.Plummer,29,5,08:42,0,LV 25,25.0,1,CONVERSION,CLUTCH_RESPONSE
2001_12_CAR_NO,2001,REG,12,2001-12-02,CAR,NO,00-0020434,C.Weinke,21,4,08:13,-7,NO 31,31.0,0,CONVERSION,CLUTCH_RESPONSE
2001_12_CAR_NO,2001,REG,12,2001-12-02,CAR,NO,00-0020434,C.Weinke,23,4,03:10,0,CAR 47,53.0,0,CONVERSION,CLUTCH_RESPONSE
2001_12_CAR_NO,2001,REG,12,2001-12-02,NO,CAR,00-0001823,A.Brooks,24,4,02:40,-3,NO 26,74.0,1,CONVERSION,CLUTCH_RESPONSE
2001_12_DET_CHI,2001,REG,12,2001-12-02,CHI,DET,00-0011276,J. Miller,19,4,12:18,-4,CHI 45,55.0,0,CONVERSION,CLUTCH_RESPONSE
2001_12_DET_CHI,2001,REG,12,2001-12-02,DET,CHI,00-0020308,M.McMahon,22,4,02:18,-3,DET 30,70.0,1,CONVERSION,CLUTCH_RESPONSE
2001_12_NE_NYJ,2001,REG,12,2001-12-02,NE,NYJ,00-0019596,T.Brady,18,4,12:16,-2,NE 33,67.0,0,CONVERSION,CLUTCH_RESPONSE
2001_12_SD_SEA,2001,REG,12,2001-12-02,SEA,LAC,00-0007091,M.Hasselbeck,21,4,11:50,0,SEA 31,69.0,0,CONVERSION,CLUTCH_RESPONSE
2001_12_SD_SEA,2001,REG,12,2001-12-02,SEA,LAC,00-0007091,M.Hasselbeck,24,5,15:00,0,SEA 32,68.0,1,CONVERSION,CLUTCH_RESPONSE
2001_12_TB_CIN,2001,REG,12,2001-12-02,CIN,TB,00-0009311,J.Kitna,19,4,02:37,-7,CIN 36,64.0,0,CONVERSION,CLUTCH_RESPONSE
2001_12_TB_CIN,2001,REG,12,2001-12-02,TB,CIN,00-0008442,B.Johnson,23,5,09:58,0,CIN 3,3.0,1,CONVERSION,CLUTCH_RESPONSE
2001_13_CAR_BUF,2001,REG,13,2001-12-09,BUF,CAR,00-0016838,A.Van Pelt,21,4,12:25,-5,BUF 49,51.0,0,CONVERSION,CLUTCH_RESPONSE
2001_13_DET_TB,2001,REG,13,2001-12-09,TB,DET,00-0008442,B.Johnson,19,4,04:56,-5,TB 20,80.0,0,CONVERSION,CLUTCH_RESPONSE
2001_14_ARI_NYG,2001,REG,14,2001-12-15,ARI,NYG,00-0013042,J.Plummer,21,4,07:04,-4,NYG 43,43.0,0,CONVERSION,CLUTCH_RESPONSE
2001_14_ARI_NYG,2001,REG,14,2001-12-15,NYG,ARI,00-0003292,K. Collins,22,4,04:04,-3,NYG 30,70.0,1,CONVERSION,CLUTCH_RESPONSE
2001_14_CIN_NYJ,2001,REG,14,2001-12-16,NYJ,CIN,00-0016193,V.Testaverde,14,4,11:08,-5,NYJ 31,69.0,0,CONVERSION,CLUTCH_RESPONSE
2001_14_DEN_KC,2001,REG,14,2001-12-16,KC,DEN,00-0006355,T. Green,16,4,14:20,0,KC 24,76.0,0,CONVERSION,CLUTCH_RESPONSE
2001_14_DEN_KC,2001,REG,14,2001-12-16,KC,DEN,00-0006355,T. Green,18,4,06:44,0,DEN 22,22.0,0,CONVERSION,CLUTCH_RESPONSE
2001_14_DEN_KC,2001,REG,14,2001-12-16,DEN,KC,00-0019682,J.Jackson,19,4,05:12,-3,DEN 29,71.0,0,CONVERSION,CLUTCH_RESPONSE
2001_14_DEN_KC,2001,REG,14,2001-12-16,KC,DEN,00-0006355,T. Green,23,5,11:25,0,KC 20,80.0,0,CONVERSION,CLUTCH_RESPONSE
2001_14_DEN_KC,2001,REG,14,2001-12-16,KC,DEN,00-0006355,T. Green,25,5,06:20,0,KC 30,70.0,1,CONVERSION,CLUTCH_RESPONSE
2001_14_NE_BUF,2001,REG,14,2001-12-16,BUF,NE,00-0016838,A.Van Pelt,21,4,09:01,0,BUF 44,56.0,0,CONVERSION,CLUTCH_RESPONSE
2001_14_NE_BUF,2001,REG,14,2001-12-16,NE,BUF,00-0019596,T.Brady,22,4,05:57,-3,NE 37,63.0,0,CONVERSION,CLUTCH_RESPONSE
2001_14_NE_BUF,2001,REG,14,2001-12-16,NE,BUF,00-0019596,T.Brady,27,5,12:33,0,NE 20,80.0,1,CONVERSION,CLUTCH_RESPONSE
2001_15_BUF_ATL,2001,REG,15,2001-12-23,BUF,ATL,00-0016838,A.Van Pelt,20,4,02:29,-7,BUF 18,82.0,1,CONVERSION,CLUTCH_RESPONSE
2001_15_BUF_ATL,2001,REG,15,2001-12-23,ATL,BUF,00-0002876,C.Chandler,21,4,00:48,0,ATL 43,57.0,1,CONVERSION,CLUTCH_RESPONSE
2001_15_NYJ_IND,2001,REG,15,2001-12-23,IND,NYJ,00-0010346,P.Manning,19,4,14:09,-5,IND 35,65.0,0,CONVERSION,CLUTCH_RESPONSE
2001_15_NYJ_IND,2001,REG,15,2001-12-23,NYJ,IND,00-0016193,V.Testaverde,22,4,02:48,-6,NYJ 24,76.0,0,CONVERSION,CLUTCH_RESPONSE
2001_15_SD_KC,2001,REG,15,2001-12-23,KC,LAC,00-0006355,T. Green,18,4,05:01,-4,KC 35,65.0,1,CONVERSION,CLUTCH_RESPONSE
2001_15_SEA_NYG,2001,REG,15,2001-12-23,NYG,SEA,00-0003292,K. Collins,25,4,02:52,-4,NYG 4,96.0,0,CONVERSION,CLUTCH_RESPONSE
2001_15_TEN_OAK,2001,REG,15,2001-12-22,LV,TEN,00-0005741,R. Gannon,18,4,13:51,-3,TEN 22,22.0,0,CONVERSION,CLUTCH_RESPONSE
2001_15_TEN_OAK,2001,REG,15,2001-12-22,LV,TEN,00-0005741,R. Gannon,20,4,11:13,0,LV 48,52.0,0,CONVERSION,CLUTCH_RESPONSE
2001_15_TEN_OAK,2001,REG,15,2001-12-22,TEN,LV,00-0011024,S.McNair,21,4,05:54,0,TEN 23,77.0,0,CONVERSION,CLUTCH_RESPONSE
2001_15_TEN_OAK,2001,REG,15,2001-12-22,LV,TEN,00-0005741,R. Gannon,22,4,01:47,-3,LV 22,78.0,1,CONVERSION,CLUTCH_RESPONSE
2001_16_CLE_TEN,2001,REG,16,2001-12-30,CLE,TEN,00-0003535,T.Couch,20,4,07:35,-7,CLE 17,83.0,0,CONVERSION,CLUTCH_RESPONSE
2001_16_CLE_TEN,2001,REG,16,2001-12-30,CLE,TEN,00-0003535,T.Couch,22,4,03:23,0,CLE 38,62.0,0,CONVERSION,CLUTCH_RESPONSE
2001_16_MIN_GB,2001,REG,16,2001-12-30,MIN,GB,00-0019553,S.Wynn,22,4,11:57,-4,MIN 41,59.0,0,CONVERSION,CLUTCH_RESPONSE
2001_16_MIN_GB,2001,REG,16,2001-12-30,GB,MIN,00-0005106,B.Favre,23,4,10:03,-3,GB 21,79.0,0,CONVERSION,CLUTCH_RESPONSE
2001_16_NYG_PHI,2001,REG,16,2001-12-30,PHI,NYG,00-0011022,D.McNabb,22,4,14:19,-3,PHI 43,57.0,0,CONVERSION,CLUTCH_RESPONSE
2001_16_NYG_PHI,2001,REG,16,2001-12-30,NYG,PHI,00-0003292,K.Collins,25,4,07:34,-1,NYG 19,81.0,0,CONVERSION,CLUTCH_RESPONSE
2001_16_NYG_PHI,2001,REG,16,2001-12-30,PHI,NYG,00-0011022,D.McNabb,26,4,02:43,-7,PHI 33,67.0,0,CONVERSION,CLUTCH_RESPONSE
2001_16_NYG_PHI,2001,REG,16,2001-12-30,PHI,NYG,00-0011022,D.McNabb,28,4,00:58,0,PHI 29,71.0,1,CONVERSION,CLUTCH_RESPONSE
2001_16_PIT_CIN,2001,REG,16,2001-12-30,CIN,PIT,00-0009311,J.Kitna,27,4,02:46,-6,CIN 46,54.0,0,CONVERSION,CLUTCH_RESPONSE
2001_16_PIT_CIN,2001,REG,16,2001-12-30,CIN,PIT,00-0009311,J.Kitna,31,5,09:44,0,CIN 1,99.0,1,CONVERSION,CLUTCH_RESPONSE
2001_16_SEA_SD,2001,REG,16,2001-12-30,LAC,SEA,00-0005363,D.Flutie,26,4,02:37,-3,LAC 38,62.0,1,CONVERSION,CLUTCH_RESPONSE
2001_16_SEA_SD,2001,REG,16,2001-12-30,SEA,LAC,00-0004293,T.Dilfer,27,4,00:16,0,LAC 36,36.0,1,CONVERSION,CLUTCH_RESPONSE
2001_17_ARI_WAS,2001,REG,17,2002-01-06,WAS,ARI,00-0006212,K.Graham,20,4,07:53,-5,ARI 23,23.0,0,CONVERSION,CLUTCH_RESPONSE
2001_17_CIN_TEN,2001,REG,17,2002-01-06,CIN,TEN,00-0009311,J.Kitna,23,4,01:52,-1,CIN 30,70.0,1,CONVERSION,CLUTCH_RESPONSE
2001_17_DAL_DET,2001,REG,17,2002-01-06,DET,DAL,00-0004230,T.Detmer,18,4,09:08,-1,DET 34,66.0,0,CONVERSION,CLUTCH_RESPONSE
2001_17_NYJ_OAK,2001,REG,17,2002-01-06,LV,NYJ,00-0005741,R. Gannon,21,4,11:32,-2,LV 29,71.0,0,CONVERSION,CLUTCH_RESPONSE
2001_17_NYJ_OAK,2001,REG,17,2002-01-06,NYJ,LV,00-0016193,V.Testaverde,24,4,02:12,-1,NYJ 36,64.0,0,CONVERSION,CLUTCH_RESPONSE
2001_17_PHI_TB,2001,REG,17,2002-01-06,PHI,TB,00-0020305,A.Feeley,22,4,02:00,-3,TB 24,24.0,1,CONVERSION,CLUTCH_RESPONSE
2001_18_SF_GB,2001,POST,18,2002-01-13,SF,GB,00-0005755,J.Garcia,16,4,14:47,-8,SF 39,61.0,0,CONVERSION,CLUTCH_RESPONSE
2001_18_SF_GB,2001,POST,18,2002-01-13,GB,SF,00-0005106,B.Favre,17,4,12:00,0,GB 24,76.0,0,CONVERSION,CLUTCH_RESPONSE
2001_19_OAK_NE,2001,POST,19,2002-01-19,NE,LV,00-0019596,T.Brady,26,4,02:06,-3,NE 46,54.0,0,CONVERSION,CLUTCH_RESPONSE
2001_19_OAK_NE,2001,POST,19,2002-01-19,NE,LV,00-0019596,T.Brady,28,5,15:00,0,NE 34,66.0,1,CONVERSION,CLUTCH_RESPONSE
2001_21_STL_NE,2001,POST,21,2002-02-03,LA,NE,00-0017200,K.Warner,22,4,01:51,-7,LA 45,55.0,1,CONVERSION,CLUTCH_RESPONSE
2001_21_STL_NE,2001,POST,21,2002-02-03,NE,LA,00-0019596,T.Brady,23,4,01:30,0,NE 17,83.0,1,CONVERSION,CLUTCH_RESPONSE
2002_01_ATL_GB,2002,REG,1,2002-09-08,ATL,GB,00-0020245,M.Vick,16,4,11:43,-3,GB 45,45.0,0,CONVERSION,CLUTCH_RESPONSE
2002_01_ATL_GB,2002,REG,1,2002-09-08,GB,ATL,00-0005106,B.Favre,17,4,08:07,-4,GB 20,80.0,0,CONVERSION,CLUTCH_RESPONSE
2002_01_ATL_GB,2002,REG,1,2002-09-08,ATL,GB,00-0020245,M.Vick,18,4,01:10,-3,ATL 31,69.0,0,CONVERSION,CLUTCH_RESPONSE
2002_01_ATL_GB,2002,REG,1,2002-09-08,GB,ATL,00-0005106,B.Favre,22,5,09:30,0,GB 40,60.0,1,CONVERSION,CLUTCH_RESPONSE
2002_01_DAL_HOU,2002,REG,1,2002-09-08,HOU,DAL,00-0020608,D.Carr,23,4,14:05,0,HOU 26,74.0,0,CONVERSION,CLUTCH_RESPONSE
2002_01_KC_CLE,2002,REG,1,2002-09-08,KC,CLE,00-0006355,T. Green,19,4,08:12,-6,CLE 15,15.0,0,CONVERSION,CLUTCH_RESPONSE
2002_01_KC_CLE,2002,REG,1,2002-09-08,CLE,KC,00-0007576,K.Holcomb,20,4,08:05,-1,CLE 34,66.0,0,CONVERSION,CLUTCH_RESPONSE
2002_01_KC_CLE,2002,REG,1,2002-09-08,KC,CLE,00-0006355,T. Green,21,4,05:52,-5,KC 26,74.0,0,CONVERSION,CLUTCH_RESPONSE
2002_01_KC_CLE,2002,REG,1,2002-09-08,CLE,KC,00-0007576,K.Holcomb,22,4,03:05,-1,CLE 32,68.0,1,CONVERSION,CLUTCH_RESPONSE
2002_01_KC_CLE,2002,REG,1,2002-09-08,KC,CLE,00-0006355,T. Green,23,4,00:29,-2,KC 35,65.0,1,CONVERSION,CLUTCH_RESPONSE
2002_01_MIN_CHI,2002,REG,1,2002-09-08,CHI,MIN,00-0011276,J.Miller,22,4,02:34,-3,CHI 49,51.0,0,CONVERSION,CLUTCH_RESPONSE
2002_01_NO_TB,2002,REG,1,2002-09-08,TB,NO,00-0008442,B.Johnson,23,4,02:01,-3,TB 26,74.0,0,CONVERSION,CLUTCH_RESPONSE
2002_01_NYJ_BUF,2002,REG,1,2002-09-08,NYJ,BUF,00-0016193,V.Testaverde,22,4,06:22,-1,NYJ 40,60.0,0,CONVERSION,CLUTCH_RESPONSE
2002_01_NYJ_BUF,2002,REG,1,2002-09-08,BUF,NYJ,00-0001361,D.Bledsoe,23,4,04:47,-7,BUF 24,76.0,1,CONVERSION,CLUTCH_RESPONSE
2002_01_PHI_TEN,2002,REG,1,2002-09-08,TEN,PHI,00-0011024,S.McNair,21,4,08:50,-5,TEN 16,84.0,0,CONVERSION,CLUTCH_RESPONSE
2002_01_SF_NYG,2002,REG,1,2002-09-05,NYG,SF,00-0003292,K.Collins,19,4,08:08,-7,NYG 23,77.0,1,CONVERSION,CLUTCH_RESPONSE
2002_01_SF_NYG,2002,REG,1,2002-09-05,SF,NYG,00-0005755,J.Garcia,20,4,01:55,0,SF 30,70.0,1,CONVERSION,CLUTCH_RESPONSE
2002_01_STL_DEN,2002,REG,1,2002-09-08,LA,DEN,00-0017200,K. Warner,18,4,14:49,-3,LA 25,75.0,0,CONVERSION,CLUTCH_RESPONSE
2002_02_BUF_MIN,2002,REG,2,2002-09-15,MIN,BUF,00-0003739,D.Culpepper,20,4,14:01,-4,MIN 18,82.0,0,CONVERSION,CLUTCH_RESPONSE
2002_02_BUF_MIN,2002,REG,2,2002-09-15,BUF,MIN,00-0001361,D.Bledsoe,21,4,07:27,-2,BUF 22,78.0,0,CONVERSION,CLUTCH_RESPONSE
2002_02_BUF_MIN,2002,REG,2,2002-09-15,MIN,BUF,00-0003739,D.Culpepper,22,4,03:08,-4,MIN 40,60.0,0,CONVERSION,CLUTCH_RESPONSE
2002_02_BUF_MIN,2002,REG,2,2002-09-15,BUF,MIN,00-0001361,D.Bledsoe,23,4,00:26,-3,BUF 35,65.0,0,CONVERSION,CLUTCH_RESPONSE
2002_02_BUF_MIN,2002,REG,2,2002-09-15,BUF,MIN,00-0001361,D.Bledsoe,26,5,11:20,0,BUF 23,77.0,0,CONVERSION,CLUTCH_RESPONSE
2002_02_BUF_MIN,2002,REG,2,2002-09-15,BUF,MIN,00-0001361,D.Bledsoe,28,5,05:28,0,BUF 24,76.0,1,CONVERSION,CLUTCH_RESPONSE
2002_02_CHI_ATL,2002,REG,2,2002-09-15,ATL,CHI,00-0020245,M.Vick,24,4,02:11,-1,ATL 28,72.0,1,CONVERSION,CLUTCH_RESPONSE
2002_02_JAX_KC,2002,REG,2,2002-09-15,KC,JAX,00-0006355,T. Green,16,4,09:50,-3,KC 45,55.0,0,CONVERSION,CLUTCH_RESPONSE
2002_02_JAX_KC,2002,REG,2,2002-09-15,JAX,KC,00-0002110,M. Brunell,17,4,06:57,0,JAX 15,85.0,0,CONVERSION,CLUTCH_RESPONSE
2002_03_CLE_TEN,2002,REG,3,2002-09-22,CLE,TEN,00-0003535,T.Couch,24,4,02:35,-7,TEN 42,42.0,0,CONVERSION,CLUTCH_RESPONSE
2002_03_CLE_TEN,2002,REG,3,2002-09-22,CLE,TEN,00-0003535,T.Couch,26,5,15:00,0,CLE 20,80.0,1,CONVERSION,CLUTCH_RESPONSE
2002_03_KC_NE,2002,REG,3,2002-09-22,KC,NE,00-0006355,T. Green,27,4,02:30,-7,KC 46,54.0,1,CONVERSION,CLUTCH_RESPONSE
2002_03_KC_NE,2002,REG,3,2002-09-22,NE,KC,00-0019596,T.Brady,28,5,15:00,0,NE 30,70.0,1,CONVERSION,CLUTCH_RESPONSE
2002_03_NO_CHI,2002,REG,3,2002-09-22,CHI,NO,00-0011276,J.Miller,20,4,14:42,-1,CHI 23,77.0,0,CONVERSION,CLUTCH_RESPONSE
2002_03_NO_CHI,2002,REG,3,2002-09-22,NO,CHI,00-0001823,A.Brooks,23,4,03:12,-2,NO 27,73.0,0,CONVERSION,CLUTCH_RESPONSE
2002_03_SEA_NYG,2002,REG,3,2002-09-22,NYG,SEA,00-0003292,K.Collins,18,4,08:04,0,NYG 5,95.0,0,CONVERSION,CLUTCH_RESPONSE
2002_04_CAR_GB,2002,REG,4,2002-09-29,GB,CAR,00-0005106,B.Favre,25,4,06:29,-4,GB 35,65.0,1,CONVERSION,CLUTCH_RESPONSE
2002_04_CAR_GB,2002,REG,4,2002-09-29,CAR,GB,00-0012732,R.Peete,26,4,04:10,-3,CAR 20,80.0,1,CONVERSION,CLUTCH_RESPONSE
2002_04_CHI_BUF,2002,REG,4,2002-09-29,BUF,CHI,00-0001361,D.Bledsoe,18,4,12:39,0,BUF 22,78.0,0,CONVERSION,CLUTCH_RESPONSE
2002_04_CHI_BUF,2002,REG,4,2002-09-29,CHI,BUF,00-0011276,J.Miller,19,4,08:55,-7,CHI 26,74.0,0,CONVERSION,CLUTCH_RESPONSE
2002_04_CHI_BUF,2002,REG,4,2002-09-29,BUF,CHI,00-0001361,D.Bledsoe,20,4,02:46,0,BUF 25,75.0,0,CONVERSION,CLUTCH_RESPONSE
2002_04_CHI_BUF,2002,REG,4,2002-09-29,BUF,CHI,00-0001361,D.Bledsoe,23,5,13:55,0,BUF 44,56.0,1,CONVERSION,CLUTCH_RESPONSE
2002_04_CLE_PIT,2002,REG,4,2002-09-29,PIT,CLE,00-0010261,T.Maddox,18,4,04:14,-7,PIT 23,77.0,0,CONVERSION,CLUTCH_RESPONSE
2002_04_CLE_PIT,2002,REG,4,2002-09-29,CLE,PIT,00-0003535,T.Couch,22,5,14:46,0,PIT 34,34.0,1,CONVERSION,CLUTCH_RESPONSE
2002_04_CLE_PIT,2002,REG,4,2002-09-29,PIT,CLE,00-0010261,T.Maddox,23,5,13:10,0,PIT 35,65.0,1,CONVERSION,CLUTCH_RESPONSE
2002_04_DAL_STL,2002,REG,4,2002-09-29,DAL,LA,00-0020404,Q.Carter,21,4,09:56,-3,DAL 24,76.0,0,CONVERSION,CLUTCH_RESPONSE
2002_04_DAL_STL,2002,REG,4,2002-09-29,DAL,LA,00-0020404,Q.Carter,23,4,01:27,0,DAL 39,61.0,1,CONVERSION,CLUTCH_RESPONSE
2002_04_NYG_ARI,2002,REG,4,2002-09-29,ARI,NYG,00-0013042,J.Plummer,19,4,14:04,0,ARI 33,67.0,0,CONVERSION,CLUTCH_RESPONSE
2002_05_ARI_CAR,2002,REG,5,2002-10-06,ARI,CAR,00-0013042,J.Plummer,24,4,05:44,-7,ARI 37,63.0,0,CONVERSION,CLUTCH_RESPONSE
2002_05_ARI_CAR,2002,REG,5,2002-10-06,ARI,CAR,00-0013042,J.Plummer,26,4,01:26,0,ARI 21,79.0,1,CONVERSION,CLUTCH_RESPONSE
2002_05_KC_NYJ,2002,REG,5,2002-10-06,KC,NYJ,00-0006355,T. Green,17,4,13:31,-7,KC 21,79.0,0,CONVERSION,CLUTCH_RESPONSE
2002_05_KC_NYJ,2002,REG,5,2002-10-06,NYJ,KC,00-0019559,C.Pennington,18,4,10:15,0,NYJ 32,68.0,0,CONVERSION,CLUTCH_RESPONSE
2002_05_KC_NYJ,2002,REG,5,2002-10-06,KC,NYJ,00-0006355,T. Green,19,4,02:54,-3,KC 22,78.0,1,CONVERSION,CLUTCH_RESPONSE
2002_05_NYG_DAL,2002,REG,5,2002-10-06,NYG,DAL,00-0003292,K.Collins,19,4,10:52,-3,NYG 20,80.0,0,CONVERSION,CLUTCH_RESPONSE
2002_05_OAK_BUF,2002,REG,5,2002-10-06,LV,BUF,00-0005741,R.Gannon,21,4,12:52,-3,LV 20,80.0,0,CONVERSION,CLUTCH_RESPONSE
2002_06_ATL_NYG,2002,REG,6,2002-10-13,ATL,NYG,00-0019087,D.Johnson,12,4,11:39,0,ATL 6,94.0,0,CONVERSION,CLUTCH_RESPONSE
2002_06_BAL_IND,2002,REG,6,2002-10-13,BAL,IND,00-0019709,C.Redman,23,4,12:53,-6,BAL 33,67.0,0,CONVERSION,CLUTCH_RESPONSE
2002_06_BAL_IND,2002,REG,6,2002-10-13,IND,BAL,00-0010346,P.Manning,26,4,02:22,-1,IND 20,80.0,1,CONVERSION,CLUTCH_RESPONSE
2002_06_BUF_HOU,2002,REG,6,2002-10-13,HOU,BUF,00-0020608,D.Carr,17,4,14:34,0,BUF 8,8.0,0,CONVERSION,CLUTCH_RESPONSE
2002_06_BUF_HOU,2002,REG,6,2002-10-13,BUF,HOU,00-0001361,D.Bledsoe,18,4,14:10,-7,BUF 25,75.0,0,CONVERSION,CLUTCH_RESPONSE
2002_06_BUF_HOU,2002,REG,6,2002-10-13,BUF,HOU,00-0001361,D.Bledsoe,20,4,08:25,0,BUF 32,68.0,0,CONVERSION,CLUTCH_RESPONSE
2002_06_CAR_DAL,2002,REG,6,2002-10-13,DAL,CAR,00-0020404,Q.Carter,24,4,02:48,-6,DAL 33,67.0,1,CONVERSION,CLUTCH_RESPONSE
2002_06_DET_MIN,2002,REG,6,2002-10-13,MIN,DET,00-0003739,D.Culpepper,21,4,08:49,-7,MIN 10,90.0,0,CONVERSION,CLUTCH_RESPONSE
2002_06_DET_MIN,2002,REG,6,2002-10-13,MIN,DET,00-0003739,D.Culpepper,23,4,04:12,0,DET 48,48.0,0,CONVERSION,CLUTCH_RESPONSE
2002_06_KC_SD,2002,REG,6,2002-10-13,LAC,KC,00-0020531,D.Brees,25,4,02:30,-6,LAC 29,71.0,1,CONVERSION,CLUTCH_RESPONSE
2002_06_MIA_DEN,2002,REG,6,2002-10-13,MIA,DEN,00-0005180,J. Fiedler,18,4,12:56,-5,MIA 48,52.0,0,CONVERSION,CLUTCH_RESPONSE
2002_06_MIA_DEN,2002,REG,6,2002-10-13,DEN,MIA,00-0006423,B.Griese,22,4,01:51,-2,DEN 20,80.0,1,CONVERSION,CLUTCH_RESPONSE
2002_06_MIA_DEN,2002,REG,6,2002-10-13,MIA,DEN,00-0005180,J. Fiedler,23,4,00:45,-1,MIA 26,74.0,1,CONVERSION,CLUTCH_RESPONSE
2002_06_SF_SEA,2002,REG,6,2002-10-14,SF,SEA,00-0005755,J.Garcia,15,4,10:11,-1,SF 32,68.0,0,CONVERSION,CLUTCH_RESPONSE
2002_07_CHI_DET,2002,REG,7,2002-10-20,DET,CHI,00-0021141,J.Harrington,23,4,02:21,-3,DET 22,78.0,0,CONVERSION,CLUTCH_RESPONSE
2002_07_CHI_DET,2002,REG,7,2002-10-20,DET,CHI,00-0021141,J.Harrington,25,5,15:00,0,DET 40,60.0,1,CONVERSION,CLUTCH_RESPONSE
2002_07_DAL_ARI,2002,REG,7,2002-10-20,ARI,DAL,00-0013042,J.Plummer,21,4,12:06,0,ARI 20,80.0,0,CONVERSION,CLUTCH_RESPONSE
2002_07_DAL_ARI,2002,REG,7,2002-10-20,ARI,DAL,00-0013042,J.Plummer,28,5,08:07,0,ARI 33,67.0,1,CONVERSION,CLUTCH_RESPONSE
2002_07_DEN_KC,2002,REG,7,2002-10-20,DEN,KC,00-0006423,B. Griese,24,4,03:47,-7,DEN 33,67.0,0,CONVERSION,CLUTCH_RESPONSE
2002_07_DEN_KC,2002,REG,7,2002-10-20,DEN,KC,00-0006423,B. Griese,28,5,12:45,0,KC 32,32.0,1,CONVERSION,CLUTCH_RESPONSE
2002_07_SD_OAK,2002,REG,7,2002-10-20,LAC,LV,00-0020531,D.Brees,17,4,11:44,0,LAC 38,62.0,0,CONVERSION,CLUTCH_RESPONSE
2002_07_SD_OAK,2002,REG,7,2002-10-20,LV,LAC,00-0005741,R.Gannon,20,4,03:05,-7,LV 18,82.0,0,CONVERSION,CLUTCH_RESPONSE
2002_07_SD_OAK,2002,REG,7,2002-10-20,LAC,LV,00-0020531,D.Brees,23,5,15:00,0,LAC 20,80.0,1,CONVERSION,CLUTCH_RESPONSE
2002_07_SF_NO,2002,REG,7,2002-10-20,NO,SF,00-0001823,A.Brooks,13,4,12:01,-5,SF 22,22.0,0,CONVERSION,CLUTCH_RESPONSE
2002_07_SF_NO,2002,REG,7,2002-10-20,SF,NO,00-0005755,J.Garcia,14,4,11:14,-1,SF 39,61.0,0,CONVERSION,CLUTCH_RESPONSE
2002_07_SF_NO,2002,REG,7,2002-10-20,NO,SF,00-0001823,A.Brooks,15,4,08:39,-2,NO 33,67.0,0,CONVERSION,CLUTCH_RESPONSE
2002_08_ATL_NO,2002,REG,8,2002-10-27,NO,ATL,00-0001823,A.Brooks,21,4,03:23,-6,ATL 28,28.0,1,CONVERSION,CLUTCH_RESPONSE
2002_08_ATL_NO,2002,REG,8,2002-10-27,ATL,NO,00-0020245,M.Vick,22,4,02:20,-1,ATL 11,89.0,1,CONVERSION,CLUTCH_RESPONSE
2002_08_CLE_NYJ,2002,REG,8,2002-10-27,CLE,NYJ,00-0003535,T.Couch,21,4,12:03,0,CLE 20,80.0,1,CONVERSION,CLUTCH_RESPONSE
2002_08_CLE_NYJ,2002,REG,8,2002-10-27,NYJ,CLE,00-0019559,C.Pennington,22,4,03:30,-3,NYJ 18,82.0,1,CONVERSION,CLUTCH_RESPONSE
2002_08_SEA_DAL,2002,REG,8,2002-10-27,DAL,SEA,00-0020562,C.Hutchinson,19,4,10:16,-7,DAL 27,73.0,0,CONVERSION,CLUTCH_RESPONSE
2002_08_SEA_DAL,2002,REG,8,2002-10-27,SEA,DAL,00-0007091,M.Hasselbeck,20,4,05:35,0,SEA 26,74.0,1,CONVERSION,CLUTCH_RESPONSE
2002_08_TB_CAR,2002,REG,8,2002-10-27,TB,CAR,00-0008612,R.Johnson,25,4,03:01,-3,CAR 42,42.0,0,CONVERSION,CLUTCH_RESPONSE
2002_08_TEN_CIN,2002,REG,8,2002-10-27,TEN,CIN,00-0011024,S.McNair,18,4,13:32,-4,TEN 42,58.0,0,CONVERSION,CLUTCH_RESPONSE
2002_09_DAL_DET,2002,REG,9,2002-11-03,DAL,DET,00-0020562,C.Hutchinson,25,4,13:48,-6,DAL 20,80.0,0,CONVERSION,CLUTCH_RESPONSE
2002_09_DAL_DET,2002,REG,9,2002-11-03,DET,DAL,00-0021141,J.Harrington,28,4,03:47,-1,DET 37,63.0,1,CONVERSION,CLUTCH_RESPONSE
2002_09_PHI_CHI,2002,REG,9,2002-11-03,PHI,CHI,00-0011022,D.McNabb,18,4,14:42,0,CHI 18,18.0,0,CONVERSION,CLUTCH_RESPONSE
2002_09_SF_OAK,2002,REG,9,2002-11-03,LV,SF,00-0005741,R. Gannon,15,4,12:57,-7,LV 40,60.0,1,CONVERSION,CLUTCH_RESPONSE
2002_09_SF_OAK,2002,REG,9,2002-11-03,SF,LV,00-0005755,J.Garcia,16,4,06:28,0,SF 46,54.0,0,CONVERSION,CLUTCH_RESPONSE
2002_09_SF_OAK,2002,REG,9,2002-11-03,SF,LV,00-0005755,J.Garcia,17,5,15:00,0,SF 22,78.0,1,CONVERSION,CLUTCH_RESPONSE
2002_10_ATL_PIT,2002,REG,10,2002-11-10,ATL,PIT,00-0020245,M.Vick,25,4,01:55,-7,50,50.0,0,CONVERSION,CLUTCH_RESPONSE
2002_10_MIA_NYJ,2002,REG,10,2002-11-10,NYJ,MIA,00-0019559,C.Pennington,19,4,07:26,0,NYJ 8,92.0,1,CONVERSION,CLUTCH_RESPONSE
2002_10_NE_CHI,2002,REG,10,2002-11-10,NE,CHI,00-0019596,T.Brady,28,4,01:50,-5,NE 44,56.0,1,CONVERSION,CLUTCH_RESPONSE
2002_10_NO_CAR,2002,REG,10,2002-11-10,CAR,NO,00-0012732,R.Peete,26,4,07:02,-3,CAR 21,79.0,0,CONVERSION,CLUTCH_RESPONSE
2002_10_NO_CAR,2002,REG,10,2002-11-10,NO,CAR,00-0001823,A.Brooks,27,4,03:31,-4,NO 5,95.0,1,CONVERSION,CLUTCH_RESPONSE
2002_10_NYG_MIN,2002,REG,10,2002-11-10,MIN,NYG,00-0001545,T.Bouman,23,4,08:52,-6,MIN 22,78.0,0,CONVERSION,CLUTCH_RESPONSE
2002_10_NYG_MIN,2002,REG,10,2002-11-10,NYG,MIN,00-0003292,K.Collins,24,4,08:36,-1,NYG 20,80.0,0,CONVERSION,CLUTCH_RESPONSE
2002_10_SD_STL,2002,REG,10,2002-11-10,LA,LAC,00-0019599,M. Bulger,21,4,03:06,-3,LA 46,54.0,0,CONVERSION,CLUTCH_RESPONSE
2002_11_BUF_KC,2002,REG,11,2002-11-17,KC,BUF,00-0006355,T. Green,14,4,10:16,-6,KC 22,78.0,0,CONVERSION,CLUTCH_RESPONSE
2002_11_GB_MIN,2002,REG,11,2002-11-17,GB,MIN,00-0005106,B.Favre,22,4,13:20,-7,GB 16,84.0,0,CONVERSION,CLUTCH_RESPONSE
2002_11_GB_MIN,2002,REG,11,2002-11-17,MIN,GB,00-0003739,D.Culpepper,23,4,11:53,0,GB 33,33.0,0,CONVERSION,CLUTCH_RESPONSE
2002_11_SF_SD,2002,REG,11,2002-11-17,LAC,SF,00-0020531,D.Brees,21,4,03:22,-7,LAC 42,58.0,0,CONVERSION,CLUTCH_RESPONSE
2002_11_SF_SD,2002,REG,11,2002-11-17,SF,LAC,00-0005755,J.Garcia,24,5,14:27,0,SF 24,76.0,1,CONVERSION,CLUTCH_RESPONSE
2002_11_SF_SD,2002,REG,11,2002-11-17,LAC,SF,00-0020531,D.Brees,25,5,08:46,0,LAC 31,69.0,1,CONVERSION,CLUTCH_RESPONSE
2002_11_WAS_NYG,2002,REG,11,2002-11-17,WAS,NYG,00-0010560,S.Matthews,25,4,07:38,-2,WAS 36,64.0,0,CONVERSION,CLUTCH_RESPONSE
2002_12_CIN_PIT,2002,REG,12,2002-11-24,CIN,PIT,00-0009311,J.Kitna,16,4,12:29,-6,CIN 36,64.0,0,CONVERSION,CLUTCH_RESPONSE
2002_12_CIN_PIT,2002,REG,12,2002-11-24,PIT,CIN,00-0015700,K.Stewart,18,4,06:20,-1,CIN 28,28.0,0,CONVERSION,CLUTCH_RESPONSE
2002_12_DET_CHI,2002,REG,12,2002-11-24,CHI,DET,00-0011276,J.Miller,24,4,01:56,-3,DET 47,47.0,0,CONVERSION,CLUTCH_RESPONSE
2002_12_DET_CHI,2002,REG,12,2002-11-24,CHI,DET,00-0011276,J.Miller,25,5,15:00,0,CHI 35,65.0,1,CONVERSION,CLUTCH_RESPONSE
2002_12_IND_DEN,2002,REG,12,2002-11-24,DEN,IND,00-0001218,S. Beuerlein,15,4,10:51,-4,IND 20,20.0,0,CONVERSION,CLUTCH_RESPONSE
2002_12_IND_DEN,2002,REG,12,2002-11-24,IND,DEN,00-0010346,P.Manning,18,4,01:40,-3,IND 20,80.0,0,CONVERSION,CLUTCH_RESPONSE
2002_12_IND_DEN,2002,REG,12,2002-11-24,IND,DEN,00-0010346,P.Manning,20,5,15:00,0,IND 32,68.0,1,CONVERSION,CLUTCH_RESPONSE
2002_12_NYG_HOU,2002,REG,12,2002-11-24,HOU,NYG,00-0020608,D.Carr,23,4,13:10,-1,HOU 27,73.0,0,CONVERSION,CLUTCH_RESPONSE
2002_13_ATL_MIN,2002,REG,13,2002-12-01,ATL,MIN,00-0020245,M.Vick,27,4,07:26,0,ATL 45,55.0,0,CONVERSION,CLUTCH_RESPONSE
2002_13_ATL_MIN,2002,REG,13,2002-12-01,MIN,ATL,00-0003739,D.Culpepper,28,4,03:33,-3,MIN 34,66.0,0,CONVERSION,CLUTCH_RESPONSE
2002_13_ATL_MIN,2002,REG,13,2002-12-01,ATL,MIN,00-0020245,M.Vick,31,5,13:26,0,MIN 48,48.0,1,CONVERSION,CLUTCH_RESPONSE
2002_13_BAL_CIN,2002,REG,13,2002-12-01,BAL,CIN,00-0001335,J.Blake,18,4,10:27,-2,BAL 31,69.0,1,CONVERSION,CLUTCH_RESPONSE
2002_13_DEN_SD,2002,REG,13,2002-12-01,LAC,DEN,00-0020531,D.Brees,20,4,14:54,0,DEN 30,30.0,0,CONVERSION,CLUTCH_RESPONSE
2002_13_DEN_SD,2002,REG,13,2002-12-01,DEN,LAC,00-0001218,S. Beuerlein,25,4,05:07,-3,DEN 40,60.0,0,CONVERSION,CLUTCH_RESPONSE
2002_13_DEN_SD,2002,REG,13,2002-12-01,LAC,DEN,00-0020531,D.Brees,29,5,13:22,0,LAC 41,59.0,0,CONVERSION,CLUTCH_RESPONSE
2002_13_DEN_SD,2002,REG,13,2002-12-01,LAC,DEN,00-0020531,D.Brees,31,5,07:26,0,LAC 43,57.0,1,CONVERSION,CLUTCH_RESPONSE
2002_13_TEN_NYG,2002,REG,13,2002-12-01,TEN,NYG,00-0011024,S.McNair,18,4,02:21,-8,TEN 19,81.0,0,CONVERSION,CLUTCH_RESPONSE
2002_13_TEN_NYG,2002,REG,13,2002-12-01,TEN,NYG,00-0011024,S.McNair,21,5,12:48,0,TEN 20,80.0,1,CONVERSION,CLUTCH_RESPONSE
2002_13_WAS_DAL,2002,REG,13,2002-11-28,DAL,WAS,00-0020562,C.Hutchinson,23,4,11:01,-3,DAL 46,54.0,0,CONVERSION,CLUTCH_RESPONSE
2002_14_DET_ARI,2002,REG,14,2002-12-08,ARI,DET,00-0013042,J. Plummer,22,4,09:01,-3,ARI 41,59.0,0,CONVERSION,CLUTCH_RESPONSE
2002_14_DET_ARI,2002,REG,14,2002-12-08,ARI,DET,00-0013042,J. Plummer,27,5,15:00,0,ARI 30,70.0,1,CONVERSION,CLUTCH_RESPONSE
2002_14_MIN_GB,2002,REG,14,2002-12-08,GB,MIN,00-0005106,B.Favre,19,4,04:32,-2,GB 15,85.0,1,CONVERSION,CLUTCH_RESPONSE
2002_14_SF_DAL,2002,REG,14,2002-12-08,SF,DAL,00-0005755,J.Garcia,28,4,02:16,-3,SF 37,63.0,1,CONVERSION,CLUTCH_RESPONSE
2002_15_ARI_STL,2002,REG,15,2002-12-15,ARI,LA,00-0013042,J. Plummer,22,4,11:32,-6,ARI 36,64.0,0,CONVERSION,CLUTCH_RESPONSE
2002_15_ARI_STL,2002,REG,15,2002-12-15,LA,ARI,00-0019599,M. Bulger,25,4,01:51,-1,LA 20,80.0,0,CONVERSION,CLUTCH_RESPONSE
2002_15_IND_CLE,2002,REG,15,2002-12-15,IND,CLE,00-0010346,P.Manning,23,4,09:46,-2,IND 14,86.0,0,CONVERSION,CLUTCH_RESPONSE
2002_15_MIN_NO,2002,REG,15,2002-12-15,NO,MIN,00-0001823,A.Brooks,19,4,09:56,-1,NO 26,74.0,1,CONVERSION,CLUTCH_RESPONSE
2002_15_MIN_NO,2002,REG,15,2002-12-15,MIN,NO,00-0003739,D.Culpepper,20,4,05:21,-7,MIN 27,73.0,1,CONVERSION,CLUTCH_RESPONSE
2002_15_SD_BUF,2002,REG,15,2002-12-15,LAC,BUF,00-0005363,D.Flutie,23,4,08:23,-3,LAC 12,88.0,0,CONVERSION,CLUTCH_RESPONSE
2002_15_SD_BUF,2002,REG,15,2002-12-15,BUF,LAC,00-0001361,D.Bledsoe,26,4,03:04,0,BUF 36,64.0,1,CONVERSION,CLUTCH_RESPONSE
2002_15_SEA_ATL,2002,REG,15,2002-12-15,ATL,SEA,00-0020245,M.Vick,23,4,01:55,-7,ATL 23,77.0,0,CONVERSION,CLUTCH_RESPONSE
2002_15_SEA_ATL,2002,REG,15,2002-12-15,ATL,SEA,00-0020245,M.Vick,25,5,15:00,0,ATL 18,82.0,1,CONVERSION,CLUTCH_RESPONSE
2002_15_SEA_ATL,2002,REG,15,2002-12-15,SEA,ATL,00-0007091,M.Hasselbeck,26,5,08:13,0,SEA 26,74.0,1,CONVERSION,CLUTCH_RESPONSE
2002_15_TB_DET,2002,REG,15,2002-12-15,TB,DET,00-0008442,B.Johnson,16,4,13:12,0,TB 42,58.0,0,CONVERSION,CLUTCH_RESPONSE
2002_15_TB_DET,2002,REG,15,2002-12-15,DET,TB,00-0020308,M.McMahon,17,4,10:08,-7,TB 2,2.0,0,CONVERSION,CLUTCH_RESPONSE
2002_15_TB_DET,2002,REG,15,2002-12-15,TB,DET,00-0008442,B.Johnson,20,4,06:59,0,TB 34,66.0,0,CONVERSION,CLUTCH_RESPONSE
2002_16_CLE_BAL,2002,REG,16,2002-12-22,CLE,BAL,00-0003535,T.Couch,17,4,02:18,-6,CLE 8,92.0,1,CONVERSION,CLUTCH_RESPONSE
2002_16_MIA_MIN,2002,REG,16,2002-12-21,MIA,MIN,00-0005180,J. Fiedler,15,4,11:53,-3,MIA 48,52.0,0,CONVERSION,CLUTCH_RESPONSE
2002_16_MIA_MIN,2002,REG,16,2002-12-21,MIN,MIA,00-0003739,D.Culpepper,16,4,06:09,0,MIN 20,80.0,1,CONVERSION,CLUTCH_RESPONSE
2002_16_NO_CIN,2002,REG,16,2002-12-22,CIN,NO,00-0009311,J.Kitna,27,4,07:33,0,CIN 36,64.0,1,CONVERSION,CLUTCH_RESPONSE
2002_16_SD_KC,2002,REG,16,2002-12-22,KC,LAC,00-0006355,T. Green,25,4,05:23,-1,KC 3,97.0,0,CONVERSION,CLUTCH_RESPONSE
2002_17_ATL_CLE,2002,REG,17,2002-12-29,CLE,ATL,00-0007576,K.Holcomb,23,4,08:18,-6,ATL 11,11.0,0,CONVERSION,CLUTCH_RESPONSE
2002_17_BAL_PIT,2002,REG,17,2002-12-29,PIT,BAL,00-0010261,T.Maddox,20,4,07:51,-5,BAL 31,31.0,1,CONVERSION,CLUTCH_RESPONSE
2002_17_JAX_IND,2002,REG,17,2002-12-29,IND,JAX,00-0010346,P.Manning,14,4,13:55,-3,IND 23,77.0,0,CONVERSION,CLUTCH_RESPONSE
2002_17_JAX_IND,2002,REG,17,2002-12-29,IND,JAX,00-0010346,P.Manning,16,4,04:37,0,JAX 47,47.0,1,CONVERSION,CLUTCH_RESPONSE
2002_17_MIA_NE,2002,REG,17,2002-12-29,NE,MIA,00-0019596,T.Brady,25,4,02:11,-3,MIA 34,34.0,0,CONVERSION,CLUTCH_RESPONSE
2002_17_MIA_NE,2002,REG,17,2002-12-29,NE,MIA,00-0019596,T.Brady,27,5,15:00,0,NE 40,60.0,1,CONVERSION,CLUTCH_RESPONSE
2002_17_PHI_NYG,2002,REG,17,2002-12-28,PHI,NYG,00-0020305,A.Feeley,21,4,04:34,0,NYG 26,26.0,0,CONVERSION,CLUTCH_RESPONSE
2002_17_PHI_NYG,2002,REG,17,2002-12-28,NYG,PHI,00-0003292,K.Collins,24,5,13:36,0,NYG 37,63.0,1,CONVERSION,CLUTCH_RESPONSE
2002_17_SEA_SD,2002,REG,17,2002-12-29,SEA,LAC,00-0007091,M.Hasselbeck,22,4,03:32,-7,SEA 12,88.0,0,CONVERSION,CLUTCH_RESPONSE
2002_17_SEA_SD,2002,REG,17,2002-12-29,SEA,LAC,00-0007091,M.Hasselbeck,26,5,09:54,0,SEA 48,52.0,1,CONVERSION,CLUTCH_RESPONSE
2002_18_CLE_PIT,2002,POST,18,2003-01-05,PIT,CLE,00-0010261,T.Maddox,28,4,02:35,-5,PIT 39,61.0,1,CONVERSION,CLUTCH_RESPONSE
2002_18_NYG_SF,2002,POST,18,2003-01-05,SF,NYG,00-0005755,J.Garcia,24,4,03:01,-5,SF 32,68.0,1,CONVERSION,CLUTCH_RESPONSE
2002_19_PIT_TEN,2002,POST,19,2003-01-11,PIT,TEN,00-0010261,T.Maddox,21,4,12:16,-8,PIT 35,65.0,0,CONVERSION,CLUTCH_RESPONSE
2002_19_PIT_TEN,2002,POST,19,2003-01-11,PIT,TEN,00-0010261,T.Maddox,23,4,09:54,0,PIT 43,57.0,0,CONVERSION,CLUTCH_RESPONSE
2002_19_PIT_TEN,2002,POST,19,2003-01-11,TEN,PIT,00-0011024,S.McNair,24,4,08:30,-3,TEN 42,58.0,0,CONVERSION,CLUTCH_RESPONSE
2002_19_PIT_TEN,2002,POST,19,2003-01-11,TEN,PIT,00-0011024,S.McNair,29,5,15:00,0,TEN 31,69.0,1,CONVERSION,CLUTCH_RESPONSE
2003_01_HOU_MIA,2003,REG,1,2003-09-07,HOU,MIA,00-0020608,D.Carr,26,4,03:53,-2,MIA 36,36.0,1,CONVERSION,CLUTCH_RESPONSE
2003_01_IND_CLE,2003,REG,1,2003-09-07,IND,CLE,00-0010346,P.Manning,15,4,02:39,0,IND 8,92.0,1,CONVERSION,CLUTCH_RESPONSE
2003_01_JAX_CAR,2003,REG,1,2003-09-07,CAR,JAX,00-0004161,J.Delhomme,22,4,08:20,-5,CAR 48,52.0,0,CONVERSION,CLUTCH_RESPONSE
2003_01_JAX_CAR,2003,REG,1,2003-09-07,JAX,CAR,00-0002110,M.Brunell,23,4,06:10,-1,JAX 29,71.0,0,CONVERSION,CLUTCH_RESPONSE
2003_01_JAX_CAR,2003,REG,1,2003-09-07,CAR,JAX,00-0004161,J.Delhomme,26,4,03:34,-5,CAR 46,54.0,1,CONVERSION,CLUTCH_RESPONSE
2003_01_NYJ_WAS,2003,REG,1,2003-09-04,NYJ,WAS,00-0016193,V.Testaverde,16,4,10:46,-3,WAS 43,43.0,0,CONVERSION,CLUTCH_RESPONSE
2003_01_NYJ_WAS,2003,REG,1,2003-09-04,WAS,NYJ,00-0021379,P.Ramsey,19,4,02:16,0,WAS 39,61.0,1,CONVERSION,CLUTCH_RESPONSE
2003_02_CAR_TB,2003,REG,2,2003-09-14,TB,CAR,00-0008442,B.Johnson,23,4,01:49,-6,TB 18,82.0,0,CONVERSION,CLUTCH_RESPONSE
2003_02_CAR_TB,2003,REG,2,2003-09-14,CAR,TB,00-0004161,J.Delhomme,26,5,06:02,0,TB 40,40.0,1,CONVERSION,CLUTCH_RESPONSE
2003_02_CIN_OAK,2003,REG,2,2003-09-14,CIN,LV,00-0009311,J.Kitna,21,4,03:46,-7,CIN 47,53.0,1,CONVERSION,CLUTCH_RESPONSE
2003_02_CIN_OAK,2003,REG,2,2003-09-14,LV,CIN,00-0005741,R.Gannon,22,4,01:18,0,LV 24,76.0,1,CONVERSION,CLUTCH_RESPONSE
2003_02_DAL_NYG,2003,REG,2,2003-09-15,NYG,DAL,00-0003292,K.Collins,23,4,07:32,-8,NYG 36,64.0,0,CONVERSION,CLUTCH_RESPONSE
2003_02_DAL_NYG,2003,REG,2,2003-09-15,NYG,DAL,00-0003292,K.Collins,27,4,02:59,0,NYG 48,52.0,0,CONVERSION,CLUTCH_RESPONSE
2003_02_DAL_NYG,2003,REG,2,2003-09-15,DAL,NYG,00-0020404,Q.Carter,28,4,00:11,-3,DAL 40,60.0,0,CONVERSION,CLUTCH_RESPONSE
2003_02_DAL_NYG,2003,REG,2,2003-09-15,DAL,NYG,00-0020404,Q.Carter,31,5,10:09,0,DAL 43,57.0,1,CONVERSION,CLUTCH_RESPONSE
2003_02_SF_STL,2003,REG,2,2003-09-14,SF,LA,00-0005755,J.Garcia,23,4,03:20,-7,SF 15,85.0,0,CONVERSION,CLUTCH_RESPONSE
2003_02_SF_STL,2003,REG,2,2003-09-14,LA,SF,00-0019599,M.Bulger,25,5,15:00,0,LA 48,52.0,1,CONVERSION,CLUTCH_RESPONSE
2003_03_CLE_SF,2003,REG,3,2003-09-21,CLE,SF,00-0007576,K.Holcomb,17,4,06:19,-5,CLE 9,91.0,1,CONVERSION,CLUTCH_RESPONSE
2003_03_GB_ARI,2003,REG,3,2003-09-21,GB,ARI,00-0005106,B.Favre,17,4,13:56,-3,GB 41,59.0,0,CONVERSION,CLUTCH_RESPONSE
2003_03_GB_ARI,2003,REG,3,2003-09-21,ARI,GB,00-0001335,J.Blake,18,4,11:08,0,ARI 32,68.0,0,CONVERSION,CLUTCH_RESPONSE
2003_03_NYG_WAS,2003,REG,3,2003-09-21,WAS,NYG,00-0021379,P.Ramsey,23,4,02:01,-3,WAS 28,72.0,1,CONVERSION,CLUTCH_RESPONSE
2003_03_NYG_WAS,2003,REG,3,2003-09-21,NYG,WAS,00-0003292,K.Collins,25,5,15:00,0,NYG 6,94.0,1,CONVERSION,CLUTCH_RESPONSE
2003_03_STL_SEA,2003,REG,3,2003-09-21,SEA,LA,00-0007091,M.Hasselbeck,20,4,03:15,-6,SEA 26,74.0,1,CONVERSION,CLUTCH_RESPONSE
2003_04_JAX_HOU,2003,REG,4,2003-09-28,HOU,JAX,00-0020608,D.Carr,26,4,02:42,-3,JAX 41,41.0,1,CONVERSION,CLUTCH_RESPONSE
2003_04_KC_BAL,2003,REG,4,2003-09-28,BAL,KC,00-0022164,K.Boller,19,4,10:42,-7,KC 44,44.0,0,CONVERSION,CLUTCH_RESPONSE
2003_04_SD_OAK,2003,REG,4,2003-09-28,LV,LAC,00-0005741,R.Gannon,23,4,02:51,-7,LV 36,64.0,0,CONVERSION,CLUTCH_RESPONSE
2003_04_SD_OAK,2003,REG,4,2003-09-28,LV,LAC,00-0005741,R.Gannon,28,5,09:45,0,LV 8,92.0,1,CONVERSION,CLUTCH_RESPONSE
2003_05_CIN_BUF,2003,REG,5,2003-10-05,CIN,BUF,00-0009311,J.Kitna,24,4,07:34,0,BUF 20,20.0,0,CONVERSION,CLUTCH_RESPONSE
2003_05_CIN_BUF,2003,REG,5,2003-10-05,BUF,CIN,00-0001361,D.Bledsoe,25,4,05:33,-3,BUF 30,70.0,0,CONVERSION,CLUTCH_RESPONSE
2003_05_CIN_BUF,2003,REG,5,2003-10-05,BUF,CIN,00-0001361,D.Bledsoe,28,5,13:30,0,BUF 43,57.0,1,CONVERSION,CLUTCH_RESPONSE
2003_05_IND_TB,2003,REG,5,2003-10-06,IND,TB,00-0010346,P.Manning,22,4,01:41,-7,IND 15,85.0,0,CONVERSION,CLUTCH_RESPONSE
2003_05_IND_TB,2003,REG,5,2003-10-06,IND,TB,00-0010346,P.Manning,25,5,10:33,0,IND 13,87.0,1,CONVERSION,CLUTCH_RESPONSE
2003_05_OAK_CHI,2003,REG,5,2003-10-05,CHI,LV,00-0015700,K.Stewart,22,4,08:59,-5,LV 45,45.0,0,CONVERSION,CLUTCH_RESPONSE
2003_05_OAK_CHI,2003,REG,5,2003-10-05,LV,CHI,00-0005741,R.Gannon,23,4,06:58,-3,LV 38,62.0,1,CONVERSION,CLUTCH_RESPONSE
2003_05_OAK_CHI,2003,REG,5,2003-10-05,CHI,LV,00-0015700,K.Stewart,24,4,03:30,0,CHI 27,73.0,1,CONVERSION,CLUTCH_RESPONSE
2003_05_TEN_NE,2003,REG,5,2003-10-05,TEN,NE,00-0011024,S.McNair,20,4,11:47,-5,TEN 14,86.0,0,CONVERSION,CLUTCH_RESPONSE
2003_05_TEN_NE,2003,REG,5,2003-10-05,NE,TEN,00-0019596,T.Brady,21,4,04:40,-3,TEN 30,30.0,1,CONVERSION,CLUTCH_RESPONSE
2003_06_CAR_IND,2003,REG,6,2003-10-12,IND,CAR,00-0010346,P.Manning,24,4,03:08,-7,IND 9,91.0,1,CONVERSION,CLUTCH_RESPONSE
2003_06_CAR_IND,2003,REG,6,2003-10-12,CAR,IND,00-0004161,J.Delhomme,26,5,15:00,0,CAR 27,73.0,1,CONVERSION,CLUTCH_RESPONSE
2003_06_KC_GB,2003,REG,6,2003-10-12,KC,GB,00-0006355,T. Green,21,4,07:23,-3,KC 20,80.0,0,CONVERSION,CLUTCH_RESPONSE
2003_06_KC_GB,2003,REG,6,2003-10-12,GB,KC,00-0005106,B.Favre,22,4,05:41,0,GB 29,71.0,0,CONVERSION,CLUTCH_RESPONSE
2003_06_KC_GB,2003,REG,6,2003-10-12,KC,GB,00-0006355,T. Green,23,4,02:43,-3,KC 10,90.0,0,CONVERSION,CLUTCH_RESPONSE
2003_06_KC_GB,2003,REG,6,2003-10-12,KC,GB,00-0006355,T. Green,27,5,08:50,0,KC 49,51.0,1,CONVERSION,CLUTCH_RESPONSE
2003_06_PHI_DAL,2003,REG,6,2003-10-12,PHI,DAL,00-0011022,D.McNabb,23,4,10:59,-6,PHI 39,61.0,0,CONVERSION,CLUTCH_RESPONSE
2003_06_PHI_DAL,2003,REG,6,2003-10-12,DAL,PHI,00-0020404,Q.Carter,24,4,04:14,-1,PHI 40,40.0,0,CONVERSION,CLUTCH_RESPONSE
2003_06_PIT_DEN,2003,REG,6,2003-10-12,PIT,DEN,00-0010261,T. Maddox,23,4,09:22,-8,PIT 26,74.0,1,CONVERSION,CLUTCH_RESPONSE
2003_06_PIT_DEN,2003,REG,6,2003-10-12,DEN,PIT,00-0001218,S. Beuerlein,24,4,02:41,0,DEN 20,80.0,1,CONVERSION,CLUTCH_RESPONSE
2003_06_SF_SEA,2003,REG,6,2003-10-12,SF,SEA,00-0005755,J.Garcia,20,4,13:53,-1,SF 40,60.0,0,CONVERSION,CLUTCH_RESPONSE
2003_06_SF_SEA,2003,REG,6,2003-10-12,SEA,SF,00-0007091,M.Hasselbeck,21,4,08:09,-2,SEA 35,65.0,0,CONVERSION,CLUTCH_RESPONSE
2003_07_CHI_SEA,2003,REG,7,2003-10-19,CHI,SEA,00-0002876,C.Chandler,17,4,11:18,-8,CHI 33,67.0,0,CONVERSION,CLUTCH_RESPONSE
2003_07_CHI_SEA,2003,REG,7,2003-10-19,SEA,CHI,00-0007091,M.Hasselbeck,18,4,04:12,0,SEA 28,72.0,0,CONVERSION,CLUTCH_RESPONSE
2003_07_NE_MIA,2003,REG,7,2003-10-19,MIA,NE,00-0005180,J.Fiedler,21,4,11:03,0,MIA 10,90.0,0,CONVERSION,CLUTCH_RESPONSE
2003_07_NE_MIA,2003,REG,7,2003-10-19,MIA,NE,00-0005180,J.Fiedler,23,5,15:00,0,MIA 26,74.0,0,CONVERSION,CLUTCH_RESPONSE
2003_07_NE_MIA,2003,REG,7,2003-10-19,NE,MIA,00-0019596,T.Brady,26,5,05:57,0,NE 18,82.0,1,CONVERSION,CLUTCH_RESPONSE
2003_07_NYJ_HOU,2003,REG,7,2003-10-19,NYJ,HOU,00-0016193,V.Testaverde,20,4,02:48,-1,NYJ 14,86.0,0,CONVERSION,CLUTCH_RESPONSE
2003_08_CAR_NO,2003,REG,8,2003-10-26,CAR,NO,00-0004161,J.Delhomme,22,4,06:15,-4,CAR 42,58.0,0,CONVERSION,CLUTCH_RESPONSE
2003_08_CAR_NO,2003,REG,8,2003-10-26,NO,CAR,00-0001823,A.Brooks,23,4,03:46,-3,NO 31,69.0,0,CONVERSION,CLUTCH_RESPONSE
2003_08_CAR_NO,2003,REG,8,2003-10-26,CAR,NO,00-0004161,J.Delhomme,26,5,13:06,0,CAR 38,62.0,1,CONVERSION,CLUTCH_RESPONSE
2003_08_NYG_MIN,2003,REG,8,2003-10-26,NYG,MIN,00-0003292,K.Collins,18,4,08:27,-1,NYG 20,80.0,0,CONVERSION,CLUTCH_RESPONSE
2003_08_NYJ_PHI,2003,REG,8,2003-10-26,PHI,NYJ,00-0011022,D.McNabb,16,4,10:43,-3,PHI 43,57.0,0,CONVERSION,CLUTCH_RESPONSE
2003_08_SEA_CIN,2003,REG,8,2003-10-26,CIN,SEA,00-0009311,J.Kitna,18,4,09:00,-4,CIN 39,61.0,0,CONVERSION,CLUTCH_RESPONSE
2003_08_SF_ARI,2003,REG,8,2003-10-26,SF,ARI,00-0005755,J.Garcia,19,4,12:26,-7,SF 27,73.0,0,CONVERSION,CLUTCH_RESPONSE
2003_08_SF_ARI,2003,REG,8,2003-10-26,SF,ARI,00-0005755,J.Garcia,21,4,05:40,0,ARI 48,48.0,1,CONVERSION,CLUTCH_RESPONSE
2003_08_SF_ARI,2003,REG,8,2003-10-26,ARI,SF,00-0001335,J.Blake,23,5,15:00,0,ARI 40,60.0,1,CONVERSION,CLUTCH_RESPONSE
2003_09_NE_DEN,2003,REG,9,2003-11-03,NE,DEN,00-0019596,T.Brady,27,4,02:15,-3,NE 42,58.0,1,CONVERSION,CLUTCH_RESPONSE
2003_09_NO_TB,2003,REG,9,2003-11-02,TB,NO,00-0008442,B.Johnson,24,4,03:53,-7,TB 29,71.0,1,CONVERSION,CLUTCH_RESPONSE
2003_09_NO_TB,2003,REG,9,2003-11-02,NO,TB,00-0001823,A.Brooks,25,4,02:08,0,NO 28,72.0,1,CONVERSION,CLUTCH_RESPONSE
2003_09_NYG_NYJ,2003,REG,9,2003-11-02,NYJ,NYG,00-0019559,C.Pennington,21,4,03:07,-7,NYJ 14,86.0,0,CONVERSION,CLUTCH_RESPONSE
2003_09_NYG_NYJ,2003,REG,9,2003-11-02,NYG,NYJ,00-0003292,K.Collins,23,5,15:00,0,NYG 34,66.0,0,CONVERSION,CLUTCH_RESPONSE
2003_09_NYG_NYJ,2003,REG,9,2003-11-02,NYG,NYJ,00-0003292,K.Collins,27,5,03:54,0,NYG 36,64.0,1,CONVERSION,CLUTCH_RESPONSE
2003_10_CHI_DET,2003,REG,10,2003-11-09,DET,CHI,00-0021141,J.Harrington,23,4,02:27,-1,DET 35,65.0,1,CONVERSION,CLUTCH_RESPONSE
2003_10_IND_JAX,2003,REG,10,2003-11-09,IND,JAX,00-0010346,P.Manning,17,4,11:32,-1,IND 21,79.0,0,CONVERSION,CLUTCH_RESPONSE
2003_10_IND_JAX,2003,REG,10,2003-11-09,JAX,IND,00-0022177,B.Leftwich,20,4,01:28,-2,IND 31,31.0,0,CONVERSION,CLUTCH_RESPONSE
2003_10_NYJ_OAK,2003,REG,10,2003-11-09,NYJ,LV,00-0019559,C.Pennington,18,4,03:27,-8,NYJ 27,73.0,0,CONVERSION,CLUTCH_RESPONSE
2003_10_NYJ_OAK,2003,REG,10,2003-11-09,NYJ,LV,00-0019559,C.Pennington,20,5,15:00,0,NYJ 25,75.0,1,CONVERSION,CLUTCH_RESPONSE
2003_10_PHI_GB,2003,REG,10,2003-11-10,PHI,GB,00-0011022,D.McNabb,21,4,11:02,-4,PHI 46,54.0,0,CONVERSION,CLUTCH_RESPONSE
2003_10_PHI_GB,2003,REG,10,2003-11-10,GB,PHI,00-0005106,B.Favre,22,4,09:22,-3,GB 34,66.0,0,CONVERSION,CLUTCH_RESPONSE
2003_10_PHI_GB,2003,REG,10,2003-11-10,PHI,GB,00-0011022,D.McNabb,25,4,02:43,-4,PHI 35,65.0,0,CONVERSION,CLUTCH_RESPONSE
2003_10_SEA_WAS,2003,REG,10,2003-11-09,WAS,SEA,00-0021379,P.Ramsey,21,4,07:10,0,WAS 16,84.0,1,CONVERSION,CLUTCH_RESPONSE
2003_10_TB_CAR,2003,REG,10,2003-11-09,TB,CAR,00-0008442,B.Johnson,20,4,08:32,-6,TB 35,65.0,0,CONVERSION,CLUTCH_RESPONSE
2003_10_TB_CAR,2003,REG,10,2003-11-09,CAR,TB,00-0004161,J.Delhomme,23,4,02:41,-4,CAR 22,78.0,1,CONVERSION,CLUTCH_RESPONSE
2003_11_ATL_NO,2003,REG,11,2003-11-16,NO,ATL,00-0001823,A.Brooks,29,4,01:51,-3,ATL 17,17.0,0,CONVERSION,CLUTCH_RESPONSE
2003_11_ATL_NO,2003,REG,11,2003-11-16,NO,ATL,00-0001823,A.Brooks,33,5,12:02,0,NO 45,55.0,1,CONVERSION,CLUTCH_RESPONSE
2003_11_BAL_MIA,2003,REG,11,2003-11-16,BAL,MIA,00-0018272,A.Wright,18,4,14:52,-3,BAL 13,87.0,0,CONVERSION,CLUTCH_RESPONSE
2003_11_BAL_MIA,2003,REG,11,2003-11-16,MIA,BAL,00-0006423,B.Griese,26,5,10:37,0,BAL 33,33.0,1,CONVERSION,CLUTCH_RESPONSE
2003_11_STL_CHI,2003,REG,11,2003-11-16,CHI,LA,00-0002876,C.Chandler,23,4,07:21,-6,CHI 38,62.0,0,CONVERSION,CLUTCH_RESPONSE
2003_11_STL_CHI,2003,REG,11,2003-11-16,LA,CHI,00-0019599,M.Bulger,26,4,02:41,-1,LA 20,80.0,1,CONVERSION,CLUTCH_RESPONSE
2003_11_WAS_CAR,2003,REG,11,2003-11-16,CAR,WAS,00-0004161,J.Delhomme,25,4,10:08,0,CAR 20,80.0,0,CONVERSION,CLUTCH_RESPONSE
2003_11_WAS_CAR,2003,REG,11,2003-11-16,WAS,CAR,00-0021379,P.Ramsey,26,4,05:24,-3,WAS 41,59.0,0,CONVERSION,CLUTCH_RESPONSE
2003_11_WAS_CAR,2003,REG,11,2003-11-16,CAR,WAS,00-0004161,J.Delhomme,27,4,04:19,-4,CAR 29,71.0,1,CONVERSION,CLUTCH_RESPONSE
2003_12_DET_MIN,2003,REG,12,2003-11-23,MIN,DET,00-0003739,D. Culpepper,19,4,11:34,0,MIN 21,79.0,1,CONVERSION,CLUTCH_RESPONSE
2003_12_IND_BUF,2003,REG,12,2003-11-23,IND,BUF,00-0010346,P.Manning,20,4,07:38,-5,IND 17,83.0,1,CONVERSION,CLUTCH_RESPONSE
2003_12_JAX_NYJ,2003,REG,12,2003-11-23,JAX,NYJ,00-0022177,B.Leftwich,19,4,12:08,-3,JAX 26,74.0,0,CONVERSION,CLUTCH_RESPONSE
2003_12_JAX_NYJ,2003,REG,12,2003-11-23,NYJ,JAX,00-0019559,C.Pennington,22,4,03:00,-4,NYJ 6,94.0,1,CONVERSION,CLUTCH_RESPONSE
2003_12_NE_HOU,2003,REG,12,2003-11-23,HOU,NE,00-0000722,T.Banks,20,4,08:59,-3,NE 31,31.0,0,CONVERSION,CLUTCH_RESPONSE
2003_12_NE_HOU,2003,REG,12,2003-11-23,NE,HOU,00-0019596,T.Brady,23,4,03:11,-7,NE 20,80.0,0,CONVERSION,CLUTCH_RESPONSE
2003_12_NE_HOU,2003,REG,12,2003-11-23,NE,HOU,00-0019596,T.Brady,26,5,14:45,0,HOU 23,23.0,0,CONVERSION,CLUTCH_RESPONSE
2003_12_NE_HOU,2003,REG,12,2003-11-23,NE,HOU,00-0019596,T.Brady,30,5,04:20,0,NE 14,86.0,1,CONVERSION,CLUTCH_RESPONSE
2003_12_OAK_KC,2003,REG,12,2003-11-23,LV,KC,00-0011378,R. Mirer,21,4,03:51,-3,KC 41,41.0,1,CONVERSION,CLUTCH_RESPONSE
2003_12_OAK_KC,2003,REG,12,2003-11-23,KC,LV,00-0006355,T. Green,22,4,02:18,0,KC 45,55.0,1,CONVERSION,CLUTCH_RESPONSE
2003_12_SEA_BAL,2003,REG,12,2003-11-23,BAL,SEA,00-0018272,A.Wright,33,4,00:39,-3,BAL 33,67.0,0,CONVERSION,CLUTCH_RESPONSE
2003_12_SEA_BAL,2003,REG,12,2003-11-23,BAL,SEA,00-0018272,A.Wright,35,5,13:16,0,BAL 21,79.0,1,CONVERSION,CLUTCH_RESPONSE
2003_12_STL_ARI,2003,REG,12,2003-11-23,ARI,LA,00-0001335,J.Blake,16,4,14:42,-7,LA 22,22.0,0,CONVERSION,CLUTCH_RESPONSE
2003_12_STL_ARI,2003,REG,12,2003-11-23,ARI,LA,00-0001335,J.Blake,20,4,07:41,0,LA 19,19.0,0,CONVERSION,CLUTCH_RESPONSE
2003_12_STL_ARI,2003,REG,12,2003-11-23,LA,ARI,00-0019599,M.Bulger,23,4,03:23,-3,LA 12,88.0,0,CONVERSION,CLUTCH_RESPONSE
2003_12_STL_ARI,2003,REG,12,2003-11-23,LA,ARI,00-0019599,M.Bulger,24,5,15:00,0,LA 14,86.0,1,CONVERSION,CLUTCH_RESPONSE
2003_12_WAS_MIA,2003,REG,12,2003-11-23,MIA,WAS,00-0005180,J.Fiedler,19,4,06:29,-6,MIA 31,69.0,0,CONVERSION,CLUTCH_RESPONSE
2003_13_CIN_PIT,2003,REG,13,2003-11-30,PIT,CIN,00-0010261,T. Maddox,18,4,04:20,-4,PIT 20,80.0,1,CONVERSION,CLUTCH_RESPONSE
2003_13_CIN_PIT,2003,REG,13,2003-11-30,CIN,PIT,00-0009311,J.Kitna,19,4,01:05,-3,CIN 48,52.0,1,CONVERSION,CLUTCH_RESPONSE
2003_13_GB_DET,2003,REG,13,2003-11-27,DET,GB,00-0021141,J.Harrington,19,4,14:53,-1,GB 31,31.0,0,CONVERSION,CLUTCH_RESPONSE
2003_13_NE_IND,2003,REG,13,2003-11-30,IND,NE,00-0010346,P.Manning,18,4,14:08,-7,IND 31,69.0,0,CONVERSION,CLUTCH_RESPONSE
2003_13_NE_IND,2003,REG,13,2003-11-30,NE,IND,00-0019596,T.Brady,19,4,10:21,0,IND 31,31.0,0,CONVERSION,CLUTCH_RESPONSE
2003_13_NO_WAS,2003,REG,13,2003-11-30,NO,WAS,00-0001823,A.Brooks,20,4,12:53,-3,WAS 40,40.0,0,CONVERSION,CLUTCH_RESPONSE
2003_13_TB_JAX,2003,REG,13,2003-11-30,JAX,TB,00-0022177,B.Leftwich,18,4,10:40,0,JAX 26,74.0,0,CONVERSION,CLUTCH_RESPONSE
2003_14_CAR_ATL,2003,REG,14,2003-12-07,ATL,CAR,00-0020245,M.Vick,21,4,12:06,-7,ATL 44,56.0,0,CONVERSION,CLUTCH_RESPONSE
2003_15_CAR_ARI,2003,REG,15,2003-12-14,ARI,CAR,00-0021206,J.McCown,16,4,11:29,-3,ARI 40,60.0,0,CONVERSION,CLUTCH_RESPONSE
2003_15_CAR_ARI,2003,REG,15,2003-12-14,ARI,CAR,00-0021206,J.McCown,18,4,06:54,-3,ARI 30,70.0,1,CONVERSION,CLUTCH_RESPONSE
2003_15_CAR_ARI,2003,REG,15,2003-12-14,CAR,ARI,00-0004161,J.Delhomme,19,4,01:09,0,CAR 20,80.0,1,CONVERSION,CLUTCH_RESPONSE
2003_15_CLE_DEN,2003,REG,15,2003-12-14,DEN,CLE,00-0013042,J.Plummer,14,4,14:03,0,CLE 46,46.0,0,CONVERSION,CLUTCH_RESPONSE
2003_15_CLE_DEN,2003,REG,15,2003-12-14,CLE,DEN,00-0003535,T. Couch,17,4,08:41,-7,DEN 34,34.0,0,CONVERSION,CLUTCH_RESPONSE
2003_15_CLE_DEN,2003,REG,15,2003-12-14,CLE,DEN,00-0003535,T. Couch,19,4,04:15,0,CLE 28,72.0,0,CONVERSION,CLUTCH_RESPONSE
2003_15_CLE_DEN,2003,REG,15,2003-12-14,DEN,CLE,00-0013042,J.Plummer,20,4,01:11,-3,DEN 25,75.0,0,CONVERSION,CLUTCH_RESPONSE
2003_15_CLE_DEN,2003,REG,15,2003-12-14,DEN,CLE,00-0013042,J.Plummer,23,5,14:00,0,DEN 47,53.0,1,CONVERSION,CLUTCH_RESPONSE
2003_15_GB_SD,2003,REG,15,2003-12-14,LAC,GB,00-0020531,D. Brees,17,4,13:04,-3,LAC 28,72.0,0,CONVERSION,CLUTCH_RESPONSE
2003_15_GB_SD,2003,REG,15,2003-12-14,GB,LAC,00-0005106,B.Favre,18,4,12:10,-4,LAC 42,42.0,0,CONVERSION,CLUTCH_RESPONSE
2003_16_NO_JAX,2003,REG,16,2003-12-21,NO,JAX,00-0001823,A.Brooks,21,4,00:11,-7,NO 25,75.0,0,CONVERSION,CLUTCH_RESPONSE
2003_16_SF_PHI,2003,REG,16,2003-12-21,SF,PHI,00-0005755,J.Garcia,22,4,10:28,-1,SF 37,63.0,0,CONVERSION,CLUTCH_RESPONSE
2003_16_SF_PHI,2003,REG,16,2003-12-21,PHI,SF,00-0011022,D.McNabb,23,4,05:03,-7,PHI 35,65.0,0,CONVERSION,CLUTCH_RESPONSE
2003_16_SF_PHI,2003,REG,16,2003-12-21,SF,PHI,00-0005755,J.Garcia,26,5,14:37,0,PHI 4,4.0,1,CONVERSION,CLUTCH_RESPONSE
2003_16_TEN_HOU,2003,REG,16,2003-12-21,HOU,TEN,00-0020608,D.Carr,24,4,02:50,-3,HOU 20,80.0,0,CONVERSION,CLUTCH_RESPONSE
2003_16_TEN_HOU,2003,REG,16,2003-12-21,TEN,HOU,00-0011024,S.McNair,25,4,01:48,-4,TEN 25,75.0,1,CONVERSION,CLUTCH_RESPONSE
2003_16_WAS_CHI,2003,REG,16,2003-12-21,CHI,WAS,00-0022121,R.Grossman,21,4,12:52,0,CHI 31,69.0,0,CONVERSION,CLUTCH_RESPONSE
2003_16_WAS_CHI,2003,REG,16,2003-12-21,CHI,WAS,00-0022121,R.Grossman,23,4,05:12,0,CHI 21,79.0,1,CONVERSION,CLUTCH_RESPONSE
2003_17_CLE_CIN,2003,REG,17,2003-12-28,CLE,CIN,00-0003535,T. Couch,16,4,12:15,-1,CLE 38,62.0,0,CONVERSION,CLUTCH_RESPONSE
2003_17_IND_HOU,2003,REG,17,2003-12-28,IND,HOU,00-0010346,P.Manning,22,4,03:55,-7,HOU 5,5.0,0,CONVERSION,CLUTCH_RESPONSE
2003_17_IND_HOU,2003,REG,17,2003-12-28,IND,HOU,00-0010346,P.Manning,24,4,02:40,0,IND 10,90.0,1,CONVERSION,CLUTCH_RESPONSE
2003_17_MIN_ARI,2003,REG,17,2003-12-28,ARI,MIN,00-0021206,J.McCown,21,4,01:54,-5,ARI 39,61.0,1,CONVERSION,CLUTCH_RESPONSE
2003_17_NYJ_MIA,2003,REG,17,2003-12-28,MIA,NYJ,00-0005180,J.Fiedler,17,4,02:56,-1,NYJ 49,49.0,1,CONVERSION,CLUTCH_RESPONSE
2003_17_OAK_SD,2003,REG,17,2003-12-28,LAC,LV,00-0020531,D. Brees,20,4,14:05,0,LAC 37,63.0,0,CONVERSION,CLUTCH_RESPONSE
2003_17_PIT_BAL,2003,REG,17,2003-12-28,BAL,PIT,00-0018272,A.Wright,31,5,13:49,0,BAL 36,64.0,1,CONVERSION,CLUTCH_RESPONSE
2003_18_SEA_GB,2003,POST,18,2004-01-04,GB,SEA,00-0005106,B.Favre,19,4,09:30,0,GB 49,51.0,0,CONVERSION,CLUTCH_RESPONSE
2003_18_SEA_GB,2003,POST,18,2004-01-04,SEA,GB,00-0007091,M.Hasselbeck,20,4,02:44,-7,SEA 33,67.0,0,CONVERSION,CLUTCH_RESPONSE
2003_18_TEN_BAL,2003,POST,18,2004-01-03,BAL,TEN,00-0018272,A.Wright,22,4,09:13,-7,BAL 29,71.0,0,CONVERSION,CLUTCH_RESPONSE
2003_18_TEN_BAL,2003,POST,18,2004-01-03,TEN,BAL,00-0011024,S.McNair,25,4,02:44,0,TEN 37,63.0,1,CONVERSION,CLUTCH_RESPONSE
2003_19_CAR_STL,2003,POST,19,2004-01-10,LA,CAR,00-0019599,M.Bulger,18,4,02:39,-3,LA 42,58.0,0,CONVERSION,CLUTCH_RESPONSE
2003_19_CAR_STL,2003,POST,19,2004-01-10,CAR,LA,00-0004161,J.Delhomme,19,5,15:00,0,CAR 32,68.0,0,CONVERSION,CLUTCH_RESPONSE
2003_19_CAR_STL,2003,POST,19,2004-01-10,CAR,LA,00-0004161,J.Delhomme,23,5,01:01,0,CAR 35,65.0,1,CONVERSION,CLUTCH_RESPONSE
2003_19_GB_PHI,2003,POST,19,2004-01-11,GB,PHI,00-0005106,B.Favre,20,4,12:22,0,GB 49,51.0,0,CONVERSION,CLUTCH_RESPONSE
2003_19_GB_PHI,2003,POST,19,2004-01-11,PHI,GB,00-0011022,D.McNabb,23,4,02:21,-3,PHI 20,80.0,0,CONVERSION,CLUTCH_RESPONSE
2003_19_GB_PHI,2003,POST,19,2004-01-11,PHI,GB,00-0011022,D.McNabb,27,5,12:57,0,GB 34,34.0,1,CONVERSION,CLUTCH_RESPONSE
2003_19_TEN_NE,2003,POST,19,2004-01-10,NE,TEN,00-0019596,T.Brady,18,4,06:40,0,TEN 40,40.0,0,CONVERSION,CLUTCH_RESPONSE
2003_21_CAR_NE,2003,POST,21,2004-02-01,CAR,NE,00-0004161,J.Delhomme,23,4,07:38,-5,CAR 10,90.0,0,CONVERSION,CLUTCH_RESPONSE
2003_21_CAR_NE,2003,POST,21,2004-02-01,NE,CAR,00-0019596,T.Brady,24,4,06:53,-1,NE 32,68.0,0,CONVERSION,CLUTCH_RESPONSE
2003_21_CAR_NE,2003,POST,21,2004-02-01,CAR,NE,00-0004161,J.Delhomme,25,4,02:51,-7,CAR 20,80.0,1,CONVERSION,CLUTCH_RESPONSE
2003_21_CAR_NE,2003,POST,21,2004-02-01,NE,CAR,00-0019596,T.Brady,26,4,01:08,0,NE 40,60.0,1,CONVERSION,CLUTCH_RESPONSE
2004_01_DET_CHI,2004,REG,1,2004-09-12,DET,CHI,00-0021141,J.Harrington,23,4,12:40,-1,CHI 49,49.0,0,CONVERSION,CLUTCH_RESPONSE
2004_01_JAX_BUF,2004,REG,1,2004-09-12,JAX,BUF,00-0022177,B.Leftwich,22,4,02:07,-4,JAX 20,80.0,1,CONVERSION,CLUTCH_RESPONSE
2004_01_OAK_PIT,2004,REG,1,2004-09-12,LV,PIT,00-0005741,R.Gannon,21,4,08:14,-8,LV 36,64.0,1,CONVERSION,CLUTCH_RESPONSE
2004_01_OAK_PIT,2004,REG,1,2004-09-12,PIT,LV,00-0010261,T.Maddox,22,4,04:51,0,PIT 22,78.0,1,CONVERSION,CLUTCH_RESPONSE
2004_01_SD_HOU,2004,REG,1,2004-09-12,LAC,HOU,00-0020531,D.Brees,17,4,12:47,0,LAC 41,59.0,0,CONVERSION,CLUTCH_RESPONSE
2004_01_TB_WAS,2004,REG,1,2004-09-12,WAS,TB,00-0002110,M.Brunell,24,4,11:49,0,TB 39,39.0,0,CONVERSION,CLUTCH_RESPONSE
2004_02_IND_TEN,2004,REG,2,2004-09-19,IND,TEN,00-0010346,P.Manning,16,4,11:28,0,IND 20,80.0,0,CONVERSION,CLUTCH_RESPONSE
2004_02_MIA_CIN,2004,REG,2,2004-09-19,MIA,CIN,00-0020305,A.Feeley,30,4,02:34,-3,CIN 31,31.0,1,CONVERSION,CLUTCH_RESPONSE
2004_02_MIA_CIN,2004,REG,2,2004-09-19,CIN,MIA,00-0021429,C.Palmer,31,4,01:53,0,CIN 20,80.0,1,CONVERSION,CLUTCH_RESPONSE
2004_02_SF_NO,2004,REG,2,2004-09-19,SF,NO,00-0022039,K.Dorsey,20,4,14:46,-3,SF 6,94.0,0,CONVERSION,CLUTCH_RESPONSE
2004_02_SF_NO,2004,REG,2,2004-09-19,NO,SF,00-0001823,A.Brooks,23,4,03:42,-4,NO 41,59.0,1,CONVERSION,CLUTCH_RESPONSE
2004_03_HOU_KC,2004,REG,3,2004-09-26,KC,HOU,00-0006355,T.Green,16,4,14:54,0,KC 46,54.0,0,CONVERSION,CLUTCH_RESPONSE
2004_03_HOU_KC,2004,REG,3,2004-09-26,HOU,KC,00-0020608,D.Carr,17,4,10:55,-7,HOU 32,68.0,0,CONVERSION,CLUTCH_RESPONSE
2004_03_HOU_KC,2004,REG,3,2004-09-26,HOU,KC,00-0020608,D.Carr,19,4,02:18,0,HOU 27,73.0,1,CONVERSION,CLUTCH_RESPONSE
2004_03_JAX_TEN,2004,REG,3,2004-09-26,TEN,JAX,00-0011024,S.McNair,17,4,10:24,-1,TEN 26,74.0,1,CONVERSION,CLUTCH_RESPONSE
2004_03_JAX_TEN,2004,REG,3,2004-09-26,JAX,TEN,00-0022177,B.Leftwich,18,4,05:37,-5,JAX 31,69.0,1,CONVERSION,CLUTCH_RESPONSE
2004_03_NO_STL,2004,REG,3,2004-09-26,NO,LA,00-0001823,A.Brooks,14,4,13:34,-1,NO 15,85.0,0,CONVERSION,CLUTCH_RESPONSE
2004_03_NO_STL,2004,REG,3,2004-09-26,LA,NO,00-0019599,M.Bulger,19,4,01:48,-5,LA 41,59.0,0,CONVERSION,CLUTCH_RESPONSE
2004_03_NO_STL,2004,REG,3,2004-09-26,NO,LA,00-0001823,A.Brooks,20,4,00:28,-3,NO 42,58.0,0,CONVERSION,CLUTCH_RESPONSE
2004_03_NO_STL,2004,REG,3,2004-09-26,NO,LA,00-0001823,A.Brooks,23,5,10:42,0,NO 33,67.0,1,CONVERSION,CLUTCH_RESPONSE
2004_04_IND_JAX,2004,REG,4,2004-10-03,JAX,IND,00-0022177,B.Leftwich,15,4,11:53,-8,IND 49,49.0,0,CONVERSION,CLUTCH_RESPONSE
2004_04_IND_JAX,2004,REG,4,2004-10-03,IND,JAX,00-0010346,P.Manning,16,4,10:37,0,IND 26,74.0,0,CONVERSION,CLUTCH_RESPONSE
2004_04_WAS_CLE,2004,REG,4,2004-10-03,CLE,WAS,00-0005755,J.Garcia,22,4,11:29,-3,CLE 20,80.0,0,CONVERSION,CLUTCH_RESPONSE
2004_05_ARI_SF,2004,REG,5,2004-10-10,SF,ARI,00-0019623,T.Rattay,25,4,02:48,-8,SF 28,72.0,0,CONVERSION,CLUTCH_RESPONSE
2004_05_ARI_SF,2004,REG,5,2004-10-10,SF,ARI,00-0019623,T.Rattay,28,5,15:00,0,SF 39,61.0,1,CONVERSION,CLUTCH_RESPONSE
2004_05_BUF_NYJ,2004,REG,5,2004-10-10,BUF,NYJ,00-0001361,D.Bledsoe,18,4,06:58,-6,BUF 38,62.0,0,CONVERSION,CLUTCH_RESPONSE
2004_05_BUF_NYJ,2004,REG,5,2004-10-10,NYJ,BUF,00-0019559,C.Pennington,19,4,05:58,-1,NYJ 20,80.0,1,CONVERSION,CLUTCH_RESPONSE
2004_05_CAR_DEN,2004,REG,5,2004-10-10,DEN,CAR,00-0013042,J.Plummer,18,4,14:00,-4,DEN 13,87.0,0,CONVERSION,CLUTCH_RESPONSE
2004_05_MIN_HOU,2004,REG,5,2004-10-10,HOU,MIN,00-0020608,D.Carr,21,4,02:21,-7,MIN 42,42.0,0,CONVERSION,CLUTCH_RESPONSE
2004_05_MIN_HOU,2004,REG,5,2004-10-10,MIN,HOU,00-0003739,D.Culpepper,26,5,09:35,0,MIN 19,81.0,1,CONVERSION,CLUTCH_RESPONSE
2004_05_STL_SEA,2004,REG,5,2004-10-10,LA,SEA,00-0019599,M.Bulger,24,4,01:14,-3,LA 36,64.0,0,CONVERSION,CLUTCH_RESPONSE
2004_05_STL_SEA,2004,REG,5,2004-10-10,LA,SEA,00-0019599,M.Bulger,26,5,15:00,0,LA 29,71.0,1,CONVERSION,CLUTCH_RESPONSE
2004_06_KC_JAX,2004,REG,6,2004-10-17,KC,JAX,00-0006355,T.Green,16,4,09:30,-4,KC 25,75.0,0,CONVERSION,CLUTCH_RESPONSE
2004_06_KC_JAX,2004,REG,6,2004-10-17,JAX,KC,00-0022177,B.Leftwich,19,4,02:16,-2,JAX 33,67.0,1,CONVERSION,CLUTCH_RESPONSE
2004_06_PIT_DAL,2004,REG,6,2004-10-17,PIT,DAL,00-0022924,B.Roethlisberger,19,4,02:20,-3,DAL 24,24.0,1,CONVERSION,CLUTCH_RESPONSE
2004_06_SD_ATL,2004,REG,6,2004-10-17,ATL,LAC,00-0020245,M.Vick,21,4,11:14,-3,LAC 47,47.0,0,CONVERSION,CLUTCH_RESPONSE
2004_07_JAX_IND,2004,REG,7,2004-10-24,IND,JAX,00-0010346,P.Manning,16,4,14:52,-2,IND 23,77.0,0,CONVERSION,CLUTCH_RESPONSE
2004_07_JAX_IND,2004,REG,7,2004-10-24,JAX,IND,00-0022177,B.Leftwich,17,4,09:32,-1,JAX 32,68.0,0,CONVERSION,CLUTCH_RESPONSE
2004_07_JAX_IND,2004,REG,7,2004-10-24,IND,JAX,00-0010346,P.Manning,18,4,06:14,-7,IND 18,82.0,0,CONVERSION,CLUTCH_RESPONSE
2004_07_JAX_IND,2004,REG,7,2004-10-24,JAX,IND,00-0022177,B.Leftwich,19,4,03:52,0,JAX 35,65.0,1,CONVERSION,CLUTCH_RESPONSE
2004_07_PHI_CLE,2004,REG,7,2004-10-24,CLE,PHI,00-0005755,J.Garcia,22,4,05:03,-7,CLE 46,54.0,0,CONVERSION,CLUTCH_RESPONSE
2004_07_PHI_CLE,2004,REG,7,2004-10-24,PHI,CLE,00-0011022,D.McNabb,26,5,09:15,0,PHI 22,78.0,1,CONVERSION,CLUTCH_RESPONSE
2004_09_ARI_MIA,2004,REG,9,2004-11-07,ARI,MIA,00-0021206,J.McCown,18,4,14:23,-2,ARI 20,80.0,0,CONVERSION,CLUTCH_RESPONSE
2004_09_ARI_MIA,2004,REG,9,2004-11-07,MIA,ARI,00-0020305,A.Feeley,23,4,03:46,-2,ARI 39,39.0,0,CONVERSION,CLUTCH_RESPONSE
2004_09_ARI_MIA,2004,REG,9,2004-11-07,ARI,MIA,00-0021206,J.McCown,24,4,01:56,-6,ARI 30,70.0,1,CONVERSION,CLUTCH_RESPONSE
2004_09_CLE_BAL,2004,REG,9,2004-11-07,BAL,CLE,00-0022164,K.Boller,21,4,08:27,-1,CLE 9,9.0,1,CONVERSION,CLUTCH_RESPONSE
2004_09_MIN_IND,2004,REG,9,2004-11-08,IND,MIN,00-0010346,P.Manning,13,4,11:27,0,IND 35,65.0,0,CONVERSION,CLUTCH_RESPONSE
2004_09_MIN_IND,2004,REG,9,2004-11-08,MIN,IND,00-0003739,D.Culpepper,14,4,07:24,-7,MIN 35,65.0,1,CONVERSION,CLUTCH_RESPONSE
2004_09_MIN_IND,2004,REG,9,2004-11-08,IND,MIN,00-0010346,P.Manning,15,4,02:54,0,IND 27,73.0,1,CONVERSION,CLUTCH_RESPONSE
2004_09_OAK_CAR,2004,REG,9,2004-11-07,CAR,LV,00-0004161,J.Delhomme,18,4,03:16,-7,CAR 25,75.0,1,CONVERSION,CLUTCH_RESPONSE
2004_09_OAK_CAR,2004,REG,9,2004-11-07,LV,CAR,00-0003292,K.Collins,19,4,02:25,0,LV 28,72.0,1,CONVERSION,CLUTCH_RESPONSE
2004_10_BAL_NYJ,2004,REG,10,2004-11-14,BAL,NYJ,00-0022164,K.Boller,21,4,09:24,-4,BAL 25,75.0,0,CONVERSION,CLUTCH_RESPONSE
2004_10_BAL_NYJ,2004,REG,10,2004-11-14,NYJ,BAL,00-0020404,Q.Carter,22,4,04:13,-3,NYJ 45,55.0,0,CONVERSION,CLUTCH_RESPONSE
2004_10_BAL_NYJ,2004,REG,10,2004-11-14,BAL,NYJ,00-0022164,K.Boller,27,5,10:31,0,BAL 44,56.0,1,CONVERSION,CLUTCH_RESPONSE
2004_10_CAR_SF,2004,REG,10,2004-11-14,SF,CAR,00-0019623,T.Rattay,20,4,14:39,0,SF 29,71.0,0,CONVERSION,CLUTCH_RESPONSE
2004_10_CAR_SF,2004,REG,10,2004-11-14,CAR,SF,00-0004161,J.Delhomme,21,4,10:41,-7,CAR 31,69.0,0,CONVERSION,CLUTCH_RESPONSE
2004_10_CAR_SF,2004,REG,10,2004-11-14,CAR,SF,00-0004161,J.Delhomme,23,4,05:58,0,SF 21,21.0,0,CONVERSION,CLUTCH_RESPONSE
2004_10_CHI_TEN,2004,REG,10,2004-11-14,TEN,CHI,00-0019041,B.Volek,29,4,07:15,-4,TEN 19,81.0,0,CONVERSION,CLUTCH_RESPONSE
2004_10_CHI_TEN,2004,REG,10,2004-11-14,CHI,TEN,00-0022818,C.Krenzel,32,4,02:51,-3,CHI 20,80.0,0,CONVERSION,CLUTCH_RESPONSE
2004_10_DET_JAX,2004,REG,10,2004-11-14,JAX,DET,00-0021231,D.Garrard,26,5,15:00,0,JAX 24,76.0,1,CONVERSION,CLUTCH_RESPONSE
2004_10_KC_NO,2004,REG,10,2004-11-14,KC,NO,00-0006355,T.Green,19,4,13:41,-7,KC 22,78.0,0,CONVERSION,CLUTCH_RESPONSE
2004_10_KC_NO,2004,REG,10,2004-11-14,NO,KC,00-0001823,A.Brooks,20,4,08:07,0,NO 28,72.0,0,CONVERSION,CLUTCH_RESPONSE
2004_10_MIN_GB,2004,REG,10,2004-11-14,MIN,GB,00-0003739,D.Culpepper,20,4,02:18,-7,MIN 34,66.0,1,CONVERSION,CLUTCH_RESPONSE
2004_10_MIN_GB,2004,REG,10,2004-11-14,GB,MIN,00-0005106,B.Favre,21,4,01:20,0,GB 46,54.0,1,CONVERSION,CLUTCH_RESPONSE
2004_11_DET_MIN,2004,REG,11,2004-11-21,MIN,DET,00-0003739,D.Culpepper,18,4,11:57,-4,MIN 38,62.0,0,CONVERSION,CLUTCH_RESPONSE
2004_11_GB_HOU,2004,REG,11,2004-11-21,GB,HOU,00-0005106,B.Favre,19,4,11:08,-3,GB 39,61.0,0,CONVERSION,CLUTCH_RESPONSE
2004_11_GB_HOU,2004,REG,11,2004-11-21,GB,HOU,00-0005106,B.Favre,23,4,02:00,0,GB 31,69.0,1,CONVERSION,CLUTCH_RESPONSE
2004_11_MIA_SEA,2004,REG,11,2004-11-21,MIA,SEA,00-0020305,A.Feeley,26,4,12:03,-3,SEA 36,36.0,0,CONVERSION,CLUTCH_RESPONSE
2004_11_MIA_SEA,2004,REG,11,2004-11-21,MIA,SEA,00-0020305,A.Feeley,28,4,04:33,-3,MIA 31,69.0,0,CONVERSION,CLUTCH_RESPONSE
2004_11_NYJ_CLE,2004,REG,11,2004-11-21,NYJ,CLE,00-0020404,Q.Carter,24,4,11:27,-4,NYJ 25,75.0,0,CONVERSION,CLUTCH_RESPONSE
2004_11_TEN_JAX,2004,REG,11,2004-11-21,TEN,JAX,00-0011024,S.McNair,21,4,04:08,-5,TEN 41,59.0,0,CONVERSION,CLUTCH_RESPONSE
2004_12_CLE_CIN,2004,REG,12,2004-11-28,CLE,CIN,00-0007576,K.Holcomb,25,4,10:29,-3,CIN 1,1.0,0,CONVERSION,CLUTCH_RESPONSE
2004_12_CLE_CIN,2004,REG,12,2004-11-28,CIN,CLE,00-0021429,C.Palmer,26,4,10:22,-4,CIN 40,60.0,0,CONVERSION,CLUTCH_RESPONSE
2004_12_MIA_SF,2004,REG,12,2004-11-28,MIA,SF,00-0020305,A.Feeley,22,4,12:38,-3,SF 21,21.0,0,CONVERSION,CLUTCH_RESPONSE
2004_12_NO_ATL,2004,REG,12,2004-11-28,ATL,NO,00-0020245,M.Vick,23,4,01:56,-4,NO 47,47.0,1,CONVERSION,CLUTCH_RESPONSE
2004_12_OAK_DEN,2004,REG,12,2004-11-28,LV,DEN,00-0003292,K.Collins,29,4,03:37,-5,LV 18,82.0,1,CONVERSION,CLUTCH_RESPONSE
2004_12_OAK_DEN,2004,REG,12,2004-11-28,DEN,LV,00-0013042,J.Plummer,30,4,01:49,-1,DEN 32,68.0,1,CONVERSION,CLUTCH_RESPONSE
2004_12_SD_KC,2004,REG,12,2004-11-28,LAC,KC,00-0020531,D.Brees,17,4,14:17,-6,LAC 29,71.0,0,CONVERSION,CLUTCH_RESPONSE
2004_12_SD_KC,2004,REG,12,2004-11-28,KC,LAC,00-0006355,T.Green,18,4,10:13,-1,LAC 30,30.0,0,CONVERSION,CLUTCH_RESPONSE
2004_12_SD_KC,2004,REG,12,2004-11-28,LAC,KC,00-0020531,D.Brees,19,4,10:00,-7,LAC 31,69.0,0,CONVERSION,CLUTCH_RESPONSE
2004_12_SD_KC,2004,REG,12,2004-11-28,LAC,KC,00-0020531,D.Brees,21,4,04:50,0,KC 32,32.0,1,CONVERSION,CLUTCH_RESPONSE
2004_12_TB_CAR,2004,REG,12,2004-11-28,TB,CAR,00-0006423,B.Griese,17,4,14:08,-7,TB 34,66.0,0,CONVERSION,CLUTCH_RESPONSE
2004_12_TB_CAR,2004,REG,12,2004-11-28,TB,CAR,00-0006423,B.Griese,19,4,04:52,0,CAR 48,48.0,0,CONVERSION,CLUTCH_RESPONSE
2004_12_TB_CAR,2004,REG,12,2004-11-28,CAR,TB,00-0004161,J.Delhomme,20,4,01:48,0,CAR 27,73.0,1,CONVERSION,CLUTCH_RESPONSE
2004_13_CIN_BAL,2004,REG,13,2004-12-05,CIN,BAL,00-0021429,C.Palmer,21,4,08:34,-6,CIN 32,68.0,0,CONVERSION,CLUTCH_RESPONSE
2004_13_CIN_BAL,2004,REG,13,2004-12-05,BAL,CIN,00-0022164,K.Boller,22,4,05:38,-1,BAL 46,54.0,1,CONVERSION,CLUTCH_RESPONSE
2004_13_CIN_BAL,2004,REG,13,2004-12-05,CIN,BAL,00-0021429,C.Palmer,23,4,01:42,-2,CIN 34,66.0,1,CONVERSION,CLUTCH_RESPONSE
2004_13_DAL_SEA,2004,REG,13,2004-12-06,SEA,DAL,00-0007091,M.Hasselbeck,21,4,08:07,-5,SEA 28,72.0,0,CONVERSION,CLUTCH_RESPONSE
2004_13_DAL_SEA,2004,REG,13,2004-12-06,DAL,SEA,00-0016193,V.Testaverde,25,4,01:45,-3,DAL 43,57.0,1,CONVERSION,CLUTCH_RESPONSE
2004_13_KC_OAK,2004,REG,13,2004-12-05,KC,LV,00-0006355,T.Green,16,4,14:13,-3,KC 22,78.0,0,CONVERSION,CLUTCH_RESPONSE
2004_13_KC_OAK,2004,REG,13,2004-12-05,KC,LV,00-0006355,T.Green,18,4,04:01,0,KC 12,88.0,1,CONVERSION,CLUTCH_RESPONSE
2004_13_PIT_JAX,2004,REG,13,2004-12-05,JAX,PIT,00-0022177,B.Leftwich,16,4,06:44,-1,JAX 20,80.0,0,CONVERSION,CLUTCH_RESPONSE
2004_13_PIT_JAX,2004,REG,13,2004-12-05,PIT,JAX,00-0022924,B.Roethlisberger,17,4,01:55,-2,PIT 25,75.0,1,CONVERSION,CLUTCH_RESPONSE
2004_14_DET_GB,2004,REG,14,2004-12-12,GB,DET,00-0005106,B.Favre,20,4,11:45,-3,GB 46,54.0,0,CONVERSION,CLUTCH_RESPONSE
2004_14_DET_GB,2004,REG,14,2004-12-12,GB,DET,00-0005106,B.Favre,24,4,03:27,0,DET 42,42.0,1,CONVERSION,CLUTCH_RESPONSE
2004_14_KC_TEN,2004,REG,14,2004-12-13,KC,TEN,00-0006355,T.Green,23,4,07:35,0,KC 19,81.0,0,CONVERSION,CLUTCH_RESPONSE
2004_14_KC_TEN,2004,REG,14,2004-12-13,TEN,KC,00-0019041,B.Volek,24,4,04:49,-7,TEN 34,66.0,0,CONVERSION,CLUTCH_RESPONSE
2004_14_KC_TEN,2004,REG,14,2004-12-13,TEN,KC,00-0019041,B.Volek,26,4,02:05,0,KC 17,17.0,0,CONVERSION,CLUTCH_RESPONSE
2004_14_KC_TEN,2004,REG,14,2004-12-13,KC,TEN,00-0006355,T.Green,27,4,01:39,-3,KC 36,64.0,1,CONVERSION,CLUTCH_RESPONSE
2004_14_MIA_DEN,2004,REG,14,2004-12-12,DEN,MIA,00-0013042,J.Plummer,25,4,04:59,0,DEN 45,55.0,0,CONVERSION,CLUTCH_RESPONSE
2004_14_NO_DAL,2004,REG,14,2004-12-12,NO,DAL,00-0001823,A.Brooks,23,4,10:47,0,NO 27,73.0,0,CONVERSION,CLUTCH_RESPONSE
2004_14_SF_ARI,2004,REG,14,2004-12-12,ARI,SF,00-0021206,J.McCown,23,4,02:16,-3,SF 20,20.0,0,CONVERSION,CLUTCH_RESPONSE
2004_14_SF_ARI,2004,REG,14,2004-12-12,SF,ARI,00-0022039,K.Dorsey,27,5,11:00,0,ARI 49,49.0,1,CONVERSION,CLUTCH_RESPONSE
2004_14_TB_SD,2004,REG,14,2004-12-12,TB,LAC,00-0006423,B.Griese,21,4,07:42,-7,LAC 37,37.0,0,CONVERSION,CLUTCH_RESPONSE
2004_15_CAR_ATL,2004,REG,15,2004-12-18,CAR,ATL,00-0004161,J.Delhomme,20,4,07:34,0,CAR 22,78.0,0,CONVERSION,CLUTCH_RESPONSE
2004_15_CAR_ATL,2004,REG,15,2004-12-18,ATL,CAR,00-0020245,M.Vick,21,4,03:37,-7,ATL 29,71.0,0,CONVERSION,CLUTCH_RESPONSE
2004_15_CAR_ATL,2004,REG,15,2004-12-18,ATL,CAR,00-0020245,M.Vick,24,5,13:54,0,CAR 23,23.0,1,CONVERSION,CLUTCH_RESPONSE
2004_15_DAL_PHI,2004,REG,15,2004-12-19,PHI,DAL,00-0011022,D.McNabb,20,4,06:03,-1,PHI 36,64.0,0,CONVERSION,CLUTCH_RESPONSE
2004_15_MIN_DET,2004,REG,15,2004-12-19,DET,MIN,00-0021141,J.Harrington,20,4,08:44,-8,DET 18,82.0,0,CONVERSION,CLUTCH_RESPONSE
2004_15_MIN_DET,2004,REG,15,2004-12-19,MIN,DET,00-0003739,D.Culpepper,21,4,06:11,0,MIN 17,83.0,1,CONVERSION,CLUTCH_RESPONSE
2004_15_MIN_DET,2004,REG,15,2004-12-19,DET,MIN,00-0021141,J.Harrington,22,4,01:37,-7,DET 20,80.0,1,CONVERSION,CLUTCH_RESPONSE
2004_15_NE_MIA,2004,REG,15,2004-12-20,MIA,NE,00-0020305,A.Feeley,24,4,01:45,-5,NE 21,21.0,1,CONVERSION,CLUTCH_RESPONSE
2004_15_NO_TB,2004,REG,15,2004-12-19,NO,TB,00-0001823,A.Brooks,23,4,03:19,-3,TB 41,41.0,1,CONVERSION,CLUTCH_RESPONSE
2004_15_PIT_NYG,2004,REG,15,2004-12-18,NYG,PIT,00-0022803,E.Manning,17,4,11:35,-2,NYG 48,52.0,0,CONVERSION,CLUTCH_RESPONSE
2004_15_PIT_NYG,2004,REG,15,2004-12-18,PIT,NYG,00-0022924,B.Roethlisberger,18,4,08:15,-4,PIT 33,67.0,0,CONVERSION,CLUTCH_RESPONSE
2004_16_CLE_MIA,2004,REG,16,2004-12-26,MIA,CLE,00-0020305,A.Feeley,24,4,01:49,0,MIA 28,72.0,1,CONVERSION,CLUTCH_RESPONSE
2004_16_GB_MIN,2004,REG,16,2004-12-24,GB,MIN,00-0005106,B.Favre,16,4,08:18,-7,GB 20,80.0,0,CONVERSION,CLUTCH_RESPONSE
2004_16_GB_MIN,2004,REG,16,2004-12-24,GB,MIN,00-0005106,B.Favre,18,4,01:35,0,GB 13,87.0,1,CONVERSION,CLUTCH_RESPONSE
2004_16_NYG_CIN,2004,REG,16,2004-12-26,CIN,NYG,00-0009311,J.Kitna,20,4,02:05,-5,NYG 24,24.0,1,CONVERSION,CLUTCH_RESPONSE
2004_16_OAK_KC,2004,REG,16,2004-12-25,KC,LV,00-0006355,T.Green,19,4,11:14,-3,KC 35,65.0,0,CONVERSION,CLUTCH_RESPONSE
2004_16_OAK_KC,2004,REG,16,2004-12-25,LV,KC,00-0003292,K.Collins,22,4,01:42,-1,LV 43,57.0,0,CONVERSION,CLUTCH_RESPONSE
2004_16_OAK_KC,2004,REG,16,2004-12-25,KC,LV,00-0006355,T.Green,23,4,01:03,-2,LV 36,36.0,1,CONVERSION,CLUTCH_RESPONSE
2004_16_SD_IND,2004,REG,16,2004-12-26,IND,LAC,00-0010346,P.Manning,20,4,03:42,-8,IND 20,80.0,0,CONVERSION,CLUTCH_RESPONSE
2004_16_SD_IND,2004,REG,16,2004-12-26,IND,LAC,00-0010346,P.Manning,23,5,15:00,0,IND 27,73.0,1,CONVERSION,CLUTCH_RESPONSE
2004_16_WAS_DAL,2004,REG,16,2004-12-26,WAS,DAL,00-0021379,P.Ramsey,14,4,14:05,-3,WAS 20,80.0,0,CONVERSION,CLUTCH_RESPONSE
2004_16_WAS_DAL,2004,REG,16,2004-12-26,DAL,WAS,00-0016193,V.Testaverde,20,4,01:25,-4,DAL 25,75.0,1,CONVERSION,CLUTCH_RESPONSE
2004_17_DAL_NYG,2004,REG,17,2005-01-02,NYG,DAL,00-0022803,E.Manning,16,4,14:41,-2,DAL 20,20.0,0,CONVERSION,CLUTCH_RESPONSE
2004_17_DAL_NYG,2004,REG,17,2005-01-02,DAL,NYG,00-0016193,V.Testaverde,19,4,08:29,-5,DAL 20,80.0,0,CONVERSION,CLUTCH_RESPONSE
2004_17_DAL_NYG,2004,REG,17,2005-01-02,NYG,DAL,00-0022803,E.Manning,20,4,01:49,-3,NYG 34,66.0,1,CONVERSION,CLUTCH_RESPONSE
2004_17_NYJ_STL,2004,REG,17,2005-01-02,LA,NYJ,00-0019599,M.Bulger,23,4,09:55,-5,LA 41,59.0,0,CONVERSION,CLUTCH_RESPONSE
2004_17_NYJ_STL,2004,REG,17,2005-01-02,NYJ,LA,00-0019559,C.Pennington,24,4,05:06,-3,NYJ 41,59.0,0,CONVERSION,CLUTCH_RESPONSE
2004_17_NYJ_STL,2004,REG,17,2005-01-02,LA,NYJ,00-0019599,M.Bulger,30,5,05:12,0,LA 43,57.0,1,CONVERSION,CLUTCH_RESPONSE
2004_18_NYJ_SD,2004,POST,18,2005-01-08,LAC,NYJ,00-0020531,D.Brees,17,4,04:46,-7,LAC 20,80.0,0,CONVERSION,CLUTCH_RESPONSE
2004_18_NYJ_SD,2004,POST,18,2005-01-08,LAC,NYJ,00-0020531,D.Brees,21,5,12:17,0,LAC 30,70.0,1,CONVERSION,CLUTCH_RESPONSE
2004_18_NYJ_SD,2004,POST,18,2005-01-08,NYJ,LAC,00-0019559,C.Pennington,22,5,04:19,0,NYJ 30,70.0,1,CONVERSION,CLUTCH_RESPONSE
2004_18_STL_SEA,2004,POST,18,2005-01-08,LA,SEA,00-0019599,M.Bulger,17,4,13:43,-3,LA 31,69.0,0,CONVERSION,CLUTCH_RESPONSE
2004_18_STL_SEA,2004,POST,18,2005-01-08,LA,SEA,00-0019599,M.Bulger,19,4,05:42,0,LA 24,76.0,1,CONVERSION,CLUTCH_RESPONSE
2004_19_NYJ_PIT,2004,POST,19,2005-01-15,PIT,NYJ,00-0022924,B.Roethlisberger,18,4,12:41,-7,PIT 34,66.0,0,CONVERSION,CLUTCH_RESPONSE
2004_19_NYJ_PIT,2004,POST,19,2005-01-15,NYJ,PIT,00-0019559,C.Pennington,21,4,01:46,0,PIT 37,37.0,0,CONVERSION,CLUTCH_RESPONSE
2004_19_NYJ_PIT,2004,POST,19,2005-01-15,PIT,NYJ,00-0022924,B.Roethlisberger,23,5,12:15,0,PIT 13,87.0,1,CONVERSION,CLUTCH_RESPONSE
2005_01_DAL_SD,2005,REG,1,2005-09-11,DAL,LAC,00-0001361,D.Bledsoe,15,4,08:32,-3,LAC 44,44.0,0,CONVERSION,CLUTCH_RESPONSE
2005_01_NO_CAR,2005,REG,1,2005-09-11,CAR,NO,00-0004161,J.Delhomme,16,4,02:59,-3,CAR 9,91.0,1,CONVERSION,CLUTCH_RESPONSE
2005_01_NO_CAR,2005,REG,1,2005-09-11,NO,CAR,00-0001823,A.Brooks,17,4,01:04,0,NO 22,78.0,1,CONVERSION,CLUTCH_RESPONSE
2005_02_SD_DEN,2005,REG,2,2005-09-18,DEN,LAC,00-0013042,J.Plummer,20,4,09:41,-4,LAC 29,29.0,0,CONVERSION,CLUTCH_RESPONSE
2005_02_SD_DEN,2005,REG,2,2005-09-18,LAC,DEN,00-0020531,D.Brees,21,4,08:46,-3,LAC 27,73.0,1,CONVERSION,CLUTCH_RESPONSE
2005_02_SD_DEN,2005,REG,2,2005-09-18,DEN,LAC,00-0013042,J.Plummer,22,4,05:21,0,DEN 20,80.0,1,CONVERSION,CLUTCH_RESPONSE
2005_02_WAS_DAL,2005,REG,2,2005-09-19,WAS,DAL,00-0002110,M.Brunell,22,4,02:52,-6,WAS 20,80.0,0,CONVERSION,CLUTCH_RESPONSE
2005_03_CAR_MIA,2005,REG,3,2005-09-25,CAR,MIA,00-0004161,J.Delhomme,21,4,07:32,-7,CAR 20,80.0,0,CONVERSION,CLUTCH_RESPONSE
2005_03_CAR_MIA,2005,REG,3,2005-09-25,MIA,CAR,00-0005589,G.Frerotte,24,4,01:51,0,CAR 25,25.0,1,CONVERSION,CLUTCH_RESPONSE
2005_03_DAL_SF,2005,REG,3,2005-09-25,DAL,SF,00-0001361,D.Bledsoe,24,4,06:05,-5,DAL 24,76.0,0,CONVERSION,CLUTCH_RESPONSE
2005_03_JAX_NYJ,2005,REG,3,2005-09-25,NYJ,JAX,00-0019559,C.Pennington,22,4,03:02,-3,JAX 21,21.0,0,CONVERSION,CLUTCH_RESPONSE
2005_03_JAX_NYJ,2005,REG,3,2005-09-25,JAX,NYJ,00-0022177,B.Leftwich,28,5,10:24,0,NYJ 34,34.0,1,CONVERSION,CLUTCH_RESPONSE
2005_03_NE_PIT,2005,REG,3,2005-09-25,NE,PIT,00-0019596,T.Brady,22,4,14:19,-3,NE 14,86.0,0,CONVERSION,CLUTCH_RESPONSE
2005_03_NE_PIT,2005,REG,3,2005-09-25,PIT,NE,00-0022924,B.Roethlisberger,25,4,03:19,-7,PIT 49,51.0,1,CONVERSION,CLUTCH_RESPONSE
2005_03_NE_PIT,2005,REG,3,2005-09-25,NE,PIT,00-0019596,T.Brady,26,4,01:21,0,NE 38,62.0,1,CONVERSION,CLUTCH_RESPONSE
2005_03_OAK_PHI,2005,REG,3,2005-09-25,LV,PHI,00-0003292,K.Collins,25,4,04:17,-7,LV 35,65.0,1,CONVERSION,CLUTCH_RESPONSE
2005_03_OAK_PHI,2005,REG,3,2005-09-25,PHI,LV,00-0011022,D.McNabb,26,4,02:17,0,PHI 20,80.0,1,CONVERSION,CLUTCH_RESPONSE
2005_04_HOU_CIN,2005,REG,4,2005-10-02,CIN,HOU,00-0021429,C.Palmer,13,4,12:38,0,CIN 30,70.0,0,CONVERSION,CLUTCH_RESPONSE
2005_04_SEA_WAS,2005,REG,4,2005-10-02,SEA,WAS,00-0007091,M.Hasselbeck,14,4,07:42,-7,SEA 9,91.0,0,CONVERSION,CLUTCH_RESPONSE
2005_04_SEA_WAS,2005,REG,4,2005-10-02,WAS,SEA,00-0002110,M.Brunell,17,5,15:00,0,WAS 23,77.0,1,CONVERSION,CLUTCH_RESPONSE
2005_05_CAR_ARI,2005,REG,5,2005-10-09,CAR,ARI,00-0004161,J.Delhomme,23,4,11:54,-3,CAR 6,94.0,0,CONVERSION,CLUTCH_RESPONSE
2005_05_CHI_CLE,2005,REG,5,2005-10-09,CLE,CHI,00-0004293,T.Dilfer,22,4,05:47,-4,CLE 46,54.0,0,CONVERSION,CLUTCH_RESPONSE
2005_05_NE_ATL,2005,REG,5,2005-10-09,ATL,NE,00-0022787,M.Schaub,24,4,06:04,-8,ATL 38,62.0,1,CONVERSION,CLUTCH_RESPONSE
2005_05_NE_ATL,2005,REG,5,2005-10-09,NE,ATL,00-0019596,T.Brady,25,4,03:52,0,NE 36,64.0,1,CONVERSION,CLUTCH_RESPONSE
2005_05_PIT_SD,2005,REG,5,2005-10-10,PIT,LAC,00-0022924,B.Roethlisberger,19,4,11:41,-2,PIT 38,62.0,0,CONVERSION,CLUTCH_RESPONSE
2005_05_PIT_SD,2005,REG,5,2005-10-10,LAC,PIT,00-0020531,D.Brees,20,4,10:30,-5,LAC 38,62.0,1,CONVERSION,CLUTCH_RESPONSE
2005_05_PIT_SD,2005,REG,5,2005-10-10,PIT,LAC,00-0022924,B.Roethlisberger,21,4,04:42,-1,PIT 38,62.0,1,CONVERSION,CLUTCH_RESPONSE
2005_06_ATL_NO,2005,REG,6,2005-10-16,NO,ATL,00-0001823,A.Brooks,14,4,12:17,-7,NO 17,83.0,0,CONVERSION,CLUTCH_RESPONSE
2005_06_ATL_NO,2005,REG,6,2005-10-16,ATL,NO,00-0020245,M.Vick,17,4,05:09,0,NO 11,11.0,0,CONVERSION,CLUTCH_RESPONSE
2005_06_ATL_NO,2005,REG,6,2005-10-16,NO,ATL,00-0001823,A.Brooks,18,4,04:37,-7,NO 15,85.0,1,CONVERSION,CLUTCH_RESPONSE
2005_06_ATL_NO,2005,REG,6,2005-10-16,ATL,NO,00-0020245,M.Vick,19,4,00:46,0,ATL 32,68.0,1,CONVERSION,CLUTCH_RESPONSE
2005_06_CIN_TEN,2005,REG,6,2005-10-16,TEN,CIN,00-0011024,S.McNair,16,4,09:50,0,TEN 20,80.0,0,CONVERSION,CLUTCH_RESPONSE
2005_06_CIN_TEN,2005,REG,6,2005-10-16,CIN,TEN,00-0021429,C.Palmer,17,4,04:54,-3,CIN 35,65.0,0,CONVERSION,CLUTCH_RESPONSE
2005_06_JAX_PIT,2005,REG,6,2005-10-16,PIT,JAX,00-0010261,T.Maddox,21,4,14:52,-3,PIT 20,80.0,0,CONVERSION,CLUTCH_RESPONSE
2005_06_NYG_DAL,2005,REG,6,2005-10-16,NYG,DAL,00-0022803,E.Manning,24,4,00:52,-7,NYG 48,52.0,1,CONVERSION,CLUTCH_RESPONSE
2005_06_NYG_DAL,2005,REG,6,2005-10-16,DAL,NYG,00-0001361,D.Bledsoe,26,5,15:00,0,DAL 23,77.0,1,CONVERSION,CLUTCH_RESPONSE
2005_07_DAL_SEA,2005,REG,7,2005-10-23,SEA,DAL,00-0007091,M.Hasselbeck,27,4,02:06,-7,SEA 19,81.0,0,CONVERSION,CLUTCH_RESPONSE
2005_07_DAL_SEA,2005,REG,7,2005-10-23,SEA,DAL,00-0007091,M.Hasselbeck,29,4,00:05,0,DAL 32,32.0,1,CONVERSION,CLUTCH_RESPONSE
2005_07_DEN_NYG,2005,REG,7,2005-10-23,NYG,DEN,00-0022803,E.Manning,20,4,03:29,-6,NYG 17,83.0,1,CONVERSION,CLUTCH_RESPONSE
2005_07_GB_MIN,2005,REG,7,2005-10-23,MIN,GB,00-0003739,D.Culpepper,17,4,07:46,-4,MIN 17,83.0,0,CONVERSION,CLUTCH_RESPONSE
2005_07_GB_MIN,2005,REG,7,2005-10-23,GB,MIN,00-0005106,B.Favre,18,4,03:10,-3,GB 23,77.0,1,CONVERSION,CLUTCH_RESPONSE
2005_07_GB_MIN,2005,REG,7,2005-10-23,MIN,GB,00-0003739,D.Culpepper,19,4,00:24,0,MIN 36,64.0,1,CONVERSION,CLUTCH_RESPONSE
2005_07_NO_STL,2005,REG,7,2005-10-23,LA,NO,00-0010455,J.Martin,19,4,08:40,-3,NO 42,42.0,0,CONVERSION,CLUTCH_RESPONSE
2005_08_BAL_PIT,2005,REG,8,2005-10-31,BAL,PIT,00-0018272,A.Wright,18,4,05:48,-1,PIT 45,45.0,0,CONVERSION,CLUTCH_RESPONSE
2005_08_BAL_PIT,2005,REG,8,2005-10-31,PIT,BAL,00-0022924,B.Roethlisberger,19,4,03:21,-2,PIT 21,79.0,1,CONVERSION,CLUTCH_RESPONSE
2005_08_BUF_NE,2005,REG,8,2005-10-30,NE,BUF,00-0019596,T.Brady,20,4,06:14,-2,BUF 23,23.0,0,CONVERSION,CLUTCH_RESPONSE
2005_08_CLE_HOU,2005,REG,8,2005-10-30,CLE,HOU,00-0004293,T.Dilfer,21,4,09:35,-3,CLE 28,72.0,0,CONVERSION,CLUTCH_RESPONSE
2005_08_CLE_HOU,2005,REG,8,2005-10-30,HOU,CLE,00-0020608,D.Carr,22,4,05:06,0,CLE 40,40.0,1,CONVERSION,CLUTCH_RESPONSE
2005_08_JAX_STL,2005,REG,8,2005-10-30,LA,JAX,00-0010455,J.Martin,20,4,14:45,-4,JAX 30,30.0,0,CONVERSION,CLUTCH_RESPONSE
2005_08_JAX_STL,2005,REG,8,2005-10-30,JAX,LA,00-0022177,B.Leftwich,21,4,12:45,-3,JAX 28,72.0,0,CONVERSION,CLUTCH_RESPONSE
2005_09_CHI_NO,2005,REG,9,2005-11-06,NO,CHI,00-0001823,A.Brooks,25,4,14:16,-7,NO 20,80.0,0,CONVERSION,CLUTCH_RESPONSE
2005_09_CHI_NO,2005,REG,9,2005-11-06,CHI,NO,00-0023541,K.Orton,28,4,04:08,0,CHI 25,75.0,1,CONVERSION,CLUTCH_RESPONSE
2005_09_HOU_JAX,2005,REG,9,2005-11-06,JAX,HOU,00-0022177,B.Leftwich,18,4,07:43,0,JAX 18,82.0,1,CONVERSION,CLUTCH_RESPONSE
2005_09_OAK_KC,2005,REG,9,2005-11-06,LV,KC,00-0003292,K.Collins,22,4,08:07,-5,LV 16,84.0,1,CONVERSION,CLUTCH_RESPONSE
2005_09_OAK_KC,2005,REG,9,2005-11-06,KC,LV,00-0006355,T.Green,23,4,01:45,-3,KC 28,72.0,1,CONVERSION,CLUTCH_RESPONSE
2005_10_MIN_NYG,2005,REG,10,2005-11-13,NYG,MIN,00-0022803,E.Manning,28,4,03:17,-8,NYG 33,67.0,1,CONVERSION,CLUTCH_RESPONSE
2005_10_MIN_NYG,2005,REG,10,2005-11-13,MIN,NYG,00-0008442,B.Johnson,29,4,01:21,0,MIN 28,72.0,1,CONVERSION,CLUTCH_RESPONSE
2005_10_NE_MIA,2005,REG,10,2005-11-13,MIA,NE,00-0005589,G.Frerotte,25,4,05:09,-5,MIA 44,56.0,0,CONVERSION,CLUTCH_RESPONSE
2005_10_NE_MIA,2005,REG,10,2005-11-13,NE,MIA,00-0019596,T.Brady,26,4,02:59,-1,NE 24,76.0,1,CONVERSION,CLUTCH_RESPONSE
2005_10_WAS_TB,2005,REG,10,2005-11-13,TB,WAS,00-0022005,C.Simms,23,4,01:52,-7,TB 46,54.0,1,CONVERSION,CLUTCH_RESPONSE
2005_11_ARI_STL,2005,REG,11,2005-11-20,ARI,LA,00-0017200,K.Warner,16,4,14:10,-1,LA 48,48.0,0,CONVERSION,CLUTCH_RESPONSE
2005_11_MIN_GB,2005,REG,11,2005-11-21,MIN,GB,00-0008442,B.Johnson,20,4,13:35,0,MIN 32,68.0,0,CONVERSION,CLUTCH_RESPONSE
2005_11_MIN_GB,2005,REG,11,2005-11-21,GB,MIN,00-0005106,B.Favre,23,4,04:49,-3,GB 33,67.0,1,CONVERSION,CLUTCH_RESPONSE
2005_11_MIN_GB,2005,REG,11,2005-11-21,MIN,GB,00-0008442,B.Johnson,24,4,03:03,0,MIN 33,67.0,1,CONVERSION,CLUTCH_RESPONSE
2005_11_OAK_WAS,2005,REG,11,2005-11-20,LV,WAS,00-0003292,K.Collins,18,4,14:35,-3,LV 6,94.0,0,CONVERSION,CLUTCH_RESPONSE
2005_11_OAK_WAS,2005,REG,11,2005-11-20,LV,WAS,00-0003292,K.Collins,22,4,05:41,0,LV 49,51.0,1,CONVERSION,CLUTCH_RESPONSE
2005_11_PIT_BAL,2005,REG,11,2005-11-20,PIT,BAL,00-0010261,T.Maddox,23,4,09:44,-7,PIT 15,85.0,0,CONVERSION,CLUTCH_RESPONSE
2005_11_PIT_BAL,2005,REG,11,2005-11-20,BAL,PIT,00-0022164,K.Boller,30,5,08:09,0,BAL 44,56.0,1,CONVERSION,CLUTCH_RESPONSE
2005_11_TB_ATL,2005,REG,11,2005-11-20,ATL,TB,00-0020245,M.Vick,17,4,12:14,0,TB 49,49.0,0,CONVERSION,CLUTCH_RESPONSE
2005_11_TB_ATL,2005,REG,11,2005-11-20,TB,ATL,00-0022005,C.Simms,18,4,07:36,-7,TB 29,71.0,0,CONVERSION,CLUTCH_RESPONSE
2005_11_TB_ATL,2005,REG,11,2005-11-20,TB,ATL,00-0022005,C.Simms,20,4,01:07,0,ATL 34,34.0,1,CONVERSION,CLUTCH_RESPONSE
2005_12_CAR_BUF,2005,REG,12,2005-11-27,CAR,BUF,00-0004161,J.Delhomme,14,4,10:04,-3,CAR 32,68.0,1,CONVERSION,CLUTCH_RESPONSE
2005_12_CHI_TB,2005,REG,12,2005-11-27,TB,CHI,00-0022005,C.Simms,23,4,05:06,-3,TB 31,69.0,0,CONVERSION,CLUTCH_RESPONSE
2005_12_DEN_DAL,2005,REG,12,2005-11-24,DAL,DEN,00-0001361,D.Bledsoe,18,4,14:54,-7,DEN 10,10.0,0,CONVERSION,CLUTCH_RESPONSE
2005_12_DEN_DAL,2005,REG,12,2005-11-24,DAL,DEN,00-0001361,D.Bledsoe,20,4,11:35,0,DAL 45,55.0,0,CONVERSION,CLUTCH_RESPONSE
2005_12_DEN_DAL,2005,REG,12,2005-11-24,DEN,DAL,00-0013042,J.Plummer,25,5,15:00,0,DEN 32,68.0,1,CONVERSION,CLUTCH_RESPONSE
2005_12_GB_PHI,2005,REG,12,2005-11-27,PHI,GB,00-0020308,M.McMahon,24,4,10:41,-1,PHI 20,80.0,0,CONVERSION,CLUTCH_RESPONSE
2005_12_NO_NYJ,2005,REG,12,2005-11-27,NO,NYJ,00-0001823,A.Brooks,15,4,14:56,-5,NO 19,81.0,0,CONVERSION,CLUTCH_RESPONSE
2005_12_NYG_SEA,2005,REG,12,2005-11-27,NYG,SEA,00-0022803,E.Manning,24,4,04:33,-8,NYG 39,61.0,0,CONVERSION,CLUTCH_RESPONSE
2005_12_NYG_SEA,2005,REG,12,2005-11-27,NYG,SEA,00-0022803,E.Manning,26,4,01:23,0,50,50.0,0,CONVERSION,CLUTCH_RESPONSE
2005_12_NYG_SEA,2005,REG,12,2005-11-27,NYG,SEA,00-0022803,E.Manning,30,5,07:40,0,NYG 20,80.0,1,CONVERSION,CLUTCH_RESPONSE
2005_12_NYG_SEA,2005,REG,12,2005-11-27,SEA,NYG,00-0007091,M.Hasselbeck,31,5,06:05,0,SEA 35,65.0,1,CONVERSION,CLUTCH_RESPONSE
2005_12_SD_WAS,2005,REG,12,2005-11-27,LAC,WAS,00-0020531,D.Brees,24,4,04:36,-7,LAC 33,67.0,0,CONVERSION,CLUTCH_RESPONSE
2005_12_SD_WAS,2005,REG,12,2005-11-27,LAC,WAS,00-0020531,D.Brees,29,5,15:00,0,LAC 35,65.0,1,CONVERSION,CLUTCH_RESPONSE
2005_12_STL_HOU,2005,REG,12,2005-11-27,LA,HOU,00-0023682,R.Fitzpatrick,19,4,00:26,-3,HOU 48,48.0,0,CONVERSION,CLUTCH_RESPONSE
2005_12_STL_HOU,2005,REG,12,2005-11-27,LA,HOU,00-0023682,R.Fitzpatrick,22,5,11:49,0,LA 10,90.0,1,CONVERSION,CLUTCH_RESPONSE
2005_13_ARI_SF,2005,REG,13,2005-12-04,ARI,SF,00-0017200,K.Warner,20,4,11:28,-1,SF 44,44.0,0,CONVERSION,CLUTCH_RESPONSE
2005_13_BUF_MIA,2005,REG,13,2005-12-04,MIA,BUF,00-0020480,S.Rosenfels,29,4,01:51,-6,MIA 27,73.0,1,CONVERSION,CLUTCH_RESPONSE
2005_13_DEN_KC,2005,REG,13,2005-12-04,KC,DEN,00-0006355,T.Green,17,4,13:31,-3,KC 30,70.0,0,CONVERSION,CLUTCH_RESPONSE
2005_13_HOU_BAL,2005,REG,13,2005-12-04,HOU,BAL,00-0020608,D.Carr,24,4,02:42,-1,BAL 29,29.0,1,CONVERSION,CLUTCH_RESPONSE
2005_13_HOU_BAL,2005,REG,13,2005-12-04,BAL,HOU,00-0022164,K.Boller,25,4,01:08,-2,BAL 13,87.0,1,CONVERSION,CLUTCH_RESPONSE
2005_14_CLE_CIN,2005,REG,14,2005-12-11,CLE,CIN,00-0023502,C.Frye,17,4,09:46,-3,CLE 47,53.0,1,CONVERSION,CLUTCH_RESPONSE
2005_14_CLE_CIN,2005,REG,14,2005-12-11,CIN,CLE,00-0021429,C.Palmer,18,4,04:19,0,CIN 38,62.0,1,CONVERSION,CLUTCH_RESPONSE
2005_14_DET_GB,2005,REG,14,2005-12-11,GB,DET,00-0005106,B.Favre,23,5,15:00,0,GB 35,65.0,1,CONVERSION,CLUTCH_RESPONSE
2005_14_HOU_TEN,2005,REG,14,2005-12-11,HOU,TEN,00-0020608,D.Carr,23,4,09:27,0,HOU 41,59.0,0,CONVERSION,CLUTCH_RESPONSE
2005_14_HOU_TEN,2005,REG,14,2005-12-11,TEN,HOU,00-0011024,S.McNair,24,4,03:47,0,TEN 27,73.0,1,CONVERSION,CLUTCH_RESPONSE
2005_14_HOU_TEN,2005,REG,14,2005-12-11,HOU,TEN,00-0020608,D.Carr,25,4,00:10,-3,TEN 13,13.0,1,CONVERSION,CLUTCH_RESPONSE
2005_14_KC_DAL,2005,REG,14,2005-12-11,KC,DAL,00-0006355,T.Green,19,4,08:01,-3,KC 20,80.0,0,CONVERSION,CLUTCH_RESPONSE
2005_14_KC_DAL,2005,REG,14,2005-12-11,DAL,KC,00-0001361,D.Bledsoe,20,4,03:55,-4,DAL 32,68.0,1,CONVERSION,CLUTCH_RESPONSE
2005_14_KC_DAL,2005,REG,14,2005-12-11,KC,DAL,00-0006355,T.Green,21,4,00:22,-3,KC 28,72.0,1,CONVERSION,CLUTCH_RESPONSE
2005_14_NYG_PHI,2005,REG,14,2005-12-11,PHI,NYG,00-0020308,M.McMahon,18,4,03:28,-3,PHI 43,57.0,0,CONVERSION,CLUTCH_RESPONSE
2005_14_NYG_PHI,2005,REG,14,2005-12-11,NYG,PHI,00-0022803,E.Manning,24,5,05:38,0,PHI 27,27.0,1,CONVERSION,CLUTCH_RESPONSE
2005_15_CLE_OAK,2005,REG,15,2005-12-18,CLE,LV,00-0023502,C.Frye,21,4,03:15,-1,CLE 37,63.0,1,CONVERSION,CLUTCH_RESPONSE
2005_15_NYJ_MIA,2005,REG,15,2005-12-18,MIA,NYJ,00-0020480,S.Rosenfels,25,4,12:14,0,MIA 42,58.0,0,CONVERSION,CLUTCH_RESPONSE
2005_15_SD_IND,2005,REG,15,2005-12-18,LAC,IND,00-0020531,D.Brees,21,4,10:09,-1,LAC 8,92.0,0,CONVERSION,CLUTCH_RESPONSE
2005_15_SEA_TEN,2005,REG,15,2005-12-18,SEA,TEN,00-0007091,M.Hasselbeck,15,4,14:53,-3,SEA 7,93.0,0,CONVERSION,CLUTCH_RESPONSE
2005_15_SF_JAX,2005,REG,15,2005-12-18,JAX,SF,00-0021231,D.Garrard,19,4,14:56,-2,JAX 40,60.0,0,CONVERSION,CLUTCH_RESPONSE
2005_16_ATL_TB,2005,REG,16,2005-12-24,TB,ATL,00-0022005,C.Simms,19,4,14:27,-3,TB 25,75.0,0,CONVERSION,CLUTCH_RESPONSE
2005_16_ATL_TB,2005,REG,16,2005-12-24,ATL,TB,00-0020245,M.Vick,20,4,09:01,0,ATL 21,79.0,0,CONVERSION,CLUTCH_RESPONSE
2005_16_ATL_TB,2005,REG,16,2005-12-24,TB,ATL,00-0022005,C.Simms,21,4,04:18,-7,TB 35,65.0,0,CONVERSION,CLUTCH_RESPONSE
2005_16_ATL_TB,2005,REG,16,2005-12-24,ATL,TB,00-0020245,M.Vick,23,5,14:53,0,TB 18,18.0,0,CONVERSION,CLUTCH_RESPONSE
2005_16_ATL_TB,2005,REG,16,2005-12-24,TB,ATL,00-0022005,C.Simms,24,5,13:27,0,TB 31,69.0,0,CONVERSION,CLUTCH_RESPONSE
2005_16_ATL_TB,2005,REG,16,2005-12-24,TB,ATL,00-0022005,C.Simms,28,5,00:54,0,ATL 49,49.0,1,CONVERSION,CLUTCH_RESPONSE
2005_16_BUF_CIN,2005,REG,16,2005-12-24,CIN,BUF,00-0021429,C.Palmer,17,4,11:29,-3,BUF 48,48.0,0,CONVERSION,CLUTCH_RESPONSE
2005_16_BUF_CIN,2005,REG,16,2005-12-24,BUF,CIN,00-0007576,K.Holcomb,18,4,07:27,0,BUF 30,70.0,1,CONVERSION,CLUTCH_RESPONSE
2005_16_DAL_CAR,2005,REG,16,2005-12-24,CAR,DAL,00-0004161,J.Delhomme,26,4,05:56,-4,CAR 36,64.0,0,CONVERSION,CLUTCH_RESPONSE
2005_16_DAL_CAR,2005,REG,16,2005-12-24,DAL,CAR,00-0001361,D.Bledsoe,27,4,02:32,-3,DAL 42,58.0,1,CONVERSION,CLUTCH_RESPONSE
2005_16_DET_NO,2005,REG,16,2005-12-24,DET,NO,00-0021141,J.Harrington,17,4,14:01,-2,DET 9,91.0,0,CONVERSION,CLUTCH_RESPONSE
2005_16_DET_NO,2005,REG,16,2005-12-24,NO,DET,00-0001545,T.Bouman,18,4,07:14,-1,NO 28,72.0,1,CONVERSION,CLUTCH_RESPONSE
2005_16_DET_NO,2005,REG,16,2005-12-24,DET,NO,00-0021141,J.Harrington,19,4,01:52,-2,DET 19,81.0,1,CONVERSION,CLUTCH_RESPONSE
2005_16_JAX_HOU,2005,REG,16,2005-12-24,HOU,JAX,00-0020608,D.Carr,14,4,13:34,-4,HOU 34,66.0,0,CONVERSION,CLUTCH_RESPONSE
2005_16_JAX_HOU,2005,REG,16,2005-12-24,JAX,HOU,00-0021231,D.Garrard,15,4,12:15,-3,JAX 34,66.0,0,CONVERSION,CLUTCH_RESPONSE
2005_16_SF_STL,2005,REG,16,2005-12-24,SF,LA,00-0023436,A.Smith,19,4,09:11,-3,SF 23,77.0,1,CONVERSION,CLUTCH_RESPONSE
2005_17_BUF_NYJ,2005,REG,17,2006-01-01,BUF,NYJ,00-0007576,K.Holcomb,19,4,10:35,0,BUF 35,65.0,0,CONVERSION,CLUTCH_RESPONSE
2005_17_HOU_SF,2005,REG,17,2006-01-01,HOU,SF,00-0000722,T.Banks,22,4,10:15,0,50,50.0,0,CONVERSION,CLUTCH_RESPONSE
2005_17_HOU_SF,2005,REG,17,2006-01-01,SF,HOU,00-0023436,A.Smith,29,5,05:13,0,HOU 21,21.0,1,CONVERSION,CLUTCH_RESPONSE
2005_17_STL_DAL,2005,REG,17,2006-01-01,LA,DAL,00-0010455,J.Martin,19,4,13:31,0,DAL 40,40.0,0,CONVERSION,CLUTCH_RESPONSE
2005_17_WAS_PHI,2005,REG,17,2006-01-01,WAS,PHI,00-0002110,M.Brunell,25,4,12:28,-3,PHI 22,22.0,0,CONVERSION,CLUTCH_RESPONSE
2006_01_MIA_PIT,2006,REG,1,2006-09-07,PIT,MIA,00-0000865,C.Batch,19,4,06:25,-3,PIT 13,87.0,0,CONVERSION,CLUTCH_RESPONSE
2006_01_MIN_WAS,2006,REG,1,2006-09-11,MIN,WAS,00-0008442,B.Johnson,19,4,05:34,0,MIN 33,67.0,1,CONVERSION,CLUTCH_RESPONSE
2006_01_NYJ_TEN,2006,REG,1,2006-09-10,TEN,NYJ,,,23,4,06:03,-8,NYJ 1,1.0,0,CONVERSION,CLUTCH_RESPONSE
2006_01_NYJ_TEN,2006,REG,1,2006-09-10,NYJ,TEN,00-0019559,C.Pennington,24,4,05:58,0,NYJ 43,57.0,1,CONVERSION,CLUTCH_RESPONSE
2006_01_SEA_DET,2006,REG,1,2006-09-10,DET,SEA,00-0009311,J.Kitna,18,4,11:50,-3,DET 20,80.0,0,CONVERSION,CLUTCH_RESPONSE
2006_01_SEA_DET,2006,REG,1,2006-09-10,SEA,DET,00-0007091,M.Hasselbeck,21,4,03:13,0,SEA 20,80.0,1,CONVERSION,CLUTCH_RESPONSE
2006_02_CAR_MIN,2006,REG,2,2006-09-17,MIN,CAR,00-0008442,B.Johnson,20,4,09:50,-7,CAR 21,21.0,0,CONVERSION,CLUTCH_RESPONSE
2006_02_CAR_MIN,2006,REG,2,2006-09-17,MIN,CAR,00-0008442,B.Johnson,27,5,13:05,0,MIN 21,79.0,1,CONVERSION,CLUTCH_RESPONSE
2006_02_KC_DEN,2006,REG,2,2006-09-17,DEN,KC,00-0013042,J.Plummer,17,4,13:10,-3,DEN 20,80.0,0,CONVERSION,CLUTCH_RESPONSE
2006_02_KC_DEN,2006,REG,2,2006-09-17,DEN,KC,00-0013042,J.Plummer,22,5,15:00,0,DEN 16,84.0,1,CONVERSION,CLUTCH_RESPONSE
2006_02_NO_GB,2006,REG,2,2006-09-17,NO,GB,00-0020531,D.Brees,23,4,10:47,0,NO 35,65.0,0,CONVERSION,CLUTCH_RESPONSE
2006_02_NYG_PHI,2006,REG,2,2006-09-17,NYG,PHI,00-0022803,E.Manning,25,4,00:58,-3,NYG 20,80.0,0,CONVERSION,CLUTCH_RESPONSE
2006_02_NYG_PHI,2006,REG,2,2006-09-17,NYG,PHI,00-0022803,E.Manning,29,5,09:55,0,NYG 15,85.0,1,CONVERSION,CLUTCH_RESPONSE
2006_03_BAL_CLE,2006,REG,3,2006-09-24,BAL,CLE,00-0011024,S.McNair,23,4,03:21,-2,BAL 20,80.0,1,CONVERSION,CLUTCH_RESPONSE
2006_03_CAR_TB,2006,REG,3,2006-09-24,TB,CAR,00-0022005,C.Simms,21,4,10:04,-2,TB 39,61.0,0,CONVERSION,CLUTCH_RESPONSE
2006_03_CAR_TB,2006,REG,3,2006-09-24,CAR,TB,00-0004161,J.Delhomme,24,4,01:41,-1,CAR 23,77.0,1,CONVERSION,CLUTCH_RESPONSE
2006_03_CHI_MIN,2006,REG,3,2006-09-24,CHI,MIN,00-0022121,R.Grossman,20,4,03:25,-4,MIN 37,37.0,1,CONVERSION,CLUTCH_RESPONSE
2006_03_CIN_PIT,2006,REG,3,2006-09-24,CIN,PIT,00-0021429,C.Palmer,19,4,08:02,-3,PIT 9,9.0,0,CONVERSION,CLUTCH_RESPONSE
2006_03_TEN_MIA,2006,REG,3,2006-09-24,MIA,TEN,00-0003739,D.Culpepper,22,4,08:05,0,MIA 29,71.0,0,CONVERSION,CLUTCH_RESPONSE
2006_04_DET_STL,2006,REG,4,2006-10-01,LA,DET,00-0019599,M.Bulger,24,4,04:42,-1,LA 44,56.0,0,CONVERSION,CLUTCH_RESPONSE
2006_04_IND_NYJ,2006,REG,4,2006-10-01,NYJ,IND,00-0019559,C.Pennington,16,4,12:58,-3,NYJ 38,62.0,0,CONVERSION,CLUTCH_RESPONSE
2006_04_IND_NYJ,2006,REG,4,2006-10-01,IND,NYJ,00-0010346,P.Manning,17,4,07:55,-4,IND 32,68.0,0,CONVERSION,CLUTCH_RESPONSE
2006_04_IND_NYJ,2006,REG,4,2006-10-01,IND,NYJ,00-0010346,P.Manning,19,4,02:20,-4,IND 39,61.0,1,CONVERSION,CLUTCH_RESPONSE
2006_04_JAX_WAS,2006,REG,4,2006-10-01,JAX,WAS,00-0022177,B.Leftwich,24,4,08:57,-3,WAS 33,33.0,0,CONVERSION,CLUTCH_RESPONSE
2006_04_JAX_WAS,2006,REG,4,2006-10-01,WAS,JAX,00-0002110,M.Brunell,25,4,06:40,0,WAS 49,51.0,0,CONVERSION,CLUTCH_RESPONSE
2006_04_JAX_WAS,2006,REG,4,2006-10-01,JAX,WAS,00-0022177,B.Leftwich,26,4,01:55,-3,JAX 33,67.0,1,CONVERSION,CLUTCH_RESPONSE
2006_04_JAX_WAS,2006,REG,4,2006-10-01,WAS,JAX,00-0002110,M.Brunell,28,5,15:00,0,WAS 20,80.0,1,CONVERSION,CLUTCH_RESPONSE
2006_04_NO_CAR,2006,REG,4,2006-10-01,CAR,NO,00-0004161,J.Delhomme,17,4,13:33,-3,CAR 9,91.0,0,CONVERSION,CLUTCH_RESPONSE
2006_04_SD_BAL,2006,REG,4,2006-10-01,BAL,LAC,00-0011024,S.McNair,25,4,03:12,-4,BAL 40,60.0,1,CONVERSION,CLUTCH_RESPONSE
2006_05_BAL_DEN,2006,REG,5,2006-10-09,DEN,BAL,00-0013042,J.Plummer,17,4,12:32,0,DEN 36,64.0,0,CONVERSION,CLUTCH_RESPONSE
2006_05_DAL_PHI,2006,REG,5,2006-10-08,PHI,DAL,00-0011022,D.McNabb,27,4,11:14,0,PHI 24,76.0,0,CONVERSION,CLUTCH_RESPONSE
2006_05_DET_MIN,2006,REG,5,2006-10-08,MIN,DET,00-0008442,B.Johnson,21,4,08:07,-1,MIN 37,63.0,1,CONVERSION,CLUTCH_RESPONSE
2006_05_KC_ARI,2006,REG,5,2006-10-08,KC,ARI,00-0007835,D.Huard,25,4,05:53,-3,ARI 22,22.0,0,CONVERSION,CLUTCH_RESPONSE
2006_05_KC_ARI,2006,REG,5,2006-10-08,KC,ARI,00-0007835,D.Huard,27,4,02:31,0,KC 13,87.0,1,CONVERSION,CLUTCH_RESPONSE
2006_05_TB_NO,2006,REG,5,2006-10-08,TB,NO,00-0024408,B.Gradkowski,19,4,11:49,-3,NO 40,40.0,0,CONVERSION,CLUTCH_RESPONSE
2006_05_TEN_IND,2006,REG,5,2006-10-08,IND,TEN,00-0010346,P.Manning,18,4,09:38,-6,TEN 43,43.0,0,CONVERSION,CLUTCH_RESPONSE
2006_06_CHI_ARI,2006,REG,6,2006-10-16,ARI,CHI,00-0024225,M.Leinart,30,4,02:58,-1,ARI 38,62.0,1,CONVERSION,CLUTCH_RESPONSE
2006_06_CIN_TB,2006,REG,6,2006-10-15,TB,CIN,00-0024408,B.Gradkowski,23,4,04:21,-6,TB 46,54.0,1,CONVERSION,CLUTCH_RESPONSE
2006_06_PHI_NO,2006,REG,6,2006-10-15,NO,PHI,00-0020531,D.Brees,21,4,14:54,-7,NO 31,69.0,0,CONVERSION,CLUTCH_RESPONSE
2006_06_PHI_NO,2006,REG,6,2006-10-15,NO,PHI,00-0020531,D.Brees,23,4,08:26,0,NO 15,85.0,1,CONVERSION,CLUTCH_RESPONSE
2006_06_SEA_STL,2006,REG,6,2006-10-15,SEA,LA,00-0007091,M.Hasselbeck,15,4,14:14,-4,LA 22,22.0,0,CONVERSION,CLUTCH_RESPONSE
2006_06_SEA_STL,2006,REG,6,2006-10-15,LA,SEA,00-0019599,M.Bulger,22,4,02:48,-6,LA 7,93.0,1,CONVERSION,CLUTCH_RESPONSE
2006_06_SEA_STL,2006,REG,6,2006-10-15,SEA,LA,00-0007091,M.Hasselbeck,23,4,01:44,-1,SEA 17,83.0,1,CONVERSION,CLUTCH_RESPONSE
2006_06_TEN_WAS,2006,REG,6,2006-10-15,WAS,TEN,00-0002110,M.Brunell,19,4,12:12,-8,WAS 44,56.0,0,CONVERSION,CLUTCH_RESPONSE
2006_06_TEN_WAS,2006,REG,6,2006-10-15,TEN,WAS,00-0024218,V.Young,22,4,08:16,0,WAS 43,43.0,0,CONVERSION,CLUTCH_RESPONSE
2006_07_CAR_CIN,2006,REG,7,2006-10-22,CIN,CAR,00-0021429,C.Palmer,19,4,14:08,-4,CIN 14,86.0,0,CONVERSION,CLUTCH_RESPONSE
2006_07_PHI_TB,2006,REG,7,2006-10-22,PHI,TB,00-0011022,D.McNabb,19,4,02:49,-6,PHI 20,80.0,1,CONVERSION,CLUTCH_RESPONSE
2006_07_PHI_TB,2006,REG,7,2006-10-22,TB,PHI,00-0024408,B.Gradkowski,20,4,00:33,-1,TB 36,64.0,1,CONVERSION,CLUTCH_RESPONSE
2006_07_PIT_ATL,2006,REG,7,2006-10-22,PIT,ATL,00-0000865,C.Batch,25,4,06:24,-7,PIT 21,79.0,0,CONVERSION,CLUTCH_RESPONSE
2006_07_PIT_ATL,2006,REG,7,2006-10-22,ATL,PIT,00-0020245,M.Vick,28,5,15:00,0,ATL 21,79.0,1,CONVERSION,CLUTCH_RESPONSE
2006_07_SD_KC,2006,REG,7,2006-10-22,LAC,KC,00-0022942,P.Rivers,22,4,07:36,-7,KC 23,23.0,0,CONVERSION,CLUTCH_RESPONSE
2006_07_SD_KC,2006,REG,7,2006-10-22,KC,LAC,00-0007835,D.Huard,25,4,00:33,0,KC 18,82.0,1,CONVERSION,CLUTCH_RESPONSE
2006_08_DAL_CAR,2006,REG,8,2006-10-29,DAL,CAR,00-0021678,T.Romo,17,4,09:47,-1,CAR 14,14.0,0,CONVERSION,CLUTCH_RESPONSE
2006_08_IND_DEN,2006,REG,8,2006-10-29,DEN,IND,00-0013042,J.Plummer,14,4,11:37,-2,DEN 20,80.0,0,CONVERSION,CLUTCH_RESPONSE
2006_08_IND_DEN,2006,REG,8,2006-10-29,IND,DEN,00-0010346,P.Manning,15,4,06:54,-5,IND 20,80.0,0,CONVERSION,CLUTCH_RESPONSE
2006_08_IND_DEN,2006,REG,8,2006-10-29,DEN,IND,00-0013042,J.Plummer,16,4,03:35,-3,DEN 20,80.0,1,CONVERSION,CLUTCH_RESPONSE
2006_08_IND_DEN,2006,REG,8,2006-10-29,IND,DEN,00-0010346,P.Manning,17,4,01:49,0,IND 20,80.0,1,CONVERSION,CLUTCH_RESPONSE
2006_08_SEA_KC,2006,REG,8,2006-10-29,SEA,KC,00-0022055,S.Wallace,18,4,07:07,-6,SEA 40,60.0,0,CONVERSION,CLUTCH_RESPONSE
2006_08_SEA_KC,2006,REG,8,2006-10-29,KC,SEA,00-0007835,D.Huard,19,4,06:30,-1,KC 20,80.0,1,CONVERSION,CLUTCH_RESPONSE
2006_09_DAL_WAS,2006,REG,9,2006-11-05,DAL,WAS,00-0021678,T.Romo,22,4,00:31,0,DAL 39,61.0,1,CONVERSION,CLUTCH_RESPONSE
2006_09_DAL_WAS,2006,REG,9,2006-11-05,WAS,DAL,00-0002110,M.Brunell,23,4,00:00,0,DAL 29,29.0,1,CONVERSION,CLUTCH_RESPONSE
2006_09_GB_BUF,2006,REG,9,2006-11-05,GB,BUF,00-0005106,B.Favre,19,4,14:42,-3,GB 45,55.0,0,CONVERSION,CLUTCH_RESPONSE
2006_09_GB_BUF,2006,REG,9,2006-11-05,BUF,GB,00-0022912,J.Losman,22,4,08:28,0,GB 33,33.0,0,CONVERSION,CLUTCH_RESPONSE
2006_09_HOU_NYG,2006,REG,9,2006-11-05,NYG,HOU,00-0022803,E.Manning,13,4,12:41,-3,NYG 33,67.0,0,CONVERSION,CLUTCH_RESPONSE
2006_10_BAL_TEN,2006,REG,10,2006-11-12,BAL,TEN,00-0011024,S.McNair,23,4,05:09,-6,50,50.0,0,CONVERSION,CLUTCH_RESPONSE
2006_10_BAL_TEN,2006,REG,10,2006-11-12,TEN,BAL,00-0024218,V.Young,26,4,01:50,-1,TEN 34,66.0,1,CONVERSION,CLUTCH_RESPONSE
2006_10_BUF_IND,2006,REG,10,2006-11-12,BUF,IND,00-0022912,J.Losman,17,4,08:49,-1,IND 41,41.0,1,CONVERSION,CLUTCH_RESPONSE
2006_10_SD_CIN,2006,REG,10,2006-11-12,LAC,CIN,00-0022942,P.Rivers,21,4,14:46,-3,CIN 9,9.0,0,CONVERSION,CLUTCH_RESPONSE
2006_10_STL_SEA,2006,REG,10,2006-11-12,LA,SEA,00-0019599,M.Bulger,18,4,08:19,-5,LA 31,69.0,1,CONVERSION,CLUTCH_RESPONSE
2006_10_STL_SEA,2006,REG,10,2006-11-12,SEA,LA,00-0022055,S.Wallace,19,4,02:30,-1,LA 49,49.0,1,CONVERSION,CLUTCH_RESPONSE
2006_11_BUF_HOU,2006,REG,11,2006-11-19,BUF,HOU,00-0022912,J.Losman,23,4,01:44,-4,BUF 45,55.0,1,CONVERSION,CLUTCH_RESPONSE
2006_11_CIN_NO,2006,REG,11,2006-11-19,CIN,NO,00-0021429,C.Palmer,19,4,13:39,0,CIN 22,78.0,0,CONVERSION,CLUTCH_RESPONSE
2006_11_IND_DAL,2006,REG,11,2006-11-19,DAL,IND,00-0021678,T.Romo,18,4,09:51,0,DAL 20,80.0,0,CONVERSION,CLUTCH_RESPONSE
2006_11_OAK_KC,2006,REG,11,2006-11-19,KC,LV,00-0006355,T.Green,15,4,04:53,-3,KC 20,80.0,1,CONVERSION,CLUTCH_RESPONSE
2006_11_PIT_CLE,2006,REG,11,2006-11-19,PIT,CLE,00-0022924,B.Roethlisberger,21,4,03:06,-3,PIT 23,77.0,1,CONVERSION,CLUTCH_RESPONSE
2006_11_SD_DEN,2006,REG,11,2006-11-19,LAC,DEN,00-0022942,P.Rivers,18,4,11:13,-6,LAC 45,55.0,0,CONVERSION,CLUTCH_RESPONSE
2006_11_WAS_TB,2006,REG,11,2006-11-19,TB,WAS,00-0024408,B.Gradkowski,16,4,10:53,0,WAS 40,40.0,0,CONVERSION,CLUTCH_RESPONSE
2006_12_CAR_WAS,2006,REG,12,2006-11-26,WAS,CAR,00-0023460,J.Campbell,24,4,05:51,-3,WAS 20,80.0,0,CONVERSION,CLUTCH_RESPONSE
2006_12_CHI_NE,2006,REG,12,2006-11-26,NE,CHI,00-0019596,T.Brady,20,4,14:53,0,NE 27,73.0,0,CONVERSION,CLUTCH_RESPONSE
2006_12_JAX_BUF,2006,REG,12,2006-11-26,JAX,BUF,00-0021231,D.Garrard,22,4,02:58,-7,JAX 38,62.0,1,CONVERSION,CLUTCH_RESPONSE
2006_12_JAX_BUF,2006,REG,12,2006-11-26,BUF,JAX,00-0022912,J.Losman,23,4,00:28,0,BUF 40,60.0,1,CONVERSION,CLUTCH_RESPONSE
2006_12_NYG_TEN,2006,REG,12,2006-11-26,TEN,NYG,00-0024218,V.Young,21,4,03:07,-7,TEN 24,76.0,0,CONVERSION,CLUTCH_RESPONSE
2006_12_NYG_TEN,2006,REG,12,2006-11-26,TEN,NYG,00-0024218,V.Young,23,4,00:23,0,NYG 49,49.0,1,CONVERSION,CLUTCH_RESPONSE
2006_12_OAK_SD,2006,REG,12,2006-11-26,LAC,LV,00-0022942,P.Rivers,19,4,13:26,-7,LV 48,48.0,0,CONVERSION,CLUTCH_RESPONSE
2006_12_OAK_SD,2006,REG,12,2006-11-26,LAC,LV,00-0022942,P.Rivers,21,4,06:54,0,LAC 33,67.0,0,CONVERSION,CLUTCH_RESPONSE
2006_12_SF_STL,2006,REG,12,2006-11-26,LA,SF,00-0019599,M.Bulger,18,4,03:54,-4,LA 20,80.0,1,CONVERSION,CLUTCH_RESPONSE
2006_13_CAR_PHI,2006,REG,13,2006-12-04,PHI,CAR,00-0005755,J.Garcia,23,4,11:08,-7,PHI 27,73.0,0,CONVERSION,CLUTCH_RESPONSE
2006_13_CAR_PHI,2006,REG,13,2006-12-04,PHI,CAR,00-0005755,J.Garcia,25,4,07:15,0,CAR 37,37.0,1,CONVERSION,CLUTCH_RESPONSE
2006_13_DAL_NYG,2006,REG,13,2006-12-03,DAL,NYG,00-0021678,T.Romo,17,4,09:44,0,DAL 34,66.0,0,CONVERSION,CLUTCH_RESPONSE
2006_13_DAL_NYG,2006,REG,13,2006-12-03,NYG,DAL,00-0022803,E.Manning,18,4,03:33,-7,NYG 37,63.0,1,CONVERSION,CLUTCH_RESPONSE
2006_13_DAL_NYG,2006,REG,13,2006-12-03,DAL,NYG,00-0021678,T.Romo,19,4,01:06,0,DAL 32,68.0,1,CONVERSION,CLUTCH_RESPONSE
2006_13_DET_NE,2006,REG,13,2006-12-03,NE,DET,00-0019596,T.Brady,17,4,13:07,-8,NE 42,58.0,0,CONVERSION,CLUTCH_RESPONSE
2006_13_DET_NE,2006,REG,13,2006-12-03,NE,DET,00-0019596,T.Brady,21,4,05:57,0,DET 32,32.0,1,CONVERSION,CLUTCH_RESPONSE
2006_13_HOU_OAK,2006,REG,13,2006-12-03,HOU,LV,00-0020608,D.Carr,21,4,12:01,0,LV 21,21.0,0,CONVERSION,CLUTCH_RESPONSE
2006_13_IND_TEN,2006,REG,13,2006-12-03,IND,TEN,00-0010346,P.Manning,17,4,07:19,-3,IND 15,85.0,1,CONVERSION,CLUTCH_RESPONSE
2006_13_IND_TEN,2006,REG,13,2006-12-03,TEN,IND,00-0024218,V.Young,18,4,02:38,0,TEN 25,75.0,1,CONVERSION,CLUTCH_RESPONSE
2006_13_KC_CLE,2006,REG,13,2006-12-03,CLE,KC,00-0023645,D.Anderson,15,4,05:17,-7,CLE 30,70.0,0,CONVERSION,CLUTCH_RESPONSE
2006_13_KC_CLE,2006,REG,13,2006-12-03,CLE,KC,00-0023645,D.Anderson,20,5,13:03,0,CLE 22,78.0,1,CONVERSION,CLUTCH_RESPONSE
2006_13_SEA_DEN,2006,REG,13,2006-12-03,SEA,DEN,00-0007091,M.Hasselbeck,25,4,09:42,-6,SEA 39,61.0,0,CONVERSION,CLUTCH_RESPONSE
2006_13_SEA_DEN,2006,REG,13,2006-12-03,DEN,SEA,00-0024226,J.Cutler,29,4,02:58,-7,DEN 29,71.0,1,CONVERSION,CLUTCH_RESPONSE
2006_13_SEA_DEN,2006,REG,13,2006-12-03,SEA,DEN,00-0007091,M.Hasselbeck,30,4,02:37,0,SEA 14,86.0,1,CONVERSION,CLUTCH_RESPONSE
2006_14_TEN_HOU,2006,REG,14,2006-12-10,TEN,HOU,00-0024218,V.Young,20,4,12:00,-4,TEN 12,88.0,0,CONVERSION,CLUTCH_RESPONSE
2006_14_TEN_HOU,2006,REG,14,2006-12-10,HOU,TEN,00-0020608,D.Carr,21,4,03:53,-3,HOU 39,61.0,1,CONVERSION,CLUTCH_RESPONSE
2006_14_TEN_HOU,2006,REG,14,2006-12-10,TEN,HOU,00-0024218,V.Young,24,5,15:00,0,TEN 43,57.0,1,CONVERSION,CLUTCH_RESPONSE
2006_15_PHI_NYG,2006,REG,15,2006-12-17,PHI,NYG,00-0005755,J.Garcia,17,4,14:08,-2,NYG 36,36.0,0,CONVERSION,CLUTCH_RESPONSE
2006_15_PHI_NYG,2006,REG,15,2006-12-17,NYG,PHI,00-0022803,E.Manning,20,4,09:02,-5,PHI 35,35.0,0,CONVERSION,CLUTCH_RESPONSE
2006_15_PHI_NYG,2006,REG,15,2006-12-17,PHI,NYG,00-0005755,J.Garcia,21,4,06:59,-1,PHI 20,80.0,1,CONVERSION,CLUTCH_RESPONSE
2006_15_TB_CHI,2006,REG,15,2006-12-17,TB,CHI,00-0019623,T.Rattay,28,4,04:31,-7,50,50.0,0,CONVERSION,CLUTCH_RESPONSE
2006_15_TB_CHI,2006,REG,15,2006-12-17,CHI,TB,00-0022121,R.Grossman,33,5,14:08,0,TB 22,22.0,0,CONVERSION,CLUTCH_RESPONSE
2006_15_TB_CHI,2006,REG,15,2006-12-17,CHI,TB,00-0022121,R.Grossman,37,5,06:23,0,50,50.0,1,CONVERSION,CLUTCH_RESPONSE
2006_16_CHI_DET,2006,REG,16,2006-12-24,CHI,DET,00-0006423,B.Griese,22,4,10:07,-1,CHI 7,93.0,0,CONVERSION,CLUTCH_RESPONSE
2006_16_CIN_DEN,2006,REG,16,2006-12-24,CIN,DEN,00-0021429,C.Palmer,26,4,03:52,-7,CIN 10,90.0,1,CONVERSION,CLUTCH_RESPONSE
2006_16_IND_HOU,2006,REG,16,2006-12-24,IND,HOU,00-0010346,P.Manning,13,4,06:54,-7,IND 29,71.0,1,CONVERSION,CLUTCH_RESPONSE
2006_16_IND_HOU,2006,REG,16,2006-12-24,HOU,IND,00-0020608,D.Carr,14,4,02:41,0,HOU 39,61.0,1,CONVERSION,CLUTCH_RESPONSE
2006_16_MIN_GB,2006,REG,16,2006-12-21,GB,MIN,00-0005106,B.Favre,24,4,04:47,-1,GB 33,67.0,1,CONVERSION,CLUTCH_RESPONSE
2006_16_NYJ_MIA,2006,REG,16,2006-12-25,NYJ,MIA,00-0019559,C.Pennington,22,4,13:26,-4,NYJ 20,80.0,0,CONVERSION,CLUTCH_RESPONSE
2006_16_NYJ_MIA,2006,REG,16,2006-12-25,MIA,NYJ,00-0020565,C.Lemon,24,4,06:54,-3,NYJ 42,42.0,1,CONVERSION,CLUTCH_RESPONSE
2006_16_NYJ_MIA,2006,REG,16,2006-12-25,NYJ,MIA,00-0019559,C.Pennington,25,4,02:09,0,NYJ 20,80.0,1,CONVERSION,CLUTCH_RESPONSE
2006_16_SD_SEA,2006,REG,16,2006-12-24,SEA,LAC,00-0007091,M.Hasselbeck,24,4,14:53,-6,LAC 45,45.0,0,CONVERSION,CLUTCH_RESPONSE
2006_16_SD_SEA,2006,REG,16,2006-12-24,LAC,SEA,00-0022942,P.Rivers,29,4,02:00,-4,LAC 41,59.0,1,CONVERSION,CLUTCH_RESPONSE
2006_16_TEN_BUF,2006,REG,16,2006-12-24,TEN,BUF,00-0024218,V.Young,20,4,09:25,-2,TEN 12,88.0,1,CONVERSION,CLUTCH_RESPONSE
2006_16_WAS_STL,2006,REG,16,2006-12-24,WAS,LA,00-0023460,J.Campbell,22,4,04:36,-3,LA 39,39.0,0,CONVERSION,CLUTCH_RESPONSE
2006_16_WAS_STL,2006,REG,16,2006-12-24,LA,WAS,00-0019599,M.Bulger,25,4,02:02,0,LA 13,87.0,0,CONVERSION,CLUTCH_RESPONSE
2006_16_WAS_STL,2006,REG,16,2006-12-24,LA,WAS,00-0019599,M.Bulger,28,5,10:32,0,WAS 39,39.0,1,CONVERSION,CLUTCH_RESPONSE
2006_17_ATL_PHI,2006,REG,17,2006-12-31,PHI,ATL,00-0020305,A.Feeley,18,4,13:33,0,PHI 11,89.0,0,CONVERSION,CLUTCH_RESPONSE
2006_17_DET_DAL,2006,REG,17,2006-12-31,DAL,DET,00-0021678,T.Romo,19,4,11:13,-6,DAL 1,99.0,0,CONVERSION,CLUTCH_RESPONSE
2006_17_DET_DAL,2006,REG,17,2006-12-31,DET,DAL,00-0009311,J.Kitna,20,4,08:09,-1,DET 28,72.0,0,CONVERSION,CLUTCH_RESPONSE
2006_17_PIT_CIN,2006,REG,17,2006-12-31,CIN,PIT,00-0021429,C.Palmer,16,4,13:24,-4,CIN 20,80.0,0,CONVERSION,CLUTCH_RESPONSE
2006_17_PIT_CIN,2006,REG,17,2006-12-31,PIT,CIN,00-0022924,B.Roethlisberger,17,4,12:20,-3,PIT 37,63.0,0,CONVERSION,CLUTCH_RESPONSE
2006_17_PIT_CIN,2006,REG,17,2006-12-31,CIN,PIT,00-0021429,C.Palmer,18,4,07:27,-4,CIN 27,73.0,0,CONVERSION,CLUTCH_RESPONSE
2006_17_PIT_CIN,2006,REG,17,2006-12-31,PIT,CIN,00-0022924,B.Roethlisberger,19,4,02:47,-3,PIT 17,83.0,0,CONVERSION,CLUTCH_RESPONSE
2006_17_PIT_CIN,2006,REG,17,2006-12-31,CIN,PIT,00-0021429,C.Palmer,20,4,01:03,0,CIN 33,67.0,1,CONVERSION,CLUTCH_RESPONSE
2006_17_PIT_CIN,2006,REG,17,2006-12-31,PIT,CIN,00-0022924,B.Roethlisberger,22,5,15:00,0,PIT 22,78.0,1,CONVERSION,CLUTCH_RESPONSE
2006_17_SF_DEN,2006,REG,17,2006-12-31,DEN,SF,00-0024226,J.Cutler,23,4,06:14,-7,DEN 20,80.0,0,CONVERSION,CLUTCH_RESPONSE
2006_17_SF_DEN,2006,REG,17,2006-12-31,SF,DEN,00-0023436,A.Smith,29,5,04:28,0,SF 39,61.0,1,CONVERSION,CLUTCH_RESPONSE
2006_18_DAL_SEA,2006,POST,18,2007-01-06,SEA,DAL,00-0007091,M.Hasselbeck,23,4,06:32,-5,50,50.0,0,CONVERSION,CLUTCH_RESPONSE
2006_18_NYG_PHI,2006,POST,18,2007-01-07,NYG,PHI,00-0022803,E.Manning,22,4,12:13,-7,NYG 20,80.0,1,CONVERSION,CLUTCH_RESPONSE
2006_18_NYG_PHI,2006,POST,18,2007-01-07,PHI,NYG,00-0005755,J.Garcia,23,4,05:04,0,PHI 34,66.0,1,CONVERSION,CLUTCH_RESPONSE
2006_19_NE_SD,2006,POST,19,2007-01-14,NE,LAC,00-0019596,T.Brady,26,4,06:16,-8,LAC 32,32.0,0,CONVERSION,CLUTCH_RESPONSE
2006_19_NE_SD,2006,POST,19,2007-01-14,NE,LAC,00-0019596,T.Brady,28,4,03:30,0,NE 15,85.0,0,CONVERSION,CLUTCH_RESPONSE
2006_19_SEA_CHI,2006,POST,19,2007-01-14,CHI,SEA,00-0022121,R.Grossman,22,4,10:15,-3,CHI 29,71.0,0,CONVERSION,CLUTCH_RESPONSE
2006_19_SEA_CHI,2006,POST,19,2007-01-14,CHI,SEA,00-0022121,R.Grossman,27,5,12:51,0,CHI 34,66.0,1,CONVERSION,CLUTCH_RESPONSE
2006_20_NE_IND,2006,POST,20,2007-01-21,NE,IND,00-0019596,T.Brady,18,4,10:26,0,IND 43,43.0,0,CONVERSION,CLUTCH_RESPONSE
2006_20_NE_IND,2006,POST,20,2007-01-21,IND,NE,00-0010346,P.Manning,19,4,07:42,-3,IND 23,77.0,0,CONVERSION,CLUTCH_RESPONSE
2006_20_NE_IND,2006,POST,20,2007-01-21,NE,IND,00-0019596,T.Brady,20,4,05:31,0,NE 46,54.0,0,CONVERSION,CLUTCH_RESPONSE
2006_20_NE_IND,2006,POST,20,2007-01-21,IND,NE,00-0010346,P.Manning,23,4,02:17,-3,IND 20,80.0,1,CONVERSION,CLUTCH_RESPONSE
2007_01_ARI_SF,2007,REG,1,2007-09-10,ARI,SF,00-0024225,M.Leinart,20,4,11:09,-3,ARI 42,58.0,0,CONVERSION,CLUTCH_RESPONSE
2007_01_ARI_SF,2007,REG,1,2007-09-10,SF,ARI,00-0023436,A.Smith,23,4,02:58,-4,SF 14,86.0,1,CONVERSION,CLUTCH_RESPONSE
2007_01_BAL_CIN,2007,REG,1,2007-09-10,CIN,BAL,00-0021429,C.Palmer,25,4,09:32,-1,BAL 22,22.0,0,CONVERSION,CLUTCH_RESPONSE
2007_01_DEN_BUF,2007,REG,1,2007-09-09,DEN,BUF,00-0024226,J.Cutler,17,4,08:33,-2,DEN 25,75.0,0,CONVERSION,CLUTCH_RESPONSE
2007_01_DEN_BUF,2007,REG,1,2007-09-09,DEN,BUF,00-0024226,J.Cutler,19,4,02:13,-2,DEN 34,66.0,1,CONVERSION,CLUTCH_RESPONSE
2007_01_DET_OAK,2007,REG,1,2007-09-09,LV,DET,00-0021206,J.McCown,20,4,12:13,-6,LV 30,70.0,0,CONVERSION,CLUTCH_RESPONSE
2007_01_DET_OAK,2007,REG,1,2007-09-09,DET,LV,00-0009311,J.Kitna,21,4,07:43,-1,DET 20,80.0,0,CONVERSION,CLUTCH_RESPONSE
2007_01_MIA_WAS,2007,REG,1,2007-09-09,WAS,MIA,00-0023460,J.Campbell,18,4,11:43,0,WAS 35,65.0,0,CONVERSION,CLUTCH_RESPONSE
2007_01_MIA_WAS,2007,REG,1,2007-09-09,MIA,WAS,00-0006355,T.Green,19,4,05:30,-3,MIA 20,80.0,0,CONVERSION,CLUTCH_RESPONSE
2007_01_MIA_WAS,2007,REG,1,2007-09-09,WAS,MIA,00-0023460,J.Campbell,23,5,15:00,0,WAS 20,80.0,1,CONVERSION,CLUTCH_RESPONSE
2007_01_PHI_GB,2007,REG,1,2007-09-09,GB,PHI,00-0005106,B.Favre,24,4,00:59,0,PHI 31,31.0,1,CONVERSION,CLUTCH_RESPONSE
2007_02_MIN_DET,2007,REG,2,2007-09-16,DET,MIN,00-0009311,J.Kitna,27,5,11:35,0,50,50.0,1,CONVERSION,CLUTCH_RESPONSE
2007_02_OAK_DEN,2007,REG,2,2007-09-16,DEN,LV,00-0024226,J.Cutler,18,4,08:55,-3,DEN 20,80.0,0,CONVERSION,CLUTCH_RESPONSE
2007_02_OAK_DEN,2007,REG,2,2007-09-16,DEN,LV,00-0024226,J.Cutler,23,5,11:09,0,DEN 42,58.0,1,CONVERSION,CLUTCH_RESPONSE
2007_02_SEA_ARI,2007,REG,2,2007-09-16,SEA,ARI,00-0007091,M.Hasselbeck,18,4,14:11,0,SEA 12,88.0,0,CONVERSION,CLUTCH_RESPONSE
2007_02_SEA_ARI,2007,REG,2,2007-09-16,ARI,SEA,00-0024225,M.Leinart,19,4,09:52,-3,ARI 20,80.0,0,CONVERSION,CLUTCH_RESPONSE
2007_02_SEA_ARI,2007,REG,2,2007-09-16,ARI,SEA,00-0024225,M.Leinart,21,4,01:48,0,SEA 46,46.0,1,CONVERSION,CLUTCH_RESPONSE
2007_02_SF_STL,2007,REG,2,2007-09-16,LA,SF,00-0019599,M.Bulger,19,4,11:38,-1,SF 41,41.0,0,CONVERSION,CLUTCH_RESPONSE
2007_02_SF_STL,2007,REG,2,2007-09-16,SF,LA,00-0023436,A.Smith,21,4,05:42,-2,LA 26,26.0,0,CONVERSION,CLUTCH_RESPONSE
2007_03_ARI_BAL,2007,REG,3,2007-09-23,ARI,BAL,00-0017200,K.Warner,20,4,05:33,-3,ARI 13,87.0,1,CONVERSION,CLUTCH_RESPONSE
2007_03_ARI_BAL,2007,REG,3,2007-09-23,BAL,ARI,00-0022164,K.Boller,21,4,01:50,0,BAL 20,80.0,1,CONVERSION,CLUTCH_RESPONSE
2007_03_CIN_SEA,2007,REG,3,2007-09-23,CIN,SEA,00-0021429,C.Palmer,21,4,14:47,-2,SEA 44,44.0,0,CONVERSION,CLUTCH_RESPONSE
2007_03_CIN_SEA,2007,REG,3,2007-09-23,SEA,CIN,00-0007091,M.Hasselbeck,22,4,09:57,-1,SEA 31,69.0,0,CONVERSION,CLUTCH_RESPONSE
2007_03_CIN_SEA,2007,REG,3,2007-09-23,CIN,SEA,00-0021429,C.Palmer,23,4,06:00,-2,CIN 32,68.0,1,CONVERSION,CLUTCH_RESPONSE
2007_03_CIN_SEA,2007,REG,3,2007-09-23,SEA,CIN,00-0007091,M.Hasselbeck,24,4,02:42,-4,SEA 40,60.0,0,CONVERSION,CLUTCH_RESPONSE
2007_03_CLE_OAK,2007,REG,3,2007-09-23,CLE,LV,00-0023645,D.Anderson,24,4,01:04,-2,CLE 9,91.0,1,CONVERSION,CLUTCH_RESPONSE
2007_03_NYG_WAS,2007,REG,3,2007-09-23,NYG,WAS,00-0022803,E.Manning,22,4,07:33,0,WAS 44,44.0,0,CONVERSION,CLUTCH_RESPONSE
2007_03_SD_GB,2007,REG,3,2007-09-23,GB,LAC,00-0005106,B.Favre,18,4,02:18,-4,GB 43,57.0,0,CONVERSION,CLUTCH_RESPONSE
2007_04_CHI_DET,2007,REG,4,2007-09-30,DET,CHI,00-0009311,J.Kitna,24,4,12:57,-3,DET 20,80.0,0,CONVERSION,CLUTCH_RESPONSE
2007_05_CAR_NO,2007,REG,5,2007-10-07,CAR,NO,00-0020608,D.Carr,15,4,10:11,-7,CAR 15,85.0,0,CONVERSION,CLUTCH_RESPONSE
2007_05_CAR_NO,2007,REG,5,2007-10-07,CAR,NO,00-0020608,D.Carr,19,4,02:14,0,CAR 44,56.0,1,CONVERSION,CLUTCH_RESPONSE
2007_05_CHI_GB,2007,REG,5,2007-10-07,CHI,GB,00-0006423,B.Griese,26,4,05:27,0,CHI 21,79.0,1,CONVERSION,CLUTCH_RESPONSE
2007_05_DAL_BUF,2007,REG,5,2007-10-08,DAL,BUF,00-0021678,T.Romo,25,4,00:20,-2,BUF 47,47.0,1,CONVERSION,CLUTCH_RESPONSE
2007_05_MIA_HOU,2007,REG,5,2007-10-07,HOU,MIA,00-0022787,M.Schaub,16,4,12:46,-3,HOU 34,66.0,0,CONVERSION,CLUTCH_RESPONSE
2007_05_MIA_HOU,2007,REG,5,2007-10-07,HOU,MIA,00-0022787,M.Schaub,18,4,01:33,0,HOU 3,97.0,1,CONVERSION,CLUTCH_RESPONSE
2007_05_NYJ_NYG,2007,REG,5,2007-10-07,NYG,NYJ,00-0022803,E.Manning,19,4,12:23,-3,NYG 2,98.0,0,CONVERSION,CLUTCH_RESPONSE
2007_06_CAR_ARI,2007,REG,6,2007-10-14,CAR,ARI,00-0016193,V.Testaverde,23,4,05:52,-1,CAR 10,90.0,0,CONVERSION,CLUTCH_RESPONSE
2007_06_MIN_CHI,2007,REG,6,2007-10-14,CHI,MIN,00-0006423,B.Griese,28,4,01:53,-7,CHI 19,81.0,1,CONVERSION,CLUTCH_RESPONSE
2007_06_MIN_CHI,2007,REG,6,2007-10-14,MIN,CHI,00-0024279,T.Jackson,29,4,01:38,0,CHI 38,38.0,1,CONVERSION,CLUTCH_RESPONSE
2007_06_TEN_TB,2007,REG,6,2007-10-14,TEN,TB,00-0003292,K.Collins,19,4,07:34,-7,TEN 14,86.0,0,CONVERSION,CLUTCH_RESPONSE
2007_06_TEN_TB,2007,REG,6,2007-10-14,TB,TEN,00-0005755,J.Garcia,20,4,01:17,0,TB 20,80.0,1,CONVERSION,CLUTCH_RESPONSE
2007_07_ATL_NO,2007,REG,7,2007-10-21,NO,ATL,00-0020531,D.Brees,19,4,10:19,-2,NO 31,69.0,0,CONVERSION,CLUTCH_RESPONSE
2007_07_CHI_PHI,2007,REG,7,2007-10-21,CHI,PHI,00-0006423,B.Griese,13,4,13:23,0,50,50.0,0,CONVERSION,CLUTCH_RESPONSE
2007_07_CHI_PHI,2007,REG,7,2007-10-21,PHI,CHI,00-0011022,D.McNabb,14,4,09:21,-3,PHI 26,74.0,0,CONVERSION,CLUTCH_RESPONSE
2007_07_CHI_PHI,2007,REG,7,2007-10-21,CHI,PHI,00-0006423,B.Griese,17,4,01:52,-4,CHI 3,97.0,1,CONVERSION,CLUTCH_RESPONSE
2007_07_KC_OAK,2007,REG,7,2007-10-21,KC,LV,00-0007835,D.Huard,24,4,14:40,-1,KC 26,74.0,0,CONVERSION,CLUTCH_RESPONSE
2007_07_PIT_DEN,2007,REG,7,2007-10-21,PIT,DEN,00-0022924,B.Roethlisberger,18,4,07:47,-7,PIT 22,78.0,1,CONVERSION,CLUTCH_RESPONSE
2007_07_PIT_DEN,2007,REG,7,2007-10-21,DEN,PIT,00-0024226,J.Cutler,19,4,01:10,0,DEN 20,80.0,1,CONVERSION,CLUTCH_RESPONSE
2007_07_TEN_HOU,2007,REG,7,2007-10-21,HOU,TEN,00-0020480,S.Rosenfels,29,4,01:37,-6,HOU 34,66.0,1,CONVERSION,CLUTCH_RESPONSE
2007_07_TEN_HOU,2007,REG,7,2007-10-21,TEN,HOU,00-0003292,K.Collins,30,4,00:57,-1,TEN 20,80.0,1,CONVERSION,CLUTCH_RESPONSE
2007_08_BUF_NYJ,2007,REG,8,2007-10-28,BUF,NYJ,00-0022912,J.Losman,16,4,14:16,0,BUF 41,59.0,0,CONVERSION,CLUTCH_RESPONSE
2007_08_GB_DEN,2007,REG,8,2007-10-29,DEN,GB,00-0024226,J.Cutler,16,4,02:27,-3,DEN 7,93.0,1,CONVERSION,CLUTCH_RESPONSE
2007_08_GB_DEN,2007,REG,8,2007-10-29,GB,DEN,00-0005106,B.Favre,17,5,15:00,0,GB 18,82.0,1,CONVERSION,CLUTCH_RESPONSE
2007_09_CIN_BUF,2007,REG,9,2007-11-04,BUF,CIN,00-0022912,J.Losman,18,4,09:52,-2,CIN 32,32.0,0,CONVERSION,CLUTCH_RESPONSE
2007_09_GB_KC,2007,REG,9,2007-11-04,GB,KC,00-0005106,B.Favre,19,4,11:11,-1,GB 40,60.0,0,CONVERSION,CLUTCH_RESPONSE
2007_09_GB_KC,2007,REG,9,2007-11-04,KC,GB,00-0007835,D.Huard,20,4,08:52,-2,KC 18,82.0,0,CONVERSION,CLUTCH_RESPONSE
2007_09_GB_KC,2007,REG,9,2007-11-04,GB,KC,00-0005106,B.Favre,21,4,05:18,-6,GB 18,82.0,0,CONVERSION,CLUTCH_RESPONSE
2007_09_NE_IND,2007,REG,9,2007-11-04,NE,IND,00-0019596,T.Brady,19,4,03:58,-3,NE 49,51.0,0,CONVERSION,CLUTCH_RESPONSE
2007_09_SEA_CLE,2007,REG,9,2007-11-04,CLE,SEA,00-0023645,D.Anderson,19,4,07:55,-5,CLE 11,89.0,0,CONVERSION,CLUTCH_RESPONSE
2007_09_SEA_CLE,2007,REG,9,2007-11-04,SEA,CLE,00-0007091,M.Hasselbeck,20,4,02:17,-3,SEA 29,71.0,0,CONVERSION,CLUTCH_RESPONSE
2007_09_SEA_CLE,2007,REG,9,2007-11-04,CLE,SEA,00-0023645,D.Anderson,22,5,12:45,0,CLE 44,56.0,1,CONVERSION,CLUTCH_RESPONSE
2007_09_WAS_NYJ,2007,REG,9,2007-11-04,WAS,NYJ,00-0023460,J.Campbell,13,4,13:55,-5,WAS 36,64.0,0,CONVERSION,CLUTCH_RESPONSE
2007_09_WAS_NYJ,2007,REG,9,2007-11-04,NYJ,WAS,00-0024264,K.Clemens,16,4,05:13,-3,NYJ 25,75.0,0,CONVERSION,CLUTCH_RESPONSE
2007_09_WAS_NYJ,2007,REG,9,2007-11-04,WAS,NYJ,00-0023460,J.Campbell,19,5,13:11,0,WAS 10,90.0,1,CONVERSION,CLUTCH_RESPONSE
2007_10_ATL_CAR,2007,REG,10,2007-11-11,CAR,ATL,00-0016193,V.Testaverde,22,4,07:49,-3,CAR 20,80.0,0,CONVERSION,CLUTCH_RESPONSE
2007_10_ATL_CAR,2007,REG,10,2007-11-11,ATL,CAR,00-0021141,J.Harrington,25,4,00:53,0,CAR 45,45.0,1,CONVERSION,CLUTCH_RESPONSE
2007_10_BUF_MIA,2007,REG,10,2007-11-11,BUF,MIA,00-0022912,J.Losman,19,4,04:37,0,50,50.0,1,CONVERSION,CLUTCH_RESPONSE
2007_10_CHI_OAK,2007,REG,10,2007-11-11,LV,CHI,00-0021206,J.McCown,21,4,08:01,0,LV 47,53.0,0,CONVERSION,CLUTCH_RESPONSE
2007_10_CHI_OAK,2007,REG,10,2007-11-11,CHI,LV,00-0022121,R.Grossman,22,4,04:04,-3,CHI 30,70.0,0,CONVERSION,CLUTCH_RESPONSE
2007_10_CLE_PIT,2007,REG,10,2007-11-11,PIT,CLE,00-0022924,B.Roethlisberger,20,4,14:47,-5,PIT 34,66.0,0,CONVERSION,CLUTCH_RESPONSE
2007_10_CLE_PIT,2007,REG,10,2007-11-11,PIT,CLE,00-0022924,B.Roethlisberger,22,4,11:14,-4,PIT 22,78.0,0,CONVERSION,CLUTCH_RESPONSE
2007_10_IND_SD,2007,REG,10,2007-11-11,IND,LAC,00-0010346,P.Manning,21,4,05:50,-2,LAC 42,42.0,0,CONVERSION,CLUTCH_RESPONSE
2007_10_PHI_WAS,2007,REG,10,2007-11-11,PHI,WAS,00-0011022,D.McNabb,18,4,04:15,-5,PHI 35,65.0,0,CONVERSION,CLUTCH_RESPONSE
2007_11_CLE_BAL,2007,REG,11,2007-11-18,BAL,CLE,00-0022164,K.Boller,25,4,05:12,-7,BAL 17,83.0,0,CONVERSION,CLUTCH_RESPONSE
2007_11_CLE_BAL,2007,REG,11,2007-11-18,BAL,CLE,00-0022164,K.Boller,27,4,01:49,0,BAL 22,78.0,1,CONVERSION,CLUTCH_RESPONSE
2007_11_CLE_BAL,2007,REG,11,2007-11-18,CLE,BAL,00-0023645,D.Anderson,28,4,00:26,-3,CLE 43,57.0,0,CONVERSION,CLUTCH_RESPONSE
2007_11_CLE_BAL,2007,REG,11,2007-11-18,CLE,BAL,00-0023645,D.Anderson,29,5,15:00,0,CLE 41,59.0,1,CONVERSION,CLUTCH_RESPONSE
2007_11_KC_IND,2007,REG,11,2007-11-18,IND,KC,00-0010346,P.Manning,23,4,06:59,0,IND 33,67.0,1,CONVERSION,CLUTCH_RESPONSE
2007_11_PIT_NYJ,2007,REG,11,2007-11-18,PIT,NYJ,00-0022924,B.Roethlisberger,16,4,12:16,0,PIT 36,64.0,0,CONVERSION,CLUTCH_RESPONSE
2007_11_PIT_NYJ,2007,REG,11,2007-11-18,NYJ,PIT,00-0024264,K.Clemens,21,4,02:23,-3,NYJ 14,86.0,0,CONVERSION,CLUTCH_RESPONSE
2007_11_PIT_NYJ,2007,REG,11,2007-11-18,NYJ,PIT,00-0024264,K.Clemens,25,5,12:00,0,PIT 26,26.0,1,CONVERSION,CLUTCH_RESPONSE
2007_12_DEN_CHI,2007,REG,12,2007-11-25,CHI,DEN,00-0022121,R.Grossman,31,4,02:58,-7,CHI 35,65.0,0,CONVERSION,CLUTCH_RESPONSE
2007_12_DEN_CHI,2007,REG,12,2007-11-25,CHI,DEN,00-0022121,R.Grossman,33,5,15:00,0,CHI 24,76.0,1,CONVERSION,CLUTCH_RESPONSE
2007_12_MIA_PIT,2007,REG,12,2007-11-26,PIT,MIA,00-0022924,B.Roethlisberger,18,4,04:13,0,MIA 42,42.0,1,CONVERSION,CLUTCH_RESPONSE
2007_12_OAK_KC,2007,REG,12,2007-11-25,LV,KC,00-0003739,D.Culpepper,18,4,10:51,-4,LV 23,77.0,0,CONVERSION,CLUTCH_RESPONSE
2007_12_PHI_NE,2007,REG,12,2007-11-25,NE,PHI,00-0019596,T.Brady,16,4,12:02,-4,NE 31,69.0,0,CONVERSION,CLUTCH_RESPONSE
2007_12_SEA_STL,2007,REG,12,2007-11-25,SEA,LA,00-0007091,M.Hasselbeck,26,4,10:47,-2,SEA 20,80.0,0,CONVERSION,CLUTCH_RESPONSE
2007_12_SF_ARI,2007,REG,12,2007-11-25,SF,ARI,00-0004293,T.Dilfer,24,4,04:33,-4,SF 30,70.0,0,CONVERSION,CLUTCH_RESPONSE
2007_12_SF_ARI,2007,REG,12,2007-11-25,ARI,SF,00-0017200,K.Warner,25,4,01:15,-3,ARI 15,85.0,0,CONVERSION,CLUTCH_RESPONSE
2007_12_SF_ARI,2007,REG,12,2007-11-25,ARI,SF,00-0017200,K.Warner,28,5,10:49,0,ARI 8,92.0,0,CONVERSION,CLUTCH_RESPONSE
2007_13_BUF_WAS,2007,REG,13,2007-12-02,BUF,WAS,00-0025479,T.Edwards,21,4,00:56,-2,BUF 22,78.0,1,CONVERSION,CLUTCH_RESPONSE
2007_13_NE_BAL,2007,REG,13,2007-12-03,NE,BAL,00-0019596,T.Brady,22,4,03:30,-4,NE 27,73.0,1,CONVERSION,CLUTCH_RESPONSE
2007_13_NYG_CHI,2007,REG,13,2007-12-02,NYG,CHI,00-0022803,E.Manning,24,4,04:55,-2,NYG 23,77.0,1,CONVERSION,CLUTCH_RESPONSE
2007_13_TB_NO,2007,REG,13,2007-12-02,TB,NO,00-0022864,L.McCown,20,4,03:30,-3,NO 37,37.0,1,CONVERSION,CLUTCH_RESPONSE
2007_14_DAL_DET,2007,REG,14,2007-12-09,DAL,DET,00-0021678,T.Romo,18,4,02:15,-6,DAL 17,83.0,1,CONVERSION,CLUTCH_RESPONSE
2007_14_SD_TEN,2007,REG,14,2007-12-09,LAC,TEN,00-0022942,P.Rivers,27,4,02:24,-7,LAC 20,80.0,0,CONVERSION,CLUTCH_RESPONSE
2007_14_SD_TEN,2007,REG,14,2007-12-09,LAC,TEN,00-0022942,P.Rivers,31,5,10:44,0,TEN 48,48.0,1,CONVERSION,CLUTCH_RESPONSE
2007_15_BAL_MIA,2007,REG,15,2007-12-16,MIA,BAL,00-0020565,C.Lemon,18,4,05:58,0,MIA 46,54.0,0,CONVERSION,CLUTCH_RESPONSE
2007_15_BAL_MIA,2007,REG,15,2007-12-16,BAL,MIA,00-0025561,T.Smith,19,4,01:56,-3,BAL 40,60.0,0,CONVERSION,CLUTCH_RESPONSE
2007_15_BAL_MIA,2007,REG,15,2007-12-16,BAL,MIA,00-0025561,T.Smith,21,5,15:00,0,BAL 20,80.0,1,CONVERSION,CLUTCH_RESPONSE
2007_15_BAL_MIA,2007,REG,15,2007-12-16,MIA,BAL,00-0020565,C.Lemon,22,5,09:55,0,MIA 34,66.0,1,CONVERSION,CLUTCH_RESPONSE
2007_15_IND_OAK,2007,REG,15,2007-12-16,IND,LV,00-0010346,P.Manning,17,4,10:29,-1,IND 9,91.0,0,CONVERSION,CLUTCH_RESPONSE
2007_15_JAX_PIT,2007,REG,15,2007-12-16,PIT,JAX,00-0022924,B.Roethlisberger,21,4,09:29,-8,PIT 16,84.0,0,CONVERSION,CLUTCH_RESPONSE
2007_15_JAX_PIT,2007,REG,15,2007-12-16,JAX,PIT,00-0021231,D.Garrard,22,4,05:46,0,JAX 27,73.0,1,CONVERSION,CLUTCH_RESPONSE
2007_15_SEA_CAR,2007,REG,15,2007-12-16,SEA,CAR,00-0007091,M.Hasselbeck,18,4,12:18,-3,SEA 20,80.0,0,CONVERSION,CLUTCH_RESPONSE
2007_15_SEA_CAR,2007,REG,15,2007-12-16,CAR,SEA,00-0025708,M.Moore,19,4,08:23,0,CAR 39,61.0,0,CONVERSION,CLUTCH_RESPONSE
2007_16_ATL_ARI,2007,REG,16,2007-12-23,ATL,ARI,00-0019709,C.Redman,21,4,07:47,-7,ARI 48,48.0,0,CONVERSION,CLUTCH_RESPONSE
2007_16_ATL_ARI,2007,REG,16,2007-12-23,ATL,ARI,00-0019709,C.Redman,23,4,03:00,0,ATL 41,59.0,1,CONVERSION,CLUTCH_RESPONSE
2007_16_ATL_ARI,2007,REG,16,2007-12-23,ARI,ATL,00-0017200,K.Warner,24,4,01:38,-3,ARI 26,74.0,0,CONVERSION,CLUTCH_RESPONSE
2007_16_ATL_ARI,2007,REG,16,2007-12-23,ARI,ATL,00-0017200,K.Warner,25,5,15:00,0,ARI 29,71.0,1,CONVERSION,CLUTCH_RESPONSE
2007_17_KC_NYJ,2007,REG,17,2007-12-30,KC,NYJ,00-0024300,B.Croyle,23,4,06:57,-7,KC 17,83.0,0,CONVERSION,CLUTCH_RESPONSE
2007_17_KC_NYJ,2007,REG,17,2007-12-30,NYJ,KC,00-0024264,K.Clemens,27,5,15:00,0,NYJ 30,70.0,1,CONVERSION,CLUTCH_RESPONSE
2007_17_MIN_DEN,2007,REG,17,2007-12-30,MIN,DEN,00-0024279,T.Jackson,20,4,04:12,-8,MIN 35,65.0,0,CONVERSION,CLUTCH_RESPONSE
2007_17_MIN_DEN,2007,REG,17,2007-12-30,DEN,MIN,00-0024226,J.Cutler,24,5,14:12,0,MIN 12,12.0,1,CONVERSION,CLUTCH_RESPONSE
2007_17_NE_NYG,2007,REG,17,2007-12-29,NE,NYG,00-0019596,T.Brady,17,4,11:29,-5,NE 35,65.0,0,CONVERSION,CLUTCH_RESPONSE
2007_17_SEA_ATL,2007,REG,17,2007-12-30,ATL,SEA,00-0019709,C.Redman,19,4,14:37,0,SEA 19,19.0,0,CONVERSION,CLUTCH_RESPONSE
2007_17_TEN_IND,2007,REG,17,2007-12-30,TEN,IND,00-0003292,K.Collins,16,4,13:11,0,TEN 6,94.0,0,CONVERSION,CLUTCH_RESPONSE
2007_18_JAX_PIT,2007,POST,18,2008-01-05,PIT,JAX,00-0022924,B.Roethlisberger,21,4,08:50,-5,JAX 16,16.0,0,CONVERSION,CLUTCH_RESPONSE
2007_18_JAX_PIT,2007,POST,18,2008-01-05,JAX,PIT,00-0021231,D.Garrard,24,4,02:38,-1,JAX 49,51.0,1,CONVERSION,CLUTCH_RESPONSE
2007_18_WAS_SEA,2007,POST,18,2008-01-05,WAS,SEA,00-0003315,T.Collins,21,4,13:57,-6,SEA 42,42.0,0,CONVERSION,CLUTCH_RESPONSE
2007_18_WAS_SEA,2007,POST,18,2008-01-05,SEA,WAS,00-0007091,M.Hasselbeck,25,4,08:03,-1,WAS 42,42.0,0,CONVERSION,CLUTCH_RESPONSE
2007_19_SD_IND,2007,POST,19,2008-01-13,IND,LAC,00-0010346,P.Manning,16,4,10:50,-4,IND 44,56.0,0,CONVERSION,CLUTCH_RESPONSE
2007_19_SD_IND,2007,POST,19,2008-01-13,LAC,IND,00-0019041,B.Volek,17,4,10:07,-3,LAC 22,78.0,0,CONVERSION,CLUTCH_RESPONSE
2007_20_NYG_GB,2007,POST,20,2008-01-20,GB,NYG,00-0005106,B.Favre,18,4,14:00,-3,NYG 19,19.0,0,CONVERSION,CLUTCH_RESPONSE
2007_20_NYG_GB,2007,POST,20,2008-01-20,NYG,GB,00-0022803,E.Manning,19,4,11:46,0,NYG 41,59.0,0,CONVERSION,CLUTCH_RESPONSE
2007_20_NYG_GB,2007,POST,20,2008-01-20,NYG,GB,00-0022803,E.Manning,23,4,02:15,0,GB 48,48.0,0,CONVERSION,CLUTCH_RESPONSE
2007_20_NYG_GB,2007,POST,20,2008-01-20,NYG,GB,00-0022803,E.Manning,25,5,14:04,0,GB 34,34.0,1,CONVERSION,CLUTCH_RESPONSE
2007_21_NYG_NE,2007,POST,21,2008-02-03,NYG,NE,00-0022803,E.Manning,13,4,14:52,-4,NYG 20,80.0,0,CONVERSION,CLUTCH_RESPONSE
2007_21_NYG_NE,2007,POST,21,2008-02-03,NE,NYG,00-0019596,T.Brady,16,4,07:54,-3,NE 20,80.0,0,CONVERSION,CLUTCH_RESPONSE
2007_21_NYG_NE,2007,POST,21,2008-02-03,NYG,NE,00-0022803,E.Manning,17,4,02:42,-4,NYG 17,83.0,1,CONVERSION,CLUTCH_RESPONSE
2008_01_CAR_SD,2008,REG,1,2008-09-07,LAC,CAR,00-0022942,P.Rivers,20,4,04:56,-2,CAR 28,28.0,1,CONVERSION,CLUTCH_RESPONSE
2008_01_CAR_SD,2008,REG,1,2008-09-07,CAR,LAC,00-0004161,J.Delhomme,21,4,02:27,-5,CAR 32,68.0,1,CONVERSION,CLUTCH_RESPONSE
2008_01_TB_NO,2008,REG,1,2008-09-07,NO,TB,00-0020531,D.Brees,22,4,10:38,-3,NO 20,80.0,0,CONVERSION,CLUTCH_RESPONSE
2008_02_BUF_JAX,2008,REG,2,2008-09-14,BUF,JAX,00-0025479,T.Edwards,16,4,08:00,-6,BUF 26,74.0,0,CONVERSION,CLUTCH_RESPONSE
2008_02_CHI_CAR,2008,REG,2,2008-09-14,CAR,CHI,00-0004161,J.Delhomme,23,4,06:46,-4,CAR 45,55.0,0,CONVERSION,CLUTCH_RESPONSE
2008_02_GB_DET,2008,REG,2,2008-09-14,DET,GB,00-0009311,J.Kitna,22,4,07:51,-6,GB 47,47.0,0,CONVERSION,CLUTCH_RESPONSE
2008_02_GB_DET,2008,REG,2,2008-09-14,GB,DET,00-0023459,A.Rodgers,23,4,07:41,-1,GB 20,80.0,0,CONVERSION,CLUTCH_RESPONSE
2008_02_IND_MIN,2008,REG,2,2008-09-14,IND,MIN,00-0010346,P.Manning,22,4,07:09,-8,IND 39,61.0,0,CONVERSION,CLUTCH_RESPONSE
2008_02_IND_MIN,2008,REG,2,2008-09-14,IND,MIN,00-0010346,P.Manning,26,4,01:07,0,50,50.0,1,CONVERSION,CLUTCH_RESPONSE
2008_02_NO_WAS,2008,REG,2,2008-09-14,WAS,NO,00-0023460,J.Campbell,20,4,03:38,-2,WAS 33,67.0,0,CONVERSION,CLUTCH_RESPONSE
2008_02_PHI_DAL,2008,REG,2,2008-09-15,DAL,PHI,00-0021678,T.Romo,21,4,08:52,-3,DAL 33,67.0,0,CONVERSION,CLUTCH_RESPONSE
2008_02_SD_DEN,2008,REG,2,2008-09-14,LAC,DEN,00-0022942,P.Rivers,19,4,05:29,-1,LAC 9,91.0,0,CONVERSION,CLUTCH_RESPONSE
2008_02_SD_DEN,2008,REG,2,2008-09-14,DEN,LAC,00-0024226,J.Cutler,20,4,04:22,-7,DEN 20,80.0,1,CONVERSION,CLUTCH_RESPONSE
2008_02_SF_SEA,2008,REG,2,2008-09-14,SEA,SF,00-0007091,M.Hasselbeck,19,4,11:53,0,SEA 46,54.0,0,CONVERSION,CLUTCH_RESPONSE
2008_02_SF_SEA,2008,REG,2,2008-09-14,SF,SEA,00-0021296,J.O'Sullivan,20,4,07:41,-3,SF 32,68.0,0,CONVERSION,CLUTCH_RESPONSE
2008_02_SF_SEA,2008,REG,2,2008-09-14,SF,SEA,00-0021296,J.O'Sullivan,22,4,01:09,0,SEA 49,49.0,0,CONVERSION,CLUTCH_RESPONSE
2008_02_SF_SEA,2008,REG,2,2008-09-14,SF,SEA,00-0021296,J.O'Sullivan,23,5,15:00,0,SF 20,80.0,1,CONVERSION,CLUTCH_RESPONSE
2008_03_ARI_WAS,2008,REG,3,2008-09-21,WAS,ARI,00-0023460,J.Campbell,16,4,12:58,0,ARI 15,15.0,0,CONVERSION,CLUTCH_RESPONSE
2008_03_CIN_NYG,2008,REG,3,2008-09-21,CIN,NYG,00-0021429,C.Palmer,16,4,11:32,-3,CIN 18,82.0,0,CONVERSION,CLUTCH_RESPONSE
2008_03_CIN_NYG,2008,REG,3,2008-09-21,NYG,CIN,00-0022803,E.Manning,17,4,04:39,-4,NYG 32,68.0,0,CONVERSION,CLUTCH_RESPONSE
2008_03_CIN_NYG,2008,REG,3,2008-09-21,CIN,NYG,00-0021429,C.Palmer,18,4,01:50,-3,CIN 26,74.0,0,CONVERSION,CLUTCH_RESPONSE
2008_03_CIN_NYG,2008,REG,3,2008-09-21,NYG,CIN,00-0022803,E.Manning,21,5,10:28,0,NYG 34,66.0,1,CONVERSION,CLUTCH_RESPONSE
2008_03_JAX_IND,2008,REG,3,2008-09-21,IND,JAX,00-0010346,P.Manning,15,4,02:33,-6,IND 23,77.0,1,CONVERSION,CLUTCH_RESPONSE
2008_03_JAX_IND,2008,REG,3,2008-09-21,JAX,IND,00-0021231,D.Garrard,16,4,01:07,-1,JAX 20,80.0,1,CONVERSION,CLUTCH_RESPONSE
2008_03_NO_DEN,2008,REG,3,2008-09-21,NO,DEN,00-0020531,D.Brees,20,4,05:33,-2,NO 21,79.0,1,CONVERSION,CLUTCH_RESPONSE
2008_03_OAK_BUF,2008,REG,3,2008-09-21,BUF,LV,00-0025479,T.Edwards,26,4,02:29,-2,BUF 34,66.0,1,CONVERSION,CLUTCH_RESPONSE
2008_03_TB_CHI,2008,REG,3,2008-09-21,TB,CHI,00-0006423,B.Griese,25,4,01:49,-7,TB 21,79.0,0,CONVERSION,CLUTCH_RESPONSE
2008_03_TB_CHI,2008,REG,3,2008-09-21,TB,CHI,00-0006423,B.Griese,29,5,08:42,0,TB 7,93.0,1,CONVERSION,CLUTCH_RESPONSE
2008_04_BAL_PIT,2008,REG,4,2008-09-29,BAL,PIT,00-0026158,J.Flacco,23,4,09:19,-7,BAL 24,76.0,0,CONVERSION,CLUTCH_RESPONSE
2008_04_BAL_PIT,2008,REG,4,2008-09-29,PIT,BAL,00-0022924,B.Roethlisberger,27,5,12:51,0,PIT 43,57.0,1,CONVERSION,CLUTCH_RESPONSE
2008_04_GB_TB,2008,REG,4,2008-09-28,TB,GB,00-0006423,B.Griese,23,4,08:30,-1,GB 36,36.0,0,CONVERSION,CLUTCH_RESPONSE
2008_04_HOU_JAX,2008,REG,4,2008-09-28,HOU,JAX,00-0022787,M.Schaub,13,4,13:40,-3,HOU 15,85.0,0,CONVERSION,CLUTCH_RESPONSE
2008_04_HOU_JAX,2008,REG,4,2008-09-28,JAX,HOU,00-0021231,D.Garrard,14,4,07:06,-4,JAX 38,62.0,0,CONVERSION,CLUTCH_RESPONSE
2008_04_HOU_JAX,2008,REG,4,2008-09-28,HOU,JAX,00-0022787,M.Schaub,15,4,01:48,-3,HOU 18,82.0,1,CONVERSION,CLUTCH_RESPONSE
2008_04_HOU_JAX,2008,REG,4,2008-09-28,JAX,HOU,00-0021231,D.Garrard,17,5,15:00,0,JAX 30,70.0,1,CONVERSION,CLUTCH_RESPONSE
2008_04_SD_OAK,2008,REG,4,2008-09-28,LAC,LV,00-0022942,P.Rivers,22,4,12:49,-5,LV 13,13.0,0,CONVERSION,CLUTCH_RESPONSE
2008_04_SD_OAK,2008,REG,4,2008-09-28,LV,LAC,00-0025388,J.Russell,25,4,08:13,-3,LV 37,63.0,0,CONVERSION,CLUTCH_RESPONSE
2008_04_SD_OAK,2008,REG,4,2008-09-28,LAC,LV,00-0022942,P.Rivers,26,4,02:47,0,LV 35,35.0,0,CONVERSION,CLUTCH_RESPONSE
2008_05_ATL_GB,2008,REG,5,2008-10-05,GB,ATL,00-0023459,A.Rodgers,15,4,12:16,-7,GB 20,80.0,0,CONVERSION,CLUTCH_RESPONSE
2008_05_ATL_GB,2008,REG,5,2008-10-05,ATL,GB,00-0026143,M.Ryan,16,4,10:08,0,GB 48,48.0,0,CONVERSION,CLUTCH_RESPONSE
2008_05_IND_HOU,2008,REG,5,2008-10-05,IND,HOU,00-0010346,P.Manning,19,4,02:36,-3,HOU 20,20.0,1,CONVERSION,CLUTCH_RESPONSE
2008_05_MIN_NO,2008,REG,5,2008-10-06,MIN,NO,00-0005589,G.Frerotte,21,4,11:36,-7,MIN 25,75.0,0,CONVERSION,CLUTCH_RESPONSE
2008_05_MIN_NO,2008,REG,5,2008-10-06,MIN,NO,00-0005589,G.Frerotte,23,4,01:58,0,MIN 37,63.0,1,CONVERSION,CLUTCH_RESPONSE
2008_05_PIT_JAX,2008,REG,5,2008-10-05,PIT,JAX,00-0022924,B.Roethlisberger,19,4,06:33,-1,PIT 20,80.0,1,CONVERSION,CLUTCH_RESPONSE
2008_05_TEN_BAL,2008,REG,5,2008-10-05,TEN,BAL,00-0003292,K.Collins,17,4,06:07,-4,TEN 20,80.0,0,CONVERSION,CLUTCH_RESPONSE
2008_06_CHI_ATL,2008,REG,6,2008-10-12,CHI,ATL,00-0023541,K.Orton,18,4,02:43,-6,CHI 23,77.0,1,CONVERSION,CLUTCH_RESPONSE
2008_06_CHI_ATL,2008,REG,6,2008-10-12,ATL,CHI,00-0026143,M.Ryan,19,4,00:11,-1,ATL 44,56.0,1,CONVERSION,CLUTCH_RESPONSE
2008_06_DAL_ARI,2008,REG,6,2008-10-12,DAL,ARI,00-0021678,T.Romo,25,4,00:50,-3,DAL 32,68.0,0,CONVERSION,CLUTCH_RESPONSE
2008_06_DET_MIN,2008,REG,6,2008-10-12,MIN,DET,00-0005589,G.Frerotte,24,4,12:29,-1,MIN 40,60.0,0,CONVERSION,CLUTCH_RESPONSE
2008_06_DET_MIN,2008,REG,6,2008-10-12,MIN,DET,00-0005589,G.Frerotte,28,4,04:41,-1,MIN 20,80.0,1,CONVERSION,CLUTCH_RESPONSE
2008_06_MIA_HOU,2008,REG,6,2008-10-12,HOU,MIA,00-0022787,M.Schaub,21,4,09:43,-1,HOU 20,80.0,0,CONVERSION,CLUTCH_RESPONSE
2008_06_MIA_HOU,2008,REG,6,2008-10-12,MIA,HOU,00-0019559,C.Pennington,23,4,03:04,-2,MIA 27,73.0,1,CONVERSION,CLUTCH_RESPONSE
2008_06_MIA_HOU,2008,REG,6,2008-10-12,HOU,MIA,00-0022787,M.Schaub,24,4,01:45,-5,HOU 24,76.0,1,CONVERSION,CLUTCH_RESPONSE
2008_06_PHI_SF,2008,REG,6,2008-10-12,PHI,SF,00-0011022,D.McNabb,17,4,10:34,-2,PHI 49,51.0,0,CONVERSION,CLUTCH_RESPONSE
2008_06_STL_WAS,2008,REG,6,2008-10-12,WAS,LA,00-0023460,J.Campbell,22,4,08:18,-6,WAS 27,73.0,1,CONVERSION,CLUTCH_RESPONSE
2008_06_STL_WAS,2008,REG,6,2008-10-12,LA,WAS,00-0019599,M.Bulger,23,4,03:47,-1,LA 24,76.0,1,CONVERSION,CLUTCH_RESPONSE
2008_07_NYJ_OAK,2008,REG,7,2008-10-19,NYJ,LV,00-0005106,B.Favre,15,4,13:25,-7,NYJ 13,87.0,0,CONVERSION,CLUTCH_RESPONSE
2008_07_NYJ_OAK,2008,REG,7,2008-10-19,LV,NYJ,00-0025388,J.Russell,16,4,08:00,0,LV 19,81.0,0,CONVERSION,CLUTCH_RESPONSE
2008_07_NYJ_OAK,2008,REG,7,2008-10-19,NYJ,LV,00-0005106,B.Favre,19,4,01:24,-3,NYJ 5,95.0,0,CONVERSION,CLUTCH_RESPONSE
2008_07_NYJ_OAK,2008,REG,7,2008-10-19,LV,NYJ,00-0025388,J.Russell,26,5,04:36,0,LV 19,81.0,1,CONVERSION,CLUTCH_RESPONSE
2008_08_CLE_JAX,2008,REG,8,2008-10-26,JAX,CLE,00-0021231,D.Garrard,15,4,11:05,-3,JAX 26,74.0,0,CONVERSION,CLUTCH_RESPONSE
2008_08_CLE_JAX,2008,REG,8,2008-10-26,CLE,JAX,00-0023645,D.Anderson,16,4,08:48,0,CLE 21,79.0,0,CONVERSION,CLUTCH_RESPONSE
2008_08_KC_NYJ,2008,REG,8,2008-10-26,NYJ,KC,00-0005106,B.Favre,22,4,03:01,-3,KC 46,46.0,1,CONVERSION,CLUTCH_RESPONSE
2008_08_NYG_PIT,2008,REG,8,2008-10-26,NYG,PIT,00-0022803,E.Manning,21,4,06:48,0,NYG 47,53.0,0,CONVERSION,CLUTCH_RESPONSE
2008_08_STL_NE,2008,REG,8,2008-10-26,NE,LA,00-0023662,M.Cassel,18,4,10:35,-3,NE 48,52.0,0,CONVERSION,CLUTCH_RESPONSE
2008_08_STL_NE,2008,REG,8,2008-10-26,NE,LA,00-0023662,M.Cassel,20,4,06:57,0,NE 47,53.0,0,CONVERSION,CLUTCH_RESPONSE
2008_09_BAL_CLE,2008,REG,9,2008-11-02,BAL,CLE,00-0026158,J.Flacco,23,4,07:30,0,BAL 37,63.0,0,CONVERSION,CLUTCH_RESPONSE
2008_09_DET_CHI,2008,REG,9,2008-11-02,CHI,DET,00-0022121,R.Grossman,23,4,08:38,-3,CHI 46,54.0,0,CONVERSION,CLUTCH_RESPONSE
2008_09_GB_TEN,2008,REG,9,2008-11-02,GB,TEN,00-0023459,A.Rodgers,20,4,08:58,-3,GB 30,70.0,0,CONVERSION,CLUTCH_RESPONSE
2008_09_GB_TEN,2008,REG,9,2008-11-02,TEN,GB,00-0003292,K.Collins,24,5,15:00,0,TEN 22,78.0,1,CONVERSION,CLUTCH_RESPONSE
2008_09_NE_IND,2008,REG,9,2008-11-02,IND,NE,00-0010346,P.Manning,11,4,11:33,0,IND 18,82.0,0,CONVERSION,CLUTCH_RESPONSE
2008_09_TB_KC,2008,REG,9,2008-11-02,TB,KC,00-0005755,J.Garcia,23,4,01:50,-8,50,50.0,0,CONVERSION,CLUTCH_RESPONSE
2008_09_TB_KC,2008,REG,9,2008-11-02,TB,KC,00-0005755,J.Garcia,25,5,15:00,0,TB 26,74.0,1,CONVERSION,CLUTCH_RESPONSE
2008_10_DEN_CLE,2008,REG,10,2008-11-06,DEN,CLE,00-0024226,J.Cutler,17,4,12:41,-3,DEN 38,62.0,0,CONVERSION,CLUTCH_RESPONSE
2008_10_DEN_CLE,2008,REG,10,2008-11-06,CLE,DEN,00-0025409,B.Quinn,18,4,09:50,-4,CLE 22,78.0,0,CONVERSION,CLUTCH_RESPONSE
2008_10_DEN_CLE,2008,REG,10,2008-11-06,DEN,CLE,00-0024226,J.Cutler,19,4,04:57,-3,DEN 20,80.0,1,CONVERSION,CLUTCH_RESPONSE
2008_10_GB_MIN,2008,REG,10,2008-11-09,MIN,GB,00-0005589,G.Frerotte,26,4,05:56,-6,MIN 31,69.0,1,CONVERSION,CLUTCH_RESPONSE
2008_10_IND_PIT,2008,REG,10,2008-11-09,IND,PIT,00-0010346,P.Manning,20,4,04:44,-3,PIT 32,32.0,1,CONVERSION,CLUTCH_RESPONSE
2008_10_KC_SD,2008,REG,10,2008-11-09,KC,LAC,00-0025604,T.Thigpen,19,4,03:00,-7,KC 40,60.0,1,CONVERSION,CLUTCH_RESPONSE
2008_10_SF_ARI,2008,REG,10,2008-11-10,ARI,SF,00-0017200,K.Warner,21,4,05:06,-1,SF 5,5.0,0,CONVERSION,CLUTCH_RESPONSE
2008_11_CLE_BUF,2008,REG,11,2008-11-17,BUF,CLE,00-0025479,T.Edwards,23,4,05:13,-6,CLE 48,48.0,0,CONVERSION,CLUTCH_RESPONSE
2008_11_CLE_BUF,2008,REG,11,2008-11-17,CLE,BUF,00-0025409,B.Quinn,24,4,02:25,-1,CLE 33,67.0,1,CONVERSION,CLUTCH_RESPONSE
2008_11_DAL_WAS,2008,REG,11,2008-11-16,DAL,WAS,00-0021678,T.Romo,17,4,14:48,-3,DAL 33,67.0,0,CONVERSION,CLUTCH_RESPONSE
2008_11_DEN_ATL,2008,REG,11,2008-11-16,ATL,DEN,00-0026143,M.Ryan,15,4,14:56,-4,ATL 23,77.0,0,CONVERSION,CLUTCH_RESPONSE
2008_11_DEN_ATL,2008,REG,11,2008-11-16,DEN,ATL,00-0024226,J.Cutler,16,4,10:41,-3,DEN 17,83.0,0,CONVERSION,CLUTCH_RESPONSE
2008_11_MIN_TB,2008,REG,11,2008-11-16,TB,MIN,00-0005755,J.Garcia,14,4,14:28,0,TB 20,80.0,0,CONVERSION,CLUTCH_RESPONSE
2008_11_NYJ_NE,2008,REG,11,2008-11-13,NE,NYJ,00-0023662,M.Cassel,20,4,12:33,-3,NE 40,60.0,0,CONVERSION,CLUTCH_RESPONSE
2008_11_NYJ_NE,2008,REG,11,2008-11-13,NYJ,NE,00-0005106,B.Favre,21,4,10:16,0,NYJ 33,67.0,0,CONVERSION,CLUTCH_RESPONSE
2008_11_NYJ_NE,2008,REG,11,2008-11-13,NE,NYJ,00-0023662,M.Cassel,24,4,01:04,-7,NE 38,62.0,1,CONVERSION,CLUTCH_RESPONSE
2008_11_NYJ_NE,2008,REG,11,2008-11-13,NYJ,NE,00-0005106,B.Favre,26,5,15:00,0,NYJ 20,80.0,1,CONVERSION,CLUTCH_RESPONSE
2008_11_OAK_MIA,2008,REG,11,2008-11-16,MIA,LV,00-0019559,C.Pennington,20,4,04:30,-1,MIA 20,80.0,1,CONVERSION,CLUTCH_RESPONSE
2008_11_PHI_CIN,2008,REG,11,2008-11-16,PHI,CIN,00-0011022,D.McNabb,24,4,11:20,-3,PHI 23,77.0,0,CONVERSION,CLUTCH_RESPONSE
2008_11_SD_PIT,2008,REG,11,2008-11-16,LAC,PIT,00-0022942,P.Rivers,16,4,14:15,-1,LAC 18,82.0,1,CONVERSION,CLUTCH_RESPONSE
2008_11_SD_PIT,2008,REG,11,2008-11-16,PIT,LAC,00-0022924,B.Roethlisberger,17,4,06:41,-2,PIT 13,87.0,1,CONVERSION,CLUTCH_RESPONSE
2008_12_IND_SD,2008,REG,12,2008-11-23,LAC,IND,00-0022942,P.Rivers,17,4,03:15,-3,LAC 13,87.0,1,CONVERSION,CLUTCH_RESPONSE
2008_12_IND_SD,2008,REG,12,2008-11-23,IND,LAC,00-0010346,P.Manning,18,4,01:30,0,IND 30,70.0,1,CONVERSION,CLUTCH_RESPONSE
2008_12_WAS_SEA,2008,REG,12,2008-11-23,WAS,SEA,00-0023460,J.Campbell,17,4,13:24,0,WAS 31,69.0,0,CONVERSION,CLUTCH_RESPONSE
2008_13_CAR_GB,2008,REG,13,2008-11-30,CAR,GB,00-0004161,J.Delhomme,21,4,13:43,-7,50,50.0,0,CONVERSION,CLUTCH_RESPONSE
2008_13_CAR_GB,2008,REG,13,2008-11-30,GB,CAR,00-0023459,A.Rodgers,22,4,11:10,0,GB 20,80.0,0,CONVERSION,CLUTCH_RESPONSE
2008_13_CAR_GB,2008,REG,13,2008-11-30,CAR,GB,00-0004161,J.Delhomme,23,4,01:57,-3,CAR 45,55.0,0,CONVERSION,CLUTCH_RESPONSE
2008_13_NO_TB,2008,REG,13,2008-11-30,NO,TB,00-0020531,D.Brees,22,4,07:16,-3,TB 48,48.0,0,CONVERSION,CLUTCH_RESPONSE
2008_13_NO_TB,2008,REG,13,2008-11-30,TB,NO,00-0005755,J.Garcia,25,4,02:24,0,NO 17,17.0,0,CONVERSION,CLUTCH_RESPONSE
2008_14_ATL_NO,2008,REG,14,2008-12-07,ATL,NO,00-0026143,M.Ryan,16,4,12:55,-5,ATL 27,73.0,0,CONVERSION,CLUTCH_RESPONSE
2008_14_ATL_NO,2008,REG,14,2008-12-07,NO,ATL,00-0020531,D.Brees,17,4,07:51,-3,ATL 16,16.0,0,CONVERSION,CLUTCH_RESPONSE
2008_14_DAL_PIT,2008,REG,14,2008-12-07,PIT,DAL,00-0022924,B.Roethlisberger,25,4,05:10,-7,PIT 33,67.0,0,CONVERSION,CLUTCH_RESPONSE
2008_14_HOU_GB,2008,REG,14,2008-12-07,HOU,GB,00-0022787,M.Schaub,19,4,14:56,-1,HOU 37,63.0,0,CONVERSION,CLUTCH_RESPONSE
2008_14_HOU_GB,2008,REG,14,2008-12-07,GB,HOU,00-0023459,A.Rodgers,21,4,09:04,-7,GB 49,51.0,0,CONVERSION,CLUTCH_RESPONSE
2008_14_HOU_GB,2008,REG,14,2008-12-07,HOU,GB,00-0022787,M.Schaub,24,4,01:49,0,HOU 3,97.0,1,CONVERSION,CLUTCH_RESPONSE
2008_14_NE_SEA,2008,REG,14,2008-12-07,NE,SEA,00-0023662,M.Cassel,17,4,08:47,-5,NE 29,71.0,1,CONVERSION,CLUTCH_RESPONSE
2008_15_BUF_NYJ,2008,REG,15,2008-12-14,BUF,NYJ,00-0022912,J.Losman,19,4,08:45,-4,BUF 36,64.0,0,CONVERSION,CLUTCH_RESPONSE
2008_15_DET_IND,2008,REG,15,2008-12-14,IND,DET,00-0010346,P.Manning,16,4,12:52,0,IND 12,88.0,0,CONVERSION,CLUTCH_RESPONSE
2008_15_GB_JAX,2008,REG,15,2008-12-14,JAX,GB,00-0021231,D.Garrard,14,4,14:54,-6,JAX 44,56.0,0,CONVERSION,CLUTCH_RESPONSE
2008_15_GB_JAX,2008,REG,15,2008-12-14,GB,JAX,00-0023459,A.Rodgers,15,4,10:39,-1,GB 26,74.0,0,CONVERSION,CLUTCH_RESPONSE
2008_15_GB_JAX,2008,REG,15,2008-12-14,JAX,GB,00-0021231,D.Garrard,16,4,05:35,-2,JAX 20,80.0,1,CONVERSION,CLUTCH_RESPONSE
2008_15_NO_CHI,2008,REG,15,2008-12-11,NO,CHI,00-0020531,D.Brees,25,4,05:17,-4,CHI 31,31.0,1,CONVERSION,CLUTCH_RESPONSE
2008_15_NO_CHI,2008,REG,15,2008-12-11,CHI,NO,00-0023541,K.Orton,26,4,03:05,-3,CHI 30,70.0,0,CONVERSION,CLUTCH_RESPONSE
2008_15_NO_CHI,2008,REG,15,2008-12-11,CHI,NO,00-0023541,K.Orton,27,5,15:00,0,CHI 30,70.0,1,CONVERSION,CLUTCH_RESPONSE
2008_15_PIT_BAL,2008,REG,15,2008-12-14,PIT,BAL,00-0022924,B.Roethlisberger,23,4,03:36,-3,PIT 8,92.0,1,CONVERSION,CLUTCH_RESPONSE
2008_15_SD_KC,2008,REG,15,2008-12-14,LAC,KC,00-0022942,P.Rivers,23,4,01:11,-5,LAC 39,61.0,1,CONVERSION,CLUTCH_RESPONSE
2008_15_SEA_STL,2008,REG,15,2008-12-14,SEA,LA,00-0022055,S.Wallace,19,4,07:56,-7,SEA 20,80.0,0,CONVERSION,CLUTCH_RESPONSE
2008_15_SEA_STL,2008,REG,15,2008-12-14,SEA,LA,00-0022055,S.Wallace,21,4,02:10,0,SEA 32,68.0,1,CONVERSION,CLUTCH_RESPONSE
2008_15_TB_ATL,2008,REG,15,2008-12-14,TB,ATL,00-0006423,B.Griese,24,4,02:29,-3,ATL 22,22.0,0,CONVERSION,CLUTCH_RESPONSE
2008_15_TB_ATL,2008,REG,15,2008-12-14,ATL,TB,00-0026143,M.Ryan,27,5,10:27,0,ATL 29,71.0,1,CONVERSION,CLUTCH_RESPONSE
2008_16_BUF_DEN,2008,REG,16,2008-12-21,DEN,BUF,00-0024226,J.Cutler,15,4,12:47,-3,DEN 26,74.0,0,CONVERSION,CLUTCH_RESPONSE
2008_16_BUF_DEN,2008,REG,16,2008-12-21,BUF,DEN,00-0025479,T.Edwards,16,4,11:03,0,DEN 45,45.0,0,CONVERSION,CLUTCH_RESPONSE
2008_16_CAR_NYG,2008,REG,16,2008-12-21,NYG,CAR,00-0022803,E.Manning,18,4,07:09,-8,CAR 44,44.0,0,CONVERSION,CLUTCH_RESPONSE
2008_16_CAR_NYG,2008,REG,16,2008-12-21,NYG,CAR,00-0022803,E.Manning,23,5,12:20,0,NYG 13,87.0,1,CONVERSION,CLUTCH_RESPONSE
2008_16_GB_CHI,2008,REG,16,2008-12-22,CHI,GB,00-0023541,K.Orton,21,4,07:14,-7,CHI 49,51.0,0,CONVERSION,CLUTCH_RESPONSE
2008_16_GB_CHI,2008,REG,16,2008-12-22,GB,CHI,00-0023459,A.Rodgers,22,4,03:11,0,CHI 35,35.0,1,CONVERSION,CLUTCH_RESPONSE
2008_16_GB_CHI,2008,REG,16,2008-12-22,CHI,GB,00-0023541,K.Orton,24,5,15:00,0,CHI 33,67.0,1,CONVERSION,CLUTCH_RESPONSE
2008_16_IND_JAX,2008,REG,16,2008-12-18,IND,JAX,00-0010346,P.Manning,13,4,11:23,-3,IND 21,79.0,0,CONVERSION,CLUTCH_RESPONSE
2008_16_MIA_KC,2008,REG,16,2008-12-21,MIA,KC,00-0019559,C.Pennington,19,4,12:41,0,MIA 15,85.0,0,CONVERSION,CLUTCH_RESPONSE
2008_16_SF_STL,2008,REG,16,2008-12-21,SF,LA,00-0020679,S.Hill,25,4,02:27,-6,SF 33,67.0,1,CONVERSION,CLUTCH_RESPONSE
2008_17_CAR_NO,2008,REG,17,2008-12-28,NO,CAR,00-0020531,D.Brees,19,4,03:58,-6,CAR 45,45.0,1,CONVERSION,CLUTCH_RESPONSE
2008_17_CAR_NO,2008,REG,17,2008-12-28,CAR,NO,00-0004161,J.Delhomme,20,4,03:11,-1,CAR 18,82.0,1,CONVERSION,CLUTCH_RESPONSE
2008_17_NYG_MIN,2008,REG,17,2008-12-28,MIN,NYG,00-0024279,T.Jackson,20,4,03:17,-2,MIN 38,62.0,1,CONVERSION,CLUTCH_RESPONSE
2008_17_OAK_TB,2008,REG,17,2008-12-28,LV,TB,00-0025388,J.Russell,22,4,07:16,-3,LV 33,67.0,0,CONVERSION,CLUTCH_RESPONSE
2008_17_STL_ATL,2008,REG,17,2008-12-28,LA,ATL,00-0019599,M.Bulger,23,4,09:55,0,ATL 22,22.0,0,CONVERSION,CLUTCH_RESPONSE
2008_17_STL_ATL,2008,REG,17,2008-12-28,ATL,LA,00-0026143,M.Ryan,24,4,06:39,-3,ATL 20,80.0,1,CONVERSION,CLUTCH_RESPONSE
2008_17_WAS_SF,2008,REG,17,2008-12-28,SF,WAS,00-0020679,S.Hill,17,4,14:04,-3,SF 20,80.0,0,CONVERSION,CLUTCH_RESPONSE
2008_17_WAS_SF,2008,REG,17,2008-12-28,WAS,SF,00-0023460,J.Campbell,20,4,05:06,-7,WAS 45,55.0,1,CONVERSION,CLUTCH_RESPONSE
2008_17_WAS_SF,2008,REG,17,2008-12-28,SF,WAS,00-0020679,S.Hill,21,4,01:09,0,SF 27,73.0,1,CONVERSION,CLUTCH_RESPONSE
2008_18_IND_SD,2008,POST,18,2009-01-03,LAC,IND,00-0022942,P.Rivers,22,4,01:48,-3,IND 38,38.0,0,CONVERSION,CLUTCH_RESPONSE
2008_18_IND_SD,2008,POST,18,2009-01-03,LAC,IND,00-0022942,P.Rivers,24,5,15:00,0,LAC 25,75.0,1,CONVERSION,CLUTCH_RESPONSE
2008_19_BAL_TEN,2008,POST,19,2009-01-10,TEN,BAL,00-0003292,K.Collins,22,4,07:23,-3,BAL 42,42.0,0,CONVERSION,CLUTCH_RESPONSE
2008_19_BAL_TEN,2008,POST,19,2009-01-10,BAL,TEN,00-0026158,J.Flacco,23,4,04:23,0,BAL 24,76.0,1,CONVERSION,CLUTCH_RESPONSE
2008_20_PHI_ARI,2008,POST,20,2009-01-18,PHI,ARI,00-0011022,D.McNabb,17,4,13:00,-5,PHI 14,86.0,0,CONVERSION,CLUTCH_RESPONSE
2008_20_PHI_ARI,2008,POST,20,2009-01-18,ARI,PHI,00-0017200,K.Warner,18,4,10:45,-1,ARI 28,72.0,0,CONVERSION,CLUTCH_RESPONSE
2008_21_PIT_ARI,2008,POST,21,2009-02-01,ARI,PIT,00-0017200,K.Warner,17,4,02:58,-4,ARI 36,64.0,0,CONVERSION,CLUTCH_RESPONSE
2008_21_PIT_ARI,2008,POST,21,2009-02-01,PIT,ARI,00-0022924,B.Roethlisberger,18,4,02:37,-3,PIT 22,78.0,1,CONVERSION,CLUTCH_RESPONSE
2009_01_BUF_NE,2009,REG,1,2009-09-14,NE,BUF,00-0019596,T.Brady,17,4,01:56,-5,BUF 31,31.0,1,CONVERSION,CLUTCH_RESPONSE
2009_01_CHI_GB,2009,REG,1,2009-09-13,GB,CHI,00-0023459,A.Rodgers,22,4,12:39,-2,CHI 30,30.0,0,CONVERSION,CLUTCH_RESPONSE
2009_01_CHI_GB,2009,REG,1,2009-09-13,CHI,GB,00-0024226,J.Cutler,23,4,10:10,-1,CHI 28,72.0,0,CONVERSION,CLUTCH_RESPONSE
2009_01_CHI_GB,2009,REG,1,2009-09-13,GB,CHI,00-0023459,A.Rodgers,24,4,02:35,-2,GB 28,72.0,1,CONVERSION,CLUTCH_RESPONSE
2009_01_DEN_CIN,2009,REG,1,2009-09-13,CIN,DEN,00-0021429,C.Palmer,20,4,06:21,-6,CIN 9,91.0,0,CONVERSION,CLUTCH_RESPONSE
2009_01_DEN_CIN,2009,REG,1,2009-09-13,DEN,CIN,00-0023541,K.Orton,21,4,00:38,-1,DEN 13,87.0,1,CONVERSION,CLUTCH_RESPONSE
2009_01_KC_BAL,2009,REG,1,2009-09-13,KC,BAL,00-0024300,B.Croyle,16,4,14:48,-3,KC 10,90.0,0,CONVERSION,CLUTCH_RESPONSE
2009_01_KC_BAL,2009,REG,1,2009-09-13,BAL,KC,00-0026158,J.Flacco,17,4,11:57,0,BAL 24,76.0,0,CONVERSION,CLUTCH_RESPONSE
2009_01_KC_BAL,2009,REG,1,2009-09-13,KC,BAL,00-0024300,B.Croyle,18,4,08:10,-7,KC 20,80.0,0,CONVERSION,CLUTCH_RESPONSE
2009_01_KC_BAL,2009,REG,1,2009-09-13,BAL,KC,00-0026158,J.Flacco,19,4,05:21,0,BAL 26,74.0,0,CONVERSION,CLUTCH_RESPONSE
2009_01_SD_OAK,2009,REG,1,2009-09-14,LAC,LV,00-0022942,P.Rivers,19,4,13:01,-3,LAC 23,77.0,0,CONVERSION,CLUTCH_RESPONSE
2009_01_SD_OAK,2009,REG,1,2009-09-14,LAC,LV,00-0022942,P.Rivers,21,4,02:34,-3,LAC 11,89.0,1,CONVERSION,CLUTCH_RESPONSE
2009_01_SF_ARI,2009,REG,1,2009-09-13,SF,ARI,00-0020679,S.Hill,22,4,14:52,-3,SF 20,80.0,0,CONVERSION,CLUTCH_RESPONSE
2009_01_TEN_PIT,2009,REG,1,2009-09-10,TEN,PIT,00-0003292,K.Collins,20,4,14:51,0,TEN 37,63.0,0,CONVERSION,CLUTCH_RESPONSE
2009_01_TEN_PIT,2009,REG,1,2009-09-10,PIT,TEN,00-0022924,B.Roethlisberger,21,4,11:03,-3,PIT 30,70.0,0,CONVERSION,CLUTCH_RESPONSE
2009_01_TEN_PIT,2009,REG,1,2009-09-10,PIT,TEN,00-0022924,B.Roethlisberger,25,5,15:00,0,PIT 22,78.0,1,CONVERSION,CLUTCH_RESPONSE
2009_02_HOU_TEN,2009,REG,2,2009-09-20,HOU,TEN,00-0022787,M.Schaub,25,4,07:10,0,HOU 32,68.0,0,CONVERSION,CLUTCH_RESPONSE
2009_02_IND_MIA,2009,REG,2,2009-09-21,IND,MIA,00-0010346,P.Manning,13,4,13:23,-7,IND 21,79.0,0,CONVERSION,CLUTCH_RESPONSE
2009_02_IND_MIA,2009,REG,2,2009-09-21,MIA,IND,00-0019559,C.Pennington,14,4,10:06,0,MIA 22,78.0,0,CONVERSION,CLUTCH_RESPONSE
2009_02_IND_MIA,2009,REG,2,2009-09-21,IND,MIA,00-0010346,P.Manning,15,4,03:50,-3,IND 20,80.0,1,CONVERSION,CLUTCH_RESPONSE
2009_02_NYG_DAL,2009,REG,2,2009-09-20,DAL,NYG,00-0021678,T.Romo,24,4,07:37,-6,DAL 29,71.0,1,CONVERSION,CLUTCH_RESPONSE
2009_02_NYG_DAL,2009,REG,2,2009-09-20,NYG,DAL,00-0022803,E.Manning,25,4,03:40,-1,NYG 25,75.0,1,CONVERSION,CLUTCH_RESPONSE
2009_02_OAK_KC,2009,REG,2,2009-09-20,KC,LV,00-0023662,M.Cassel,19,4,07:01,-3,KC 28,72.0,0,CONVERSION,CLUTCH_RESPONSE
2009_02_OAK_KC,2009,REG,2,2009-09-20,LV,KC,00-0025388,J.Russell,20,4,02:38,-4,LV 31,69.0,1,CONVERSION,CLUTCH_RESPONSE
2009_02_PIT_CHI,2009,REG,2,2009-09-20,CHI,PIT,00-0024226,J.Cutler,16,4,11:37,-7,CHI 28,72.0,0,CONVERSION,CLUTCH_RESPONSE
2009_02_PIT_CHI,2009,REG,2,2009-09-20,PIT,CHI,00-0022924,B.Roethlisberger,17,4,06:21,0,PIT 29,71.0,1,CONVERSION,CLUTCH_RESPONSE
2009_02_PIT_CHI,2009,REG,2,2009-09-20,CHI,PIT,00-0024226,J.Cutler,18,4,03:18,0,CHI 33,67.0,1,CONVERSION,CLUTCH_RESPONSE
2009_03_CHI_SEA,2009,REG,3,2009-09-27,SEA,CHI,00-0022055,S.Wallace,22,4,08:12,-1,CHI 39,39.0,0,CONVERSION,CLUTCH_RESPONSE
2009_03_CHI_SEA,2009,REG,3,2009-09-27,CHI,SEA,00-0024226,J.Cutler,23,4,05:12,-2,CHI 29,71.0,1,CONVERSION,CLUTCH_RESPONSE
2009_03_PIT_CIN,2009,REG,3,2009-09-27,CIN,PIT,00-0021429,C.Palmer,18,4,05:14,-5,CIN 29,71.0,1,CONVERSION,CLUTCH_RESPONSE
2009_03_SF_MIN,2009,REG,3,2009-09-27,SF,MIN,00-0020679,S.Hill,22,4,12:49,-3,SF 20,80.0,0,CONVERSION,CLUTCH_RESPONSE
2009_03_SF_MIN,2009,REG,3,2009-09-27,MIN,SF,00-0005106,B.Favre,27,4,01:29,-4,MIN 20,80.0,1,CONVERSION,CLUTCH_RESPONSE
2009_04_CIN_CLE,2009,REG,4,2009-10-04,CIN,CLE,00-0021429,C.Palmer,22,4,06:34,-6,CIN 30,70.0,0,CONVERSION,CLUTCH_RESPONSE
2009_04_CIN_CLE,2009,REG,4,2009-10-04,CIN,CLE,00-0021429,C.Palmer,31,5,03:23,0,CIN 20,80.0,1,CONVERSION,CLUTCH_RESPONSE
2009_04_DAL_DEN,2009,REG,4,2009-10-04,DEN,DAL,00-0023541,K.Orton,20,4,09:35,-3,DEN 25,75.0,0,CONVERSION,CLUTCH_RESPONSE
2009_04_DAL_DEN,2009,REG,4,2009-10-04,DEN,DAL,00-0023541,K.Orton,22,4,02:47,0,DEN 27,73.0,1,CONVERSION,CLUTCH_RESPONSE
2009_05_CIN_BAL,2009,REG,5,2009-10-11,BAL,CIN,00-0026158,J.Flacco,16,4,10:18,-3,BAL 31,69.0,0,CONVERSION,CLUTCH_RESPONSE
2009_05_CIN_BAL,2009,REG,5,2009-10-11,CIN,BAL,00-0021429,C.Palmer,19,4,02:15,-4,CIN 20,80.0,1,CONVERSION,CLUTCH_RESPONSE
2009_05_CLE_BUF,2009,REG,5,2009-10-11,CLE,BUF,00-0023645,D.Anderson,24,4,02:59,0,BUF 16,16.0,1,CONVERSION,CLUTCH_RESPONSE
2009_05_DAL_KC,2009,REG,5,2009-10-11,DAL,KC,00-0021678,T.Romo,19,4,03:09,0,DAL 36,64.0,0,CONVERSION,CLUTCH_RESPONSE
2009_05_DAL_KC,2009,REG,5,2009-10-11,KC,DAL,00-0023662,M.Cassel,20,4,02:16,-7,KC 26,74.0,0,CONVERSION,CLUTCH_RESPONSE
2009_05_DAL_KC,2009,REG,5,2009-10-11,DAL,KC,00-0021678,T.Romo,25,5,10:02,0,DAL 21,79.0,1,CONVERSION,CLUTCH_RESPONSE
2009_05_HOU_ARI,2009,REG,5,2009-10-11,HOU,ARI,00-0022787,M.Schaub,21,4,11:14,-7,HOU 34,66.0,0,CONVERSION,CLUTCH_RESPONSE
2009_05_NE_DEN,2009,REG,5,2009-10-11,DEN,NE,00-0023541,K.Orton,17,4,09:59,-7,DEN 2,98.0,0,CONVERSION,CLUTCH_RESPONSE
2009_05_NE_DEN,2009,REG,5,2009-10-11,DEN,NE,00-0023541,K.Orton,23,5,15:00,0,DEN 20,80.0,1,CONVERSION,CLUTCH_RESPONSE
2009_05_NYJ_MIA,2009,REG,5,2009-10-12,NYJ,MIA,00-0026898,M.Sanchez,14,4,14:17,-4,NYJ 23,77.0,0,CONVERSION,CLUTCH_RESPONSE
2009_05_NYJ_MIA,2009,REG,5,2009-10-12,MIA,NYJ,00-0026197,C.Henne,15,4,12:17,-3,MIA 16,84.0,0,CONVERSION,CLUTCH_RESPONSE
2009_05_NYJ_MIA,2009,REG,5,2009-10-12,NYJ,MIA,00-0026898,M.Sanchez,18,4,06:55,-4,NYJ 37,63.0,1,CONVERSION,CLUTCH_RESPONSE
2009_05_NYJ_MIA,2009,REG,5,2009-10-12,MIA,NYJ,00-0026197,C.Henne,19,4,05:12,-3,MIA 30,70.0,1,CONVERSION,CLUTCH_RESPONSE
2009_05_WAS_CAR,2009,REG,5,2009-10-11,CAR,WAS,00-0004161,J.Delhomme,20,4,10:04,-5,WAS 12,12.0,0,CONVERSION,CLUTCH_RESPONSE
2009_06_BAL_MIN,2009,REG,6,2009-10-18,BAL,MIN,00-0026158,J.Flacco,24,4,03:44,-6,MIN 33,33.0,0,CONVERSION,CLUTCH_RESPONSE
2009_06_BAL_MIN,2009,REG,6,2009-10-18,MIN,BAL,00-0005106,B.Favre,25,4,03:37,-1,MIN 20,80.0,1,CONVERSION,CLUTCH_RESPONSE
2009_06_BAL_MIN,2009,REG,6,2009-10-18,BAL,MIN,00-0026158,J.Flacco,26,4,01:56,-2,BAL 33,67.0,1,CONVERSION,CLUTCH_RESPONSE
2009_06_BUF_NYJ,2009,REG,6,2009-10-18,BUF,NYJ,00-0023682,R.Fitzpatrick,29,5,06:25,0,BUF 42,58.0,1,CONVERSION,CLUTCH_RESPONSE
2009_06_CAR_TB,2009,REG,6,2009-10-18,CAR,TB,00-0004161,J.Delhomme,21,4,08:33,0,CAR 20,80.0,1,CONVERSION,CLUTCH_RESPONSE
2009_06_CHI_ATL,2009,REG,6,2009-10-18,CHI,ATL,00-0024226,J.Cutler,19,4,09:48,-7,CHI 8,92.0,0,CONVERSION,CLUTCH_RESPONSE
2009_06_CHI_ATL,2009,REG,6,2009-10-18,ATL,CHI,00-0026143,M.Ryan,20,4,06:14,0,CHI 41,41.0,1,CONVERSION,CLUTCH_RESPONSE
2009_06_KC_WAS,2009,REG,6,2009-10-18,KC,WAS,00-0023662,M.Cassel,22,4,05:55,0,WAS 36,36.0,0,CONVERSION,CLUTCH_RESPONSE
2009_06_STL_JAX,2009,REG,6,2009-10-18,JAX,LA,00-0021231,D.Garrard,17,4,14:13,-4,JAX 31,69.0,0,CONVERSION,CLUTCH_RESPONSE
2009_06_STL_JAX,2009,REG,6,2009-10-18,JAX,LA,00-0021231,D.Garrard,20,4,04:36,-4,JAX 25,75.0,0,CONVERSION,CLUTCH_RESPONSE
2009_06_STL_JAX,2009,REG,6,2009-10-18,LA,JAX,00-0019599,M.Bulger,21,4,01:53,-3,LA 22,78.0,1,CONVERSION,CLUTCH_RESPONSE
2009_06_STL_JAX,2009,REG,6,2009-10-18,JAX,LA,00-0021231,D.Garrard,23,5,15:00,0,JAX 20,80.0,1,CONVERSION,CLUTCH_RESPONSE
2009_07_NO_MIA,2009,REG,7,2009-10-25,NO,MIA,00-0020531,D.Brees,27,4,12:52,-3,NO 40,60.0,0,CONVERSION,CLUTCH_RESPONSE
2009_08_STL_DET,2009,REG,8,2009-11-01,LA,DET,00-0019599,M.Bulger,19,4,02:26,0,LA 38,62.0,0,CONVERSION,CLUTCH_RESPONSE
2009_09_CAR_NO,2009,REG,9,2009-11-08,NO,CAR,00-0020531,D.Brees,18,4,11:19,0,NO 2,98.0,0,CONVERSION,CLUTCH_RESPONSE
2009_09_DAL_PHI,2009,REG,9,2009-11-08,DAL,PHI,00-0021678,T.Romo,20,4,10:49,0,DAL 45,55.0,0,CONVERSION,CLUTCH_RESPONSE
2009_09_GB_TB,2009,REG,9,2009-11-08,TB,GB,00-0026993,J.Freeman,25,4,07:15,-5,TB 28,72.0,0,CONVERSION,CLUTCH_RESPONSE
2009_09_HOU_IND,2009,REG,9,2009-11-08,IND,HOU,00-0010346,P.Manning,18,4,11:00,-4,IND 39,61.0,0,CONVERSION,CLUTCH_RESPONSE
2009_09_HOU_IND,2009,REG,9,2009-11-08,HOU,IND,00-0022787,M.Schaub,21,4,01:46,-3,HOU 15,85.0,1,CONVERSION,CLUTCH_RESPONSE
2009_09_SD_NYG,2009,REG,9,2009-11-08,NYG,LAC,00-0022803,E.Manning,16,4,12:23,-4,LAC 39,39.0,0,CONVERSION,CLUTCH_RESPONSE
2009_09_SD_NYG,2009,REG,9,2009-11-08,LAC,NYG,00-0022942,P.Rivers,21,4,02:07,-6,LAC 20,80.0,1,CONVERSION,CLUTCH_RESPONSE
2009_09_TEN_SF,2009,REG,9,2009-11-08,TEN,SF,00-0024218,V.Young,19,4,10:55,-3,TEN 19,81.0,0,CONVERSION,CLUTCH_RESPONSE
2009_10_ATL_CAR,2009,REG,10,2009-11-15,ATL,CAR,00-0026143,M.Ryan,16,4,11:16,-2,ATL 4,96.0,0,CONVERSION,CLUTCH_RESPONSE
2009_10_CIN_PIT,2009,REG,10,2009-11-15,CIN,PIT,00-0021429,C.Palmer,19,4,11:20,0,CIN 35,65.0,0,CONVERSION,CLUTCH_RESPONSE
2009_10_DEN_WAS,2009,REG,10,2009-11-15,WAS,DEN,00-0023460,J.Campbell,19,4,08:57,0,WAS 40,60.0,0,CONVERSION,CLUTCH_RESPONSE
2009_10_JAX_NYJ,2009,REG,10,2009-11-15,NYJ,JAX,00-0026898,M.Sanchez,20,4,12:41,-5,NYJ 23,77.0,1,CONVERSION,CLUTCH_RESPONSE
2009_10_JAX_NYJ,2009,REG,10,2009-11-15,JAX,NYJ,00-0021231,D.Garrard,21,4,05:04,-1,JAX 17,83.0,1,CONVERSION,CLUTCH_RESPONSE
2009_10_NE_IND,2009,REG,10,2009-11-15,IND,NE,00-0010346,P.Manning,28,4,02:00,-6,NE 29,29.0,1,CONVERSION,CLUTCH_RESPONSE
2009_10_SEA_ARI,2009,REG,10,2009-11-15,ARI,SEA,00-0017200,K.Warner,19,4,13:02,-3,ARI 20,80.0,0,CONVERSION,CLUTCH_RESPONSE
2009_10_TB_MIA,2009,REG,10,2009-11-15,TB,MIA,00-0026993,J.Freeman,27,4,01:43,-6,MIA 26,26.0,0,CONVERSION,CLUTCH_RESPONSE
2009_10_TB_MIA,2009,REG,10,2009-11-15,MIA,TB,00-0026197,C.Henne,28,4,01:14,-1,MIA 16,84.0,1,CONVERSION,CLUTCH_RESPONSE
2009_11_ATL_NYG,2009,REG,11,2009-11-22,ATL,NYG,00-0026143,M.Ryan,19,4,03:42,-7,ATL 24,76.0,1,CONVERSION,CLUTCH_RESPONSE
2009_11_ATL_NYG,2009,REG,11,2009-11-22,NYG,ATL,00-0022803,E.Manning,21,5,15:00,0,NYG 33,67.0,1,CONVERSION,CLUTCH_RESPONSE
2009_11_BUF_JAX,2009,REG,11,2009-11-22,JAX,BUF,00-0021231,D.Garrard,20,4,06:12,-5,JAX 32,68.0,1,CONVERSION,CLUTCH_RESPONSE
2009_11_CIN_OAK,2009,REG,11,2009-11-22,LV,CIN,00-0024408,B.Gradkowski,21,4,02:12,-7,LV 20,80.0,0,CONVERSION,CLUTCH_RESPONSE
2009_11_CIN_OAK,2009,REG,11,2009-11-22,LV,CIN,00-0024408,B.Gradkowski,22,4,00:27,0,CIN 17,17.0,1,CONVERSION,CLUTCH_RESPONSE
2009_11_CLE_DET,2009,REG,11,2009-11-22,CLE,DET,00-0025409,B.Quinn,22,4,12:31,-2,CLE 25,75.0,0,CONVERSION,CLUTCH_RESPONSE
2009_11_CLE_DET,2009,REG,11,2009-11-22,DET,CLE,00-0026498,M.Stafford,25,4,01:46,-6,DET 12,88.0,1,CONVERSION,CLUTCH_RESPONSE
2009_11_IND_BAL,2009,REG,11,2009-11-22,IND,BAL,00-0010346,P.Manning,17,4,10:12,-1,IND 33,67.0,0,CONVERSION,CLUTCH_RESPONSE
2009_11_PHI_CHI,2009,REG,11,2009-11-22,PHI,CHI,00-0011022,D.McNabb,23,4,11:01,-3,PHI 38,62.0,0,CONVERSION,CLUTCH_RESPONSE
2009_11_PIT_KC,2009,REG,11,2009-11-22,PIT,KC,00-0022924,B.Roethlisberger,20,4,11:03,0,KC 27,27.0,0,CONVERSION,CLUTCH_RESPONSE
2009_11_PIT_KC,2009,REG,11,2009-11-22,KC,PIT,00-0023662,M.Cassel,21,4,08:35,-7,KC 9,91.0,0,CONVERSION,CLUTCH_RESPONSE
2009_11_PIT_KC,2009,REG,11,2009-11-22,KC,PIT,00-0023662,M.Cassel,27,5,10:00,0,KC 20,80.0,1,CONVERSION,CLUTCH_RESPONSE
2009_11_TEN_HOU,2009,REG,11,2009-11-23,TEN,HOU,00-0024218,V.Young,20,4,02:52,0,TEN 6,94.0,1,CONVERSION,CLUTCH_RESPONSE
2009_11_WAS_DAL,2009,REG,11,2009-11-22,DAL,WAS,00-0021678,T.Romo,19,4,07:06,-6,DAL 40,60.0,0,CONVERSION,CLUTCH_RESPONSE
2009_12_ARI_TEN,2009,REG,12,2009-11-29,TEN,ARI,00-0024218,V.Young,19,4,02:37,-4,TEN 1,99.0,1,CONVERSION,CLUTCH_RESPONSE
2009_12_IND_HOU,2009,REG,12,2009-11-29,IND,HOU,00-0010346,P.Manning,16,4,11:14,-6,IND 11,89.0,0,CONVERSION,CLUTCH_RESPONSE
2009_12_MIA_BUF,2009,REG,12,2009-11-29,BUF,MIA,00-0023682,R.Fitzpatrick,17,4,05:59,0,MIA 39,39.0,0,CONVERSION,CLUTCH_RESPONSE
2009_12_PIT_BAL,2009,REG,12,2009-11-29,PIT,BAL,00-0026296,D.Dixon,19,4,11:33,-4,PIT 46,54.0,0,CONVERSION,CLUTCH_RESPONSE
2009_12_PIT_BAL,2009,REG,12,2009-11-29,BAL,PIT,00-0026158,J.Flacco,20,4,06:24,-3,BAL 10,90.0,0,CONVERSION,CLUTCH_RESPONSE
2009_12_PIT_BAL,2009,REG,12,2009-11-29,BAL,PIT,00-0026158,J.Flacco,26,5,10:05,0,PIT 28,28.0,1,CONVERSION,CLUTCH_RESPONSE
2009_12_TB_ATL,2009,REG,12,2009-11-29,ATL,TB,00-0019709,C.Redman,23,4,02:30,-4,ATL 41,59.0,1,CONVERSION,CLUTCH_RESPONSE
2009_12_WAS_PHI,2009,REG,12,2009-11-29,PHI,WAS,00-0011022,D.McNabb,24,4,05:35,0,PHI 20,80.0,1,CONVERSION,CLUTCH_RESPONSE
2009_13_NE_MIA,2009,REG,13,2009-12-06,MIA,NE,00-0026197,C.Henne,22,4,03:44,-2,MIA 26,74.0,1,CONVERSION,CLUTCH_RESPONSE
2009_13_NO_WAS,2009,REG,13,2009-12-06,NO,WAS,00-0020531,D.Brees,19,4,01:52,-7,NO 20,80.0,0,CONVERSION,CLUTCH_RESPONSE
2009_13_NO_WAS,2009,REG,13,2009-12-06,NO,WAS,00-0020531,D.Brees,23,5,13:47,0,WAS 37,37.0,1,CONVERSION,CLUTCH_RESPONSE
2009_13_OAK_PIT,2009,REG,13,2009-12-06,LV,PIT,00-0024408,B.Gradkowski,18,4,14:55,-4,LV 43,57.0,0,CONVERSION,CLUTCH_RESPONSE
2009_13_OAK_PIT,2009,REG,13,2009-12-06,PIT,LV,00-0022924,B.Roethlisberger,19,4,08:21,-3,PIT 40,60.0,0,CONVERSION,CLUTCH_RESPONSE
2009_13_OAK_PIT,2009,REG,13,2009-12-06,LV,PIT,00-0024408,B.Gradkowski,20,4,07:13,-4,LV 16,84.0,0,CONVERSION,CLUTCH_RESPONSE
2009_13_OAK_PIT,2009,REG,13,2009-12-06,PIT,LV,00-0022924,B.Roethlisberger,21,4,05:28,-3,PIT 20,80.0,0,CONVERSION,CLUTCH_RESPONSE
2009_13_OAK_PIT,2009,REG,13,2009-12-06,LV,PIT,00-0024408,B.Gradkowski,22,4,01:56,-4,LV 12,88.0,1,CONVERSION,CLUTCH_RESPONSE
2009_13_SF_SEA,2009,REG,13,2009-12-06,SEA,SF,00-0007091,M.Hasselbeck,26,4,09:11,0,SF 41,41.0,0,CONVERSION,CLUTCH_RESPONSE
2009_13_SF_SEA,2009,REG,13,2009-12-06,SF,SEA,00-0023436,A.Smith,27,4,05:30,-3,SF 36,64.0,0,CONVERSION,CLUTCH_RESPONSE
2009_13_SF_SEA,2009,REG,13,2009-12-06,SEA,SF,00-0007091,M.Hasselbeck,30,4,00:21,0,SEA 48,52.0,1,CONVERSION,CLUTCH_RESPONSE
2009_14_GB_CHI,2009,REG,14,2009-12-13,GB,CHI,00-0023459,A.Rodgers,18,4,13:31,-1,CHI 11,11.0,0,CONVERSION,CLUTCH_RESPONSE
2009_14_NO_ATL,2009,REG,14,2009-12-13,NO,ATL,00-0020531,D.Brees,12,4,12:56,0,NO 17,83.0,0,CONVERSION,CLUTCH_RESPONSE
2009_15_ARI_DET,2009,REG,15,2009-12-20,DET,ARI,00-0025430,D.Stanton,26,4,08:06,-7,DET 42,58.0,0,CONVERSION,CLUTCH_RESPONSE
2009_15_ARI_DET,2009,REG,15,2009-12-20,ARI,DET,00-0017200,K.Warner,27,4,03:48,0,ARI 42,58.0,1,CONVERSION,CLUTCH_RESPONSE
2009_15_ATL_NYJ,2009,REG,15,2009-12-20,ATL,NYJ,00-0026143,M.Ryan,22,4,04:27,-4,ATL 27,73.0,1,CONVERSION,CLUTCH_RESPONSE
2009_15_CIN_SD,2009,REG,15,2009-12-20,CIN,LAC,00-0021429,C.Palmer,22,4,07:20,-3,CIN 5,95.0,1,CONVERSION,CLUTCH_RESPONSE
2009_15_CIN_SD,2009,REG,15,2009-12-20,LAC,CIN,00-0022942,P.Rivers,23,4,00:54,0,LAC 20,80.0,1,CONVERSION,CLUTCH_RESPONSE
2009_15_CLE_KC,2009,REG,15,2009-12-20,KC,CLE,00-0023662,M.Cassel,25,4,04:26,-7,KC 42,58.0,0,CONVERSION,CLUTCH_RESPONSE
2009_15_CLE_KC,2009,REG,15,2009-12-20,CLE,KC,00-0025409,B.Quinn,26,4,02:20,0,CLE 30,70.0,1,CONVERSION,CLUTCH_RESPONSE
2009_15_GB_PIT,2009,REG,15,2009-12-20,GB,PIT,00-0023459,A.Rodgers,21,4,09:45,-6,GB 38,62.0,0,CONVERSION,CLUTCH_RESPONSE
2009_15_GB_PIT,2009,REG,15,2009-12-20,PIT,GB,00-0022924,B.Roethlisberger,22,4,07:49,-1,PIT 31,69.0,0,CONVERSION,CLUTCH_RESPONSE
2009_15_GB_PIT,2009,REG,15,2009-12-20,GB,PIT,00-0023459,A.Rodgers,23,4,03:58,-2,PIT 39,39.0,1,CONVERSION,CLUTCH_RESPONSE
2009_15_GB_PIT,2009,REG,15,2009-12-20,PIT,GB,00-0022924,B.Roethlisberger,24,4,02:06,-6,PIT 14,86.0,1,CONVERSION,CLUTCH_RESPONSE
2009_15_HOU_STL,2009,REG,15,2009-12-20,HOU,LA,00-0022787,M.Schaub,17,4,08:07,0,HOU 9,91.0,0,CONVERSION,CLUTCH_RESPONSE
2009_15_IND_JAX,2009,REG,15,2009-12-17,IND,JAX,00-0010346,P.Manning,16,4,06:05,-3,IND 30,70.0,0,CONVERSION,CLUTCH_RESPONSE
2009_15_MIA_TEN,2009,REG,15,2009-12-20,MIA,TEN,00-0026197,C.Henne,22,4,04:36,-8,MIA 10,90.0,0,CONVERSION,CLUTCH_RESPONSE
2009_15_MIA_TEN,2009,REG,15,2009-12-20,TEN,MIA,00-0024218,V.Young,26,5,13:39,0,MIA 27,27.0,1,CONVERSION,CLUTCH_RESPONSE
2009_16_BAL_PIT,2009,REG,16,2009-12-27,PIT,BAL,00-0022924,B.Roethlisberger,22,4,09:03,0,PIT 36,64.0,0,CONVERSION,CLUTCH_RESPONSE
2009_16_DEN_PHI,2009,REG,16,2009-12-27,DEN,PHI,00-0023541,K.Orton,24,4,09:48,-3,DEN 44,56.0,0,CONVERSION,CLUTCH_RESPONSE
2009_16_DEN_PHI,2009,REG,16,2009-12-27,PHI,DEN,00-0011022,D.McNabb,27,4,01:41,0,DEN 42,42.0,1,CONVERSION,CLUTCH_RESPONSE
2009_16_KC_CIN,2009,REG,16,2009-12-27,CIN,KC,00-0021429,C.Palmer,21,4,09:21,0,CIN 2,98.0,0,CONVERSION,CLUTCH_RESPONSE
2009_16_MIN_CHI,2009,REG,16,2009-12-28,MIN,CHI,00-0005106,B.Favre,20,4,09:55,-7,MIN 21,79.0,0,CONVERSION,CLUTCH_RESPONSE
2009_16_MIN_CHI,2009,REG,16,2009-12-28,CHI,MIN,00-0024226,J.Cutler,21,4,05:49,0,MIN 21,21.0,0,CONVERSION,CLUTCH_RESPONSE
2009_16_MIN_CHI,2009,REG,16,2009-12-28,MIN,CHI,00-0005106,B.Favre,22,4,04:55,-7,MIN 32,68.0,0,CONVERSION,CLUTCH_RESPONSE
2009_16_MIN_CHI,2009,REG,16,2009-12-28,CHI,MIN,00-0024226,J.Cutler,24,5,15:00,0,CHI 32,68.0,0,CONVERSION,CLUTCH_RESPONSE
2009_16_MIN_CHI,2009,REG,16,2009-12-28,CHI,MIN,00-0024226,J.Cutler,28,5,09:21,0,MIN 39,39.0,1,CONVERSION,CLUTCH_RESPONSE
2009_16_TB_NO,2009,REG,16,2009-12-27,NO,TB,00-0020531,D.Brees,17,4,02:25,0,NO 26,74.0,1,CONVERSION,CLUTCH_RESPONSE
2009_16_TB_NO,2009,REG,16,2009-12-27,TB,NO,00-0026993,J.Freeman,19,5,15:00,0,TB 23,77.0,1,CONVERSION,CLUTCH_RESPONSE
2009_17_ATL_TB,2009,REG,17,2010-01-03,ATL,TB,00-0026143,M.Ryan,21,4,10:04,0,TB 44,44.0,0,CONVERSION,CLUTCH_RESPONSE
2009_17_CHI_DET,2009,REG,17,2010-01-03,DET,CHI,00-0003739,D.Culpepper,19,4,14:48,-7,DET 42,58.0,0,CONVERSION,CLUTCH_RESPONSE
2009_17_CHI_DET,2009,REG,17,2010-01-03,CHI,DET,00-0024226,J.Cutler,20,4,09:37,0,CHI 13,87.0,0,CONVERSION,CLUTCH_RESPONSE
2009_17_NE_HOU,2009,REG,17,2010-01-03,HOU,NE,00-0022787,M.Schaub,17,4,07:30,-7,NE 34,34.0,0,CONVERSION,CLUTCH_RESPONSE
2009_17_NE_HOU,2009,REG,17,2010-01-03,HOU,NE,00-0022787,M.Schaub,19,4,03:49,0,NE 28,28.0,1,CONVERSION,CLUTCH_RESPONSE
2009_17_TEN_SEA,2009,REG,17,2010-01-03,TEN,SEA,00-0024218,V.Young,20,4,06:59,-3,SEA 28,28.0,1,CONVERSION,CLUTCH_RESPONSE
2009_17_WAS_SD,2009,REG,17,2010-01-03,LAC,WAS,00-0019041,B.Volek,19,4,04:33,-4,LAC 42,58.0,0,CONVERSION,CLUTCH_RESPONSE
2009_18_GB_ARI,2009,POST,18,2010-01-10,GB,ARI,00-0023459,A.Rodgers,18,4,11:53,-7,GB 33,67.0,0,CONVERSION,CLUTCH_RESPONSE
2009_18_GB_ARI,2009,POST,18,2010-01-10,ARI,GB,00-0017200,K.Warner,19,4,10:57,0,ARI 20,80.0,0,CONVERSION,CLUTCH_RESPONSE
2009_18_GB_ARI,2009,POST,18,2010-01-10,GB,ARI,00-0023459,A.Rodgers,20,4,04:55,-7,GB 29,71.0,0,CONVERSION,CLUTCH_RESPONSE
2009_18_GB_ARI,2009,POST,18,2010-01-10,ARI,GB,00-0017200,K.Warner,21,4,01:52,0,ARI 21,79.0,1,CONVERSION,CLUTCH_RESPONSE
2009_20_MIN_NO,2009,POST,20,2010-01-24,NO,MIN,00-0020531,D.Brees,20,4,14:10,0,MIN 7,7.0,0,CONVERSION,CLUTCH_RESPONSE
2009_20_MIN_NO,2009,POST,20,2010-01-24,MIN,NO,00-0005106,B.Favre,23,4,07:57,-7,MIN 43,57.0,0,CONVERSION,CLUTCH_RESPONSE
2009_20_MIN_NO,2009,POST,20,2010-01-24,NO,MIN,00-0020531,D.Brees,27,5,15:00,0,NO 39,61.0,1,CONVERSION,CLUTCH_RESPONSE
2009_21_NO_IND,2009,POST,21,2010-02-07,NO,IND,00-0020531,D.Brees,14,4,10:39,-1,NO 41,59.0,1,CONVERSION,CLUTCH_RESPONSE
2010_01_ARI_STL,2010,REG,1,2010-09-12,ARI,LA,00-0023645,D.Anderson,23,4,10:09,-3,ARI 14,86.0,0,CONVERSION,CLUTCH_RESPONSE
2010_01_ATL_PIT,2010,REG,1,2010-09-12,PIT,ATL,00-0026296,D.Dixon,18,4,14:01,0,PIT 17,83.0,0,CONVERSION,CLUTCH_RESPONSE
2010_01_ATL_PIT,2010,REG,1,2010-09-12,ATL,PIT,00-0026143,Ryan,19,4,08:54,-3,ATL 31,69.0,0,CONVERSION,CLUTCH_RESPONSE
2010_01_ATL_PIT,2010,REG,1,2010-09-12,PIT,ATL,00-0026296,D.Dixon,22,4,01:40,0,ATL 30,30.0,0,CONVERSION,CLUTCH_RESPONSE
2010_01_ATL_PIT,2010,REG,1,2010-09-12,PIT,ATL,00-0026296,D.Dixon,25,5,12:36,0,PIT 50,50.0,1,CONVERSION,CLUTCH_RESPONSE
2010_01_CLE_TB,2010,REG,1,2010-09-12,TB,CLE,00-0026993,J.Freeman,22,4,06:45,-4,CLE 6,6.0,0,CONVERSION,CLUTCH_RESPONSE
2010_01_DEN_JAX,2010,REG,1,2010-09-12,JAX,DEN,00-0021231,D.Garrard,17,4,11:20,0,JAX 17,83.0,0,CONVERSION,CLUTCH_RESPONSE
2010_01_DET_CHI,2010,REG,1,2010-09-12,CHI,DET,00-0024226,J.Cutler,27,4,03:21,-1,CHI 44,56.0,1,CONVERSION,CLUTCH_RESPONSE
2010_02_BAL_CIN,2010,REG,2,2010-09-19,BAL,CIN,00-0026158,J.Flacco,23,4,09:35,-2,BAL 29,71.0,0,CONVERSION,CLUTCH_RESPONSE
2010_02_BAL_CIN,2010,REG,2,2010-09-19,CIN,BAL,00-0021429,C.Palmer,24,4,05:46,-1,BAL 41,41.0,0,CONVERSION,CLUTCH_RESPONSE
2010_02_CHI_DAL,2010,REG,2,2010-09-19,DAL,CHI,00-0021678,T.Romo,18,4,10:27,-3,DAL 31,69.0,0,CONVERSION,CLUTCH_RESPONSE
2010_02_HOU_WAS,2010,REG,2,2010-09-19,HOU,WAS,00-0022787,M.Schaub,19,4,03:16,-7,HOU 19,81.0,0,CONVERSION,CLUTCH_RESPONSE
2010_02_HOU_WAS,2010,REG,2,2010-09-19,HOU,WAS,00-0022787,M.Schaub,24,5,07:12,0,HOU 42,58.0,1,CONVERSION,CLUTCH_RESPONSE
2010_02_KC_CLE,2010,REG,2,2010-09-19,KC,CLE,00-0023662,M.Cassel,22,4,14:12,-1,KC 27,73.0,0,CONVERSION,CLUTCH_RESPONSE
2010_02_NO_SF,2010,REG,2,2010-09-20,SF,NO,00-0023436,A.Smith,21,4,02:12,-8,SF 18,82.0,1,CONVERSION,CLUTCH_RESPONSE
2010_02_NO_SF,2010,REG,2,2010-09-20,NO,SF,00-0020531,D.Brees,22,4,01:19,0,NO 30,70.0,1,CONVERSION,CLUTCH_RESPONSE
2010_03_ATL_NO,2010,REG,3,2010-09-26,NO,ATL,00-0020531,D.Brees,18,4,03:32,-3,NO 37,63.0,0,CONVERSION,CLUTCH_RESPONSE
2010_03_ATL_NO,2010,REG,3,2010-09-26,NO,ATL,00-0020531,D.Brees,21,5,13:27,0,NO 32,68.0,1,CONVERSION,CLUTCH_RESPONSE
2010_03_ATL_NO,2010,REG,3,2010-09-26,ATL,NO,00-0026143,M.Ryan,22,5,08:57,0,ATL 20,80.0,1,CONVERSION,CLUTCH_RESPONSE
2010_03_CLE_BAL,2010,REG,3,2010-09-26,BAL,CLE,00-0026158,J.Flacco,15,4,14:54,-3,BAL 31,69.0,0,CONVERSION,CLUTCH_RESPONSE
2010_03_GB_CHI,2010,REG,3,2010-09-27,GB,CHI,00-0023459,A.Rodgers,14,4,14:39,-4,GB 28,72.0,0,CONVERSION,CLUTCH_RESPONSE
2010_03_GB_CHI,2010,REG,3,2010-09-27,CHI,GB,00-0024226,J.Cutler,15,4,06:52,-3,CHI 26,74.0,0,CONVERSION,CLUTCH_RESPONSE
2010_03_GB_CHI,2010,REG,3,2010-09-27,CHI,GB,00-0024226,J.Cutler,17,4,02:18,0,GB 46,46.0,1,CONVERSION,CLUTCH_RESPONSE
2010_03_OAK_ARI,2010,REG,3,2010-09-26,LV,ARI,00-0024408,B.Gradkowski,26,4,03:33,-1,LV 20,80.0,1,CONVERSION,CLUTCH_RESPONSE
2010_03_SD_SEA,2010,REG,3,2010-09-26,LAC,SEA,00-0022942,P.Rivers,23,4,11:27,-8,LAC 35,65.0,0,CONVERSION,CLUTCH_RESPONSE
2010_04_BAL_PIT,2010,REG,4,2010-10-03,PIT,BAL,00-0000865,C.Batch,16,4,14:06,-3,PIT 7,93.0,0,CONVERSION,CLUTCH_RESPONSE
2010_04_BAL_PIT,2010,REG,4,2010-10-03,BAL,PIT,00-0026158,J.Flacco,19,4,01:08,-4,PIT 40,40.0,1,CONVERSION,CLUTCH_RESPONSE
2010_04_CAR_NO,2010,REG,4,2010-10-03,NO,CAR,00-0020531,D.Brees,18,4,13:20,-1,NO 7,93.0,1,CONVERSION,CLUTCH_RESPONSE
2010_04_DEN_TEN,2010,REG,4,2010-10-03,DEN,TEN,00-0023541,K.Orton,24,4,02:42,-4,TEN 49,49.0,0,CONVERSION,CLUTCH_RESPONSE
2010_04_IND_JAX,2010,REG,4,2010-10-03,IND,JAX,00-0010346,P.Manning,15,4,11:50,-7,IND 4,96.0,0,CONVERSION,CLUTCH_RESPONSE
2010_04_IND_JAX,2010,REG,4,2010-10-03,JAX,IND,00-0021231,D.Garrard,16,4,07:35,0,JAX 43,57.0,0,CONVERSION,CLUTCH_RESPONSE
2010_04_IND_JAX,2010,REG,4,2010-10-03,IND,JAX,00-0010346,P.Manning,17,4,02:09,-7,IND 35,65.0,1,CONVERSION,CLUTCH_RESPONSE
2010_04_IND_JAX,2010,REG,4,2010-10-03,JAX,IND,00-0021231,D.Garrard,18,4,00:48,0,JAX 23,77.0,1,CONVERSION,CLUTCH_RESPONSE
2010_04_SF_ATL,2010,REG,4,2010-10-03,ATL,SF,00-0026143,M.Ryan,19,4,01:22,-1,ATL 7,93.0,1,CONVERSION,CLUTCH_RESPONSE
2010_05_GB_WAS,2010,REG,5,2010-10-10,WAS,GB,00-0011022,D.McNabb,24,4,03:58,-3,WAS 20,80.0,0,CONVERSION,CLUTCH_RESPONSE
2010_05_GB_WAS,2010,REG,5,2010-10-10,WAS,GB,00-0011022,D.McNabb,30,5,11:30,0,GB 39,39.0,1,CONVERSION,CLUTCH_RESPONSE
2010_05_SD_OAK,2010,REG,5,2010-10-10,LV,LAC,00-0023460,J.Campbell,20,4,12:00,-5,LV 27,73.0,1,CONVERSION,CLUTCH_RESPONSE
2010_05_TB_CIN,2010,REG,5,2010-10-10,TB,CIN,00-0026993,J.Freeman,23,4,02:18,-7,50,50.0,0,CONVERSION,CLUTCH_RESPONSE
2010_05_TB_CIN,2010,REG,5,2010-10-10,TB,CIN,00-0026993,J.Freeman,25,4,00:14,0,CIN 34,34.0,1,CONVERSION,CLUTCH_RESPONSE
2010_05_TEN_DAL,2010,REG,5,2010-10-10,TEN,DAL,00-0024218,V.Young,19,4,07:30,0,DAL 1,1.0,0,CONVERSION,CLUTCH_RESPONSE
2010_05_TEN_DAL,2010,REG,5,2010-10-10,DAL,TEN,00-0021678,T.Romo,20,4,07:26,-7,DAL 40,60.0,0,CONVERSION,CLUTCH_RESPONSE
2010_05_TEN_DAL,2010,REG,5,2010-10-10,TEN,DAL,00-0024218,V.Young,21,4,04:30,0,DAL 5,5.0,0,CONVERSION,CLUTCH_RESPONSE
2010_06_BAL_NE,2010,REG,6,2010-10-17,NE,BAL,00-0019596,T.Brady,19,4,08:41,-3,NE 14,86.0,0,CONVERSION,CLUTCH_RESPONSE
2010_06_BAL_NE,2010,REG,6,2010-10-17,NE,BAL,00-0019596,T.Brady,27,5,05:19,0,NE 38,62.0,1,CONVERSION,CLUTCH_RESPONSE
2010_06_DAL_MIN,2010,REG,6,2010-10-17,MIN,DAL,00-0005106,B.Favre,19,4,07:33,0,DAL 30,30.0,0,CONVERSION,CLUTCH_RESPONSE
2010_06_KC_HOU,2010,REG,6,2010-10-17,HOU,KC,00-0022787,M.Schaub,19,4,02:22,-3,HOU 20,80.0,1,CONVERSION,CLUTCH_RESPONSE
2010_06_MIA_GB,2010,REG,6,2010-10-17,MIA,GB,00-0026197,C.Henne,18,4,08:08,0,MIA 49,51.0,0,CONVERSION,CLUTCH_RESPONSE
2010_06_MIA_GB,2010,REG,6,2010-10-17,GB,MIA,00-0023459,A.Rodgers,19,4,05:20,-7,GB 31,69.0,0,CONVERSION,CLUTCH_RESPONSE
2010_06_MIA_GB,2010,REG,6,2010-10-17,MIA,GB,00-0026197,C.Henne,23,5,12:46,0,MIA 48,52.0,1,CONVERSION,CLUTCH_RESPONSE
2010_06_NYJ_DEN,2010,REG,6,2010-10-17,NYJ,DEN,00-0026898,M.Sanchez,23,4,10:43,-7,NYJ 46,54.0,0,CONVERSION,CLUTCH_RESPONSE
2010_06_NYJ_DEN,2010,REG,6,2010-10-17,DEN,NYJ,00-0023541,K.Orton,24,4,08:36,0,DEN 20,80.0,0,CONVERSION,CLUTCH_RESPONSE
2010_06_NYJ_DEN,2010,REG,6,2010-10-17,NYJ,DEN,00-0026898,M.Sanchez,25,4,03:55,-3,NYJ 20,80.0,1,CONVERSION,CLUTCH_RESPONSE
2010_07_BUF_BAL,2010,REG,7,2010-10-24,BUF,BAL,00-0023682,R.Fitzpatrick,23,4,03:26,-3,BUF 9,91.0,0,CONVERSION,CLUTCH_RESPONSE
2010_07_BUF_BAL,2010,REG,7,2010-10-24,BAL,BUF,00-0026158,J.Flacco,27,5,12:52,0,BUF 29,29.0,1,CONVERSION,CLUTCH_RESPONSE
2010_07_PHI_TEN,2010,REG,7,2010-10-24,TEN,PHI,00-0003292,K.Collins,21,4,12:06,-2,TEN 34,66.0,0,CONVERSION,CLUTCH_RESPONSE
2010_07_PIT_MIA,2010,REG,7,2010-10-24,MIA,PIT,00-0026197,C.Henne,20,4,08:44,-1,MIA 26,74.0,0,CONVERSION,CLUTCH_RESPONSE
2010_07_PIT_MIA,2010,REG,7,2010-10-24,PIT,MIA,00-0022924,B.Roethlisberger,21,4,05:17,-2,MIA 48,48.0,1,CONVERSION,CLUTCH_RESPONSE
2010_07_SF_CAR,2010,REG,7,2010-10-24,CAR,SF,00-0025708,M.Moore,22,4,04:30,-7,CAR 37,63.0,0,CONVERSION,CLUTCH_RESPONSE
2010_07_SF_CAR,2010,REG,7,2010-10-24,CAR,SF,00-0025708,M.Moore,24,4,01:08,0,CAR 43,57.0,1,CONVERSION,CLUTCH_RESPONSE
2010_07_STL_TB,2010,REG,7,2010-10-24,TB,LA,00-0026993,J.Freeman,18,4,04:45,-5,TB 19,81.0,1,CONVERSION,CLUTCH_RESPONSE
2010_08_BUF_KC,2010,REG,8,2010-10-31,BUF,KC,00-0023682,R.Fitzpatrick,15,4,09:36,-7,BUF 17,83.0,0,CONVERSION,CLUTCH_RESPONSE
2010_08_BUF_KC,2010,REG,8,2010-10-31,KC,BUF,00-0023662,M.Cassel,22,5,07:14,0,KC 43,57.0,0,CONVERSION,CLUTCH_RESPONSE
2010_08_BUF_KC,2010,REG,8,2010-10-31,KC,BUF,00-0023662,M.Cassel,24,5,01:13,0,KC 31,69.0,1,CONVERSION,CLUTCH_RESPONSE
2010_08_DEN_SF,2010,REG,8,2010-10-31,SF,DEN,00-0025561,T.Smith,17,4,14:13,-7,SF 44,56.0,0,CONVERSION,CLUTCH_RESPONSE
2010_08_DEN_SF,2010,REG,8,2010-10-31,SF,DEN,00-0025561,T.Smith,19,4,09:34,0,DEN 48,48.0,0,CONVERSION,CLUTCH_RESPONSE
2010_08_TB_ARI,2010,REG,8,2010-10-31,ARI,TB,00-0023645,D.Anderson,20,4,11:37,-3,TB 48,48.0,0,CONVERSION,CLUTCH_RESPONSE
2010_08_TB_ARI,2010,REG,8,2010-10-31,TB,ARI,00-0026993,J.Freeman,21,4,09:41,-4,TB 26,74.0,0,CONVERSION,CLUTCH_RESPONSE
2010_08_WAS_DET,2010,REG,8,2010-10-31,WAS,DET,00-0011022,D.McNabb,25,4,12:35,-1,DET 46,46.0,0,CONVERSION,CLUTCH_RESPONSE
2010_08_WAS_DET,2010,REG,8,2010-10-31,DET,WAS,00-0026498,M.Stafford,26,4,11:15,-5,WAS 47,47.0,0,CONVERSION,CLUTCH_RESPONSE
2010_08_WAS_DET,2010,REG,8,2010-10-31,WAS,DET,,,27,4,08:21,-1,DET 30,30.0,0,CONVERSION,CLUTCH_RESPONSE
2010_08_WAS_DET,2010,REG,8,2010-10-31,DET,WAS,00-0026498,M.Stafford,30,4,04:32,-5,WAS 37,37.0,0,CONVERSION,CLUTCH_RESPONSE
2010_09_ARI_MIN,2010,REG,9,2010-11-07,MIN,ARI,00-0005106,B.Favre,23,4,02:24,-7,MIN 23,77.0,0,CONVERSION,CLUTCH_RESPONSE
2010_09_ARI_MIN,2010,REG,9,2010-11-07,MIN,ARI,00-0005106,B.Favre,26,5,13:38,0,MIN 31,69.0,1,CONVERSION,CLUTCH_RESPONSE
2010_09_CHI_BUF,2010,REG,9,2010-11-07,BUF,CHI,00-0023682,R.Fitzpatrick,14,4,14:45,-1,BUF 49,51.0,0,CONVERSION,CLUTCH_RESPONSE
2010_09_CHI_BUF,2010,REG,9,2010-11-07,CHI,BUF,00-0024226,J.Cutler,17,4,09:03,-5,BUF 23,23.0,0,CONVERSION,CLUTCH_RESPONSE
2010_09_KC_OAK,2010,REG,9,2010-11-07,KC,LV,00-0023662,M.Cassel,26,4,08:52,-4,LV 30,30.0,0,CONVERSION,CLUTCH_RESPONSE
2010_09_KC_OAK,2010,REG,9,2010-11-07,LV,KC,00-0023460,J.Campbell,29,4,02:06,-3,LV 25,75.0,0,CONVERSION,CLUTCH_RESPONSE
2010_09_KC_OAK,2010,REG,9,2010-11-07,LV,KC,00-0023460,J.Campbell,32,5,13:39,0,LV 38,62.0,1,CONVERSION,CLUTCH_RESPONSE
2010_09_NYJ_DET,2010,REG,9,2010-11-07,NYJ,DET,00-0026898,M.Sanchez,26,4,01:40,-3,NYJ 22,78.0,0,CONVERSION,CLUTCH_RESPONSE
2010_09_NYJ_DET,2010,REG,9,2010-11-07,NYJ,DET,00-0026898,M.Sanchez,27,5,15:00,0,NYJ 32,68.0,1,CONVERSION,CLUTCH_RESPONSE
2010_09_SD_HOU,2010,REG,9,2010-11-07,LAC,HOU,00-0022942,P.Rivers,17,4,09:31,-2,LAC 35,65.0,0,CONVERSION,CLUTCH_RESPONSE
2010_10_BAL_ATL,2010,REG,10,2010-11-11,BAL,ATL,00-0026158,J.Flacco,18,4,02:57,-6,BAL 28,72.0,0,CONVERSION,CLUTCH_RESPONSE
2010_10_BAL_ATL,2010,REG,10,2010-11-11,ATL,BAL,00-0026143,M.Ryan,19,4,01:05,-1,ATL 20,80.0,1,CONVERSION,CLUTCH_RESPONSE
2010_10_HOU_JAX,2010,REG,10,2010-11-14,JAX,HOU,00-0021231,D.Garrard,16,4,12:50,0,JAX 13,87.0,0,CONVERSION,CLUTCH_RESPONSE
2010_10_HOU_JAX,2010,REG,10,2010-11-14,HOU,JAX,00-0022787,M.Schaub,17,4,06:57,-7,HOU 20,80.0,0,CONVERSION,CLUTCH_RESPONSE
2010_10_HOU_JAX,2010,REG,10,2010-11-14,JAX,HOU,00-0021231,D.Garrard,18,4,04:19,0,JAX 20,80.0,0,CONVERSION,CLUTCH_RESPONSE
2010_10_HOU_JAX,2010,REG,10,2010-11-14,JAX,HOU,00-0021231,D.Garrard,20,4,00:08,0,JAX 34,66.0,1,CONVERSION,CLUTCH_RESPONSE
2010_10_NYJ_CLE,2010,REG,10,2010-11-14,CLE,NYJ,00-0027688,C.McCoy,17,4,02:42,-7,CLE 41,59.0,0,CONVERSION,CLUTCH_RESPONSE
2010_10_NYJ_CLE,2010,REG,10,2010-11-14,NYJ,CLE,00-0026898,M.Sanchez,25,5,00:24,0,CLE 37,37.0,1,CONVERSION,CLUTCH_RESPONSE
2010_10_STL_SF,2010,REG,10,2010-11-14,SF,LA,00-0025561,T.Smith,25,4,04:12,-4,SF 24,76.0,0,CONVERSION,CLUTCH_RESPONSE
2010_10_STL_SF,2010,REG,10,2010-11-14,LA,SF,00-0027854,S.Bradford,26,4,02:10,-3,LA 15,85.0,0,CONVERSION,CLUTCH_RESPONSE
2010_10_STL_SF,2010,REG,10,2010-11-14,SF,LA,00-0025561,T.Smith,28,5,12:57,0,SF 34,66.0,1,CONVERSION,CLUTCH_RESPONSE
2010_11_CLE_JAX,2010,REG,11,2010-11-21,JAX,CLE,00-0021231,D.Garrard,21,4,09:47,-7,JAX 41,59.0,0,CONVERSION,CLUTCH_RESPONSE
2010_11_CLE_JAX,2010,REG,11,2010-11-21,CLE,JAX,00-0027688,C.McCoy,22,4,03:34,0,CLE 20,80.0,0,CONVERSION,CLUTCH_RESPONSE
2010_11_CLE_JAX,2010,REG,11,2010-11-21,JAX,CLE,00-0021231,D.Garrard,23,4,02:46,-3,JAX 13,87.0,1,CONVERSION,CLUTCH_RESPONSE
2010_11_HOU_NYJ,2010,REG,11,2010-11-21,HOU,NYJ,00-0022787,M.Schaub,23,4,06:09,-6,HOU 27,73.0,0,CONVERSION,CLUTCH_RESPONSE
2010_11_HOU_NYJ,2010,REG,11,2010-11-21,NYJ,HOU,00-0026898,M.Sanchez,26,4,00:55,-4,NYJ 28,72.0,1,CONVERSION,CLUTCH_RESPONSE
2010_11_NYG_PHI,2010,REG,11,2010-11-21,NYG,PHI,00-0022803,E.Manning,16,4,14:15,-6,PHI 27,27.0,0,CONVERSION,CLUTCH_RESPONSE
2010_11_NYG_PHI,2010,REG,11,2010-11-21,PHI,NYG,00-0020245,M.Vick,19,4,07:52,-1,PHI 10,90.0,0,CONVERSION,CLUTCH_RESPONSE
2010_11_WAS_TEN,2010,REG,11,2010-11-21,TEN,WAS,00-0027775,R.Smith,15,4,12:11,0,TEN 6,94.0,0,CONVERSION,CLUTCH_RESPONSE
2010_11_WAS_TEN,2010,REG,11,2010-11-21,WAS,TEN,00-0011022,D.McNabb,16,4,08:40,-3,WAS 26,74.0,0,CONVERSION,CLUTCH_RESPONSE
2010_11_WAS_TEN,2010,REG,11,2010-11-21,WAS,TEN,00-0011022,D.McNabb,22,5,13:26,0,WAS 13,87.0,1,CONVERSION,CLUTCH_RESPONSE
2010_12_CAR_CLE,2010,REG,12,2010-11-28,CAR,CLE,00-0027659,J.Clausen,19,4,11:33,-1,CAR 25,75.0,0,CONVERSION,CLUTCH_RESPONSE
2010_12_CAR_CLE,2010,REG,12,2010-11-28,CLE,CAR,00-0004161,J.Delhomme,20,4,07:01,-2,CLE 30,70.0,0,CONVERSION,CLUTCH_RESPONSE
2010_12_CAR_CLE,2010,REG,12,2010-11-28,CAR,CLE,00-0027659,J.Clausen,25,4,00:59,-1,CAR 5,95.0,1,CONVERSION,CLUTCH_RESPONSE
2010_12_GB_ATL,2010,REG,12,2010-11-28,GB,ATL,00-0023459,A.Rodgers,15,4,05:59,-7,GB 10,90.0,1,CONVERSION,CLUTCH_RESPONSE
2010_12_GB_ATL,2010,REG,12,2010-11-28,ATL,GB,00-0026143,M.Ryan,16,4,00:56,0,GB 49,49.0,1,CONVERSION,CLUTCH_RESPONSE
2010_12_JAX_NYG,2010,REG,12,2010-11-28,JAX,NYG,00-0021231,D.Garrard,14,4,13:42,0,JAX 34,66.0,0,CONVERSION,CLUTCH_RESPONSE
2010_12_JAX_NYG,2010,REG,12,2010-11-28,NYG,JAX,00-0022803,E.Manning,17,4,05:55,-3,NYG 31,69.0,0,CONVERSION,CLUTCH_RESPONSE
2010_12_NO_DAL,2010,REG,12,2010-11-25,DAL,NO,00-0009311,J.Kitna,18,4,09:55,-3,NO 39,39.0,0,CONVERSION,CLUTCH_RESPONSE
2010_12_NO_DAL,2010,REG,12,2010-11-25,NO,DAL,00-0020531,D.Brees,21,4,03:03,-4,NO 11,89.0,1,CONVERSION,CLUTCH_RESPONSE
2010_12_PIT_BUF,2010,REG,12,2010-11-28,BUF,PIT,00-0023682,R.Fitzpatrick,15,4,13:12,-3,PIT 23,23.0,0,CONVERSION,CLUTCH_RESPONSE
2010_12_PIT_BUF,2010,REG,12,2010-11-28,PIT,BUF,00-0022924,B.Roethlisberger,16,4,11:25,0,PIT 20,80.0,0,CONVERSION,CLUTCH_RESPONSE
2010_12_PIT_BUF,2010,REG,12,2010-11-28,BUF,PIT,00-0023682,R.Fitzpatrick,19,4,00:46,-3,BUF 46,54.0,0,CONVERSION,CLUTCH_RESPONSE
2010_12_PIT_BUF,2010,REG,12,2010-11-28,PIT,BUF,00-0022924,B.Roethlisberger,24,5,09:20,0,PIT 20,80.0,1,CONVERSION,CLUTCH_RESPONSE
2010_13_ATL_TB,2010,REG,13,2010-12-05,ATL,TB,00-0026143,M.Ryan,23,4,08:30,-3,ATL 33,67.0,0,CONVERSION,CLUTCH_RESPONSE
2010_13_CHI_DET,2010,REG,13,2010-12-05,CHI,DET,00-0024226,J.Cutler,17,4,11:55,-3,CHI 40,60.0,0,CONVERSION,CLUTCH_RESPONSE
2010_13_CLE_MIA,2010,REG,13,2010-12-05,CLE,MIA,00-0004161,J.Delhomme,27,4,00:54,0,MIA 2,2.0,1,CONVERSION,CLUTCH_RESPONSE
2010_13_DAL_IND,2010,REG,13,2010-12-05,DAL,IND,00-0009311,J.Kitna,17,4,12:56,-1,DAL 19,81.0,0,CONVERSION,CLUTCH_RESPONSE
2010_13_DAL_IND,2010,REG,13,2010-12-05,IND,DAL,00-0010346,P.Manning,18,4,02:38,-7,IND 19,81.0,0,CONVERSION,CLUTCH_RESPONSE
2010_13_DAL_IND,2010,REG,13,2010-12-05,DAL,IND,00-0009311,J.Kitna,23,5,11:11,0,IND 36,36.0,1,CONVERSION,CLUTCH_RESPONSE
2010_13_NO_CIN,2010,REG,13,2010-12-05,CIN,NO,00-0021429,C.Palmer,17,4,12:13,-8,CIN 41,59.0,0,CONVERSION,CLUTCH_RESPONSE
2010_13_NO_CIN,2010,REG,13,2010-12-05,CIN,NO,00-0021429,C.Palmer,19,4,06:03,0,NO 44,44.0,0,CONVERSION,CLUTCH_RESPONSE
2010_13_NO_CIN,2010,REG,13,2010-12-05,NO,CIN,00-0020531,D.Brees,20,4,04:25,-3,NO 32,68.0,1,CONVERSION,CLUTCH_RESPONSE
2010_13_PIT_BAL,2010,REG,13,2010-12-05,PIT,BAL,00-0022924,B.Roethlisberger,20,4,03:13,-4,BAL 9,9.0,1,CONVERSION,CLUTCH_RESPONSE
2010_14_BAL_HOU,2010,REG,14,2010-12-13,HOU,BAL,00-0022787,M.Schaub,22,4,02:42,-8,HOU 5,95.0,0,CONVERSION,CLUTCH_RESPONSE
2010_14_GB_DET,2010,REG,14,2010-12-12,DET,GB,00-0025430,D.Stanton,23,4,14:32,-3,DET 20,80.0,0,CONVERSION,CLUTCH_RESPONSE
2010_14_OAK_JAX,2010,REG,14,2010-12-12,LV,JAX,00-0023460,J.Campbell,23,4,05:33,-7,LV 17,83.0,0,CONVERSION,CLUTCH_RESPONSE
2010_14_OAK_JAX,2010,REG,14,2010-12-12,JAX,LV,00-0021231,D.Garrard,24,4,01:53,0,LV 30,30.0,1,CONVERSION,CLUTCH_RESPONSE
2010_14_PHI_DAL,2010,REG,14,2010-12-12,PHI,DAL,00-0020245,M.Vick,21,4,11:43,0,PHI 9,91.0,0,CONVERSION,CLUTCH_RESPONSE
2010_14_TB_WAS,2010,REG,14,2010-12-12,TB,WAS,00-0026993,J.Freeman,20,4,07:22,-1,TB 20,80.0,1,CONVERSION,CLUTCH_RESPONSE
2010_14_TB_WAS,2010,REG,14,2010-12-12,WAS,TB,00-0011022,D.McNabb,21,4,03:47,-7,WAS 25,75.0,1,CONVERSION,CLUTCH_RESPONSE
2010_15_DET_TB,2010,REG,15,2010-12-19,TB,DET,00-0026993,J.Freeman,15,4,05:48,0,TB 35,65.0,1,CONVERSION,CLUTCH_RESPONSE
2010_15_DET_TB,2010,REG,15,2010-12-19,DET,TB,00-0025430,D.Stanton,16,4,01:39,-3,DET 32,68.0,0,CONVERSION,CLUTCH_RESPONSE
2010_15_DET_TB,2010,REG,15,2010-12-19,DET,TB,00-0025430,D.Stanton,17,5,15:00,0,DET 21,79.0,1,CONVERSION,CLUTCH_RESPONSE
2010_15_GB_NE,2010,REG,15,2010-12-19,NE,GB,00-0019596,T.Brady,19,4,09:38,-3,NE 37,63.0,0,CONVERSION,CLUTCH_RESPONSE
2010_15_NO_BAL,2010,REG,15,2010-12-19,BAL,NO,00-0026158,J.Flacco,19,4,11:34,0,BAL 20,80.0,0,CONVERSION,CLUTCH_RESPONSE
2010_15_PHI_NYG,2010,REG,15,2010-12-19,PHI,NYG,00-0020245,M.Vick,28,4,03:01,-7,PHI 12,88.0,1,CONVERSION,CLUTCH_RESPONSE
2010_15_WAS_DAL,2010,REG,15,2010-12-19,WAS,DAL,00-0022121,R.Grossman,19,4,11:40,-8,WAS 44,56.0,0,CONVERSION,CLUTCH_RESPONSE
2010_15_WAS_DAL,2010,REG,15,2010-12-19,DAL,WAS,00-0009311,J.Kitna,22,4,03:11,0,DAL 48,52.0,1,CONVERSION,CLUTCH_RESPONSE
2010_16_DAL_ARI,2010,REG,16,2010-12-25,DAL,ARI,00-0027071,S.McGee,22,4,03:45,-4,DAL 20,80.0,1,CONVERSION,CLUTCH_RESPONSE
2010_16_DAL_ARI,2010,REG,16,2010-12-25,ARI,DAL,00-0027754,J.Skelton,23,4,01:41,-2,ARI 24,76.0,1,CONVERSION,CLUTCH_RESPONSE
2010_16_DET_MIA,2010,REG,16,2010-12-26,DET,MIA,00-0020679,Sh.Hill,22,4,03:41,-3,MIA 36,36.0,1,CONVERSION,CLUTCH_RESPONSE
2010_16_HOU_DEN,2010,REG,16,2010-12-26,DEN,HOU,00-0027876,T.Tebow,19,4,07:42,-6,DEN 24,76.0,1,CONVERSION,CLUTCH_RESPONSE
2010_16_NO_ATL,2010,REG,16,2010-12-27,NO,ATL,00-0020531,D.Brees,23,4,10:35,-4,NO 10,90.0,0,CONVERSION,CLUTCH_RESPONSE
2010_16_WAS_JAX,2010,REG,16,2010-12-26,JAX,WAS,00-0021231,D.Garrard,25,4,04:00,-7,WAS 42,42.0,0,CONVERSION,CLUTCH_RESPONSE
2010_16_WAS_JAX,2010,REG,16,2010-12-26,WAS,JAX,00-0022121,R.Grossman,29,5,13:25,0,JAX 14,14.0,1,CONVERSION,CLUTCH_RESPONSE
2010_17_DAL_PHI,2010,REG,17,2011-01-02,DAL,PHI,00-0027071,S.McGee,24,4,02:54,-6,DAL 46,54.0,1,CONVERSION,CLUTCH_RESPONSE
2010_17_TEN_IND,2010,REG,17,2011-01-02,IND,TEN,00-0010346,P.Manning,22,4,01:25,0,IND 38,62.0,1,CONVERSION,CLUTCH_RESPONSE
2010_18_NYJ_IND,2010,POST,18,2011-01-08,IND,NYJ,00-0010346,P.Manning,17,4,02:36,-1,IND 20,80.0,1,CONVERSION,CLUTCH_RESPONSE
2010_18_NYJ_IND,2010,POST,18,2011-01-08,NYJ,IND,00-0026898,M.Sanchez,18,4,00:53,-2,NYJ 46,54.0,1,CONVERSION,CLUTCH_RESPONSE
2010_19_BAL_PIT,2010,POST,19,2011-01-15,BAL,PIT,00-0026158,J.Flacco,22,4,05:55,-3,PIT 29,29.0,0,CONVERSION,CLUTCH_RESPONSE
2010_19_BAL_PIT,2010,POST,19,2011-01-15,PIT,BAL,00-0022924,B.Roethlisberger,23,4,03:54,0,PIT 35,65.0,1,CONVERSION,CLUTCH_RESPONSE
2011_01_CAR_ARI,2011,REG,1,2011-09-11,ARI,CAR,00-0025423,K.Kolb,19,4,13:01,-7,ARI 10,90.0,0,CONVERSION,CLUTCH_RESPONSE
2011_01_CIN_CLE,2011,REG,1,2011-09-11,CIN,CLE,00-0024408,B.Gradkowski,22,4,06:19,-4,CIN 38,62.0,0,CONVERSION,CLUTCH_RESPONSE
2011_01_DAL_NYJ,2011,REG,1,2011-09-11,NYJ,DAL,00-0026898,M.Sanchez,25,4,00:49,0,DAL 34,34.0,1,CONVERSION,CLUTCH_RESPONSE
2011_01_MIN_SD,2011,REG,1,2011-09-11,LAC,MIN,00-0022942,P.Rivers,18,4,14:50,-3,LAC 32,68.0,0,CONVERSION,CLUTCH_RESPONSE
2011_01_MIN_SD,2011,REG,1,2011-09-11,LAC,MIN,00-0022942,P.Rivers,20,4,08:11,0,LAC 36,64.0,0,CONVERSION,CLUTCH_RESPONSE
2011_02_ARI_WAS,2011,REG,2,2011-09-18,WAS,ARI,00-0022121,R.Grossman,21,4,04:20,-2,WAS 36,64.0,0,CONVERSION,CLUTCH_RESPONSE
2011_02_DAL_SF,2011,REG,2,2011-09-18,DAL,SF,00-0021678,T.Romo,22,4,04:03,-3,DAL 26,74.0,0,CONVERSION,CLUTCH_RESPONSE
2011_02_DAL_SF,2011,REG,2,2011-09-18,DAL,SF,00-0021678,T.Romo,24,5,12:57,0,DAL 22,78.0,1,CONVERSION,CLUTCH_RESPONSE
2011_02_OAK_BUF,2011,REG,2,2011-09-18,LV,BUF,00-0023460,J.Campbell,16,4,14:10,-3,LV 20,80.0,0,CONVERSION,CLUTCH_RESPONSE
2011_02_OAK_BUF,2011,REG,2,2011-09-18,BUF,LV,00-0023682,R.Fitzpatrick,17,4,09:18,-4,BUF 20,80.0,0,CONVERSION,CLUTCH_RESPONSE
2011_02_OAK_BUF,2011,REG,2,2011-09-18,LV,BUF,00-0023460,J.Campbell,18,4,04:48,-3,LV 12,88.0,0,CONVERSION,CLUTCH_RESPONSE
2011_02_OAK_BUF,2011,REG,2,2011-09-18,BUF,LV,00-0023682,R.Fitzpatrick,19,4,03:41,-4,BUF 20,80.0,1,CONVERSION,CLUTCH_RESPONSE
2011_02_PHI_ATL,2011,REG,2,2011-09-18,ATL,PHI,00-0026143,M.Ryan,26,4,08:12,-3,ATL 20,80.0,0,CONVERSION,CLUTCH_RESPONSE
2011_02_TB_MIN,2011,REG,2,2011-09-18,TB,MIN,00-0026993,J.Freeman,18,4,04:12,-3,TB 39,61.0,1,CONVERSION,CLUTCH_RESPONSE
2011_03_DEN_TEN,2011,REG,3,2011-09-25,TEN,DEN,00-0007091,M.Hasselbeck,19,4,07:54,-4,TEN 5,95.0,0,CONVERSION,CLUTCH_RESPONSE
2011_03_DET_MIN,2011,REG,3,2011-09-25,DET,MIN,00-0026498,M.Stafford,21,4,11:33,-3,DET 17,83.0,0,CONVERSION,CLUTCH_RESPONSE
2011_03_DET_MIN,2011,REG,3,2011-09-25,DET,MIN,00-0026498,M.Stafford,23,4,04:13,0,MIN 47,47.0,0,CONVERSION,CLUTCH_RESPONSE
2011_03_DET_MIN,2011,REG,3,2011-09-25,MIN,DET,00-0011022,D.McNabb,24,4,02:30,-3,MIN 17,83.0,0,CONVERSION,CLUTCH_RESPONSE
2011_03_DET_MIN,2011,REG,3,2011-09-25,DET,MIN,00-0026498,M.Stafford,27,5,15:00,0,DET 27,73.0,1,CONVERSION,CLUTCH_RESPONSE
2011_03_HOU_NO,2011,REG,3,2011-09-25,NO,HOU,00-0020531,D.Brees,20,4,09:08,-2,HOU 47,47.0,0,CONVERSION,CLUTCH_RESPONSE
2011_03_HOU_NO,2011,REG,3,2011-09-25,HOU,NO,00-0022787,M.Schaub,21,4,07:10,-6,HOU 20,80.0,0,CONVERSION,CLUTCH_RESPONSE
2011_03_HOU_NO,2011,REG,3,2011-09-25,NO,HOU,00-0020531,D.Brees,22,4,04:13,-1,NO 7,93.0,0,CONVERSION,CLUTCH_RESPONSE
2011_03_JAX_CAR,2011,REG,3,2011-09-25,CAR,JAX,00-0027939,C.Newton,20,4,06:44,-2,CAR 45,55.0,0,CONVERSION,CLUTCH_RESPONSE
2011_03_MIA_CLE,2011,REG,3,2011-09-25,CLE,MIA,00-0027688,C.McCoy,19,4,03:23,-6,CLE 20,80.0,1,CONVERSION,CLUTCH_RESPONSE
2011_03_NE_BUF,2011,REG,3,2011-09-25,BUF,NE,00-0023682,R.Fitzpatrick,22,4,11:27,-7,BUF 5,95.0,0,CONVERSION,CLUTCH_RESPONSE
2011_03_NE_BUF,2011,REG,3,2011-09-25,NE,BUF,00-0019596,T.Brady,24,4,10:22,-7,NE 29,71.0,1,CONVERSION,CLUTCH_RESPONSE
2011_03_NE_BUF,2011,REG,3,2011-09-25,BUF,NE,00-0023682,R.Fitzpatrick,25,4,03:25,0,BUF 20,80.0,1,CONVERSION,CLUTCH_RESPONSE
2011_03_NYG_PHI,2011,REG,3,2011-09-25,NYG,PHI,00-0022803,E.Manning,16,4,11:37,-2,NYG 46,54.0,0,CONVERSION,CLUTCH_RESPONSE
2011_03_PIT_IND,2011,REG,3,2011-09-25,IND,PIT,00-0027134,C.Painter,22,4,05:13,-7,IND 20,80.0,1,CONVERSION,CLUTCH_RESPONSE
2011_03_PIT_IND,2011,REG,3,2011-09-25,PIT,IND,00-0022924,B.Roethlisberger,23,4,02:09,0,PIT 20,80.0,1,CONVERSION,CLUTCH_RESPONSE
2011_03_SF_CIN,2011,REG,3,2011-09-25,CIN,SF,00-0027973,A.Dalton,19,4,10:29,0,SF 16,16.0,0,CONVERSION,CLUTCH_RESPONSE
2011_03_SF_CIN,2011,REG,3,2011-09-25,SF,CIN,00-0023436,Alex Smith,20,4,09:04,-3,SF 28,72.0,0,CONVERSION,CLUTCH_RESPONSE
2011_03_WAS_DAL,2011,REG,3,2011-09-26,DAL,WAS,00-0021678,T.Romo,22,4,03:44,-1,DAL 14,86.0,1,CONVERSION,CLUTCH_RESPONSE
2011_04_BUF_CIN,2011,REG,4,2011-10-02,CIN,BUF,00-0027973,A.Dalton,22,4,08:28,-7,CIN 20,80.0,0,CONVERSION,CLUTCH_RESPONSE
2011_04_BUF_CIN,2011,REG,4,2011-10-02,CIN,BUF,00-0027973,A.Dalton,24,4,01:48,0,CIN 19,81.0,1,CONVERSION,CLUTCH_RESPONSE
2011_04_DET_DAL,2011,REG,4,2011-10-02,DET,DAL,00-0026498,M.Stafford,24,4,04:13,-3,DAL 40,40.0,1,CONVERSION,CLUTCH_RESPONSE
2011_04_IND_TB,2011,REG,4,2011-10-03,TB,IND,00-0026993,J.Freeman,21,4,06:47,0,TB 40,60.0,0,CONVERSION,CLUTCH_RESPONSE
2011_04_NYG_ARI,2011,REG,4,2011-10-02,NYG,ARI,00-0022803,E.Manning,24,4,03:10,-3,ARI 48,48.0,1,CONVERSION,CLUTCH_RESPONSE
2011_04_PIT_HOU,2011,REG,4,2011-10-02,HOU,PIT,00-0022787,M.Schaub,10,4,14:57,0,HOU 15,85.0,0,CONVERSION,CLUTCH_RESPONSE
2011_04_SF_PHI,2011,REG,4,2011-10-02,SF,PHI,00-0023436,Alex Smith,23,4,06:28,-6,SF 23,77.0,0,CONVERSION,CLUTCH_RESPONSE
2011_05_CIN_JAX,2011,REG,5,2011-10-09,CIN,JAX,00-0027973,A.Dalton,20,4,11:07,0,JAX 37,37.0,0,CONVERSION,CLUTCH_RESPONSE
2011_05_CIN_JAX,2011,REG,5,2011-10-09,JAX,CIN,00-0027948,B.Gabbert,21,4,09:41,-3,JAX 20,80.0,0,CONVERSION,CLUTCH_RESPONSE
2011_05_CIN_JAX,2011,REG,5,2011-10-09,CIN,JAX,00-0027973,A.Dalton,24,4,05:14,-4,JAX 23,23.0,0,CONVERSION,CLUTCH_RESPONSE
2011_05_KC_IND,2011,REG,5,2011-10-09,KC,IND,00-0023662,M.Cassel,20,4,09:54,-3,KC 46,54.0,0,CONVERSION,CLUTCH_RESPONSE
2011_05_NO_CAR,2011,REG,5,2011-10-09,NO,CAR,00-0020531,D.Brees,17,4,07:06,-4,NO 11,89.0,1,CONVERSION,CLUTCH_RESPONSE
2011_05_SEA_NYG,2011,REG,5,2011-10-09,NYG,SEA,00-0022803,E.Manning,26,4,14:28,-5,NYG 35,65.0,0,CONVERSION,CLUTCH_RESPONSE
2011_05_SEA_NYG,2011,REG,5,2011-10-09,SEA,NYG,00-0024296,C.Whitehurst,29,4,10:39,-3,NYG 25,25.0,0,CONVERSION,CLUTCH_RESPONSE
2011_05_SEA_NYG,2011,REG,5,2011-10-09,NYG,SEA,00-0022803,E.Manning,30,4,10:15,0,NYG 20,80.0,0,CONVERSION,CLUTCH_RESPONSE
2011_05_SEA_NYG,2011,REG,5,2011-10-09,SEA,NYG,00-0024296,C.Whitehurst,31,4,04:49,-3,SEA 20,80.0,1,CONVERSION,CLUTCH_RESPONSE
2011_06_BUF_NYG,2011,REG,6,2011-10-16,NYG,BUF,00-0022803,E.Manning,19,4,04:02,0,NYG 19,81.0,1,CONVERSION,CLUTCH_RESPONSE
2011_06_CAR_ATL,2011,REG,6,2011-10-16,ATL,CAR,00-0026143,M.Ryan,13,4,12:25,0,ATL 40,60.0,0,CONVERSION,CLUTCH_RESPONSE
2011_06_DAL_NE,2011,REG,6,2011-10-16,DAL,NE,00-0021678,T.Romo,17,4,09:08,0,DAL 32,68.0,0,CONVERSION,CLUTCH_RESPONSE
2011_06_DAL_NE,2011,REG,6,2011-10-16,NE,DAL,00-0019596,T.Brady,20,4,02:31,-3,NE 20,80.0,1,CONVERSION,CLUTCH_RESPONSE
2011_06_SF_DET,2011,REG,6,2011-10-16,SF,DET,00-0023436,Alex Smith,29,4,05:29,-4,DET 35,35.0,0,CONVERSION,CLUTCH_RESPONSE
2011_07_DEN_MIA,2011,REG,7,2011-10-23,DEN,MIA,00-0027876,T.Tebow,25,4,00:17,-8,MIA 20,20.0,0,CONVERSION,CLUTCH_RESPONSE
2011_07_DEN_MIA,2011,REG,7,2011-10-23,DEN,MIA,00-0027876,T.Tebow,30,5,09:30,0,MIA 36,36.0,1,CONVERSION,CLUTCH_RESPONSE
2011_07_SD_NYJ,2011,REG,7,2011-10-23,NYJ,LAC,00-0026898,M.Sanchez,17,4,10:56,-4,LAC 19,19.0,0,CONVERSION,CLUTCH_RESPONSE
2011_08_ARI_BAL,2011,REG,8,2011-10-30,ARI,BAL,00-0025423,K.Kolb,20,4,14:55,-3,ARI 20,80.0,0,CONVERSION,CLUTCH_RESPONSE
2011_08_ARI_BAL,2011,REG,8,2011-10-30,BAL,ARI,00-0026158,J.Flacco,25,4,00:52,0,ARI 44,44.0,1,CONVERSION,CLUTCH_RESPONSE
2011_08_MIA_NYG,2011,REG,8,2011-10-30,NYG,MIA,00-0022803,E.Manning,16,4,08:28,-4,NYG 47,53.0,0,CONVERSION,CLUTCH_RESPONSE
2011_08_MIN_CAR,2011,REG,8,2011-10-30,MIN,CAR,00-0027950,C.Ponder,20,4,09:53,0,MIN 15,85.0,1,CONVERSION,CLUTCH_RESPONSE
2011_08_MIN_CAR,2011,REG,8,2011-10-30,CAR,MIN,00-0027939,C.Newton,21,4,02:43,-3,CAR 24,76.0,1,CONVERSION,CLUTCH_RESPONSE
2011_08_SD_KC,2011,REG,8,2011-10-31,LAC,KC,00-0022942,P.Rivers,23,4,12:01,-8,LAC 20,80.0,0,CONVERSION,CLUTCH_RESPONSE
2011_08_SD_KC,2011,REG,8,2011-10-31,KC,LAC,00-0023662,M.Cassel,29,5,12:44,0,KC 19,81.0,1,CONVERSION,CLUTCH_RESPONSE
2011_09_BAL_PIT,2011,REG,9,2011-11-06,PIT,BAL,00-0022924,B.Roethlisberger,14,4,07:40,-3,PIT 42,58.0,0,CONVERSION,CLUTCH_RESPONSE
2011_09_BAL_PIT,2011,REG,9,2011-11-06,BAL,PIT,00-0026158,J.Flacco,17,4,02:24,-4,BAL 8,92.0,1,CONVERSION,CLUTCH_RESPONSE
2011_09_CHI_PHI,2011,REG,9,2011-11-07,CHI,PHI,00-0024226,J.Cutler,16,4,14:39,-4,CHI 49,51.0,0,CONVERSION,CLUTCH_RESPONSE
2011_09_NYG_NE,2011,REG,9,2011-11-06,NE,NYG,00-0019596,T.Brady,24,4,11:03,0,NE 21,79.0,0,CONVERSION,CLUTCH_RESPONSE
2011_09_NYG_NE,2011,REG,9,2011-11-06,NYG,NE,00-0022803,E.Manning,25,4,07:08,-3,NYG 15,85.0,0,CONVERSION,CLUTCH_RESPONSE
2011_09_NYG_NE,2011,REG,9,2011-11-06,NE,NYG,00-0019596,T.Brady,26,4,03:03,-4,NE 36,64.0,1,CONVERSION,CLUTCH_RESPONSE
2011_09_NYG_NE,2011,REG,9,2011-11-06,NYG,NE,00-0022803,E.Manning,27,4,01:36,-3,NYG 20,80.0,1,CONVERSION,CLUTCH_RESPONSE
2011_09_STL_ARI,2011,REG,9,2011-11-06,ARI,LA,00-0027754,J.Skelton,20,4,08:34,-7,ARI 16,84.0,0,CONVERSION,CLUTCH_RESPONSE
2011_09_STL_ARI,2011,REG,9,2011-11-06,LA,ARI,00-0027854,S.Bradford,23,4,00:51,0,LA 36,64.0,0,CONVERSION,CLUTCH_RESPONSE
2011_10_ARI_PHI,2011,REG,10,2011-11-13,ARI,PHI,00-0027754,J.Skelton,22,4,13:18,-7,ARI 11,89.0,0,CONVERSION,CLUTCH_RESPONSE
2011_10_ARI_PHI,2011,REG,10,2011-11-13,PHI,ARI,00-0020245,M.Vick,25,4,06:59,0,ARI 26,26.0,0,CONVERSION,CLUTCH_RESPONSE
2011_10_ARI_PHI,2011,REG,10,2011-11-13,ARI,PHI,00-0027754,J.Skelton,26,4,05:06,-3,ARI 13,87.0,1,CONVERSION,CLUTCH_RESPONSE
2011_10_NO_ATL,2011,REG,10,2011-11-13,ATL,NO,00-0026143,M.Ryan,21,4,01:55,-3,ATL 6,94.0,0,CONVERSION,CLUTCH_RESPONSE
2011_10_NO_ATL,2011,REG,10,2011-11-13,NO,ATL,00-0020531,D.Brees,25,5,10:46,0,ATL 29,29.0,1,CONVERSION,CLUTCH_RESPONSE
2011_10_STL_CLE,2011,REG,10,2011-11-13,LA,CLE,00-0027854,S.Bradford,19,4,10:39,-2,CLE 27,27.0,0,CONVERSION,CLUTCH_RESPONSE
2011_10_STL_CLE,2011,REG,10,2011-11-13,CLE,LA,00-0027688,C.McCoy,20,4,07:42,-1,CLE 40,60.0,1,CONVERSION,CLUTCH_RESPONSE
2011_11_CAR_DET,2011,REG,11,2011-11-20,CAR,DET,00-0027939,C.Newton,21,4,08:02,-8,CAR 20,80.0,0,CONVERSION,CLUTCH_RESPONSE
2011_11_CAR_DET,2011,REG,11,2011-11-20,DET,CAR,00-0026498,M.Stafford,22,4,04:59,0,DET 20,80.0,0,CONVERSION,CLUTCH_RESPONSE
2011_11_DAL_WAS,2011,REG,11,2011-11-20,DAL,WAS,00-0021678,T.Romo,21,4,11:10,0,DAL 12,88.0,0,CONVERSION,CLUTCH_RESPONSE
2011_11_DAL_WAS,2011,REG,11,2011-11-20,WAS,DAL,00-0022121,R.Grossman,24,4,05:35,-7,WAS 11,89.0,0,CONVERSION,CLUTCH_RESPONSE
2011_11_DAL_WAS,2011,REG,11,2011-11-20,DAL,WAS,00-0021678,T.Romo,27,5,09:20,0,DAL 42,58.0,1,CONVERSION,CLUTCH_RESPONSE
2011_11_NYJ_DEN,2011,REG,11,2011-11-17,NYJ,DEN,00-0026898,M.Sanchez,21,4,14:48,0,NYJ 31,69.0,0,CONVERSION,CLUTCH_RESPONSE
2011_11_NYJ_DEN,2011,REG,11,2011-11-17,DEN,NYJ,00-0027876,T.Tebow,24,4,05:54,-3,DEN 5,95.0,1,CONVERSION,CLUTCH_RESPONSE
2011_11_PHI_NYG,2011,REG,11,2011-11-20,NYG,PHI,00-0022803,E.Manning,23,4,13:17,-7,NYG 27,73.0,0,CONVERSION,CLUTCH_RESPONSE
2011_11_PHI_NYG,2011,REG,11,2011-11-20,PHI,NYG,00-0024218,V.Young,24,4,11:36,0,PHI 20,80.0,0,CONVERSION,CLUTCH_RESPONSE
2011_12_ARI_STL,2011,REG,12,2011-11-27,LA,ARI,00-0027854,S.Bradford,24,4,09:11,-7,ARI 43,43.0,0,CONVERSION,CLUTCH_RESPONSE
2011_12_ARI_STL,2011,REG,12,2011-11-27,ARI,LA,00-0027754,J.Skelton,25,4,07:46,0,ARI 25,75.0,0,CONVERSION,CLUTCH_RESPONSE
2011_12_BUF_NYJ,2011,REG,12,2011-11-27,NYJ,BUF,00-0026898,M.Sanchez,22,4,05:44,-3,NYJ 18,82.0,1,CONVERSION,CLUTCH_RESPONSE
2011_12_CLE_CIN,2011,REG,12,2011-11-27,CIN,CLE,00-0027973,A.Dalton,17,4,14:52,-3,CIN 46,54.0,0,CONVERSION,CLUTCH_RESPONSE
2011_12_CLE_CIN,2011,REG,12,2011-11-27,CIN,CLE,00-0027973,A.Dalton,23,4,01:51,0,CIN 45,55.0,1,CONVERSION,CLUTCH_RESPONSE
2011_12_DEN_SD,2011,REG,12,2011-11-27,DEN,LAC,00-0027876,T.Tebow,20,4,05:27,-3,DEN 26,74.0,0,CONVERSION,CLUTCH_RESPONSE
2011_12_DEN_SD,2011,REG,12,2011-11-27,DEN,LAC,00-0027876,T.Tebow,26,5,02:31,0,DEN 43,57.0,1,CONVERSION,CLUTCH_RESPONSE
2011_12_MIA_DAL,2011,REG,12,2011-11-24,MIA,DAL,00-0025708,M.Moore,19,4,14:31,-1,MIA 19,81.0,0,CONVERSION,CLUTCH_RESPONSE
2011_12_MIA_DAL,2011,REG,12,2011-11-24,DAL,MIA,00-0021678,T.Romo,22,4,02:59,-2,DAL 36,64.0,1,CONVERSION,CLUTCH_RESPONSE
2011_12_TB_TEN,2011,REG,12,2011-11-27,TEN,TB,00-0007091,M.Hasselbeck,24,4,07:14,-4,TEN 20,80.0,0,CONVERSION,CLUTCH_RESPONSE
2011_12_WAS_SEA,2011,REG,12,2011-11-27,WAS,SEA,00-0022121,R.Grossman,19,4,07:55,-3,WAS 44,56.0,0,CONVERSION,CLUTCH_RESPONSE
2011_13_DAL_ARI,2011,REG,13,2011-12-04,ARI,DAL,00-0025423,K.Kolb,23,5,15:00,0,ARI 20,80.0,1,CONVERSION,CLUTCH_RESPONSE
2011_13_DEN_MIN,2011,REG,13,2011-12-04,DEN,MIN,00-0027876,T.Tebow,25,4,09:41,-8,DEN 34,66.0,0,CONVERSION,CLUTCH_RESPONSE
2011_13_DEN_MIN,2011,REG,13,2011-12-04,MIN,DEN,00-0027950,C.Ponder,26,4,08:52,0,MIN 20,80.0,0,CONVERSION,CLUTCH_RESPONSE
2011_13_DEN_MIN,2011,REG,13,2011-12-04,DEN,MIN,00-0027876,T.Tebow,27,4,03:06,-3,DEN 20,80.0,0,CONVERSION,CLUTCH_RESPONSE
2011_13_DEN_MIN,2011,REG,13,2011-12-04,DEN,MIN,00-0027876,T.Tebow,29,4,01:25,0,MIN 15,15.0,1,CONVERSION,CLUTCH_RESPONSE
2011_13_GB_NYG,2011,REG,13,2011-12-04,NYG,GB,00-0022803,E.Manning,23,4,03:34,-8,NYG 31,69.0,1,CONVERSION,CLUTCH_RESPONSE
2011_13_GB_NYG,2011,REG,13,2011-12-04,GB,NYG,00-0023459,A.Rodgers,24,4,00:58,0,GB 20,80.0,1,CONVERSION,CLUTCH_RESPONSE
2011_13_NYJ_WAS,2011,REG,13,2011-12-04,WAS,NYJ,00-0022121,R.Grossman,21,4,09:26,0,NYJ 31,31.0,0,CONVERSION,CLUTCH_RESPONSE
2011_13_NYJ_WAS,2011,REG,13,2011-12-04,NYJ,WAS,00-0026898,M.Sanchez,22,4,07:52,-3,NYJ 49,51.0,0,CONVERSION,CLUTCH_RESPONSE
2011_14_ATL_CAR,2011,REG,14,2011-12-11,CAR,ATL,00-0027939,C.Newton,25,4,09:18,-1,CAR 13,87.0,0,CONVERSION,CLUTCH_RESPONSE
2011_14_CHI_DEN,2011,REG,14,2011-12-11,DEN,CHI,00-0027876,T.Tebow,27,4,00:56,-3,DEN 20,80.0,0,CONVERSION,CLUTCH_RESPONSE
2011_14_CHI_DEN,2011,REG,14,2011-12-11,DEN,CHI,00-0027876,T.Tebow,30,5,12:47,0,DEN 34,66.0,1,CONVERSION,CLUTCH_RESPONSE
2011_14_HOU_CIN,2011,REG,14,2011-12-11,HOU,CIN,00-0028090,T.Yates,22,4,02:33,-6,HOU 20,80.0,1,CONVERSION,CLUTCH_RESPONSE
2011_14_NYG_DAL,2011,REG,14,2011-12-11,DAL,NYG,00-0021678,T.Romo,18,4,14:14,-2,DAL 20,80.0,0,CONVERSION,CLUTCH_RESPONSE
2011_14_NYG_DAL,2011,REG,14,2011-12-11,NYG,DAL,00-0022803,E.Manning,23,4,02:12,-5,NYG 42,58.0,1,CONVERSION,CLUTCH_RESPONSE
2011_15_CLE_ARI,2011,REG,15,2011-12-18,ARI,CLE,00-0027754,J.Skelton,18,4,07:00,-3,CLE 5,5.0,0,CONVERSION,CLUTCH_RESPONSE
2011_15_CLE_ARI,2011,REG,15,2011-12-18,ARI,CLE,00-0027754,J.Skelton,24,5,12:42,0,CLE 40,40.0,1,CONVERSION,CLUTCH_RESPONSE
2011_15_DET_OAK,2011,REG,15,2011-12-18,DET,LV,00-0026498,M.Stafford,23,4,02:14,-6,DET 2,98.0,1,CONVERSION,CLUTCH_RESPONSE
2011_16_HOU_IND,2011,REG,16,2011-12-22,IND,HOU,00-0023578,D.Orlovsky,24,4,01:56,-4,IND 22,78.0,1,CONVERSION,CLUTCH_RESPONSE
2011_16_MIA_NE,2011,REG,16,2011-12-24,NE,MIA,00-0019596,T.Brady,22,4,12:40,0,NE 2,98.0,0,CONVERSION,CLUTCH_RESPONSE
2011_16_MIN_WAS,2011,REG,16,2011-12-24,MIN,WAS,00-0027796,J.Webb,17,4,12:41,0,MIN 28,72.0,0,CONVERSION,CLUTCH_RESPONSE
2011_16_OAK_KC,2011,REG,16,2011-12-24,KC,LV,00-0023541,K.Orton,19,4,02:57,-7,KC 20,80.0,0,CONVERSION,CLUTCH_RESPONSE
2011_16_OAK_KC,2011,REG,16,2011-12-24,LV,KC,00-0021429,C.Palmer,22,5,15:00,0,LV 24,76.0,1,CONVERSION,CLUTCH_RESPONSE
2011_16_SF_SEA,2011,REG,16,2011-12-24,SEA,SF,00-0024279,T.Jackson,17,4,06:47,-6,SF 4,4.0,0,CONVERSION,CLUTCH_RESPONSE
2011_16_SF_SEA,2011,REG,16,2011-12-24,SF,SEA,00-0023436,Alex Smith,18,4,06:41,-1,SF 39,61.0,0,CONVERSION,CLUTCH_RESPONSE
2011_17_DET_GB,2011,REG,17,2012-01-01,GB,DET,00-0026349,M.Flynn,24,4,12:50,-3,GB 31,69.0,0,CONVERSION,CLUTCH_RESPONSE
2011_17_DET_GB,2011,REG,17,2012-01-01,DET,GB,00-0026498,M.Stafford,27,4,05:01,-4,DET 7,93.0,0,CONVERSION,CLUTCH_RESPONSE
2011_17_DET_GB,2011,REG,17,2012-01-01,GB,DET,00-0026349,M.Flynn,28,4,02:39,-3,GB 20,80.0,1,CONVERSION,CLUTCH_RESPONSE
2011_17_SEA_ARI,2011,REG,17,2012-01-01,SEA,ARI,00-0024279,T.Jackson,23,4,07:56,-7,SEA 39,61.0,0,CONVERSION,CLUTCH_RESPONSE
2011_17_SEA_ARI,2011,REG,17,2012-01-01,ARI,SEA,00-0027754,J.Skelton,30,5,13:55,0,ARI 19,81.0,1,CONVERSION,CLUTCH_RESPONSE
2011_17_TEN_HOU,2011,REG,17,2012-01-01,TEN,HOU,00-0007091,M.Hasselbeck,21,4,07:03,0,TEN 44,56.0,0,CONVERSION,CLUTCH_RESPONSE
2011_17_TEN_HOU,2011,REG,17,2012-01-01,HOU,TEN,00-0004161,J.Delhomme,24,4,01:49,-7,TEN 36,36.0,1,CONVERSION,CLUTCH_RESPONSE
2011_18_PIT_DEN,2011,POST,18,2012-01-08,PIT,DEN,00-0022924,B.Roethlisberger,20,4,07:35,-7,PIT 45,55.0,0,CONVERSION,CLUTCH_RESPONSE
2011_18_PIT_DEN,2011,POST,18,2012-01-08,DEN,PIT,00-0027876,T.Tebow,23,5,15:00,0,DEN 20,80.0,1,CONVERSION,CLUTCH_RESPONSE
2011_19_NO_SF,2011,POST,19,2012-01-14,NO,SF,00-0020531,D.Brees,27,4,07:36,-6,NO 21,79.0,0,CONVERSION,CLUTCH_RESPONSE
2011_19_NO_SF,2011,POST,19,2012-01-14,SF,NO,00-0023436,Alex Smith,28,4,04:02,-1,SF 20,80.0,0,CONVERSION,CLUTCH_RESPONSE
2011_19_NO_SF,2011,POST,19,2012-01-14,NO,SF,00-0020531,D.Brees,29,4,02:11,-5,NO 12,88.0,1,CONVERSION,CLUTCH_RESPONSE
2011_19_NO_SF,2011,POST,19,2012-01-14,SF,NO,00-0023436,Alex Smith,30,4,01:37,-3,SF 15,85.0,1,CONVERSION,CLUTCH_RESPONSE
2011_20_BAL_NE,2011,POST,20,2012-01-22,BAL,NE,00-0026158,J.Flacco,21,4,01:44,-3,BAL 21,79.0,1,CONVERSION,CLUTCH_RESPONSE
2011_20_NYG_SF,2011,POST,20,2012-01-22,NYG,SF,00-0022803,E.Manning,21,4,11:08,-4,SF 29,29.0,0,CONVERSION,CLUTCH_RESPONSE
2011_20_NYG_SF,2011,POST,20,2012-01-22,SF,NYG,00-0023436,Alex Smith,22,4,08:34,-3,SF 45,55.0,0,CONVERSION,CLUTCH_RESPONSE
2011_20_NYG_SF,2011,POST,20,2012-01-22,NYG,SF,00-0022803,E.Manning,32,5,09:32,0,SF 24,24.0,1,CONVERSION,CLUTCH_RESPONSE
2011_21_NYG_NE,2011,POST,21,2012-02-05,NYG,NE,00-0022803,E.Manning,17,4,03:46,-2,NYG 12,88.0,1,CONVERSION,CLUTCH_RESPONSE
2012_01_JAX_MIN,2012,REG,1,2012-09-09,JAX,MIN,00-0027948,B.Gabbert,21,4,01:18,-5,JAX 24,76.0,0,CONVERSION,CLUTCH_RESPONSE
2012_01_JAX_MIN,2012,REG,1,2012-09-09,MIN,JAX,00-0027950,C.Ponder,22,4,00:20,-3,MIN 31,69.0,0,CONVERSION,CLUTCH_RESPONSE
2012_01_JAX_MIN,2012,REG,1,2012-09-09,MIN,JAX,00-0027950,C.Ponder,23,5,15:00,0,MIN 25,75.0,1,CONVERSION,CLUTCH_RESPONSE
2012_01_PHI_CLE,2012,REG,1,2012-09-09,PHI,CLE,00-0020245,M.Vick,29,4,06:25,-6,PHI 9,91.0,1,CONVERSION,CLUTCH_RESPONSE
2012_01_PIT_DEN,2012,REG,1,2012-09-09,DEN,PIT,00-0010346,P.Manning,13,4,14:11,-5,DEN 20,80.0,0,CONVERSION,CLUTCH_RESPONSE
2012_01_SEA_ARI,2012,REG,1,2012-09-09,SEA,ARI,00-0029263,R.Wilson,21,4,10:58,0,ARI 16,16.0,0,CONVERSION,CLUTCH_RESPONSE
2012_01_STL_DET,2012,REG,1,2012-09-09,LA,DET,00-0027854,S.Bradford,18,4,12:27,0,DET 47,47.0,0,CONVERSION,CLUTCH_RESPONSE
2012_01_STL_DET,2012,REG,1,2012-09-09,DET,LA,00-0026498,M.Stafford,19,4,09:45,-7,DET 20,80.0,0,CONVERSION,CLUTCH_RESPONSE
2012_01_STL_DET,2012,REG,1,2012-09-09,LA,DET,00-0027854,S.Bradford,20,4,07:19,0,LA 20,80.0,1,CONVERSION,CLUTCH_RESPONSE
2012_01_STL_DET,2012,REG,1,2012-09-09,DET,LA,00-0026498,M.Stafford,21,4,01:55,-3,DET 20,80.0,1,CONVERSION,CLUTCH_RESPONSE
2012_02_ARI_NE,2012,REG,2,2012-09-16,NE,ARI,00-0019596,T.Brady,25,4,01:01,-2,ARI 30,30.0,1,CONVERSION,CLUTCH_RESPONSE
2012_02_BAL_PHI,2012,REG,2,2012-09-16,PHI,BAL,00-0020245,M.Vick,27,4,04:43,-6,PHI 20,80.0,1,CONVERSION,CLUTCH_RESPONSE
2012_02_MIN_IND,2012,REG,2,2012-09-16,MIN,IND,00-0027950,C.Ponder,19,4,02:50,-7,IND 47,47.0,1,CONVERSION,CLUTCH_RESPONSE
2012_02_MIN_IND,2012,REG,2,2012-09-16,IND,MIN,00-0029668,A.Luck,20,4,00:31,0,IND 20,80.0,1,CONVERSION,CLUTCH_RESPONSE
2012_02_TB_NYG,2012,REG,2,2012-09-16,NYG,TB,00-0022803,E.Manning,22,4,07:41,-8,NYG 12,88.0,0,CONVERSION,CLUTCH_RESPONSE
2012_02_TB_NYG,2012,REG,2,2012-09-16,NYG,TB,00-0022803,E.Manning,24,4,05:43,0,NYG 33,67.0,0,CONVERSION,CLUTCH_RESPONSE
2012_02_TB_NYG,2012,REG,2,2012-09-16,TB,NYG,00-0026993,J.Freeman,25,4,03:59,-7,TB 20,80.0,0,CONVERSION,CLUTCH_RESPONSE
2012_02_TB_NYG,2012,REG,2,2012-09-16,NYG,TB,00-0022803,E.Manning,26,4,01:58,0,NYG 20,80.0,1,CONVERSION,CLUTCH_RESPONSE
2012_03_CIN_WAS,2012,REG,3,2012-09-23,CIN,WAS,00-0027973,A.Dalton,22,4,13:27,0,CIN 20,80.0,0,CONVERSION,CLUTCH_RESPONSE
2012_03_DET_TEN,2012,REG,3,2012-09-23,DET,TEN,00-0026498,M.Stafford,17,4,11:50,-1,TEN 46,46.0,0,CONVERSION,CLUTCH_RESPONSE
2012_03_DET_TEN,2012,REG,3,2012-09-23,TEN,DET,00-0027946,J.Locker,20,4,03:30,0,TEN 34,66.0,0,CONVERSION,CLUTCH_RESPONSE
2012_03_DET_TEN,2012,REG,3,2012-09-23,DET,TEN,00-0020679,Sh.Hill,23,4,00:18,-7,TEN 46,46.0,0,CONVERSION,CLUTCH_RESPONSE
2012_03_DET_TEN,2012,REG,3,2012-09-23,TEN,DET,00-0027946,J.Locker,24,5,15:00,0,TEN 20,80.0,1,CONVERSION,CLUTCH_RESPONSE
2012_03_GB_SEA,2012,REG,3,2012-09-24,GB,SEA,00-0023459,A.Rodgers,16,4,14:46,-1,GB 19,81.0,0,CONVERSION,CLUTCH_RESPONSE
2012_03_GB_SEA,2012,REG,3,2012-09-24,SEA,GB,00-0029263,R.Wilson,19,4,00:46,-5,GB 46,46.0,1,CONVERSION,CLUTCH_RESPONSE
2012_03_JAX_IND,2012,REG,3,2012-09-23,IND,JAX,00-0029668,A.Luck,18,4,11:02,-2,IND 8,92.0,0,CONVERSION,CLUTCH_RESPONSE
2012_03_JAX_IND,2012,REG,3,2012-09-23,IND,JAX,00-0029668,A.Luck,22,4,01:33,-2,IND 33,67.0,0,CONVERSION,CLUTCH_RESPONSE
2012_03_JAX_IND,2012,REG,3,2012-09-23,JAX,IND,00-0027948,B.Gabbert,23,4,00:56,-1,JAX 20,80.0,1,CONVERSION,CLUTCH_RESPONSE
2012_03_KC_NO,2012,REG,3,2012-09-23,KC,NO,00-0023662,M.Cassel,25,4,05:33,-3,KC 38,62.0,0,CONVERSION,CLUTCH_RESPONSE
2012_03_KC_NO,2012,REG,3,2012-09-23,KC,NO,00-0023662,M.Cassel,29,5,11:46,0,KC 47,53.0,1,CONVERSION,CLUTCH_RESPONSE
2012_03_NE_BAL,2012,REG,3,2012-09-23,BAL,NE,00-0026158,J.Flacco,21,4,01:55,-2,BAL 21,79.0,1,CONVERSION,CLUTCH_RESPONSE
2012_03_NYJ_MIA,2012,REG,3,2012-09-23,NYJ,MIA,00-0026898,M.Sanchez,21,4,05:34,-4,NYJ 47,53.0,0,CONVERSION,CLUTCH_RESPONSE
2012_03_NYJ_MIA,2012,REG,3,2012-09-23,MIA,NYJ,00-0029701,R.Tannehill,22,4,03:01,-3,MIA 29,71.0,0,CONVERSION,CLUTCH_RESPONSE
2012_03_NYJ_MIA,2012,REG,3,2012-09-23,NYJ,MIA,00-0026898,M.Sanchez,26,5,07:53,0,NYJ 38,62.0,1,CONVERSION,CLUTCH_RESPONSE
2012_03_PIT_OAK,2012,REG,3,2012-09-23,LV,PIT,00-0021429,C.Palmer,18,4,10:45,-3,LV 36,64.0,0,CONVERSION,CLUTCH_RESPONSE
2012_03_PIT_OAK,2012,REG,3,2012-09-23,LV,PIT,00-0021429,C.Palmer,20,4,01:43,0,LV 25,75.0,1,CONVERSION,CLUTCH_RESPONSE
2012_04_CAR_ATL,2012,REG,4,2012-09-30,CAR,ATL,00-0027939,C.Newton,19,4,11:18,-3,CAR 12,88.0,0,CONVERSION,CLUTCH_RESPONSE
2012_04_CAR_ATL,2012,REG,4,2012-09-30,ATL,CAR,00-0026143,M.Ryan,24,4,00:59,-1,ATL 1,99.0,1,CONVERSION,CLUTCH_RESPONSE
2012_04_MIA_ARI,2012,REG,4,2012-09-30,ARI,MIA,00-0025423,K.Kolb,21,4,11:12,-6,ARI 19,81.0,0,CONVERSION,CLUTCH_RESPONSE
2012_04_MIA_ARI,2012,REG,4,2012-09-30,MIA,ARI,00-0029701,R.Tannehill,24,4,07:17,-1,MIA 20,80.0,0,CONVERSION,CLUTCH_RESPONSE
2012_04_MIA_ARI,2012,REG,4,2012-09-30,ARI,MIA,00-0025423,K.Kolb,27,4,02:51,-7,ARI 49,51.0,0,CONVERSION,CLUTCH_RESPONSE
2012_04_MIA_ARI,2012,REG,4,2012-09-30,ARI,MIA,00-0025423,K.Kolb,31,5,11:59,0,MIA 47,47.0,1,CONVERSION,CLUTCH_RESPONSE
2012_04_NO_GB,2012,REG,4,2012-09-30,GB,NO,00-0023459,A.Rodgers,17,4,10:25,-6,GB 43,57.0,0,CONVERSION,CLUTCH_RESPONSE
2012_04_NYG_PHI,2012,REG,4,2012-09-30,NYG,PHI,00-0022803,E.Manning,18,4,09:25,-6,NYG 17,83.0,0,CONVERSION,CLUTCH_RESPONSE
2012_04_NYG_PHI,2012,REG,4,2012-09-30,PHI,NYG,00-0020245,M.Vick,19,4,06:45,-1,PHI 17,83.0,1,CONVERSION,CLUTCH_RESPONSE
2012_04_WAS_TB,2012,REG,4,2012-09-30,TB,WAS,00-0026993,J.Freeman,24,4,03:38,-2,TB 36,64.0,1,CONVERSION,CLUTCH_RESPONSE
2012_04_WAS_TB,2012,REG,4,2012-09-30,WAS,TB,00-0029665,R.Griffin,25,4,01:42,-1,WAS 20,80.0,1,CONVERSION,CLUTCH_RESPONSE
2012_05_ATL_WAS,2012,REG,5,2012-10-07,WAS,ATL,00-0029604,K.Cousins,18,4,13:23,-4,WAS 22,78.0,0,CONVERSION,CLUTCH_RESPONSE
2012_05_ATL_WAS,2012,REG,5,2012-10-07,ATL,WAS,00-0026143,M.Ryan,19,4,12:24,-3,ATL 20,80.0,0,CONVERSION,CLUTCH_RESPONSE
2012_05_ATL_WAS,2012,REG,5,2012-10-07,ATL,WAS,00-0026143,M.Ryan,21,4,05:40,0,ATL 31,69.0,0,CONVERSION,CLUTCH_RESPONSE
2012_05_GB_IND,2012,REG,5,2012-10-07,IND,GB,00-0029668,A.Luck,24,4,11:27,-2,IND 15,85.0,0,CONVERSION,CLUTCH_RESPONSE
2012_05_GB_IND,2012,REG,5,2012-10-07,GB,IND,00-0023459,A.Rodgers,27,4,04:44,-1,IND 49,49.0,0,CONVERSION,CLUTCH_RESPONSE
2012_05_GB_IND,2012,REG,5,2012-10-07,IND,GB,00-0029668,A.Luck,28,4,04:30,-5,IND 20,80.0,1,CONVERSION,CLUTCH_RESPONSE
2012_05_PHI_PIT,2012,REG,5,2012-10-07,PHI,PIT,00-0020245,M.Vick,17,4,14:51,-6,PHI 21,79.0,1,CONVERSION,CLUTCH_RESPONSE
2012_05_PHI_PIT,2012,REG,5,2012-10-07,PIT,PHI,00-0022924,B.Roethlisberger,18,4,06:33,-1,PIT 20,80.0,1,CONVERSION,CLUTCH_RESPONSE
2012_05_SD_NO,2012,REG,5,2012-10-07,NO,LAC,00-0020531,D.Brees,19,4,14:39,-3,NO 10,90.0,0,CONVERSION,CLUTCH_RESPONSE
2012_06_BUF_ARI,2012,REG,6,2012-10-14,ARI,BUF,00-0027754,J.Skelton,24,4,00:50,0,ARI 47,53.0,0,CONVERSION,CLUTCH_RESPONSE
2012_06_BUF_ARI,2012,REG,6,2012-10-14,BUF,ARI,00-0023682,R.Fitzpatrick,27,5,11:55,0,ARI 6,6.0,1,CONVERSION,CLUTCH_RESPONSE
2012_06_DEN_SD,2012,REG,6,2012-10-15,DEN,LAC,00-0010346,P.Manning,19,4,11:11,-3,50,50.0,0,CONVERSION,CLUTCH_RESPONSE
2012_06_DET_PHI,2012,REG,6,2012-10-14,DET,PHI,00-0026498,M.Stafford,26,4,02:27,-3,DET 32,68.0,0,CONVERSION,CLUTCH_RESPONSE
2012_06_DET_PHI,2012,REG,6,2012-10-14,DET,PHI,00-0026498,M.Stafford,29,5,13:22,0,50,50.0,1,CONVERSION,CLUTCH_RESPONSE
2012_06_NE_SEA,2012,REG,6,2012-10-14,SEA,NE,00-0029263,R.Wilson,22,4,02:38,-6,SEA 43,57.0,1,CONVERSION,CLUTCH_RESPONSE
2012_06_OAK_ATL,2012,REG,6,2012-10-14,LV,ATL,00-0021429,C.Palmer,24,4,02:40,-7,LV 20,80.0,1,CONVERSION,CLUTCH_RESPONSE
2012_06_OAK_ATL,2012,REG,6,2012-10-14,ATL,LV,00-0026143,M.Ryan,25,4,00:40,0,ATL 20,80.0,1,CONVERSION,CLUTCH_RESPONSE
2012_06_PIT_TEN,2012,REG,6,2012-10-11,TEN,PIT,00-0007091,M.Hasselbeck,21,4,08:18,-7,TEN 20,80.0,0,CONVERSION,CLUTCH_RESPONSE
2012_06_PIT_TEN,2012,REG,6,2012-10-11,TEN,PIT,00-0007091,M.Hasselbeck,23,4,00:49,0,TEN 45,55.0,1,CONVERSION,CLUTCH_RESPONSE
2012_07_DAL_CAR,2012,REG,7,2012-10-21,CAR,DAL,00-0027939,C.Newton,16,4,13:58,-6,CAR 25,75.0,0,CONVERSION,CLUTCH_RESPONSE
2012_07_DAL_CAR,2012,REG,7,2012-10-21,DAL,CAR,00-0021678,T.Romo,19,4,07:32,-1,DAL 46,54.0,0,CONVERSION,CLUTCH_RESPONSE
2012_07_JAX_OAK,2012,REG,7,2012-10-21,LV,JAX,00-0021429,C.Palmer,26,4,06:31,-7,LV 42,58.0,0,CONVERSION,CLUTCH_RESPONSE
2012_07_JAX_OAK,2012,REG,7,2012-10-21,LV,JAX,00-0021429,C.Palmer,32,5,13:31,0,JAX 21,21.0,1,CONVERSION,CLUTCH_RESPONSE
2012_07_NYJ_NE,2012,REG,7,2012-10-21,NYJ,NE,00-0026898,M.Sanchez,20,4,04:19,-3,NYJ 35,65.0,0,CONVERSION,CLUTCH_RESPONSE
2012_07_NYJ_NE,2012,REG,7,2012-10-21,NYJ,NE,00-0026898,M.Sanchez,21,4,02:01,0,NE 18,18.0,0,CONVERSION,CLUTCH_RESPONSE
2012_07_NYJ_NE,2012,REG,7,2012-10-21,NE,NYJ,00-0019596,T.Brady,22,4,01:37,-3,NE 21,79.0,0,CONVERSION,CLUTCH_RESPONSE
2012_07_NYJ_NE,2012,REG,7,2012-10-21,NE,NYJ,00-0019596,T.Brady,23,5,15:00,0,NE 16,84.0,1,CONVERSION,CLUTCH_RESPONSE
2012_07_TEN_BUF,2012,REG,7,2012-10-21,TEN,BUF,00-0007091,M.Hasselbeck,18,4,02:57,-6,TEN 48,52.0,1,CONVERSION,CLUTCH_RESPONSE
2012_07_WAS_NYG,2012,REG,7,2012-10-21,WAS,NYG,00-0029665,R.Griffin,19,4,02:59,-4,WAS 23,77.0,0,CONVERSION,CLUTCH_RESPONSE
2012_07_WAS_NYG,2012,REG,7,2012-10-21,NYG,WAS,00-0022803,E.Manning,20,4,01:32,-3,NYG 23,77.0,1,CONVERSION,CLUTCH_RESPONSE
2012_08_CAR_CHI,2012,REG,8,2012-10-28,CAR,CHI,00-0027939,C.Newton,22,4,06:44,-1,CAR 20,80.0,1,CONVERSION,CLUTCH_RESPONSE
2012_08_CAR_CHI,2012,REG,8,2012-10-28,CHI,CAR,00-0024226,J.Cutler,23,4,02:27,-2,CHI 22,78.0,1,CONVERSION,CLUTCH_RESPONSE
2012_08_IND_TEN,2012,REG,8,2012-10-28,IND,TEN,00-0029668,A.Luck,13,4,10:26,-7,IND 20,80.0,0,CONVERSION,CLUTCH_RESPONSE
2012_08_IND_TEN,2012,REG,8,2012-10-28,IND,TEN,00-0029668,A.Luck,16,5,15:00,0,IND 20,80.0,1,CONVERSION,CLUTCH_RESPONSE
2012_08_NYG_DAL,2012,REG,8,2012-10-28,NYG,DAL,00-0022803,E.Manning,24,4,14:46,-1,NYG 15,85.0,0,CONVERSION,CLUTCH_RESPONSE
2012_08_SEA_DET,2012,REG,8,2012-10-28,SEA,DET,00-0029263,R.Wilson,17,4,11:35,-4,SEA 13,87.0,0,CONVERSION,CLUTCH_RESPONSE
2012_08_SEA_DET,2012,REG,8,2012-10-28,DET,SEA,00-0026498,M.Stafford,18,4,05:27,-3,DET 20,80.0,1,CONVERSION,CLUTCH_RESPONSE
2012_09_BAL_CLE,2012,REG,9,2012-11-04,CLE,BAL,00-0029677,B.Weeden,20,4,13:20,-2,CLE 43,57.0,0,CONVERSION,CLUTCH_RESPONSE
2012_09_BAL_CLE,2012,REG,9,2012-11-04,BAL,CLE,00-0026158,J.Flacco,21,4,08:48,-1,BAL 19,81.0,0,CONVERSION,CLUTCH_RESPONSE
2012_09_DEN_CIN,2012,REG,9,2012-11-04,DEN,CIN,00-0010346,P.Manning,18,4,14:10,-3,DEN 20,80.0,0,CONVERSION,CLUTCH_RESPONSE
2012_09_MIA_IND,2012,REG,9,2012-11-04,IND,MIA,00-0029668,A.Luck,16,4,13:12,0,IND 6,94.0,0,CONVERSION,CLUTCH_RESPONSE
2012_09_PIT_NYG,2012,REG,9,2012-11-04,PIT,NYG,00-0022924,B.Roethlisberger,20,4,08:55,-3,PIT 49,51.0,0,CONVERSION,CLUTCH_RESPONSE
2012_10_KC_PIT,2012,REG,10,2012-11-12,KC,PIT,00-0023662,M.Cassel,24,4,01:51,-3,KC 20,80.0,0,CONVERSION,CLUTCH_RESPONSE
2012_10_KC_PIT,2012,REG,10,2012-11-12,PIT,KC,00-0022177,B.Leftwich,26,5,14:09,0,KC 5,5.0,1,CONVERSION,CLUTCH_RESPONSE
2012_10_STL_SF,2012,REG,10,2012-11-11,SF,LA,,,15,4,08:29,-3,LA 20,20.0,0,CONVERSION,CLUTCH_RESPONSE
2012_10_STL_SF,2012,REG,10,2012-11-11,LA,SF,00-0027854,S.Bradford,16,4,08:23,-4,LA 19,81.0,0,CONVERSION,CLUTCH_RESPONSE
2012_10_STL_SF,2012,REG,10,2012-11-11,SF,LA,00-0027974,C.Kaepernick,17,4,01:09,-3,SF 22,78.0,0,CONVERSION,CLUTCH_RESPONSE
2012_10_STL_SF,2012,REG,10,2012-11-11,SF,LA,00-0027974,C.Kaepernick,20,5,12:49,0,SF 40,60.0,0,CONVERSION,CLUTCH_RESPONSE
2012_11_ARI_ATL,2012,REG,11,2012-11-18,ATL,ARI,00-0026143,M.Ryan,26,4,09:44,-3,ATL 30,70.0,0,CONVERSION,CLUTCH_RESPONSE
2012_11_CLE_DAL,2012,REG,11,2012-11-18,DAL,CLE,00-0021678,T.Romo,16,4,11:57,-3,DAL 42,58.0,0,CONVERSION,CLUTCH_RESPONSE
2012_11_CLE_DAL,2012,REG,11,2012-11-18,CLE,DAL,00-0029677,B.Weeden,21,4,01:10,-4,DAL 17,17.0,0,CONVERSION,CLUTCH_RESPONSE
2012_11_CLE_DAL,2012,REG,11,2012-11-18,DAL,CLE,00-0021678,T.Romo,22,4,01:07,-3,DAL 20,80.0,0,CONVERSION,CLUTCH_RESPONSE
2012_11_CLE_DAL,2012,REG,11,2012-11-18,DAL,CLE,00-0021678,T.Romo,26,5,09:39,0,CLE 48,48.0,1,CONVERSION,CLUTCH_RESPONSE
2012_11_GB_DET,2012,REG,11,2012-11-18,GB,DET,00-0023459,A.Rodgers,18,4,11:33,-3,DET 44,44.0,0,CONVERSION,CLUTCH_RESPONSE
2012_11_GB_DET,2012,REG,11,2012-11-18,GB,DET,00-0023459,A.Rodgers,20,4,04:25,-6,GB 18,82.0,0,CONVERSION,CLUTCH_RESPONSE
2012_11_JAX_HOU,2012,REG,11,2012-11-18,HOU,JAX,00-0022787,M.Schaub,23,4,03:52,-7,HOU 10,90.0,0,CONVERSION,CLUTCH_RESPONSE
2012_11_JAX_HOU,2012,REG,11,2012-11-18,HOU,JAX,00-0022787,M.Schaub,26,5,15:00,0,HOU 20,80.0,0,CONVERSION,CLUTCH_RESPONSE
2012_11_JAX_HOU,2012,REG,11,2012-11-18,JAX,HOU,00-0026197,C.Henne,27,5,08:10,-3,JAX 32,68.0,0,CONVERSION,CLUTCH_RESPONSE
2012_11_JAX_HOU,2012,REG,11,2012-11-18,HOU,JAX,00-0022787,M.Schaub,30,5,02:30,0,HOU 47,53.0,1,CONVERSION,CLUTCH_RESPONSE
2012_11_TB_CAR,2012,REG,11,2012-11-18,TB,CAR,00-0026993,J.Freeman,24,4,01:02,-8,TB 20,80.0,0,CONVERSION,CLUTCH_RESPONSE
2012_11_TB_CAR,2012,REG,11,2012-11-18,TB,CAR,00-0026993,J.Freeman,26,5,15:00,0,TB 20,80.0,1,CONVERSION,CLUTCH_RESPONSE
2012_12_ATL_TB,2012,REG,12,2012-11-25,ATL,TB,00-0026143,M.Ryan,15,4,10:28,-6,ATL 36,64.0,0,CONVERSION,CLUTCH_RESPONSE
2012_12_BAL_SD,2012,REG,12,2012-11-25,BAL,LAC,00-0026158,J.Flacco,21,4,03:09,-3,BAL 40,60.0,0,CONVERSION,CLUTCH_RESPONSE
2012_12_BAL_SD,2012,REG,12,2012-11-25,BAL,LAC,00-0026158,J.Flacco,25,5,04:56,0,BAL 11,89.0,1,CONVERSION,CLUTCH_RESPONSE
2012_12_HOU_DET,2012,REG,12,2012-11-22,HOU,DET,00-0022787,M.Schaub,23,4,07:38,-7,HOU 3,97.0,0,CONVERSION,CLUTCH_RESPONSE
2012_12_HOU_DET,2012,REG,12,2012-11-22,HOU,DET,00-0022787,M.Schaub,31,5,04:32,0,HOU 37,63.0,1,CONVERSION,CLUTCH_RESPONSE
2012_12_SEA_MIA,2012,REG,12,2012-11-25,MIA,SEA,00-0029701,R.Tannehill,17,4,12:03,-7,MIA 18,82.0,0,CONVERSION,CLUTCH_RESPONSE
2012_12_SEA_MIA,2012,REG,12,2012-11-25,MIA,SEA,00-0029701,R.Tannehill,19,4,07:54,-7,MIA 20,80.0,0,CONVERSION,CLUTCH_RESPONSE
2012_12_SEA_MIA,2012,REG,12,2012-11-25,MIA,SEA,00-0029701,R.Tannehill,21,4,01:32,0,MIA 10,90.0,1,CONVERSION,CLUTCH_RESPONSE
2012_13_CIN_SD,2012,REG,13,2012-12-02,CIN,LAC,00-0027973,A.Dalton,17,4,11:53,-3,CIN 45,55.0,0,CONVERSION,CLUTCH_RESPONSE
2012_13_IND_DET,2012,REG,13,2012-12-02,IND,DET,00-0029668,A.Luck,32,4,01:07,-5,IND 25,75.0,1,CONVERSION,CLUTCH_RESPONSE
2012_13_PHI_DAL,2012,REG,13,2012-12-02,PHI,DAL,00-0029567,N.Foles,13,4,13:41,0,PHI 22,78.0,0,CONVERSION,CLUTCH_RESPONSE
2012_13_PHI_DAL,2012,REG,13,2012-12-02,DAL,PHI,00-0021678,T.Romo,14,4,09:51,-3,DAL 14,86.0,0,CONVERSION,CLUTCH_RESPONSE
2012_13_PIT_BAL,2012,REG,13,2012-12-02,PIT,BAL,00-0000865,C.Batch,22,4,09:41,-7,BAL 27,27.0,0,CONVERSION,CLUTCH_RESPONSE
2012_13_PIT_BAL,2012,REG,13,2012-12-02,PIT,BAL,00-0000865,C.Batch,24,4,06:14,0,PIT 15,85.0,1,CONVERSION,CLUTCH_RESPONSE
2012_13_SEA_CHI,2012,REG,13,2012-12-02,SEA,CHI,00-0029263,R.Wilson,18,4,03:40,-4,SEA 3,97.0,0,CONVERSION,CLUTCH_RESPONSE
2012_13_SEA_CHI,2012,REG,13,2012-12-02,CHI,SEA,00-0024226,J.Cutler,19,4,00:24,-3,CHI 14,86.0,1,CONVERSION,CLUTCH_RESPONSE
2012_13_SEA_CHI,2012,REG,13,2012-12-02,SEA,CHI,00-0029263,R.Wilson,20,5,15:00,0,SEA 20,80.0,1,CONVERSION,CLUTCH_RESPONSE
2012_13_SF_STL,2012,REG,13,2012-12-02,LA,SF,00-0027854,S.Bradford,19,4,03:04,-2,SF 2,2.0,0,CONVERSION,CLUTCH_RESPONSE
2012_13_SF_STL,2012,REG,13,2012-12-02,SF,LA,00-0027974,C.Kaepernick,20,4,03:04,0,SF 20,80.0,0,CONVERSION,CLUTCH_RESPONSE
2012_13_SF_STL,2012,REG,13,2012-12-02,LA,SF,00-0027854,S.Bradford,21,4,01:34,-3,LA 20,80.0,0,CONVERSION,CLUTCH_RESPONSE
2012_13_SF_STL,2012,REG,13,2012-12-02,LA,SF,00-0027854,S.Bradford,26,5,04:11,0,LA 41,59.0,1,CONVERSION,CLUTCH_RESPONSE
2012_14_BAL_WAS,2012,REG,14,2012-12-09,WAS,BAL,00-0029604,K.Cousins,25,5,13:23,0,BAL 24,24.0,1,CONVERSION,CLUTCH_RESPONSE
2012_14_DAL_CIN,2012,REG,14,2012-12-09,DAL,CIN,00-0021678,T.Romo,20,4,03:44,-2,DAL 28,72.0,1,CONVERSION,CLUTCH_RESPONSE
2012_14_DET_GB,2012,REG,14,2012-12-09,GB,DET,00-0023459,A.Rodgers,15,4,14:49,0,GB 41,59.0,0,CONVERSION,CLUTCH_RESPONSE
2012_14_PHI_TB,2012,REG,14,2012-12-09,PHI,TB,00-0029567,N.Foles,26,4,02:44,-5,PHI 36,64.0,1,CONVERSION,CLUTCH_RESPONSE
2012_14_STL_BUF,2012,REG,14,2012-12-09,LA,BUF,00-0027854,S.Bradford,23,4,04:55,-5,LA 16,84.0,1,CONVERSION,CLUTCH_RESPONSE
2012_14_TEN_IND,2012,REG,14,2012-12-09,IND,TEN,00-0029668,A.Luck,17,4,10:28,-2,IND 20,80.0,0,CONVERSION,CLUTCH_RESPONSE
2012_15_PIT_DAL,2012,REG,15,2012-12-16,DAL,PIT,00-0021678,T.Romo,18,4,10:03,-7,PIT 44,44.0,0,CONVERSION,CLUTCH_RESPONSE
2012_15_PIT_DAL,2012,REG,15,2012-12-16,DAL,PIT,00-0021678,T.Romo,25,5,14:15,0,PIT 1,1.0,1,CONVERSION,CLUTCH_RESPONSE
2012_15_SF_NE,2012,REG,15,2012-12-16,NE,SF,00-0019596,T.Brady,26,4,09:56,-7,NE 8,92.0,0,CONVERSION,CLUTCH_RESPONSE
2012_15_SF_NE,2012,REG,15,2012-12-16,SF,NE,00-0027974,C.Kaepernick,27,4,06:43,0,NE 38,38.0,0,CONVERSION,CLUTCH_RESPONSE
2012_16_CIN_PIT,2012,REG,16,2012-12-23,CIN,PIT,00-0027973,A.Dalton,27,4,00:14,0,PIT 46,46.0,1,CONVERSION,CLUTCH_RESPONSE
2012_16_IND_KC,2012,REG,16,2012-12-23,IND,KC,00-0029668,A.Luck,21,4,10:13,0,IND 27,73.0,0,CONVERSION,CLUTCH_RESPONSE
2012_16_NO_DAL,2012,REG,16,2012-12-23,DAL,NO,00-0021678,T.Romo,22,4,01:29,-7,DAL 36,64.0,0,CONVERSION,CLUTCH_RESPONSE
2012_16_NO_DAL,2012,REG,16,2012-12-23,NO,DAL,00-0020531,D.Brees,25,5,13:33,0,NO 26,74.0,1,CONVERSION,CLUTCH_RESPONSE
2012_17_BAL_CIN,2012,REG,17,2012-12-30,CIN,BAL,00-0024408,B.Gradkowski,22,4,08:54,-1,CIN 35,65.0,1,CONVERSION,CLUTCH_RESPONSE
2012_17_GB_MIN,2012,REG,17,2012-12-30,MIN,GB,00-0027950,C.Ponder,18,4,12:21,0,MIN 21,79.0,0,CONVERSION,CLUTCH_RESPONSE
2012_17_GB_MIN,2012,REG,17,2012-12-30,GB,MIN,00-0023459,A.Rodgers,19,4,07:54,-7,GB 22,78.0,1,CONVERSION,CLUTCH_RESPONSE
2012_17_GB_MIN,2012,REG,17,2012-12-30,MIN,GB,00-0027950,C.Ponder,20,4,02:54,0,MIN 28,72.0,1,CONVERSION,CLUTCH_RESPONSE
2012_17_STL_SEA,2012,REG,17,2012-12-30,SEA,LA,00-0029263,R.Wilson,19,4,05:11,0,SEA 10,90.0,1,CONVERSION,CLUTCH_RESPONSE
2012_18_SEA_WAS,2012,POST,18,2013-01-06,SEA,WAS,00-0029263,R.Wilson,15,4,10:53,-1,SEA 21,79.0,0,CONVERSION,CLUTCH_RESPONSE
2012_19_BAL_DEN,2012,POST,19,2013-01-12,DEN,BAL,00-0010346,P.Manning,21,4,12:09,0,DEN 12,88.0,0,CONVERSION,CLUTCH_RESPONSE
2012_19_BAL_DEN,2012,POST,19,2013-01-12,BAL,DEN,00-0026158,J.Flacco,24,4,01:09,-7,BAL 23,77.0,0,CONVERSION,CLUTCH_RESPONSE
2012_19_BAL_DEN,2012,POST,19,2013-01-12,BAL,DEN,00-0026158,J.Flacco,30,5,00:51,0,DEN 45,45.0,1,CONVERSION,CLUTCH_RESPONSE
2012_19_SEA_ATL,2012,POST,19,2013-01-13,SEA,ATL,00-0029263,R.Wilson,19,4,03:00,-6,SEA 39,61.0,0,CONVERSION,CLUTCH_RESPONSE
2012_19_SEA_ATL,2012,POST,19,2013-01-13,ATL,SEA,00-0026143,M.Ryan,20,4,00:31,-1,ATL 28,72.0,1,CONVERSION,CLUTCH_RESPONSE
2012_20_SF_ATL,2012,POST,20,2013-01-20,SF,ATL,00-0027974,C.Kaepernick,17,4,11:46,-3,ATL 38,38.0,0,CONVERSION,CLUTCH_RESPONSE
2013_01_ARI_STL,2013,REG,1,2013-09-08,LA,ARI,00-0027854,S.Bradford,17,4,10:38,-3,ARI 22,22.0,0,CONVERSION,CLUTCH_RESPONSE
2013_01_ARI_STL,2013,REG,1,2013-09-08,LA,ARI,00-0027854,S.Bradford,21,4,01:45,0,LA 20,80.0,1,CONVERSION,CLUTCH_RESPONSE
2013_01_CIN_CHI,2013,REG,1,2013-09-08,CHI,CIN,00-0024226,J.Cutler,20,4,12:39,-4,CHI 19,81.0,0,CONVERSION,CLUTCH_RESPONSE
2013_01_GB_SF,2013,REG,1,2013-09-08,GB,SF,00-0023459,A.Rodgers,22,4,10:56,-3,GB 24,76.0,0,CONVERSION,CLUTCH_RESPONSE
2013_01_GB_SF,2013,REG,1,2013-09-08,SF,GB,00-0027974,C.Kaepernick,23,4,08:26,-4,SF 20,80.0,0,CONVERSION,CLUTCH_RESPONSE
2013_01_HOU_SD,2013,REG,1,2013-09-09,HOU,LAC,00-0022787,M.Schaub,22,4,03:53,0,HOU 39,61.0,1,CONVERSION,CLUTCH_RESPONSE
2013_01_NE_BUF,2013,REG,1,2013-09-08,NE,BUF,00-0019596,T.Brady,28,4,04:31,-1,NE 34,66.0,1,CONVERSION,CLUTCH_RESPONSE
2013_01_OAK_IND,2013,REG,1,2013-09-08,IND,LV,00-0029668,A.Luck,14,4,11:09,-3,IND 20,80.0,1,CONVERSION,CLUTCH_RESPONSE
2013_01_SEA_CAR,2013,REG,1,2013-09-08,SEA,CAR,00-0029263,R.Wilson,15,4,10:13,-1,CAR 20,20.0,0,CONVERSION,CLUTCH_RESPONSE
2013_01_TB_NYJ,2013,REG,1,2013-09-08,NYJ,TB,00-0030565,G.Smith,22,4,11:25,-2,NYJ 23,77.0,0,CONVERSION,CLUTCH_RESPONSE
2013_01_TB_NYJ,2013,REG,1,2013-09-08,TB,NYJ,00-0026993,J.Freeman,25,4,02:14,-1,TB 20,80.0,1,CONVERSION,CLUTCH_RESPONSE
2013_01_TB_NYJ,2013,REG,1,2013-09-08,NYJ,TB,00-0030565,G.Smith,26,4,00:34,-2,NYJ 20,80.0,1,CONVERSION,CLUTCH_RESPONSE
2013_02_CAR_BUF,2013,REG,2,2013-09-15,BUF,CAR,00-0030526,E.Manuel,23,4,01:38,-6,BUF 20,80.0,1,CONVERSION,CLUTCH_RESPONSE
2013_02_DET_ARI,2013,REG,2,2013-09-15,ARI,DET,00-0021429,C.Palmer,23,4,04:28,-2,ARI 39,61.0,1,CONVERSION,CLUTCH_RESPONSE
2013_02_MIN_CHI,2013,REG,2,2013-09-15,MIN,CHI,00-0027950,C.Ponder,18,4,14:54,0,MIN 12,88.0,0,CONVERSION,CLUTCH_RESPONSE
2013_02_MIN_CHI,2013,REG,2,2013-09-15,CHI,MIN,00-0024226,J.Cutler,21,4,03:15,-6,CHI 34,66.0,1,CONVERSION,CLUTCH_RESPONSE
2013_02_NO_TB,2013,REG,2,2013-09-15,NO,TB,00-0020531,D.Brees,23,4,01:06,-1,NO 37,63.0,1,CONVERSION,CLUTCH_RESPONSE
2013_02_SD_PHI,2013,REG,2,2013-09-15,PHI,LAC,00-0020245,M.Vick,18,4,10:47,-3,PHI 24,76.0,0,CONVERSION,CLUTCH_RESPONSE
2013_02_SD_PHI,2013,REG,2,2013-09-15,LAC,PHI,00-0022942,P.Rivers,19,4,07:06,-4,PHI 39,39.0,0,CONVERSION,CLUTCH_RESPONSE
2013_02_SD_PHI,2013,REG,2,2013-09-15,LAC,PHI,00-0022942,P.Rivers,21,4,01:51,0,LAC 21,79.0,1,CONVERSION,CLUTCH_RESPONSE
2013_02_TEN_HOU,2013,REG,2,2013-09-15,TEN,HOU,00-0027946,J.Locker,23,4,10:45,-6,TEN 1,99.0,0,CONVERSION,CLUTCH_RESPONSE
2013_02_TEN_HOU,2013,REG,2,2013-09-15,HOU,TEN,00-0022787,M.Schaub,27,4,03:07,-8,HOU 13,87.0,0,CONVERSION,CLUTCH_RESPONSE
2013_02_TEN_HOU,2013,REG,2,2013-09-15,HOU,TEN,00-0022787,M.Schaub,30,5,15:00,0,HOU 22,78.0,1,CONVERSION,CLUTCH_RESPONSE
2013_03_ATL_MIA,2013,REG,3,2013-09-22,MIA,ATL,00-0029701,R.Tannehill,18,4,04:46,-3,MIA 25,75.0,1,CONVERSION,CLUTCH_RESPONSE
2013_03_BUF_NYJ,2013,REG,3,2013-09-22,BUF,NYJ,00-0030526,E.Manuel,22,4,13:22,-8,BUF 20,80.0,0,CONVERSION,CLUTCH_RESPONSE
2013_03_BUF_NYJ,2013,REG,3,2013-09-22,NYJ,BUF,00-0030565,G.Smith,23,4,10:39,0,NYJ 15,85.0,0,CONVERSION,CLUTCH_RESPONSE
2013_03_CLE_MIN,2013,REG,3,2013-09-22,CLE,MIN,00-0026625,B.Hoyer,29,4,03:21,-3,CLE 45,55.0,1,CONVERSION,CLUTCH_RESPONSE
2013_03_DET_WAS,2013,REG,3,2013-09-22,DET,WAS,00-0026498,M.Stafford,19,4,12:38,0,DET 25,75.0,0,CONVERSION,CLUTCH_RESPONSE
2013_03_SD_TEN,2013,REG,3,2013-09-22,TEN,LAC,00-0027946,J.Locker,18,4,02:05,-4,TEN 6,94.0,1,CONVERSION,CLUTCH_RESPONSE
2013_04_ARI_TB,2013,REG,4,2013-09-29,ARI,TB,00-0021429,C.Palmer,24,4,03:12,-7,TB 13,13.0,0,CONVERSION,CLUTCH_RESPONSE
2013_04_ARI_TB,2013,REG,4,2013-09-29,ARI,TB,00-0021429,C.Palmer,26,4,01:56,0,TB 38,38.0,1,CONVERSION,CLUTCH_RESPONSE
2013_04_SEA_HOU,2013,REG,4,2013-09-29,SEA,HOU,00-0029263,R.Wilson,28,5,06:46,0,SEA 31,69.0,1,CONVERSION,CLUTCH_RESPONSE
2013_05_BAL_MIA,2013,REG,5,2013-10-06,BAL,MIA,00-0026158,J.Flacco,26,4,04:07,0,BAL 40,60.0,1,CONVERSION,CLUTCH_RESPONSE
2013_05_DEN_DAL,2013,REG,5,2013-10-06,DEN,DAL,00-0010346,P.Manning,18,4,13:38,-3,DEN 17,83.0,0,CONVERSION,CLUTCH_RESPONSE
2013_05_DEN_DAL,2013,REG,5,2013-10-06,DAL,DEN,00-0021678,T.Romo,19,4,09:37,0,DAL 13,87.0,0,CONVERSION,CLUTCH_RESPONSE
2013_05_DEN_DAL,2013,REG,5,2013-10-06,DEN,DAL,00-0010346,P.Manning,20,4,07:19,-7,DEN 27,73.0,0,CONVERSION,CLUTCH_RESPONSE
2013_05_DEN_DAL,2013,REG,5,2013-10-06,DEN,DAL,00-0010346,P.Manning,22,4,01:57,0,DAL 24,24.0,1,CONVERSION,CLUTCH_RESPONSE
2013_05_KC_TEN,2013,REG,5,2013-10-06,KC,TEN,00-0023436,A.Smith,22,4,11:28,-4,KC 34,66.0,0,CONVERSION,CLUTCH_RESPONSE
2013_05_NYJ_ATL,2013,REG,5,2013-10-07,ATL,NYJ,00-0026143,M.Ryan,17,4,05:40,-6,ATL 37,63.0,1,CONVERSION,CLUTCH_RESPONSE
2013_05_NYJ_ATL,2013,REG,5,2013-10-07,NYJ,ATL,00-0030565,G.Smith,18,4,01:54,-1,NYJ 20,80.0,1,CONVERSION,CLUTCH_RESPONSE
2013_06_CIN_BUF,2013,REG,6,2013-10-13,BUF,CIN,00-0027253,T.Lewis,20,4,02:40,-7,BUF 14,86.0,0,CONVERSION,CLUTCH_RESPONSE
2013_06_CIN_BUF,2013,REG,6,2013-10-13,CIN,BUF,00-0027973,A.Dalton,25,5,08:48,0,BUF 33,33.0,1,CONVERSION,CLUTCH_RESPONSE
2013_06_DET_CLE,2013,REG,6,2013-10-13,DET,CLE,00-0026498,M.Stafford,19,4,14:49,-3,DET 33,67.0,0,CONVERSION,CLUTCH_RESPONSE
2013_06_NO_NE,2013,REG,6,2013-10-13,NO,NE,00-0020531,D.Brees,20,4,08:34,-6,NO 19,81.0,0,CONVERSION,CLUTCH_RESPONSE
2013_06_NO_NE,2013,REG,6,2013-10-13,NE,NO,00-0019596,T.Brady,25,4,01:13,-4,NE 30,70.0,1,CONVERSION,CLUTCH_RESPONSE
2013_07_BAL_PIT,2013,REG,7,2013-10-20,BAL,PIT,00-0026158,J.Flacco,14,4,09:59,-7,BAL 27,73.0,1,CONVERSION,CLUTCH_RESPONSE
2013_07_BAL_PIT,2013,REG,7,2013-10-20,PIT,BAL,00-0022924,B.Roethlisberger,15,4,01:58,0,PIT 37,63.0,1,CONVERSION,CLUTCH_RESPONSE
2013_07_BUF_MIA,2013,REG,7,2013-10-20,BUF,MIA,00-0027253,T.Lewis,26,4,02:48,-1,MIA 34,34.0,1,CONVERSION,CLUTCH_RESPONSE
2013_07_CHI_WAS,2013,REG,7,2013-10-20,WAS,CHI,00-0029665,R.Griffin,20,4,12:44,0,WAS 20,80.0,0,CONVERSION,CLUTCH_RESPONSE
2013_07_CHI_WAS,2013,REG,7,2013-10-20,CHI,WAS,00-0021206,J.McCown,23,4,06:27,-4,CHI 33,67.0,0,CONVERSION,CLUTCH_RESPONSE
2013_07_CHI_WAS,2013,REG,7,2013-10-20,WAS,CHI,00-0029665,R.Griffin,24,4,03:57,-3,WAS 20,80.0,1,CONVERSION,CLUTCH_RESPONSE
2013_07_CIN_DET,2013,REG,7,2013-10-20,DET,CIN,00-0026498,M.Stafford,15,4,14:52,-7,DET 22,78.0,0,CONVERSION,CLUTCH_RESPONSE
2013_07_CIN_DET,2013,REG,7,2013-10-20,CIN,DET,00-0027973,A.Dalton,20,4,00:26,0,CIN 49,51.0,1,CONVERSION,CLUTCH_RESPONSE
2013_07_NE_NYJ,2013,REG,7,2013-10-20,NE,NYJ,00-0019596,T.Brady,24,4,02:10,-3,NE 8,92.0,0,CONVERSION,CLUTCH_RESPONSE
2013_07_NE_NYJ,2013,REG,7,2013-10-20,NYJ,NE,00-0030565,G.Smith,27,5,13:55,0,NYJ 20,80.0,1,CONVERSION,CLUTCH_RESPONSE
2013_08_DAL_DET,2013,REG,8,2013-10-27,DET,DAL,00-0026498,M.Stafford,28,4,01:02,-6,DET 20,80.0,1,CONVERSION,CLUTCH_RESPONSE
2013_08_WAS_DEN,2013,REG,8,2013-10-27,DEN,WAS,00-0010346,P.Manning,18,4,14:29,0,WAS 35,35.0,0,CONVERSION,CLUTCH_RESPONSE
2013_09_CIN_MIA,2013,REG,9,2013-10-31,CIN,MIA,00-0027973,A.Dalton,18,4,14:52,-7,CIN 30,70.0,0,CONVERSION,CLUTCH_RESPONSE
2013_09_CIN_MIA,2013,REG,9,2013-10-31,CIN,MIA,00-0027973,A.Dalton,22,4,03:07,0,CIN 29,71.0,0,CONVERSION,CLUTCH_RESPONSE
2013_09_CIN_MIA,2013,REG,9,2013-10-31,MIA,CIN,00-0029701,R.Tannehill,23,4,01:24,-3,MIA 24,76.0,0,CONVERSION,CLUTCH_RESPONSE
2013_09_IND_HOU,2013,REG,9,2013-11-03,IND,HOU,00-0029668,A.Luck,21,4,06:09,-5,IND 48,52.0,0,CONVERSION,CLUTCH_RESPONSE
2013_09_MIN_DAL,2013,REG,9,2013-11-03,MIN,DAL,00-0027950,C.Ponder,18,4,10:32,-3,MIN 13,87.0,0,CONVERSION,CLUTCH_RESPONSE
2013_09_MIN_DAL,2013,REG,9,2013-11-03,DAL,MIN,00-0021678,T.Romo,21,4,02:44,-3,DAL 10,90.0,1,CONVERSION,CLUTCH_RESPONSE
2013_09_SD_WAS,2013,REG,9,2013-11-03,LAC,WAS,00-0022942,P.Rivers,19,4,02:10,-3,LAC 8,92.0,1,CONVERSION,CLUTCH_RESPONSE
2013_09_SD_WAS,2013,REG,9,2013-11-03,WAS,LAC,00-0029665,R.Griffin,21,5,15:00,0,WAS 22,78.0,1,CONVERSION,CLUTCH_RESPONSE
2013_09_TB_SEA,2013,REG,9,2013-11-03,SEA,TB,00-0029263,R.Wilson,17,4,06:13,-7,SEA 41,59.0,0,CONVERSION,CLUTCH_RESPONSE
2013_09_TB_SEA,2013,REG,9,2013-11-03,SEA,TB,00-0029263,R.Wilson,21,5,13:04,0,SEA 40,60.0,1,CONVERSION,CLUTCH_RESPONSE
2013_09_TEN_STL,2013,REG,9,2013-11-03,LA,TEN,00-0024264,K.Clemens,18,4,09:42,-7,LA 20,80.0,0,CONVERSION,CLUTCH_RESPONSE
2013_09_TEN_STL,2013,REG,9,2013-11-03,TEN,LA,00-0027946,J.Locker,21,4,02:59,0,LA 19,19.0,0,CONVERSION,CLUTCH_RESPONSE
2013_10_CAR_SF,2013,REG,10,2013-11-10,CAR,SF,00-0027939,C.Newton,19,4,13:35,-2,SF 44,44.0,0,CONVERSION,CLUTCH_RESPONSE
2013_10_CIN_BAL,2013,REG,10,2013-11-10,CIN,BAL,00-0027973,A.Dalton,29,4,01:28,-7,CIN 40,60.0,0,CONVERSION,CLUTCH_RESPONSE
2013_10_CIN_BAL,2013,REG,10,2013-11-10,BAL,CIN,00-0026158,J.Flacco,31,5,10:01,0,BAL 44,56.0,1,CONVERSION,CLUTCH_RESPONSE
2013_11_BAL_CHI,2013,REG,11,2013-11-17,BAL,CHI,00-0026158,J.Flacco,19,4,04:48,-3,BAL 16,84.0,0,CONVERSION,CLUTCH_RESPONSE
2013_11_BAL_CHI,2013,REG,11,2013-11-17,CHI,BAL,00-0021206,J.McCown,22,5,12:19,0,CHI 20,80.0,1,CONVERSION,CLUTCH_RESPONSE
2013_11_DET_PIT,2013,REG,11,2013-11-17,PIT,DET,00-0022924,B.Roethlisberger,23,4,12:49,-4,PIT 3,97.0,0,CONVERSION,CLUTCH_RESPONSE
2013_11_NE_CAR,2013,REG,11,2013-11-18,NE,CAR,00-0019596,T.Brady,12,4,11:01,0,CAR 39,39.0,0,CONVERSION,CLUTCH_RESPONSE
2013_11_NE_CAR,2013,REG,11,2013-11-18,CAR,NE,00-0027939,C.Newton,13,4,06:32,-3,CAR 17,83.0,1,CONVERSION,CLUTCH_RESPONSE
2013_11_SF_NO,2013,REG,11,2013-11-17,NO,SF,00-0020531,D.Brees,21,4,06:48,-3,NO 28,72.0,0,CONVERSION,CLUTCH_RESPONSE
2013_11_SF_NO,2013,REG,11,2013-11-17,NO,SF,00-0020531,D.Brees,23,4,01:41,0,NO 40,60.0,1,CONVERSION,CLUTCH_RESPONSE
2013_12_CAR_MIA,2013,REG,12,2013-11-24,CAR,MIA,00-0027939,C.Newton,25,4,04:13,-3,CAR 20,80.0,1,CONVERSION,CLUTCH_RESPONSE
2013_12_DAL_NYG,2013,REG,12,2013-11-24,NYG,DAL,00-0022803,E.Manning,22,4,08:58,-8,NYG 42,58.0,1,CONVERSION,CLUTCH_RESPONSE
2013_12_DAL_NYG,2013,REG,12,2013-11-24,DAL,NYG,00-0021678,T.Romo,23,4,04:45,0,DAL 20,80.0,1,CONVERSION,CLUTCH_RESPONSE
2013_12_DEN_NE,2013,REG,12,2013-11-24,NE,DEN,00-0019596,T.Brady,21,4,14:32,-3,DEN 30,30.0,0,CONVERSION,CLUTCH_RESPONSE
2013_12_DEN_NE,2013,REG,12,2013-11-24,DEN,NE,00-0010346,P.Manning,24,4,07:37,-7,DEN 20,80.0,0,CONVERSION,CLUTCH_RESPONSE
2013_12_DEN_NE,2013,REG,12,2013-11-24,NE,DEN,00-0019596,T.Brady,32,5,03:01,0,DEN 13,13.0,1,CONVERSION,CLUTCH_RESPONSE
2013_12_MIN_GB,2013,REG,12,2013-11-24,GB,MIN,00-0026349,M.Flynn,21,4,02:27,-3,GB 31,69.0,0,CONVERSION,CLUTCH_RESPONSE
2013_12_MIN_GB,2013,REG,12,2013-11-24,GB,MIN,00-0026349,M.Flynn,24,5,15:00,0,GB 21,79.0,0,CONVERSION,CLUTCH_RESPONSE
2013_12_MIN_GB,2013,REG,12,2013-11-24,MIN,GB,00-0027950,C.Ponder,25,5,10:25,-3,MIN 20,80.0,0,CONVERSION,CLUTCH_RESPONSE
2013_12_SD_KC,2013,REG,12,2013-11-24,LAC,KC,00-0022942,P.Rivers,20,4,09:32,-4,LAC 32,68.0,0,CONVERSION,CLUTCH_RESPONSE
2013_12_SD_KC,2013,REG,12,2013-11-24,KC,LAC,00-0023436,A.Smith,23,4,03:51,-3,KC 45,55.0,0,CONVERSION,CLUTCH_RESPONSE
2013_12_SD_KC,2013,REG,12,2013-11-24,LAC,KC,00-0022942,P.Rivers,24,4,01:22,-4,LAC 22,78.0,1,CONVERSION,CLUTCH_RESPONSE
2013_12_TEN_OAK,2013,REG,12,2013-11-24,LV,TEN,00-0030419,M.McGloin,19,4,08:52,-4,LV 25,75.0,0,CONVERSION,CLUTCH_RESPONSE
2013_12_TEN_OAK,2013,REG,12,2013-11-24,TEN,LV,00-0023682,R.Fitzpatrick,20,4,06:10,-3,TEN 20,80.0,1,CONVERSION,CLUTCH_RESPONSE
2013_13_ATL_BUF,2013,REG,13,2013-12-01,BUF,ATL,00-0030526,E.Manuel,21,4,12:51,0,BUF 13,87.0,0,CONVERSION,CLUTCH_RESPONSE
2013_13_ATL_BUF,2013,REG,13,2013-12-01,ATL,BUF,00-0026143,M.Ryan,26,4,04:26,-7,ATL 35,65.0,0,CONVERSION,CLUTCH_RESPONSE
2013_13_ATL_BUF,2013,REG,13,2013-12-01,ATL,BUF,00-0026143,M.Ryan,30,5,14:16,0,BUF 47,47.0,1,CONVERSION,CLUTCH_RESPONSE
2013_13_CHI_MIN,2013,REG,13,2013-12-01,MIN,CHI,00-0023662,M.Cassel,23,4,02:40,-3,MIN 9,91.0,0,CONVERSION,CLUTCH_RESPONSE
2013_13_CHI_MIN,2013,REG,13,2013-12-01,MIN,CHI,00-0023662,M.Cassel,28,5,04:07,0,MIN 37,63.0,1,CONVERSION,CLUTCH_RESPONSE
2013_13_JAX_CLE,2013,REG,13,2013-12-01,CLE,JAX,00-0029677,B.Weeden,26,4,04:14,-4,CLE 5,95.0,0,CONVERSION,CLUTCH_RESPONSE
2013_13_JAX_CLE,2013,REG,13,2013-12-01,JAX,CLE,00-0026197,C.Henne,27,4,03:55,-3,JAX 20,80.0,1,CONVERSION,CLUTCH_RESPONSE
2013_13_NE_HOU,2013,REG,13,2013-12-01,HOU,NE,00-0028986,C.Keenum,17,4,13:09,-4,HOU 20,80.0,0,CONVERSION,CLUTCH_RESPONSE
2013_13_NE_HOU,2013,REG,13,2013-12-01,NE,HOU,00-0019596,T.Brady,18,4,11:35,-3,NE 25,75.0,0,CONVERSION,CLUTCH_RESPONSE
2013_13_NE_HOU,2013,REG,13,2013-12-01,NE,HOU,00-0019596,T.Brady,20,4,06:44,0,NE 33,67.0,0,CONVERSION,CLUTCH_RESPONSE
2013_14_ATL_GB,2013,REG,14,2013-12-08,GB,ATL,00-0026349,M.Flynn,16,4,13:50,-5,ATL 21,21.0,0,CONVERSION,CLUTCH_RESPONSE
2013_14_CLE_NE,2013,REG,14,2013-12-08,NE,CLE,00-0019596,T.Brady,24,4,01:01,-5,CLE 40,40.0,1,CONVERSION,CLUTCH_RESPONSE
2013_14_DET_PHI,2013,REG,14,2013-12-08,PHI,DET,00-0029567,N.Foles,21,4,14:20,-6,PHI 24,76.0,0,CONVERSION,CLUTCH_RESPONSE
2013_14_MIA_PIT,2013,REG,14,2013-12-08,MIA,PIT,00-0029701,R.Tannehill,22,4,04:31,-4,MIA 20,80.0,0,CONVERSION,CLUTCH_RESPONSE
2013_14_MIN_BAL,2013,REG,14,2013-12-08,BAL,MIN,00-0026158,J.Flacco,27,4,06:32,-5,BAL 36,64.0,0,CONVERSION,CLUTCH_RESPONSE
2013_14_MIN_BAL,2013,REG,14,2013-12-08,MIN,BAL,00-0023662,M.Cassel,28,4,02:05,-3,MIN 32,68.0,0,CONVERSION,CLUTCH_RESPONSE
2013_14_MIN_BAL,2013,REG,14,2013-12-08,MIN,BAL,00-0023662,M.Cassel,30,4,01:16,-3,MIN 21,79.0,1,CONVERSION,CLUTCH_RESPONSE
2013_14_MIN_BAL,2013,REG,14,2013-12-08,BAL,MIN,00-0026158,J.Flacco,31,4,00:45,-4,BAL 20,80.0,1,CONVERSION,CLUTCH_RESPONSE
2013_14_SEA_SF,2013,REG,14,2013-12-08,SEA,SF,00-0029263,R.Wilson,19,4,09:17,-2,SF 27,27.0,0,CONVERSION,CLUTCH_RESPONSE
2013_14_SEA_SF,2013,REG,14,2013-12-08,SF,SEA,00-0027974,C.Kaepernick,20,4,06:20,-1,SF 20,80.0,1,CONVERSION,CLUTCH_RESPONSE
2013_15_ARI_TEN,2013,REG,15,2013-12-15,TEN,ARI,00-0023682,R.Fitzpatrick,21,4,00:47,-7,TEN 46,54.0,0,CONVERSION,CLUTCH_RESPONSE
2013_15_ARI_TEN,2013,REG,15,2013-12-15,ARI,TEN,00-0021429,C.Palmer,24,5,13:55,0,ARI 46,54.0,1,CONVERSION,CLUTCH_RESPONSE
2013_15_BAL_DET,2013,REG,15,2013-12-16,DET,BAL,00-0026498,M.Stafford,20,4,08:06,-5,DET 20,80.0,0,CONVERSION,CLUTCH_RESPONSE
2013_15_BAL_DET,2013,REG,15,2013-12-16,BAL,DET,00-0026158,J.Flacco,21,4,02:21,-1,BAL 33,67.0,0,CONVERSION,CLUTCH_RESPONSE
2013_15_BUF_JAX,2013,REG,15,2013-12-15,BUF,JAX,00-0030526,E.Manuel,21,4,13:50,0,BUF 20,80.0,0,CONVERSION,CLUTCH_RESPONSE
2013_15_CHI_CLE,2013,REG,15,2013-12-15,CHI,CLE,00-0024226,J.Cutler,17,4,13:32,-7,CHI 5,95.0,0,CONVERSION,CLUTCH_RESPONSE
2013_15_CHI_CLE,2013,REG,15,2013-12-15,CHI,CLE,00-0024226,J.Cutler,19,4,09:09,0,CLE 36,36.0,0,CONVERSION,CLUTCH_RESPONSE
2013_15_GB_DAL,2013,REG,15,2013-12-15,GB,DAL,00-0026349,M.Flynn,23,4,02:46,-5,50,50.0,1,CONVERSION,CLUTCH_RESPONSE
2013_15_NE_MIA,2013,REG,15,2013-12-15,NE,MIA,00-0019596,T.Brady,17,4,06:43,-4,NE 27,73.0,0,CONVERSION,CLUTCH_RESPONSE
2013_15_NE_MIA,2013,REG,15,2013-12-15,MIA,NE,00-0029701,R.Tannehill,18,4,04:07,-3,MIA 40,60.0,1,CONVERSION,CLUTCH_RESPONSE
2013_15_WAS_ATL,2013,REG,15,2013-12-15,WAS,ATL,00-0029604,K.Cousins,28,4,03:25,-7,WAS 20,80.0,1,CONVERSION,CLUTCH_RESPONSE
2013_16_ARI_SEA,2013,REG,16,2013-12-22,SEA,ARI,00-0029263,R.Wilson,25,4,10:39,-6,SEA 39,61.0,0,CONVERSION,CLUTCH_RESPONSE
2013_16_ARI_SEA,2013,REG,16,2013-12-22,ARI,SEA,00-0021429,C.Palmer,26,4,07:26,-1,ARI 20,80.0,0,CONVERSION,CLUTCH_RESPONSE
2013_16_DAL_WAS,2013,REG,16,2013-12-22,DAL,WAS,00-0021678,T.Romo,19,4,03:39,-6,DAL 13,87.0,1,CONVERSION,CLUTCH_RESPONSE
2013_16_NO_CAR,2013,REG,16,2013-12-22,NO,CAR,00-0020531,D.Brees,21,4,12:36,-4,NO 3,97.0,0,CONVERSION,CLUTCH_RESPONSE
2013_16_NO_CAR,2013,REG,16,2013-12-22,CAR,NO,00-0027939,C.Newton,26,4,00:55,-3,CAR 35,65.0,1,CONVERSION,CLUTCH_RESPONSE
2013_16_NYG_DET,2013,REG,16,2013-12-22,NYG,DET,00-0022803,E.Manning,27,5,12:44,0,NYG 28,72.0,1,CONVERSION,CLUTCH_RESPONSE
2013_16_PIT_GB,2013,REG,16,2013-12-22,GB,PIT,00-0026349,M.Flynn,22,4,10:27,-7,GB 42,58.0,0,CONVERSION,CLUTCH_RESPONSE
2013_16_PIT_GB,2013,REG,16,2013-12-22,PIT,GB,00-0022924,B.Roethlisberger,25,4,01:51,0,GB 17,17.0,1,CONVERSION,CLUTCH_RESPONSE
2013_17_DET_MIN,2013,REG,17,2013-12-29,MIN,DET,00-0023662,M.Cassel,20,4,09:27,-6,DET 8,8.0,0,CONVERSION,CLUTCH_RESPONSE
2013_17_GB_CHI,2013,REG,17,2013-12-29,GB,CHI,00-0023459,A.Rodgers,20,4,06:24,-1,GB 13,87.0,1,CONVERSION,CLUTCH_RESPONSE
2013_17_KC_SD,2013,REG,17,2013-12-29,LAC,KC,00-0022942,P.Rivers,20,4,07:37,-3,LAC 30,70.0,0,CONVERSION,CLUTCH_RESPONSE
2013_17_KC_SD,2013,REG,17,2013-12-29,KC,LAC,00-0026544,C.Daniel,21,4,03:21,0,KC 20,80.0,0,CONVERSION,CLUTCH_RESPONSE
2013_17_KC_SD,2013,REG,17,2013-12-29,LAC,KC,00-0022942,P.Rivers,23,5,15:00,0,LAC 20,80.0,1,CONVERSION,CLUTCH_RESPONSE
2013_17_SF_ARI,2013,REG,17,2013-12-29,ARI,SF,00-0021429,C.Palmer,23,4,05:48,-7,ARI 40,60.0,0,CONVERSION,CLUTCH_RESPONSE
2013_17_SF_ARI,2013,REG,17,2013-12-29,SF,ARI,00-0027974,C.Kaepernick,24,4,03:20,0,SF 21,79.0,0,CONVERSION,CLUTCH_RESPONSE
2013_17_SF_ARI,2013,REG,17,2013-12-29,ARI,SF,00-0021429,C.Palmer,25,4,01:45,-3,ARI 20,80.0,1,CONVERSION,CLUTCH_RESPONSE
2013_17_SF_ARI,2013,REG,17,2013-12-29,SF,ARI,00-0027974,C.Kaepernick,26,4,00:29,0,SF 36,64.0,1,CONVERSION,CLUTCH_RESPONSE
2013_18_KC_IND,2013,POST,18,2014-01-04,IND,KC,00-0029668,A.Luck,24,4,05:36,-6,IND 20,80.0,1,CONVERSION,CLUTCH_RESPONSE
2013_18_NO_PHI,2013,POST,18,2014-01-04,PHI,NO,00-0029567,N.Foles,20,4,08:04,-6,PHI 23,77.0,1,CONVERSION,CLUTCH_RESPONSE
2013_18_NO_PHI,2013,POST,18,2014-01-04,NO,PHI,00-0020531,D.Brees,21,4,04:54,-1,PHI 48,48.0,1,CONVERSION,CLUTCH_RESPONSE
2013_18_SF_GB,2013,POST,18,2014-01-05,SF,GB,00-0027974,C.Kaepernick,16,4,12:06,-4,SF 37,63.0,0,CONVERSION,CLUTCH_RESPONSE
2013_18_SF_GB,2013,POST,18,2014-01-05,GB,SF,00-0023459,A.Rodgers,17,4,10:31,-3,GB 33,67.0,1,CONVERSION,CLUTCH_RESPONSE
2013_18_SF_GB,2013,POST,18,2014-01-05,SF,GB,00-0027974,C.Kaepernick,18,4,05:06,0,SF 20,80.0,1,CONVERSION,CLUTCH_RESPONSE
2014_01_BUF_CHI,2014,REG,1,2014-09-07,BUF,CHI,00-0030526,E.Manuel,20,4,07:52,0,BUF 48,52.0,0,CONVERSION,CLUTCH_RESPONSE
2014_01_BUF_CHI,2014,REG,1,2014-09-07,CHI,BUF,00-0024226,J.Cutler,21,4,04:02,-3,CHI 20,80.0,0,CONVERSION,CLUTCH_RESPONSE
2014_01_BUF_CHI,2014,REG,1,2014-09-07,BUF,CHI,00-0030526,E.Manuel,24,5,13:20,0,BUF 22,78.0,1,CONVERSION,CLUTCH_RESPONSE
2014_01_CIN_BAL,2014,REG,1,2014-09-07,BAL,CIN,00-0026158,J.Flacco,21,4,08:29,-5,BAL 8,92.0,0,CONVERSION,CLUTCH_RESPONSE
2014_01_CIN_BAL,2014,REG,1,2014-09-07,CIN,BAL,00-0027973,A.Dalton,22,4,05:46,-1,CIN 20,80.0,1,CONVERSION,CLUTCH_RESPONSE
2014_01_CLE_PIT,2014,REG,1,2014-09-07,CLE,PIT,00-0026625,B.Hoyer,20,4,13:50,-7,CLE 49,51.0,0,CONVERSION,CLUTCH_RESPONSE
2014_01_CLE_PIT,2014,REG,1,2014-09-07,PIT,CLE,00-0022924,B.Roethlisberger,25,4,00:47,0,PIT 43,57.0,1,CONVERSION,CLUTCH_RESPONSE
2014_01_JAX_PHI,2014,REG,1,2014-09-07,PHI,JAX,00-0029567,N.Foles,27,4,07:10,0,PHI 32,68.0,0,CONVERSION,CLUTCH_RESPONSE
2014_01_NO_ATL,2014,REG,1,2014-09-07,ATL,NO,00-0026143,M.Ryan,17,4,06:16,-3,ATL 6,94.0,0,CONVERSION,CLUTCH_RESPONSE
2014_01_NO_ATL,2014,REG,1,2014-09-07,NO,ATL,00-0020531,D.Brees,18,4,02:50,-4,NO 29,71.0,0,CONVERSION,CLUTCH_RESPONSE
2014_01_NO_ATL,2014,REG,1,2014-09-07,ATL,NO,00-0026143,M.Ryan,19,4,01:20,-3,ATL 20,80.0,0,CONVERSION,CLUTCH_RESPONSE
2014_01_NO_ATL,2014,REG,1,2014-09-07,ATL,NO,00-0026143,M.Ryan,21,5,14:49,0,NO 38,38.0,1,CONVERSION,CLUTCH_RESPONSE
2014_01_SD_ARI,2014,REG,1,2014-09-08,ARI,LAC,00-0021429,C.Palmer,21,4,06:50,-5,ARI 9,91.0,0,CONVERSION,CLUTCH_RESPONSE
2014_02_CHI_SF,2014,REG,2,2014-09-14,CHI,SF,00-0024226,J.Cutler,18,4,13:17,-6,SF 3,3.0,0,CONVERSION,CLUTCH_RESPONSE
2014_02_NO_CLE,2014,REG,2,2014-09-14,CLE,NO,00-0026625,B.Hoyer,20,4,02:46,-1,CLE 4,96.0,1,CONVERSION,CLUTCH_RESPONSE
2014_02_PHI_IND,2014,REG,2,2014-09-15,PHI,IND,00-0029567,N.Foles,22,4,05:08,-7,PHI 24,76.0,0,CONVERSION,CLUTCH_RESPONSE
2014_02_PHI_IND,2014,REG,2,2014-09-15,PHI,IND,00-0029567,N.Foles,24,4,01:56,0,PHI 40,60.0,1,CONVERSION,CLUTCH_RESPONSE
2014_02_STL_TB,2014,REG,2,2014-09-14,LA,TB,00-0028957,A.Davis,14,4,14:50,-1,LA 24,76.0,0,CONVERSION,CLUTCH_RESPONSE
2014_02_STL_TB,2014,REG,2,2014-09-14,TB,LA,00-0021206,J.McCown,15,4,09:10,-2,TB 18,82.0,0,CONVERSION,CLUTCH_RESPONSE
2014_02_STL_TB,2014,REG,2,2014-09-14,LA,TB,00-0028957,A.Davis,16,4,05:15,-1,LA 9,91.0,1,CONVERSION,CLUTCH_RESPONSE
2014_03_BAL_CLE,2014,REG,3,2014-09-21,BAL,CLE,00-0026158,J.Flacco,20,4,01:58,-1,50,50.0,1,CONVERSION,CLUTCH_RESPONSE
2014_03_DAL_STL,2014,REG,3,2014-09-21,DAL,LA,00-0021678,T.Romo,15,4,13:28,-4,DAL 16,84.0,0,CONVERSION,CLUTCH_RESPONSE
2014_03_DEN_SEA,2014,REG,3,2014-09-21,DEN,SEA,00-0010346,P.Manning,27,4,00:59,-8,DEN 20,80.0,1,CONVERSION,CLUTCH_RESPONSE
2014_03_DEN_SEA,2014,REG,3,2014-09-21,SEA,DEN,00-0029263,R.Wilson,29,5,15:00,0,SEA 20,80.0,1,CONVERSION,CLUTCH_RESPONSE
2014_03_WAS_PHI,2014,REG,3,2014-09-21,WAS,PHI,00-0029604,K.Cousins,19,4,11:44,0,WAS 45,55.0,0,CONVERSION,CLUTCH_RESPONSE
2014_03_WAS_PHI,2014,REG,3,2014-09-21,PHI,WAS,00-0029567,N.Foles,20,4,10:07,0,PHI 24,76.0,0,CONVERSION,CLUTCH_RESPONSE
2014_04_ATL_MIN,2014,REG,4,2014-09-28,MIN,ATL,00-0031237,T.Bridgewater,18,4,14:41,-1,MIN 22,78.0,0,CONVERSION,CLUTCH_RESPONSE
2014_04_TB_PIT,2014,REG,4,2014-09-28,TB,PIT,00-0030520,M.Glennon,20,4,00:40,-4,PIT 46,46.0,1,CONVERSION,CLUTCH_RESPONSE
2014_05_BUF_DET,2014,REG,5,2014-10-05,BUF,DET,00-0023541,K.Orton,21,4,13:19,-8,BUF 26,74.0,0,CONVERSION,CLUTCH_RESPONSE
2014_05_BUF_DET,2014,REG,5,2014-10-05,BUF,DET,00-0023541,K.Orton,27,4,00:21,0,BUF 40,60.0,1,CONVERSION,CLUTCH_RESPONSE
2014_05_CHI_CAR,2014,REG,5,2014-10-05,CAR,CHI,00-0027939,C.Newton,23,4,05:56,-3,CHI 32,32.0,0,CONVERSION,CLUTCH_RESPONSE
2014_05_CHI_CAR,2014,REG,5,2014-10-05,CAR,CHI,00-0027939,C.Newton,25,4,04:18,0,CHI 23,23.0,1,CONVERSION,CLUTCH_RESPONSE
2014_05_CLE_TEN,2014,REG,5,2014-10-05,CLE,TEN,00-0026625,B.Hoyer,22,4,03:03,-6,TEN 42,42.0,1,CONVERSION,CLUTCH_RESPONSE
2014_05_HOU_DAL,2014,REG,5,2014-10-05,HOU,DAL,00-0023682,R.Fitzpatrick,20,4,01:59,-7,DAL 45,45.0,0,CONVERSION,CLUTCH_RESPONSE
2014_05_HOU_DAL,2014,REG,5,2014-10-05,DAL,HOU,00-0021678,T.Romo,23,5,12:55,0,DAL 10,90.0,1,CONVERSION,CLUTCH_RESPONSE
2014_05_TB_NO,2014,REG,5,2014-10-05,NO,TB,00-0020531,D.Brees,20,4,06:44,-3,NO 40,60.0,0,CONVERSION,CLUTCH_RESPONSE
2014_05_TB_NO,2014,REG,5,2014-10-05,NO,TB,00-0020531,D.Brees,24,5,15:00,0,NO 20,80.0,1,CONVERSION,CLUTCH_RESPONSE
2014_06_CAR_CIN,2014,REG,6,2014-10-12,CIN,CAR,00-0027973,A.Dalton,14,4,14:49,-7,CIN 29,71.0,0,CONVERSION,CLUTCH_RESPONSE
2014_06_CAR_CIN,2014,REG,6,2014-10-12,CAR,CIN,00-0027939,C.Newton,15,4,11:38,0,CAR 20,80.0,0,CONVERSION,CLUTCH_RESPONSE
2014_06_CAR_CIN,2014,REG,6,2014-10-12,CIN,CAR,00-0027973,A.Dalton,16,4,04:50,-7,CAR 3,3.0,0,CONVERSION,CLUTCH_RESPONSE
2014_06_CAR_CIN,2014,REG,6,2014-10-12,CIN,CAR,00-0027973,A.Dalton,18,4,03:22,0,CAR 24,24.0,0,CONVERSION,CLUTCH_RESPONSE
2014_06_CAR_CIN,2014,REG,6,2014-10-12,CAR,CIN,00-0027939,C.Newton,19,4,02:11,-3,CAR 20,80.0,0,CONVERSION,CLUTCH_RESPONSE
2014_06_CAR_CIN,2014,REG,6,2014-10-12,CIN,CAR,00-0027973,A.Dalton,20,5,15:00,0,CIN 20,80.0,0,CONVERSION,CLUTCH_RESPONSE
2014_06_CAR_CIN,2014,REG,6,2014-10-12,CAR,CIN,00-0027939,C.Newton,21,5,08:35,-3,CAR 22,78.0,1,CONVERSION,CLUTCH_RESPONSE
2014_06_CAR_CIN,2014,REG,6,2014-10-12,CIN,CAR,00-0027973,A.Dalton,22,5,02:19,0,CIN 20,80.0,1,CONVERSION,CLUTCH_RESPONSE
2014_06_DAL_SEA,2014,REG,6,2014-10-12,SEA,DAL,00-0029263,R.Wilson,17,4,10:44,0,DAL 42,42.0,0,CONVERSION,CLUTCH_RESPONSE
2014_06_DAL_SEA,2014,REG,6,2014-10-12,DAL,SEA,00-0021678,T.Romo,18,4,08:16,-3,DAL 20,80.0,0,CONVERSION,CLUTCH_RESPONSE
2014_06_GB_MIA,2014,REG,6,2014-10-12,MIA,GB,00-0029701,R.Tannehill,18,4,12:34,0,MIA 21,79.0,0,CONVERSION,CLUTCH_RESPONSE
2014_06_GB_MIA,2014,REG,6,2014-10-12,GB,MIA,00-0023459,A.Rodgers,21,4,02:04,-4,GB 40,60.0,1,CONVERSION,CLUTCH_RESPONSE
2014_06_SD_OAK,2014,REG,6,2014-10-12,LV,LAC,00-0031280,D.Carr,15,4,14:41,0,50,50.0,0,CONVERSION,CLUTCH_RESPONSE
2014_06_SD_OAK,2014,REG,6,2014-10-12,LAC,LV,00-0022942,P.Rivers,18,4,04:43,-4,LV 39,39.0,1,CONVERSION,CLUTCH_RESPONSE
2014_07_KC_SD,2014,REG,7,2014-10-19,LAC,KC,00-0022942,P.Rivers,18,4,05:39,-3,LAC 12,88.0,0,CONVERSION,CLUTCH_RESPONSE
2014_07_KC_SD,2014,REG,7,2014-10-19,KC,LAC,00-0023436,A.Smith,19,4,01:57,0,KC 8,92.0,0,CONVERSION,CLUTCH_RESPONSE
2014_07_MIN_BUF,2014,REG,7,2014-10-19,BUF,MIN,00-0023541,K.Orton,25,4,03:07,-6,BUF 20,80.0,1,CONVERSION,CLUTCH_RESPONSE
2014_07_NO_DET,2014,REG,7,2014-10-19,DET,NO,00-0026498,M.Stafford,22,4,03:10,-6,NO 14,14.0,1,CONVERSION,CLUTCH_RESPONSE
2014_07_TEN_WAS,2014,REG,7,2014-10-19,TEN,WAS,00-0024296,C.Whitehurst,17,4,13:27,-6,TEN 20,80.0,0,CONVERSION,CLUTCH_RESPONSE
2014_07_TEN_WAS,2014,REG,7,2014-10-19,WAS,TEN,00-0027688,C.McCoy,20,4,03:14,-1,WAS 20,80.0,1,CONVERSION,CLUTCH_RESPONSE
2014_08_BAL_CIN,2014,REG,8,2014-10-26,BAL,CIN,00-0026158,J.Flacco,17,4,06:36,-6,CIN 8,8.0,0,CONVERSION,CLUTCH_RESPONSE
2014_08_BAL_CIN,2014,REG,8,2014-10-26,CIN,BAL,00-0027973,A.Dalton,20,4,03:59,-4,CIN 20,80.0,1,CONVERSION,CLUTCH_RESPONSE
2014_08_DET_ATL,2014,REG,8,2014-10-26,DET,ATL,00-0026498,M.Stafford,18,4,01:38,-2,DET 7,93.0,1,CONVERSION,CLUTCH_RESPONSE
2014_08_MIN_TB,2014,REG,8,2014-10-26,TB,MIN,00-0030520,M.Glennon,22,4,05:40,-4,TB 29,71.0,0,CONVERSION,CLUTCH_RESPONSE
2014_08_MIN_TB,2014,REG,8,2014-10-26,MIN,TB,00-0031237,T.Bridgewater,23,4,02:02,-3,MIN 20,80.0,1,CONVERSION,CLUTCH_RESPONSE
2014_08_PHI_ARI,2014,REG,8,2014-10-26,ARI,PHI,00-0021429,C.Palmer,24,4,12:20,-3,PHI 40,40.0,0,CONVERSION,CLUTCH_RESPONSE
2014_08_PHI_ARI,2014,REG,8,2014-10-26,PHI,ARI,00-0029567,N.Foles,25,4,09:01,0,PHI 20,80.0,0,CONVERSION,CLUTCH_RESPONSE
2014_08_PHI_ARI,2014,REG,8,2014-10-26,ARI,PHI,00-0021429,C.Palmer,26,4,01:56,-3,ARI 20,80.0,1,CONVERSION,CLUTCH_RESPONSE
2014_08_SEA_CAR,2014,REG,8,2014-10-26,CAR,SEA,00-0027939,C.Newton,15,4,09:33,0,CAR 8,92.0,0,CONVERSION,CLUTCH_RESPONSE
2014_08_SEA_CAR,2014,REG,8,2014-10-26,SEA,CAR,00-0029263,R.Wilson,16,4,04:37,-3,SEA 20,80.0,1,CONVERSION,CLUTCH_RESPONSE
2014_08_WAS_DAL,2014,REG,8,2014-10-27,DAL,WAS,00-0029677,B.Weeden,17,4,13:38,-7,DAL 20,80.0,0,CONVERSION,CLUTCH_RESPONSE
2014_08_WAS_DAL,2014,REG,8,2014-10-27,WAS,DAL,00-0027688,C.McCoy,21,5,15:00,0,WAS 20,80.0,1,CONVERSION,CLUTCH_RESPONSE
2014_09_STL_SF,2014,REG,9,2014-11-02,LA,SF,00-0028957,A.Davis,20,4,07:37,0,SF 29,29.0,0,CONVERSION,CLUTCH_RESPONSE
2014_09_TB_CLE,2014,REG,9,2014-11-02,CLE,TB,00-0026625,B.Hoyer,21,4,09:42,-1,TB 35,35.0,0,CONVERSION,CLUTCH_RESPONSE
2014_09_WAS_MIN,2014,REG,9,2014-11-02,WAS,MIN,00-0029665,R.Griffin,19,4,13:00,-1,WAS 20,80.0,0,CONVERSION,CLUTCH_RESPONSE
2014_09_WAS_MIN,2014,REG,9,2014-11-02,MIN,WAS,00-0031237,T.Bridgewater,20,4,09:01,-5,MIN 27,73.0,0,CONVERSION,CLUTCH_RESPONSE
2014_10_ATL_TB,2014,REG,10,2014-11-09,ATL,TB,00-0026143,M.Ryan,13,4,14:18,-1,ATL 35,65.0,0,CONVERSION,CLUTCH_RESPONSE
2014_10_KC_BUF,2014,REG,10,2014-11-09,KC,BUF,00-0023436,A.Smith,20,4,09:44,-3,BUF 26,26.0,0,CONVERSION,CLUTCH_RESPONSE
2014_10_MIA_DET,2014,REG,10,2014-11-09,MIA,DET,00-0029701,R.Tannehill,18,4,12:02,0,MIA 28,72.0,0,CONVERSION,CLUTCH_RESPONSE
2014_10_MIA_DET,2014,REG,10,2014-11-09,DET,MIA,00-0026498,M.Stafford,21,4,03:13,-3,DET 26,74.0,1,CONVERSION,CLUTCH_RESPONSE
2014_10_SF_NO,2014,REG,10,2014-11-09,NO,SF,00-0020531,D.Brees,22,4,07:15,-4,NO 20,80.0,0,CONVERSION,CLUTCH_RESPONSE
2014_10_SF_NO,2014,REG,10,2014-11-09,SF,NO,00-0027974,C.Kaepernick,23,4,01:52,-3,SF 22,78.0,0,CONVERSION,CLUTCH_RESPONSE
2014_10_SF_NO,2014,REG,10,2014-11-09,SF,NO,00-0027974,C.Kaepernick,28,5,05:18,0,NO 17,17.0,1,CONVERSION,CLUTCH_RESPONSE
2014_10_STL_ARI,2014,REG,10,2014-11-09,ARI,LA,00-0025430,D.Stanton,20,4,09:45,-4,ARI 11,89.0,0,CONVERSION,CLUTCH_RESPONSE
2014_11_ATL_CAR,2014,REG,11,2014-11-16,CAR,ATL,00-0027939,C.Newton,23,4,07:01,-6,CAR 31,69.0,0,CONVERSION,CLUTCH_RESPONSE
2014_11_ATL_CAR,2014,REG,11,2014-11-16,ATL,CAR,00-0026143,M.Ryan,24,4,06:20,-1,ATL 20,80.0,0,CONVERSION,CLUTCH_RESPONSE
2014_11_PIT_TEN,2014,REG,11,2014-11-17,PIT,TEN,00-0022924,B.Roethlisberger,16,4,13:03,-4,PIT 35,65.0,0,CONVERSION,CLUTCH_RESPONSE
2014_12_CLE_ATL,2014,REG,12,2014-11-23,ATL,CLE,00-0026143,M.Ryan,20,4,02:42,-2,ATL 45,55.0,1,CONVERSION,CLUTCH_RESPONSE
2014_12_CLE_ATL,2014,REG,12,2014-11-23,CLE,ATL,00-0026625,B.Hoyer,21,4,00:44,-1,CLE 20,80.0,1,CONVERSION,CLUTCH_RESPONSE
2014_12_DAL_NYG,2014,REG,12,2014-11-23,NYG,DAL,00-0022803,E.Manning,19,4,09:12,-3,NYG 7,93.0,0,CONVERSION,CLUTCH_RESPONSE
2014_12_DAL_NYG,2014,REG,12,2014-11-23,DAL,NYG,00-0021678,T.Romo,20,4,03:00,-4,DAL 20,80.0,1,CONVERSION,CLUTCH_RESPONSE
2014_12_KC_OAK,2014,REG,12,2014-11-20,KC,LV,00-0023436,A.Smith,19,4,14:39,-7,KC 35,65.0,0,CONVERSION,CLUTCH_RESPONSE
2014_12_KC_OAK,2014,REG,12,2014-11-20,KC,LV,00-0023436,A.Smith,21,4,11:13,0,LV 37,37.0,0,CONVERSION,CLUTCH_RESPONSE
2014_12_KC_OAK,2014,REG,12,2014-11-20,LV,KC,00-0031280,D.Carr,22,4,09:03,-3,LV 20,80.0,1,CONVERSION,CLUTCH_RESPONSE
2014_12_MIA_DEN,2014,REG,12,2014-11-23,DEN,MIA,00-0010346,P.Manning,15,4,11:17,-3,DEN 30,70.0,0,CONVERSION,CLUTCH_RESPONSE
2014_12_WAS_SF,2014,REG,12,2014-11-23,WAS,SF,00-0029665,R.Griffin,20,4,10:03,0,SF 36,36.0,0,CONVERSION,CLUTCH_RESPONSE
2014_12_WAS_SF,2014,REG,12,2014-11-23,SF,WAS,00-0027974,C.Kaepernick,21,4,07:42,-3,SF 25,75.0,0,CONVERSION,CLUTCH_RESPONSE
2014_13_MIA_NYJ,2014,REG,13,2014-12-01,MIA,NYJ,00-0029701,R.Tannehill,17,4,12:53,-7,NYJ 39,39.0,0,CONVERSION,CLUTCH_RESPONSE
2014_13_MIA_NYJ,2014,REG,13,2014-12-01,NYJ,MIA,00-0030565,G.Smith,18,4,10:24,0,NYJ 39,61.0,0,CONVERSION,CLUTCH_RESPONSE
2014_13_MIA_NYJ,2014,REG,13,2014-12-01,MIA,NYJ,00-0029701,R.Tannehill,19,4,05:42,0,MIA 35,65.0,1,CONVERSION,CLUTCH_RESPONSE
2014_13_NYG_JAX,2014,REG,13,2014-11-30,NYG,JAX,00-0022803,E.Manning,22,4,06:02,-1,NYG 32,68.0,0,CONVERSION,CLUTCH_RESPONSE
2014_13_NYG_JAX,2014,REG,13,2014-11-30,JAX,NYG,00-0031407,B.Bortles,23,4,03:26,-2,JAX 20,80.0,1,CONVERSION,CLUTCH_RESPONSE
2014_13_SD_BAL,2014,REG,13,2014-11-30,LAC,BAL,00-0022942,P.Rivers,18,4,02:22,-6,LAC 20,80.0,1,CONVERSION,CLUTCH_RESPONSE
2014_14_IND_CLE,2014,REG,14,2014-12-07,IND,CLE,00-0029668,A.Luck,30,4,03:46,-5,IND 10,90.0,1,CONVERSION,CLUTCH_RESPONSE
2014_14_NYJ_MIN,2014,REG,14,2014-12-07,MIN,NYJ,00-0031237,T.Bridgewater,17,4,08:40,0,NYJ 47,47.0,0,CONVERSION,CLUTCH_RESPONSE
2014_14_NYJ_MIN,2014,REG,14,2014-12-07,NYJ,MIN,00-0030565,G.Smith,20,4,03:07,-3,NYJ 29,71.0,0,CONVERSION,CLUTCH_RESPONSE
2014_14_NYJ_MIN,2014,REG,14,2014-12-07,MIN,NYJ,00-0031237,T.Bridgewater,23,5,12:00,0,MIN 8,92.0,1,CONVERSION,CLUTCH_RESPONSE
2014_14_PIT_CIN,2014,REG,14,2014-12-07,PIT,CIN,00-0022924,B.Roethlisberger,20,4,12:45,-1,CIN 24,24.0,0,CONVERSION,CLUTCH_RESPONSE
2014_15_MIN_DET,2014,REG,15,2014-12-14,DET,MIN,00-0026498,M.Stafford,17,4,07:43,-1,DET 20,80.0,0,CONVERSION,CLUTCH_RESPONSE
2014_15_NYJ_TEN,2014,REG,15,2014-12-14,NYJ,TEN,00-0030565,G.Smith,21,4,08:20,-1,NYJ 24,76.0,0,CONVERSION,CLUTCH_RESPONSE
2014_16_CLE_CAR,2014,REG,16,2014-12-21,CLE,CAR,00-0026625,B.Hoyer,17,4,11:22,-4,CLE 15,85.0,0,CONVERSION,CLUTCH_RESPONSE
2014_16_CLE_CAR,2014,REG,16,2014-12-21,CAR,CLE,00-0027939,C.Newton,18,4,09:59,-3,CAR 34,66.0,0,CONVERSION,CLUTCH_RESPONSE
2014_16_DEN_CIN,2014,REG,16,2014-12-22,CIN,DEN,00-0027973,A.Dalton,23,4,09:43,-1,DEN 12,12.0,0,CONVERSION,CLUTCH_RESPONSE
2014_16_DET_CHI,2014,REG,16,2014-12-21,DET,CHI,00-0026498,M.Stafford,16,4,08:20,-4,DET 27,73.0,0,CONVERSION,CLUTCH_RESPONSE
2014_16_MIN_MIA,2014,REG,16,2014-12-21,MIN,MIA,00-0031237,T.Bridgewater,18,4,06:39,-8,MIN 40,60.0,0,CONVERSION,CLUTCH_RESPONSE
2014_16_MIN_MIA,2014,REG,16,2014-12-21,MIN,MIA,00-0031237,T.Bridgewater,19,4,04:40,0,MIA 5,5.0,0,CONVERSION,CLUTCH_RESPONSE
2014_16_MIN_MIA,2014,REG,16,2014-12-21,MIA,MIN,00-0029701,R.Tannehill,20,4,04:35,-7,MIA 20,80.0,1,CONVERSION,CLUTCH_RESPONSE
2014_16_PHI_WAS,2014,REG,16,2014-12-20,PHI,WAS,00-0026898,M.Sanchez,17,4,09:11,-3,PHI 46,54.0,0,CONVERSION,CLUTCH_RESPONSE
2014_16_PHI_WAS,2014,REG,16,2014-12-20,WAS,PHI,00-0029665,R.Griffin,20,4,01:31,0,WAS 42,58.0,1,CONVERSION,CLUTCH_RESPONSE
2014_16_SD_SF,2014,REG,16,2014-12-20,LAC,SF,00-0022942,P.Rivers,23,4,03:30,-7,LAC 20,80.0,0,CONVERSION,CLUTCH_RESPONSE
2014_16_SD_SF,2014,REG,16,2014-12-20,LAC,SF,00-0022942,P.Rivers,26,5,14:06,0,LAC 38,62.0,1,CONVERSION,CLUTCH_RESPONSE
2014_17_CLE_BAL,2014,REG,17,2014-12-28,BAL,CLE,00-0026158,J.Flacco,20,4,08:23,-4,BAL 31,69.0,0,CONVERSION,CLUTCH_RESPONSE
2014_17_NO_TB,2014,REG,17,2014-12-28,NO,TB,00-0020531,D.Brees,19,4,05:20,-6,50,50.0,0,CONVERSION,CLUTCH_RESPONSE
2014_17_STL_SEA,2014,REG,17,2014-12-28,SEA,LA,00-0029263,R.Wilson,17,4,14:51,0,SEA 46,54.0,0,CONVERSION,CLUTCH_RESPONSE
2014_18_DET_DAL,2014,POST,18,2015-01-04,DAL,DET,00-0021678,T.Romo,19,4,08:10,-3,DAL 41,59.0,1,CONVERSION,CLUTCH_RESPONSE
2014_19_BAL_NE,2014,POST,19,2015-01-10,NE,BAL,00-0019596,T.Brady,21,4,10:17,-3,NE 26,74.0,0,CONVERSION,CLUTCH_RESPONSE
2014_19_DAL_GB,2014,POST,19,2015-01-11,GB,DAL,00-0023459,A.Rodgers,15,4,13:29,-1,GB 20,80.0,0,CONVERSION,CLUTCH_RESPONSE
2014_20_GB_SEA,2014,POST,20,2015-01-18,SEA,GB,00-0029263,R.Wilson,25,4,02:09,-5,50,50.0,0,CONVERSION,CLUTCH_RESPONSE
2014_20_GB_SEA,2014,POST,20,2015-01-18,GB,SEA,00-0023459,A.Rodgers,26,4,01:25,-3,GB 22,78.0,1,CONVERSION,CLUTCH_RESPONSE
2014_20_GB_SEA,2014,POST,20,2015-01-18,SEA,GB,00-0029263,R.Wilson,28,5,15:00,0,SEA 13,87.0,1,CONVERSION,CLUTCH_RESPONSE
2014_21_NE_SEA,2014,POST,21,2015-02-01,NE,SEA,00-0019596,T.Brady,21,4,06:52,-3,NE 36,64.0,1,CONVERSION,CLUTCH_RESPONSE
2015_01_NYG_DAL,2015,REG,1,2015-09-13,DAL,NYG,00-0021678,T.Romo,20,4,01:34,-6,DAL 28,72.0,1,CONVERSION,CLUTCH_RESPONSE
2015_01_PHI_ATL,2015,REG,1,2015-09-14,PHI,ATL,00-0027854,S.Bradford,21,4,10:49,-6,PHI 20,80.0,0,CONVERSION,CLUTCH_RESPONSE
2015_01_PHI_ATL,2015,REG,1,2015-09-14,ATL,PHI,00-0026143,M.Ryan,22,4,08:37,-1,ATL 20,80.0,0,CONVERSION,CLUTCH_RESPONSE
2015_01_PHI_ATL,2015,REG,1,2015-09-14,PHI,ATL,00-0027854,S.Bradford,23,4,06:27,-2,PHI 20,80.0,0,CONVERSION,CLUTCH_RESPONSE
2015_01_SEA_STL,2015,REG,1,2015-09-13,SEA,LA,00-0029263,R.Wilson,17,4,08:56,-3,SEA 25,75.0,0,CONVERSION,CLUTCH_RESPONSE
2015_01_SEA_STL,2015,REG,1,2015-09-13,LA,SEA,00-0029567,N.Foles,19,4,04:39,-7,LA 16,84.0,0,CONVERSION,CLUTCH_RESPONSE
2015_01_SEA_STL,2015,REG,1,2015-09-13,LA,SEA,00-0029567,N.Foles,21,5,15:00,0,SEA 49,49.0,1,CONVERSION,CLUTCH_RESPONSE
2015_02_ATL_NYG,2015,REG,2,2015-09-20,ATL,NYG,00-0026143,M.Ryan,19,4,03:12,-3,ATL 30,70.0,1,CONVERSION,CLUTCH_RESPONSE
2015_02_BAL_OAK,2015,REG,2,2015-09-20,BAL,LV,00-0026158,J.Flacco,17,4,12:33,-7,BAL 7,93.0,0,CONVERSION,CLUTCH_RESPONSE
2015_02_BAL_OAK,2015,REG,2,2015-09-20,BAL,LV,00-0026158,J.Flacco,19,4,04:54,0,LV 37,37.0,0,CONVERSION,CLUTCH_RESPONSE
2015_02_BAL_OAK,2015,REG,2,2015-09-20,LV,BAL,00-0031280,D.Carr,20,4,02:10,-3,LV 20,80.0,1,CONVERSION,CLUTCH_RESPONSE
2015_02_DEN_KC,2015,REG,2,2015-09-17,KC,DEN,00-0023436,A.Smith,23,4,04:42,0,KC 39,61.0,0,CONVERSION,CLUTCH_RESPONSE
2015_02_DEN_KC,2015,REG,2,2015-09-17,DEN,KC,00-0010346,P.Manning,24,4,02:27,-7,DEN 20,80.0,1,CONVERSION,CLUTCH_RESPONSE
2015_02_MIA_JAX,2015,REG,2,2015-09-20,JAX,MIA,00-0031407,B.Bortles,23,4,01:48,0,JAX 24,76.0,1,CONVERSION,CLUTCH_RESPONSE
2015_03_CIN_BAL,2015,REG,3,2015-09-27,CIN,BAL,00-0027973,A.Dalton,18,4,06:49,-3,CIN 20,80.0,0,CONVERSION,CLUTCH_RESPONSE
2015_03_CIN_BAL,2015,REG,3,2015-09-27,BAL,CIN,00-0026158,J.Flacco,19,4,06:37,-4,BAL 21,79.0,0,CONVERSION,CLUTCH_RESPONSE
2015_03_CIN_BAL,2015,REG,3,2015-09-27,CIN,BAL,00-0027973,A.Dalton,20,4,03:56,-3,CIN 20,80.0,0,CONVERSION,CLUTCH_RESPONSE
2015_03_IND_TEN,2015,REG,3,2015-09-27,IND,TEN,00-0029668,A.Luck,22,4,05:59,-6,TEN 11,11.0,0,CONVERSION,CLUTCH_RESPONSE
2015_03_TB_HOU,2015,REG,3,2015-09-27,TB,HOU,00-0031503,J.Winston,22,4,14:49,-1,TB 15,85.0,0,CONVERSION,CLUTCH_RESPONSE
2015_04_BAL_PIT,2015,REG,4,2015-10-01,BAL,PIT,00-0026158,J.Flacco,24,4,01:01,-3,BAL 31,69.0,0,CONVERSION,CLUTCH_RESPONSE
2015_04_BAL_PIT,2015,REG,4,2015-10-01,BAL,PIT,00-0026158,J.Flacco,29,5,09:41,0,BAL 33,67.0,1,CONVERSION,CLUTCH_RESPONSE
2015_04_CLE_SD,2015,REG,4,2015-10-04,CLE,LAC,00-0021206,J.McCown,22,4,07:26,-8,CLE 33,67.0,1,CONVERSION,CLUTCH_RESPONSE
2015_04_CLE_SD,2015,REG,4,2015-10-04,LAC,CLE,00-0022942,P.Rivers,23,4,02:09,0,LAC 27,73.0,1,CONVERSION,CLUTCH_RESPONSE
2015_04_DAL_NO,2015,REG,4,2015-10-04,NO,DAL,00-0020531,D.Brees,15,4,12:43,0,NO 33,67.0,0,CONVERSION,CLUTCH_RESPONSE
2015_04_DAL_NO,2015,REG,4,2015-10-04,DAL,NO,00-0029677,B.Weeden,18,4,04:05,-7,DAL 9,91.0,1,CONVERSION,CLUTCH_RESPONSE
2015_04_DAL_NO,2015,REG,4,2015-10-04,NO,DAL,00-0020531,D.Brees,19,4,01:51,0,NO 20,80.0,0,CONVERSION,CLUTCH_RESPONSE
2015_04_DAL_NO,2015,REG,4,2015-10-04,NO,DAL,00-0020531,D.Brees,21,5,15:00,0,NO 20,80.0,1,CONVERSION,CLUTCH_RESPONSE
2015_04_JAX_IND,2015,REG,4,2015-10-04,IND,JAX,00-0007091,M.Hasselbeck,27,5,08:13,0,IND 38,62.0,1,CONVERSION,CLUTCH_RESPONSE
2015_04_MIN_DEN,2015,REG,4,2015-10-04,MIN,DEN,00-0031237,T.Bridgewater,20,4,09:07,-3,MIN 47,53.0,0,CONVERSION,CLUTCH_RESPONSE
2015_04_MIN_DEN,2015,REG,4,2015-10-04,DEN,MIN,00-0010346,P.Manning,21,4,05:11,0,DEN 24,76.0,1,CONVERSION,CLUTCH_RESPONSE
2015_04_OAK_CHI,2015,REG,4,2015-10-04,LV,CHI,00-0031280,D.Carr,22,4,06:41,-2,LV 9,91.0,1,CONVERSION,CLUTCH_RESPONSE
2015_04_OAK_CHI,2015,REG,4,2015-10-04,CHI,LV,00-0024226,J.Cutler,23,4,02:05,-1,CHI 20,80.0,1,CONVERSION,CLUTCH_RESPONSE
2015_04_PHI_WAS,2015,REG,4,2015-10-04,WAS,PHI,00-0029604,K.Cousins,22,4,06:05,-4,WAS 10,90.0,1,CONVERSION,CLUTCH_RESPONSE
2015_05_BUF_TEN,2015,REG,5,2015-10-11,BUF,TEN,00-0028118,T.Taylor,17,4,09:36,-6,BUF 20,80.0,0,CONVERSION,CLUTCH_RESPONSE
2015_05_CHI_KC,2015,REG,5,2015-10-11,CHI,KC,00-0024226,J.Cutler,22,4,02:04,-5,CHI 33,67.0,1,CONVERSION,CLUTCH_RESPONSE
2015_05_CLE_BAL,2015,REG,5,2015-10-11,CLE,BAL,00-0021206,J.McCown,17,4,14:05,-5,CLE 21,79.0,0,CONVERSION,CLUTCH_RESPONSE
2015_05_CLE_BAL,2015,REG,5,2015-10-11,BAL,CLE,00-0026158,J.Flacco,20,4,08:46,-1,CLE 43,43.0,0,CONVERSION,CLUTCH_RESPONSE
2015_05_CLE_BAL,2015,REG,5,2015-10-11,CLE,BAL,00-0021206,J.McCown,21,4,05:56,-5,CLE 20,80.0,0,CONVERSION,CLUTCH_RESPONSE
2015_05_CLE_BAL,2015,REG,5,2015-10-11,BAL,CLE,00-0026158,J.Flacco,22,4,03:03,-3,BAL 20,80.0,0,CONVERSION,CLUTCH_RESPONSE
2015_05_CLE_BAL,2015,REG,5,2015-10-11,CLE,BAL,00-0021206,J.McCown,25,5,13:54,0,CLE 35,65.0,1,CONVERSION,CLUTCH_RESPONSE
2015_05_PIT_SD,2015,REG,5,2015-10-12,LAC,PIT,00-0022942,P.Rivers,21,4,13:52,0,LAC 40,60.0,0,CONVERSION,CLUTCH_RESPONSE
2015_05_PIT_SD,2015,REG,5,2015-10-12,PIT,LAC,00-0020245,M.Vick,22,4,08:02,-7,PIT 28,72.0,0,CONVERSION,CLUTCH_RESPONSE
2015_05_PIT_SD,2015,REG,5,2015-10-12,LAC,PIT,00-0022942,P.Rivers,23,4,07:42,0,LAC 20,80.0,1,CONVERSION,CLUTCH_RESPONSE
2015_05_PIT_SD,2015,REG,5,2015-10-12,PIT,LAC,00-0020245,M.Vick,24,4,02:56,-3,PIT 20,80.0,1,CONVERSION,CLUTCH_RESPONSE
2015_05_SEA_CIN,2015,REG,5,2015-10-11,CIN,SEA,00-0027973,A.Dalton,21,4,02:17,-3,CIN 18,82.0,0,CONVERSION,CLUTCH_RESPONSE
2015_05_SEA_CIN,2015,REG,5,2015-10-11,CIN,SEA,00-0027973,A.Dalton,25,5,07:02,0,CIN 43,57.0,1,CONVERSION,CLUTCH_RESPONSE
2015_05_SF_NYG,2015,REG,5,2015-10-11,NYG,SF,00-0022803,E.Manning,16,4,11:49,0,NYG 21,79.0,0,CONVERSION,CLUTCH_RESPONSE
2015_05_SF_NYG,2015,REG,5,2015-10-11,SF,NYG,00-0027974,C.Kaepernick,17,4,04:29,-3,SF 20,80.0,0,CONVERSION,CLUTCH_RESPONSE
2015_05_SF_NYG,2015,REG,5,2015-10-11,NYG,SF,00-0022803,E.Manning,18,4,01:45,-4,NYG 18,82.0,1,CONVERSION,CLUTCH_RESPONSE
2015_05_WAS_ATL,2015,REG,5,2015-10-11,WAS,ATL,00-0029604,K.Cousins,16,4,09:14,-5,WAS 20,80.0,0,CONVERSION,CLUTCH_RESPONSE
2015_05_WAS_ATL,2015,REG,5,2015-10-11,ATL,WAS,00-0026143,M.Ryan,19,4,02:38,-4,ATL 20,80.0,1,CONVERSION,CLUTCH_RESPONSE
2015_05_WAS_ATL,2015,REG,5,2015-10-11,WAS,ATL,00-0029604,K.Cousins,20,4,00:24,-3,WAS 20,80.0,0,CONVERSION,CLUTCH_RESPONSE
2015_06_CAR_SEA,2015,REG,6,2015-10-18,CAR,SEA,00-0027939,C.Newton,25,4,02:20,-3,CAR 20,80.0,1,CONVERSION,CLUTCH_RESPONSE
2015_06_CHI_DET,2015,REG,6,2015-10-18,CHI,DET,00-0024226,J.Cutler,17,4,10:59,-1,DET 24,24.0,0,CONVERSION,CLUTCH_RESPONSE
2015_06_CHI_DET,2015,REG,6,2015-10-18,DET,CHI,00-0026498,M.Stafford,20,4,02:23,-4,DET 34,66.0,0,CONVERSION,CLUTCH_RESPONSE
2015_06_CHI_DET,2015,REG,6,2015-10-18,CHI,DET,00-0024226,J.Cutler,21,4,00:21,-3,CHI 20,80.0,0,CONVERSION,CLUTCH_RESPONSE
2015_06_CHI_DET,2015,REG,6,2015-10-18,DET,CHI,00-0026498,M.Stafford,26,5,06:23,0,DET 14,86.0,1,CONVERSION,CLUTCH_RESPONSE
2015_06_DEN_CLE,2015,REG,6,2015-10-18,DEN,CLE,00-0010346,P.Manning,22,4,08:07,-4,DEN 25,75.0,0,CONVERSION,CLUTCH_RESPONSE
2015_06_DEN_CLE,2015,REG,6,2015-10-18,CLE,DEN,00-0021206,J.McCown,25,4,04:51,-3,CLE 40,60.0,0,CONVERSION,CLUTCH_RESPONSE
2015_06_DEN_CLE,2015,REG,6,2015-10-18,DEN,CLE,00-0010346,P.Manning,32,5,11:48,0,DEN 12,88.0,1,CONVERSION,CLUTCH_RESPONSE
2015_07_BUF_JAX,2015,REG,7,2015-10-25,JAX,BUF,00-0031407,B.Bortles,24,4,05:21,-4,JAX 16,84.0,1,CONVERSION,CLUTCH_RESPONSE
2015_07_DAL_NYG,2015,REG,7,2015-10-25,DAL,NYG,00-0023662,M.Cassel,17,4,12:12,-7,DAL 20,80.0,0,CONVERSION,CLUTCH_RESPONSE
2015_07_NYJ_NE,2015,REG,7,2015-10-25,NE,NYJ,00-0019596,T.Brady,17,4,12:50,-4,NE 20,80.0,0,CONVERSION,CLUTCH_RESPONSE
2015_07_TB_WAS,2015,REG,7,2015-10-25,WAS,TB,00-0029604,K.Cousins,18,4,02:24,-6,WAS 20,80.0,1,CONVERSION,CLUTCH_RESPONSE
2015_08_CIN_PIT,2015,REG,8,2015-11-01,CIN,PIT,00-0027973,A.Dalton,21,4,05:34,-4,PIT 45,45.0,0,CONVERSION,CLUTCH_RESPONSE
2015_08_IND_CAR,2015,REG,8,2015-11-02,IND,CAR,00-0029668,A.Luck,29,4,02:02,-3,IND 40,60.0,0,CONVERSION,CLUTCH_RESPONSE
2015_08_IND_CAR,2015,REG,8,2015-11-02,IND,CAR,00-0029668,A.Luck,30,5,15:00,0,IND 45,55.0,0,CONVERSION,CLUTCH_RESPONSE
2015_08_IND_CAR,2015,REG,8,2015-11-02,CAR,IND,00-0027939,C.Newton,31,5,12:04,-3,CAR 20,80.0,0,CONVERSION,CLUTCH_RESPONSE
2015_08_IND_CAR,2015,REG,8,2015-11-02,CAR,IND,00-0027939,C.Newton,33,5,07:02,0,IND 39,39.0,1,CONVERSION,CLUTCH_RESPONSE
2015_08_MIN_CHI,2015,REG,8,2015-11-01,CHI,MIN,00-0024226,J.Cutler,17,4,13:29,0,CHI 26,74.0,0,CONVERSION,CLUTCH_RESPONSE
2015_08_MIN_CHI,2015,REG,8,2015-11-01,MIN,CHI,00-0031237,T.Bridgewater,18,4,04:55,-7,MIN 16,84.0,0,CONVERSION,CLUTCH_RESPONSE
2015_08_MIN_CHI,2015,REG,8,2015-11-01,MIN,CHI,00-0031237,T.Bridgewater,20,4,01:00,0,MIN 34,66.0,1,CONVERSION,CLUTCH_RESPONSE
2015_08_NYG_NO,2015,REG,8,2015-11-01,NYG,NO,00-0022803,E.Manning,20,4,10:31,-7,NYG 35,65.0,0,CONVERSION,CLUTCH_RESPONSE
2015_08_NYG_NO,2015,REG,8,2015-11-01,NO,NYG,00-0020531,D.Brees,22,4,07:11,-7,NO 20,80.0,0,CONVERSION,CLUTCH_RESPONSE
2015_08_NYG_NO,2015,REG,8,2015-11-01,NO,NYG,00-0020531,D.Brees,24,4,00:05,0,NYG 32,32.0,1,CONVERSION,CLUTCH_RESPONSE
2015_08_SD_BAL,2015,REG,8,2015-11-01,BAL,LAC,00-0026158,J.Flacco,17,4,07:30,-4,LAC 38,38.0,0,CONVERSION,CLUTCH_RESPONSE
2015_08_SD_BAL,2015,REG,8,2015-11-01,LAC,BAL,00-0022942,P.Rivers,18,4,04:34,-3,LAC 20,80.0,1,CONVERSION,CLUTCH_RESPONSE
2015_08_SD_BAL,2015,REG,8,2015-11-01,BAL,LAC,00-0026158,J.Flacco,19,4,02:27,0,BAL 20,80.0,1,CONVERSION,CLUTCH_RESPONSE
2015_08_SEA_DAL,2015,REG,8,2015-11-01,SEA,DAL,00-0029263,R.Wilson,18,4,06:41,-2,SEA 15,85.0,1,CONVERSION,CLUTCH_RESPONSE
2015_08_TB_ATL,2015,REG,8,2015-11-01,ATL,TB,00-0026143,M.Ryan,17,4,01:52,-7,TB 40,40.0,0,CONVERSION,CLUTCH_RESPONSE
2015_08_TB_ATL,2015,REG,8,2015-11-01,TB,ATL,00-0031503,J.Winston,19,5,15:00,0,TB 20,80.0,1,CONVERSION,CLUTCH_RESPONSE
2015_09_CHI_SD,2015,REG,9,2015-11-09,CHI,LAC,00-0024226,J.Cutler,18,4,07:53,-5,CHI 20,80.0,1,CONVERSION,CLUTCH_RESPONSE
2015_09_DEN_IND,2015,REG,9,2015-11-08,DEN,IND,00-0010346,P.Manning,18,4,14:05,-7,DEN 20,80.0,0,CONVERSION,CLUTCH_RESPONSE
2015_09_DEN_IND,2015,REG,9,2015-11-08,IND,DEN,00-0029668,A.Luck,19,4,08:54,0,IND 30,70.0,0,CONVERSION,CLUTCH_RESPONSE
2015_09_OAK_PIT,2015,REG,9,2015-11-08,LV,PIT,00-0031280,D.Carr,29,4,02:15,-7,LV 31,69.0,1,CONVERSION,CLUTCH_RESPONSE
2015_09_OAK_PIT,2015,REG,9,2015-11-08,PIT,LV,00-0030524,L.Jones,30,4,01:15,0,PIT 20,80.0,1,CONVERSION,CLUTCH_RESPONSE
2015_09_PHI_DAL,2015,REG,9,2015-11-08,DAL,PHI,00-0023662,M.Cassel,15,4,12:47,-7,PHI 24,24.0,0,CONVERSION,CLUTCH_RESPONSE
2015_09_PHI_DAL,2015,REG,9,2015-11-08,PHI,DAL,00-0027854,S.Bradford,16,4,10:52,0,PHI 20,80.0,0,CONVERSION,CLUTCH_RESPONSE
2015_09_PHI_DAL,2015,REG,9,2015-11-08,DAL,PHI,00-0023662,M.Cassel,17,4,07:22,-3,DAL 20,80.0,0,CONVERSION,CLUTCH_RESPONSE
2015_09_PHI_DAL,2015,REG,9,2015-11-08,PHI,DAL,00-0027854,S.Bradford,18,4,02:53,0,PHI 20,80.0,0,CONVERSION,CLUTCH_RESPONSE
2015_09_PHI_DAL,2015,REG,9,2015-11-08,DAL,PHI,00-0023662,M.Cassel,19,4,01:46,-3,DAL 20,80.0,1,CONVERSION,CLUTCH_RESPONSE
2015_09_PHI_DAL,2015,REG,9,2015-11-08,PHI,DAL,00-0027854,S.Bradford,21,5,15:00,0,PHI 20,80.0,1,CONVERSION,CLUTCH_RESPONSE
2015_09_STL_MIN,2015,REG,9,2015-11-08,LA,MIN,00-0029567,N.Foles,25,4,01:14,-3,LA 39,61.0,0,CONVERSION,CLUTCH_RESPONSE
2015_09_STL_MIN,2015,REG,9,2015-11-08,MIN,LA,00-0020679,S.Hill,28,5,13:19,0,MIN 49,51.0,1,CONVERSION,CLUTCH_RESPONSE
2015_09_TEN_NO,2015,REG,9,2015-11-08,TEN,NO,00-0032268,M.Mariota,19,4,11:32,-8,TEN 43,57.0,0,CONVERSION,CLUTCH_RESPONSE
2015_09_TEN_NO,2015,REG,9,2015-11-08,TEN,NO,00-0032268,M.Mariota,25,5,15:00,0,TEN 20,80.0,1,CONVERSION,CLUTCH_RESPONSE
2015_10_ARI_SEA,2015,REG,10,2015-11-15,ARI,SEA,00-0021429,C.Palmer,22,4,13:00,-4,ARI 17,83.0,0,CONVERSION,CLUTCH_RESPONSE
2015_10_DAL_TB,2015,REG,10,2015-11-15,TB,DAL,00-0031503,J.Winston,19,4,04:00,-3,TB 44,56.0,1,CONVERSION,CLUTCH_RESPONSE
2015_10_JAX_BAL,2015,REG,10,2015-11-15,JAX,BAL,00-0031407,B.Bortles,23,4,14:01,-1,BAL 37,37.0,0,CONVERSION,CLUTCH_RESPONSE
2015_10_JAX_BAL,2015,REG,10,2015-11-15,BAL,JAX,00-0026158,J.Flacco,24,4,13:01,-5,BAL 20,80.0,0,CONVERSION,CLUTCH_RESPONSE
2015_10_JAX_BAL,2015,REG,10,2015-11-15,JAX,BAL,00-0031407,B.Bortles,27,4,01:06,-1,JAX 20,80.0,1,CONVERSION,CLUTCH_RESPONSE
2015_10_NE_NYG,2015,REG,10,2015-11-15,NE,NYG,00-0019596,T.Brady,19,4,12:58,-6,NE 14,86.0,0,CONVERSION,CLUTCH_RESPONSE
2015_10_NE_NYG,2015,REG,10,2015-11-15,NYG,NE,00-0022803,E.Manning,22,4,06:01,-1,NYG 3,97.0,1,CONVERSION,CLUTCH_RESPONSE
2015_10_NE_NYG,2015,REG,10,2015-11-15,NE,NYG,00-0019596,T.Brady,23,4,01:47,-2,NE 20,80.0,1,CONVERSION,CLUTCH_RESPONSE
2015_11_CIN_ARI,2015,REG,11,2015-11-22,CIN,ARI,00-0027973,A.Dalton,23,4,02:45,-3,CIN 16,84.0,1,CONVERSION,CLUTCH_RESPONSE
2015_11_CIN_ARI,2015,REG,11,2015-11-22,ARI,CIN,00-0021429,C.Palmer,24,4,01:03,0,ARI 16,84.0,1,CONVERSION,CLUTCH_RESPONSE
2015_11_IND_ATL,2015,REG,11,2015-11-22,IND,ATL,00-0007091,M.Hasselbeck,24,4,04:54,0,IND 19,81.0,1,CONVERSION,CLUTCH_RESPONSE
2015_11_STL_BAL,2015,REG,11,2015-11-22,BAL,LA,00-0026158,J.Flacco,26,4,09:01,-3,BAL 22,78.0,0,CONVERSION,CLUTCH_RESPONSE
2015_11_STL_BAL,2015,REG,11,2015-11-22,BAL,LA,00-0026158,J.Flacco,30,4,00:54,0,LA 41,41.0,1,CONVERSION,CLUTCH_RESPONSE
2015_11_TEN_JAX,2015,REG,11,2015-11-19,JAX,TEN,00-0031407,B.Bortles,20,4,03:34,-4,TEN 5,5.0,0,CONVERSION,CLUTCH_RESPONSE
2015_12_ARI_SF,2015,REG,12,2015-11-29,ARI,SF,00-0021429,C.Palmer,17,4,10:25,0,ARI 15,85.0,0,CONVERSION,CLUTCH_RESPONSE
2015_12_BAL_CLE,2015,REG,12,2015-11-30,CLE,BAL,00-0028957,A.Davis,18,4,04:20,-7,CLE 29,71.0,0,CONVERSION,CLUTCH_RESPONSE
2015_12_NE_DEN,2015,REG,12,2015-11-29,DEN,NE,00-0029682,B.Osweiler,27,4,02:31,-4,DEN 17,83.0,0,CONVERSION,CLUTCH_RESPONSE
2015_12_NE_DEN,2015,REG,12,2015-11-29,NE,DEN,00-0019596,T.Brady,28,4,01:09,-3,NE 20,80.0,0,CONVERSION,CLUTCH_RESPONSE
2015_12_NE_DEN,2015,REG,12,2015-11-29,DEN,NE,00-0029682,B.Osweiler,30,5,13:51,0,DEN 43,57.0,1,CONVERSION,CLUTCH_RESPONSE
2015_12_OAK_TEN,2015,REG,12,2015-11-29,TEN,LV,00-0032268,M.Mariota,21,4,08:54,-3,LV 42,42.0,0,CONVERSION,CLUTCH_RESPONSE
2015_12_OAK_TEN,2015,REG,12,2015-11-29,LV,TEN,00-0031280,D.Carr,22,4,04:41,-4,LV 10,90.0,1,CONVERSION,CLUTCH_RESPONSE
2015_12_PIT_SEA,2015,REG,12,2015-11-29,SEA,PIT,00-0029263,R.Wilson,20,4,14:05,-1,PIT 39,39.0,0,CONVERSION,CLUTCH_RESPONSE
2015_12_PIT_SEA,2015,REG,12,2015-11-29,PIT,SEA,00-0022924,B.Roethlisberger,21,4,12:17,-5,PIT 20,80.0,0,CONVERSION,CLUTCH_RESPONSE
2015_12_PIT_SEA,2015,REG,12,2015-11-29,SEA,PIT,00-0029263,R.Wilson,22,4,11:40,-1,SEA 27,73.0,0,CONVERSION,CLUTCH_RESPONSE
2015_13_ATL_TB,2015,REG,13,2015-12-06,ATL,TB,00-0026143,M.Ryan,15,4,14:08,-4,ATL 45,55.0,0,CONVERSION,CLUTCH_RESPONSE
2015_13_ATL_TB,2015,REG,13,2015-12-06,TB,ATL,00-0031503,J.Winston,18,4,06:55,-3,TB 20,80.0,1,CONVERSION,CLUTCH_RESPONSE
2015_13_CAR_NO,2015,REG,13,2015-12-06,CAR,NO,00-0027939,C.Newton,20,4,14:02,-4,CAR 20,80.0,0,CONVERSION,CLUTCH_RESPONSE
2015_13_CAR_NO,2015,REG,13,2015-12-06,NO,CAR,00-0020531,D.Brees,23,4,09:25,-3,NO 12,88.0,0,CONVERSION,CLUTCH_RESPONSE
2015_13_CAR_NO,2015,REG,13,2015-12-06,CAR,NO,00-0027939,C.Newton,24,4,05:21,-4,CAR 25,75.0,1,CONVERSION,CLUTCH_RESPONSE
2015_13_DAL_WAS,2015,REG,13,2015-12-07,DAL,WAS,00-0023662,M.Cassel,18,4,07:26,-3,DAL 33,67.0,0,CONVERSION,CLUTCH_RESPONSE
2015_13_DAL_WAS,2015,REG,13,2015-12-07,DAL,WAS,00-0023662,M.Cassel,21,4,01:26,0,WAS 15,15.0,0,CONVERSION,CLUTCH_RESPONSE
2015_13_DAL_WAS,2015,REG,13,2015-12-07,WAS,DAL,00-0029604,K.Cousins,22,4,01:14,-7,DAL 43,43.0,1,CONVERSION,CLUTCH_RESPONSE
2015_13_DAL_WAS,2015,REG,13,2015-12-07,DAL,WAS,00-0023662,M.Cassel,23,4,00:44,0,DAL 44,56.0,1,CONVERSION,CLUTCH_RESPONSE
2015_13_GB_DET,2015,REG,13,2015-12-03,GB,DET,00-0023459,A.Rodgers,25,4,00:23,-2,GB 21,79.0,1,CONVERSION,CLUTCH_RESPONSE
2015_13_HOU_BUF,2015,REG,13,2015-12-06,HOU,BUF,00-0026625,B.Hoyer,17,4,11:58,-8,HOU 17,83.0,0,CONVERSION,CLUTCH_RESPONSE
2015_13_HOU_BUF,2015,REG,13,2015-12-06,BUF,HOU,00-0028118,T.Taylor,22,4,02:33,0,BUF 35,65.0,0,CONVERSION,CLUTCH_RESPONSE
2015_13_JAX_TEN,2015,REG,13,2015-12-06,JAX,TEN,00-0031407,B.Bortles,17,4,10:14,-3,TEN 9,9.0,0,CONVERSION,CLUTCH_RESPONSE
2015_13_JAX_TEN,2015,REG,13,2015-12-06,TEN,JAX,00-0032268,M.Mariota,18,4,10:09,-4,TEN 10,90.0,0,CONVERSION,CLUTCH_RESPONSE
2015_13_KC_OAK,2015,REG,13,2015-12-06,KC,LV,00-0023436,A.Smith,19,4,11:58,-6,LV 2,2.0,0,CONVERSION,CLUTCH_RESPONSE
2015_13_KC_OAK,2015,REG,13,2015-12-06,KC,LV,00-0023436,A.Smith,21,4,08:08,0,LV 13,13.0,0,CONVERSION,CLUTCH_RESPONSE
2015_13_NYJ_NYG,2015,REG,13,2015-12-06,NYJ,NYG,00-0023682,R.Fitzpatrick,20,4,02:40,-7,NYJ 29,71.0,0,CONVERSION,CLUTCH_RESPONSE
2015_13_NYJ_NYG,2015,REG,13,2015-12-06,NYJ,NYG,00-0023682,R.Fitzpatrick,22,5,15:00,0,NYJ 26,74.0,1,CONVERSION,CLUTCH_RESPONSE
2015_13_SF_CHI,2015,REG,13,2015-12-06,CHI,SF,00-0024226,J.Cutler,21,4,07:25,0,CHI 17,83.0,0,CONVERSION,CLUTCH_RESPONSE
2015_13_SF_CHI,2015,REG,13,2015-12-06,SF,CHI,00-0027948,B.Gabbert,22,4,03:32,-7,SF 36,64.0,0,CONVERSION,CLUTCH_RESPONSE
2015_13_SF_CHI,2015,REG,13,2015-12-06,CHI,SF,00-0024226,J.Cutler,23,4,01:42,0,SF 28,28.0,0,CONVERSION,CLUTCH_RESPONSE
2015_13_SF_CHI,2015,REG,13,2015-12-06,SF,CHI,00-0027948,B.Gabbert,26,5,13:01,0,SF 29,71.0,1,CONVERSION,CLUTCH_RESPONSE
2015_14_BUF_PHI,2015,REG,14,2015-12-13,PHI,BUF,00-0027854,S.Bradford,23,4,05:25,0,PHI 34,66.0,0,CONVERSION,CLUTCH_RESPONSE
2015_14_MIN_ARI,2015,REG,14,2015-12-10,MIN,ARI,00-0031237,T.Bridgewater,16,4,10:05,-7,MIN 12,88.0,0,CONVERSION,CLUTCH_RESPONSE
2015_14_MIN_ARI,2015,REG,14,2015-12-10,ARI,MIN,00-0021429,C.Palmer,17,4,04:55,0,ARI 16,84.0,1,CONVERSION,CLUTCH_RESPONSE
2015_14_NYG_MIA,2015,REG,14,2015-12-14,NYG,MIA,00-0022803,E.Manning,20,4,11:58,0,NYG 4,96.0,0,CONVERSION,CLUTCH_RESPONSE
2015_14_OAK_DEN,2015,REG,14,2015-12-13,LV,DEN,00-0031280,D.Carr,20,4,14:42,-3,DEN 11,11.0,0,CONVERSION,CLUTCH_RESPONSE
2015_15_ATL_JAX,2015,REG,15,2015-12-20,ATL,JAX,00-0026143,M.Ryan,19,4,13:24,0,ATL 38,62.0,0,CONVERSION,CLUTCH_RESPONSE
2015_15_CAR_NYG,2015,REG,15,2015-12-20,NYG,CAR,00-0022803,E.Manning,29,4,04:17,-7,NYG 34,66.0,1,CONVERSION,CLUTCH_RESPONSE
2015_15_CAR_NYG,2015,REG,15,2015-12-20,CAR,NYG,00-0027939,C.Newton,30,4,01:46,0,CAR 26,74.0,1,CONVERSION,CLUTCH_RESPONSE
2015_15_DEN_PIT,2015,REG,15,2015-12-20,PIT,DEN,00-0022924,B.Roethlisberger,20,4,14:51,-7,PIT 40,60.0,0,CONVERSION,CLUTCH_RESPONSE
2015_15_DEN_PIT,2015,REG,15,2015-12-20,PIT,DEN,00-0022924,B.Roethlisberger,26,4,04:20,0,DEN 37,37.0,0,CONVERSION,CLUTCH_RESPONSE
2015_15_NYJ_DAL,2015,REG,15,2015-12-19,NYJ,DAL,00-0023682,R.Fitzpatrick,21,4,14:05,-4,NYJ 30,70.0,0,CONVERSION,CLUTCH_RESPONSE
2015_15_NYJ_DAL,2015,REG,15,2015-12-19,DAL,NYJ,00-0029234,K.Moore,22,4,08:58,-3,DAL 17,83.0,0,CONVERSION,CLUTCH_RESPONSE
2015_15_NYJ_DAL,2015,REG,15,2015-12-19,NYJ,DAL,00-0023682,R.Fitzpatrick,23,4,01:55,0,NYJ 20,80.0,1,CONVERSION,CLUTCH_RESPONSE
2015_16_CIN_DEN,2015,REG,16,2015-12-28,DEN,CIN,00-0029682,B.Osweiler,16,4,11:51,-4,DEN 48,52.0,0,CONVERSION,CLUTCH_RESPONSE
2015_16_CIN_DEN,2015,REG,16,2015-12-28,CIN,DEN,00-0031288,A.McCarron,17,4,11:17,-3,CIN 20,80.0,0,CONVERSION,CLUTCH_RESPONSE
2015_16_CIN_DEN,2015,REG,16,2015-12-28,DEN,CIN,00-0029682,B.Osweiler,20,4,01:40,0,DEN 20,80.0,0,CONVERSION,CLUTCH_RESPONSE
2015_16_CIN_DEN,2015,REG,16,2015-12-28,DEN,CIN,00-0029682,B.Osweiler,21,5,15:00,0,DEN 20,80.0,1,CONVERSION,CLUTCH_RESPONSE
2015_16_NE_NYJ,2015,REG,16,2015-12-27,NE,NYJ,00-0019596,T.Brady,18,4,06:26,-7,NE 34,66.0,1,CONVERSION,CLUTCH_RESPONSE
2015_16_NE_NYJ,2015,REG,16,2015-12-27,NYJ,NE,00-0023682,R.Fitzpatrick,21,5,15:00,0,NYJ 20,80.0,1,CONVERSION,CLUTCH_RESPONSE
2015_16_SD_OAK,2015,REG,16,2015-12-24,LV,LAC,00-0031280,D.Carr,23,4,04:47,-5,LAC 3,3.0,0,CONVERSION,CLUTCH_RESPONSE
2015_16_SD_OAK,2015,REG,16,2015-12-24,LAC,LV,00-0022942,P.Rivers,24,4,04:42,-3,LAC 20,80.0,0,CONVERSION,CLUTCH_RESPONSE
2015_16_SD_OAK,2015,REG,16,2015-12-24,LV,LAC,00-0031280,D.Carr,26,5,15:00,0,LV 20,80.0,1,CONVERSION,CLUTCH_RESPONSE
2015_17_DET_CHI,2015,REG,17,2016-01-03,DET,CHI,00-0026498,M.Stafford,15,4,13:20,0,DET 20,80.0,0,CONVERSION,CLUTCH_RESPONSE
2015_17_NE_MIA,2015,REG,17,2016-01-03,MIA,NE,00-0029701,R.Tannehill,20,4,09:50,0,MIA 18,82.0,0,CONVERSION,CLUTCH_RESPONSE
2015_17_NO_ATL,2015,REG,17,2016-01-03,NO,ATL,00-0020531,D.Brees,17,4,01:42,0,ATL 25,25.0,1,CONVERSION,CLUTCH_RESPONSE
2015_17_SD_DEN,2015,REG,17,2016-01-03,LAC,DEN,00-0022942,P.Rivers,22,4,13:09,-4,LAC 20,80.0,0,CONVERSION,CLUTCH_RESPONSE
2015_17_SD_DEN,2015,REG,17,2016-01-03,DEN,LAC,00-0010346,P.Manning,23,4,12:58,-3,DEN 20,80.0,0,CONVERSION,CLUTCH_RESPONSE
2015_17_SD_DEN,2015,REG,17,2016-01-03,DEN,LAC,,,27,4,04:50,0,LAC 23,23.0,0,CONVERSION,CLUTCH_RESPONSE
2015_17_STL_SF,2015,REG,17,2016-01-03,SF,LA,00-0027948,B.Gabbert,19,4,10:21,-3,SF 20,80.0,0,CONVERSION,CLUTCH_RESPONSE
2015_17_STL_SF,2015,REG,17,2016-01-03,SF,LA,00-0027948,B.Gabbert,26,5,04:49,0,SF 26,74.0,1,CONVERSION,CLUTCH_RESPONSE
2015_18_PIT_CIN,2015,POST,18,2016-01-09,CIN,PIT,00-0031288,A.McCarron,25,4,03:28,-5,PIT 45,45.0,0,CONVERSION,CLUTCH_RESPONSE
2015_18_PIT_CIN,2015,POST,18,2016-01-09,PIT,CIN,00-0022924,B.Roethlisberger,28,4,01:23,-1,PIT 9,91.0,1,CONVERSION,CLUTCH_RESPONSE
2015_18_SEA_MIN,2015,POST,18,2016-01-10,SEA,MIN,00-0029263,R.Wilson,16,4,10:37,-2,MIN 40,40.0,0,CONVERSION,CLUTCH_RESPONSE
2015_18_SEA_MIN,2015,POST,18,2016-01-10,MIN,SEA,00-0031237,T.Bridgewater,21,4,01:42,-1,MIN 39,61.0,1,CONVERSION,CLUTCH_RESPONSE
2015_19_GB_ARI,2015,POST,19,2016-01-16,ARI,GB,00-0021429,C.Palmer,17,4,10:53,-3,ARI 20,80.0,0,CONVERSION,CLUTCH_RESPONSE
2015_19_GB_ARI,2015,POST,19,2016-01-16,GB,ARI,00-0023459,A.Rodgers,20,4,01:55,-7,GB 14,86.0,1,CONVERSION,CLUTCH_RESPONSE
2015_19_GB_ARI,2015,POST,19,2016-01-16,ARI,GB,00-0021429,C.Palmer,21,5,15:00,0,ARI 20,80.0,1,CONVERSION,CLUTCH_RESPONSE
2015_19_PIT_DEN,2015,POST,19,2016-01-17,DEN,PIT,00-0010346,P.Manning,23,4,09:52,-1,DEN 35,65.0,0,CONVERSION,CLUTCH_RESPONSE
2016_01_CAR_DEN,2016,REG,1,2016-09-08,DEN,CAR,00-0032156,T.Siemian,17,4,14:07,-3,CAR 23,23.0,0,CONVERSION,CLUTCH_RESPONSE
2016_01_CIN_NYJ,2016,REG,1,2016-09-11,NYJ,CIN,00-0023682,R.Fitzpatrick,18,4,09:02,-1,NYJ 42,58.0,0,CONVERSION,CLUTCH_RESPONSE
2016_01_CIN_NYJ,2016,REG,1,2016-09-11,CIN,NYJ,00-0027973,A.Dalton,19,4,03:23,-2,CIN 16,84.0,1,CONVERSION,CLUTCH_RESPONSE
2016_01_DET_IND,2016,REG,1,2016-09-11,IND,DET,00-0029668,A.Luck,18,4,12:38,-7,IND 6,94.0,0,CONVERSION,CLUTCH_RESPONSE
2016_01_DET_IND,2016,REG,1,2016-09-11,DET,IND,00-0026498,M.Stafford,19,4,08:19,0,DET 25,75.0,0,CONVERSION,CLUTCH_RESPONSE
2016_01_DET_IND,2016,REG,1,2016-09-11,IND,DET,00-0029668,A.Luck,20,4,04:04,-6,IND 25,75.0,1,CONVERSION,CLUTCH_RESPONSE
2016_01_DET_IND,2016,REG,1,2016-09-11,DET,IND,00-0026498,M.Stafford,21,4,00:37,-1,DET 25,75.0,1,CONVERSION,CLUTCH_RESPONSE
2016_01_MIA_SEA,2016,REG,1,2016-09-11,MIA,SEA,00-0029701,R.Tannehill,20,4,14:53,-3,SEA 36,36.0,0,CONVERSION,CLUTCH_RESPONSE
2016_01_MIA_SEA,2016,REG,1,2016-09-11,MIA,SEA,00-0029701,R.Tannehill,22,4,07:09,-3,MIA 14,86.0,0,CONVERSION,CLUTCH_RESPONSE
2016_01_MIA_SEA,2016,REG,1,2016-09-11,SEA,MIA,00-0029263,R.Wilson,23,4,04:08,-4,SEA 25,75.0,1,CONVERSION,CLUTCH_RESPONSE
2016_01_NE_ARI,2016,REG,1,2016-09-11,ARI,NE,00-0021429,C.Palmer,17,4,12:35,-6,ARI 21,79.0,0,CONVERSION,CLUTCH_RESPONSE
2016_01_NE_ARI,2016,REG,1,2016-09-11,NE,ARI,00-0031345,J.Garoppolo,18,4,09:46,-1,NE 25,75.0,1,CONVERSION,CLUTCH_RESPONSE
2016_01_NYG_DAL,2016,REG,1,2016-09-11,NYG,DAL,00-0022803,E.Manning,16,4,10:12,-6,NYG 46,54.0,0,CONVERSION,CLUTCH_RESPONSE
2016_01_OAK_NO,2016,REG,1,2016-09-11,LV,NO,00-0031280,D.Carr,19,4,08:42,-8,LV 25,75.0,0,CONVERSION,CLUTCH_RESPONSE
2016_01_OAK_NO,2016,REG,1,2016-09-11,NO,LV,00-0020531,D.Brees,20,4,08:26,0,NO 16,84.0,0,CONVERSION,CLUTCH_RESPONSE
2016_01_OAK_NO,2016,REG,1,2016-09-11,LV,NO,00-0031280,D.Carr,21,4,06:03,-7,LV 25,75.0,1,CONVERSION,CLUTCH_RESPONSE
2016_01_SD_KC,2016,REG,1,2016-09-11,KC,LAC,00-0023436,A.Smith,22,4,01:49,-7,LAC 42,42.0,0,CONVERSION,CLUTCH_RESPONSE
2016_01_SD_KC,2016,REG,1,2016-09-11,KC,LAC,00-0023436,A.Smith,24,5,15:00,0,KC 30,70.0,1,CONVERSION,CLUTCH_RESPONSE
2016_02_ATL_OAK,2016,REG,2,2016-09-18,ATL,LV,00-0026143,M.Ryan,16,4,12:00,0,ATL 25,75.0,0,CONVERSION,CLUTCH_RESPONSE
2016_02_BAL_CLE,2016,REG,2,2016-09-18,BAL,CLE,00-0026158,J.Flacco,19,4,13:54,-1,BAL 42,58.0,0,CONVERSION,CLUTCH_RESPONSE
2016_02_DAL_WAS,2016,REG,2,2016-09-18,DAL,WAS,00-0033077,D.Prescott,17,4,10:35,-3,DAL 20,80.0,0,CONVERSION,CLUTCH_RESPONSE
2016_02_NO_NYG,2016,REG,2,2016-09-18,NYG,NO,00-0022803,E.Manning,18,4,13:45,0,NYG 25,75.0,0,CONVERSION,CLUTCH_RESPONSE
2016_02_NO_NYG,2016,REG,2,2016-09-18,NO,NYG,00-0020531,D.Brees,21,4,06:07,-3,NO 26,74.0,1,CONVERSION,CLUTCH_RESPONSE
2016_02_NO_NYG,2016,REG,2,2016-09-18,NYG,NO,00-0022803,E.Manning,22,4,02:54,0,NYG 25,75.0,1,CONVERSION,CLUTCH_RESPONSE
2016_02_TEN_DET,2016,REG,2,2016-09-18,TEN,DET,00-0032268,M.Mariota,18,4,07:04,-5,TEN 17,83.0,1,CONVERSION,CLUTCH_RESPONSE
2016_03_BAL_JAX,2016,REG,3,2016-09-25,JAX,BAL,00-0031407,B.Bortles,19,4,09:01,-2,BAL 39,39.0,0,CONVERSION,CLUTCH_RESPONSE
2016_03_BAL_JAX,2016,REG,3,2016-09-25,BAL,JAX,00-0026158,J.Flacco,24,4,02:59,-1,BAL 43,57.0,1,CONVERSION,CLUTCH_RESPONSE
2016_03_CLE_MIA,2016,REG,3,2016-09-25,CLE,MIA,00-0033104,C.Kessler,21,4,06:17,-3,CLE 6,94.0,0,CONVERSION,CLUTCH_RESPONSE
2016_03_CLE_MIA,2016,REG,3,2016-09-25,MIA,CLE,00-0029701,R.Tannehill,28,5,09:39,0,CLE 44,44.0,1,CONVERSION,CLUTCH_RESPONSE
2016_03_DEN_CIN,2016,REG,3,2016-09-25,DEN,CIN,00-0032156,T.Siemian,17,4,14:52,-1,DEN 18,82.0,0,CONVERSION,CLUTCH_RESPONSE
2016_03_SD_IND,2016,REG,3,2016-09-25,LAC,IND,00-0022942,P.Rivers,15,4,11:59,-1,LAC 18,82.0,0,CONVERSION,CLUTCH_RESPONSE
2016_03_SD_IND,2016,REG,3,2016-09-25,IND,LAC,00-0029668,A.Luck,18,4,02:29,-2,IND 17,83.0,0,CONVERSION,CLUTCH_RESPONSE
2016_03_WAS_NYG,2016,REG,3,2016-09-25,NYG,WAS,00-0022803,E.Manning,19,4,11:00,-2,NYG 30,70.0,0,CONVERSION,CLUTCH_RESPONSE
2016_03_WAS_NYG,2016,REG,3,2016-09-25,WAS,NYG,00-0029604,K.Cousins,20,4,07:53,-1,WAS 25,75.0,1,CONVERSION,CLUTCH_RESPONSE
2016_04_LA_ARI,2016,REG,4,2016-10-02,LA,ARI,00-0028986,C.Keenum,21,4,05:09,-3,ARI 19,19.0,0,CONVERSION,CLUTCH_RESPONSE
2016_04_NO_SD,2016,REG,4,2016-10-02,NO,LAC,00-0020531,D.Brees,25,4,04:42,-6,LAC 31,31.0,1,CONVERSION,CLUTCH_RESPONSE
2016_04_OAK_BAL,2016,REG,4,2016-10-02,BAL,LV,00-0026158,J.Flacco,26,4,05:35,-2,LV 17,17.0,0,CONVERSION,CLUTCH_RESPONSE
2016_04_OAK_BAL,2016,REG,4,2016-10-02,LV,BAL,00-0031280,D.Carr,27,4,03:36,-6,LV 34,66.0,1,CONVERSION,CLUTCH_RESPONSE
2016_05_CHI_IND,2016,REG,5,2016-10-09,CHI,IND,00-0026625,B.Hoyer,17,4,11:49,-3,CHI 4,96.0,0,CONVERSION,CLUTCH_RESPONSE
2016_05_CHI_IND,2016,REG,5,2016-10-09,IND,CHI,00-0029668,A.Luck,18,4,07:04,-4,IND 18,82.0,0,CONVERSION,CLUTCH_RESPONSE
2016_05_PHI_DET,2016,REG,5,2016-10-09,PHI,DET,00-0032950,C.Wentz,13,4,12:01,-1,PHI 20,80.0,0,CONVERSION,CLUTCH_RESPONSE
2016_05_PHI_DET,2016,REG,5,2016-10-09,DET,PHI,00-0026498,M.Stafford,16,4,02:34,-2,PHI 45,45.0,1,CONVERSION,CLUTCH_RESPONSE
2016_05_TB_CAR,2016,REG,5,2016-10-10,TB,CAR,00-0031503,J.Winston,22,4,01:49,0,TB 14,86.0,1,CONVERSION,CLUTCH_RESPONSE
2016_06_ATL_SEA,2016,REG,6,2016-10-16,SEA,ATL,00-0029263,R.Wilson,20,4,08:34,-7,SEA 30,70.0,0,CONVERSION,CLUTCH_RESPONSE
2016_06_ATL_SEA,2016,REG,6,2016-10-16,SEA,ATL,00-0029263,R.Wilson,22,4,03:48,-1,50,50.0,1,CONVERSION,CLUTCH_RESPONSE
2016_06_BAL_NYG,2016,REG,6,2016-10-16,BAL,NYG,00-0026158,J.Flacco,22,4,05:54,-4,BAL 25,75.0,0,CONVERSION,CLUTCH_RESPONSE
2016_06_BAL_NYG,2016,REG,6,2016-10-16,NYG,BAL,00-0022803,E.Manning,23,4,02:04,-3,NYG 25,75.0,1,CONVERSION,CLUTCH_RESPONSE
2016_06_CAR_NO,2016,REG,6,2016-10-16,CAR,NO,00-0027939,C.Newton,23,4,13:29,-7,50,50.0,0,CONVERSION,CLUTCH_RESPONSE
2016_06_CAR_NO,2016,REG,6,2016-10-16,CAR,NO,00-0027939,C.Newton,25,4,06:02,-8,CAR 22,78.0,0,CONVERSION,CLUTCH_RESPONSE
2016_06_CAR_NO,2016,REG,6,2016-10-16,NO,CAR,00-0020531,D.Brees,26,4,02:58,0,NO 25,75.0,1,CONVERSION,CLUTCH_RESPONSE
2016_06_IND_HOU,2016,REG,6,2016-10-16,HOU,IND,00-0029682,B.Osweiler,21,4,01:50,-7,HOU 47,53.0,0,CONVERSION,CLUTCH_RESPONSE
2016_06_IND_HOU,2016,REG,6,2016-10-16,HOU,IND,00-0029682,B.Osweiler,25,5,11:30,0,HOU 33,67.0,1,CONVERSION,CLUTCH_RESPONSE
2016_06_JAX_CHI,2016,REG,6,2016-10-16,JAX,CHI,00-0031407,B.Bortles,21,4,03:18,-6,JAX 22,78.0,0,CONVERSION,CLUTCH_RESPONSE
2016_06_LA_DET,2016,REG,6,2016-10-16,DET,LA,00-0026498,M.Stafford,12,4,14:09,-7,DET 16,84.0,0,CONVERSION,CLUTCH_RESPONSE
2016_06_LA_DET,2016,REG,6,2016-10-16,DET,LA,00-0026498,M.Stafford,14,4,05:06,0,DET 39,61.0,1,CONVERSION,CLUTCH_RESPONSE
2016_07_BUF_MIA,2016,REG,7,2016-10-23,MIA,BUF,00-0029701,R.Tannehill,19,4,07:45,-3,MIA 36,64.0,0,CONVERSION,CLUTCH_RESPONSE
2016_07_IND_TEN,2016,REG,7,2016-10-23,TEN,IND,00-0032268,M.Mariota,17,4,09:41,0,TEN 20,80.0,0,CONVERSION,CLUTCH_RESPONSE
2016_07_IND_TEN,2016,REG,7,2016-10-23,IND,TEN,00-0029668,A.Luck,18,4,06:02,-3,IND 30,70.0,1,CONVERSION,CLUTCH_RESPONSE
2016_07_NYG_LA,2016,REG,7,2016-10-23,NYG,LA,00-0022803,E.Manning,22,4,12:06,0,LA 35,35.0,0,CONVERSION,CLUTCH_RESPONSE
2016_07_SD_ATL,2016,REG,7,2016-10-23,LAC,ATL,00-0022942,P.Rivers,19,4,03:32,-3,LAC 35,65.0,0,CONVERSION,CLUTCH_RESPONSE
2016_07_SD_ATL,2016,REG,7,2016-10-23,LAC,ATL,00-0022942,P.Rivers,22,5,12:12,0,ATL 43,43.0,1,CONVERSION,CLUTCH_RESPONSE
2016_07_SEA_ARI,2016,REG,7,2016-10-23,SEA,ARI,00-0029263,R.Wilson,20,4,04:33,-3,ARI 22,22.0,0,CONVERSION,CLUTCH_RESPONSE
2016_07_SEA_ARI,2016,REG,7,2016-10-23,ARI,SEA,00-0021429,C.Palmer,23,5,15:00,0,ARI 25,75.0,0,CONVERSION,CLUTCH_RESPONSE
2016_07_SEA_ARI,2016,REG,7,2016-10-23,SEA,ARI,00-0029263,R.Wilson,24,5,11:23,-3,SEA 25,75.0,0,CONVERSION,CLUTCH_RESPONSE
2016_07_SEA_ARI,2016,REG,7,2016-10-23,ARI,SEA,00-0021429,C.Palmer,25,5,06:42,0,ARI 25,75.0,1,CONVERSION,CLUTCH_RESPONSE
2016_07_SEA_ARI,2016,REG,7,2016-10-23,SEA,ARI,00-0029263,R.Wilson,26,5,03:19,0,SEA 20,80.0,1,CONVERSION,CLUTCH_RESPONSE
2016_07_WAS_DET,2016,REG,7,2016-10-23,WAS,DET,00-0029604,K.Cousins,15,4,05:20,-3,WAS 24,76.0,0,CONVERSION,CLUTCH_RESPONSE
2016_07_WAS_DET,2016,REG,7,2016-10-23,DET,WAS,00-0026498,M.Stafford,16,4,01:05,-4,DET 25,75.0,1,CONVERSION,CLUTCH_RESPONSE
2016_08_GB_ATL,2016,REG,8,2016-10-30,GB,ATL,00-0023459,A.Rodgers,15,4,12:31,-2,GB 14,86.0,0,CONVERSION,CLUTCH_RESPONSE
2016_08_GB_ATL,2016,REG,8,2016-10-30,ATL,GB,00-0026143,M.Ryan,16,4,03:58,-6,ATL 25,75.0,1,CONVERSION,CLUTCH_RESPONSE
2016_08_OAK_TB,2016,REG,8,2016-10-30,TB,LV,00-0031503,J.Winston,19,4,08:33,-1,TB 18,82.0,0,CONVERSION,CLUTCH_RESPONSE
2016_08_OAK_TB,2016,REG,8,2016-10-30,LV,TB,00-0031280,D.Carr,20,4,03:48,-7,LV 25,75.0,0,CONVERSION,CLUTCH_RESPONSE
2016_08_OAK_TB,2016,REG,8,2016-10-30,LV,TB,00-0031280,D.Carr,27,5,03:21,0,LV 40,60.0,1,CONVERSION,CLUTCH_RESPONSE
2016_08_PHI_DAL,2016,REG,8,2016-10-30,DAL,PHI,00-0033077,D.Prescott,20,4,06:26,-7,DAL 10,90.0,0,CONVERSION,CLUTCH_RESPONSE
2016_08_PHI_DAL,2016,REG,8,2016-10-30,DAL,PHI,00-0033077,D.Prescott,25,5,15:00,0,DAL 25,75.0,1,CONVERSION,CLUTCH_RESPONSE
2016_08_WAS_CIN,2016,REG,8,2016-10-30,WAS,CIN,00-0029604,K.Cousins,15,4,13:48,-3,WAS 17,83.0,0,CONVERSION,CLUTCH_RESPONSE
2016_08_WAS_CIN,2016,REG,8,2016-10-30,CIN,WAS,00-0027973,A.Dalton,16,4,09:30,-4,CIN 25,75.0,0,CONVERSION,CLUTCH_RESPONSE
2016_08_WAS_CIN,2016,REG,8,2016-10-30,WAS,CIN,00-0029604,K.Cousins,19,4,03:15,-3,WAS 33,67.0,0,CONVERSION,CLUTCH_RESPONSE
2016_08_WAS_CIN,2016,REG,8,2016-10-30,WAS,CIN,00-0029604,K.Cousins,24,5,06:53,0,WAS 22,78.0,0,CONVERSION,CLUTCH_RESPONSE
2016_09_DET_MIN,2016,REG,9,2016-11-06,MIN,DET,00-0027854,S.Bradford,19,4,04:14,-4,MIN 21,79.0,1,CONVERSION,CLUTCH_RESPONSE
2016_09_DET_MIN,2016,REG,9,2016-11-06,DET,MIN,00-0026498,M.Stafford,20,4,00:23,-3,DET 25,75.0,0,CONVERSION,CLUTCH_RESPONSE
2016_09_DET_MIN,2016,REG,9,2016-11-06,DET,MIN,00-0026498,M.Stafford,21,5,15:00,0,DET 13,87.0,1,CONVERSION,CLUTCH_RESPONSE
2016_09_NYJ_MIA,2016,REG,9,2016-11-06,NYJ,MIA,00-0023682,R.Fitzpatrick,18,4,05:52,-4,MIA 18,18.0,0,CONVERSION,CLUTCH_RESPONSE
2016_10_ATL_PHI,2016,REG,10,2016-11-13,ATL,PHI,00-0026143,M.Ryan,15,4,13:50,-4,ATL 25,75.0,0,CONVERSION,CLUTCH_RESPONSE
2016_10_ATL_PHI,2016,REG,10,2016-11-13,PHI,ATL,00-0032950,C.Wentz,18,4,10:25,-2,PHI 24,76.0,0,CONVERSION,CLUTCH_RESPONSE
2016_10_DAL_PIT,2016,REG,10,2016-11-13,PIT,DAL,00-0022924,B.Roethlisberger,19,4,10:56,-5,DAL 46,46.0,0,CONVERSION,CLUTCH_RESPONSE
2016_10_DAL_PIT,2016,REG,10,2016-11-13,DAL,PIT,00-0033077,D.Prescott,20,4,07:51,-1,DAL 25,75.0,0,CONVERSION,CLUTCH_RESPONSE
2016_10_DAL_PIT,2016,REG,10,2016-11-13,PIT,DAL,00-0022924,B.Roethlisberger,21,4,01:55,-5,PIT 25,75.0,1,CONVERSION,CLUTCH_RESPONSE
2016_10_DAL_PIT,2016,REG,10,2016-11-13,DAL,PIT,00-0033077,D.Prescott,22,4,00:42,-1,DAL 25,75.0,1,CONVERSION,CLUTCH_RESPONSE
2016_10_DEN_NO,2016,REG,10,2016-11-13,DEN,NO,00-0032156,T.Siemian,18,4,13:29,-7,NO 27,27.0,0,CONVERSION,CLUTCH_RESPONSE
2016_10_DEN_NO,2016,REG,10,2016-11-13,DEN,NO,00-0032156,T.Siemian,20,4,07:41,0,DEN 47,53.0,0,CONVERSION,CLUTCH_RESPONSE
2016_10_DEN_NO,2016,REG,10,2016-11-13,NO,DEN,00-0020531,D.Brees,23,4,02:50,-6,NO 25,75.0,1,CONVERSION,CLUTCH_RESPONSE
2016_10_KC_CAR,2016,REG,10,2016-11-13,KC,CAR,00-0023436,A.Smith,17,4,07:34,-3,CAR 49,49.0,0,CONVERSION,CLUTCH_RESPONSE
2016_10_KC_CAR,2016,REG,10,2016-11-13,KC,CAR,00-0023436,A.Smith,21,4,00:20,0,CAR 29,29.0,1,CONVERSION,CLUTCH_RESPONSE
2016_10_LA_NYJ,2016,REG,10,2016-11-13,LA,NYJ,00-0028986,C.Keenum,18,4,10:52,0,LA 48,52.0,0,CONVERSION,CLUTCH_RESPONSE
2016_10_MIA_SD,2016,REG,10,2016-11-13,LAC,MIA,00-0022942,P.Rivers,19,4,05:06,-4,LAC 42,58.0,0,CONVERSION,CLUTCH_RESPONSE
2016_10_MIA_SD,2016,REG,10,2016-11-13,MIA,LAC,00-0029701,R.Tannehill,20,4,04:04,-3,MIA 25,75.0,1,CONVERSION,CLUTCH_RESPONSE
2016_10_MIN_WAS,2016,REG,10,2016-11-13,WAS,MIN,00-0029604,K.Cousins,16,4,12:54,0,WAS 8,92.0,0,CONVERSION,CLUTCH_RESPONSE
2016_10_SEA_NE,2016,REG,10,2016-11-13,SEA,NE,00-0029263,R.Wilson,16,4,13:00,-2,SEA 37,63.0,0,CONVERSION,CLUTCH_RESPONSE
2016_10_SF_ARI,2016,REG,10,2016-11-13,SF,ARI,00-0027974,C.Kaepernick,23,4,03:13,-7,SF 43,57.0,1,CONVERSION,CLUTCH_RESPONSE
2016_10_SF_ARI,2016,REG,10,2016-11-13,ARI,SF,00-0021429,C.Palmer,24,4,01:55,0,ARI 15,85.0,1,CONVERSION,CLUTCH_RESPONSE
2016_11_HOU_OAK,2016,REG,11,2016-11-21,LV,HOU,00-0031280,D.Carr,17,4,10:57,-7,LV 25,75.0,0,CONVERSION,CLUTCH_RESPONSE
2016_11_HOU_OAK,2016,REG,11,2016-11-21,LV,HOU,00-0031280,D.Carr,19,4,06:15,0,LV 15,85.0,0,CONVERSION,CLUTCH_RESPONSE
2016_11_JAX_DET,2016,REG,11,2016-11-20,DET,JAX,00-0026498,M.Stafford,21,4,13:24,-3,DET 21,79.0,0,CONVERSION,CLUTCH_RESPONSE
2016_11_MIA_LA,2016,REG,11,2016-11-20,MIA,LA,00-0029701,R.Tannehill,26,4,02:11,-3,MIA 25,75.0,1,CONVERSION,CLUTCH_RESPONSE
2016_12_CAR_OAK,2016,REG,12,2016-11-27,LV,CAR,00-0031280,D.Carr,23,4,13:26,-8,LV 25,75.0,0,CONVERSION,CLUTCH_RESPONSE
2016_12_CAR_OAK,2016,REG,12,2016-11-27,LV,CAR,00-0031280,D.Carr,25,4,05:05,0,LV 13,87.0,1,CONVERSION,CLUTCH_RESPONSE
2016_12_JAX_BUF,2016,REG,12,2016-11-27,BUF,JAX,00-0028118,T.Taylor,18,4,14:52,-1,BUF 24,76.0,0,CONVERSION,CLUTCH_RESPONSE
2016_12_KC_DEN,2016,REG,12,2016-11-27,DEN,KC,00-0032156,T.Siemian,21,4,09:24,-6,DEN 12,88.0,0,CONVERSION,CLUTCH_RESPONSE
2016_12_KC_DEN,2016,REG,12,2016-11-27,KC,DEN,00-0023436,A.Smith,24,4,03:00,-8,KC 25,75.0,0,CONVERSION,CLUTCH_RESPONSE
2016_12_KC_DEN,2016,REG,12,2016-11-27,DEN,KC,00-0032156,T.Siemian,26,5,15:00,0,DEN 25,75.0,0,CONVERSION,CLUTCH_RESPONSE
2016_12_KC_DEN,2016,REG,12,2016-11-27,KC,DEN,00-0023436,A.Smith,27,5,08:51,-3,KC 35,65.0,0,CONVERSION,CLUTCH_RESPONSE
2016_12_KC_DEN,2016,REG,12,2016-11-27,KC,DEN,00-0023436,A.Smith,29,5,01:03,0,DEN 48,48.0,1,CONVERSION,CLUTCH_RESPONSE
2016_12_MIN_DET,2016,REG,12,2016-11-24,DET,MIN,00-0026498,M.Stafford,17,4,05:02,-3,DET 2,98.0,0,CONVERSION,CLUTCH_RESPONSE
2016_12_MIN_DET,2016,REG,12,2016-11-24,DET,MIN,00-0026498,M.Stafford,19,4,00:30,0,MIN 20,20.0,1,CONVERSION,CLUTCH_RESPONSE
2016_12_NE_NYJ,2016,REG,12,2016-11-27,NYJ,NE,00-0023682,R.Fitzpatrick,17,4,14:49,-3,NYJ 27,73.0,0,CONVERSION,CLUTCH_RESPONSE
2016_12_NE_NYJ,2016,REG,12,2016-11-27,NE,NYJ,00-0019596,T.Brady,20,4,05:04,-1,NE 17,83.0,0,CONVERSION,CLUTCH_RESPONSE
2016_13_BUF_OAK,2016,REG,13,2016-12-04,LV,BUF,00-0031280,D.Carr,17,4,14:48,-1,LV 41,59.0,0,CONVERSION,CLUTCH_RESPONSE
2016_13_DAL_MIN,2016,REG,13,2016-12-01,DAL,MIN,00-0033077,D.Prescott,18,4,10:28,-2,MIN 8,8.0,0,CONVERSION,CLUTCH_RESPONSE
2016_13_KC_ATL,2016,REG,13,2016-12-04,ATL,KC,00-0026143,M.Ryan,16,4,09:25,-5,ATL 20,80.0,1,CONVERSION,CLUTCH_RESPONSE
2016_13_TB_SD,2016,REG,13,2016-12-04,TB,LAC,00-0031503,J.Winston,17,4,11:15,-1,TB 46,54.0,0,CONVERSION,CLUTCH_RESPONSE
2016_14_ARI_MIA,2016,REG,14,2016-12-11,ARI,MIA,00-0021429,C.Palmer,26,4,05:14,-8,50,50.0,0,CONVERSION,CLUTCH_RESPONSE
2016_14_ARI_MIA,2016,REG,14,2016-12-11,MIA,ARI,00-0025708,M.Moore,29,4,01:29,0,ARI 47,47.0,1,CONVERSION,CLUTCH_RESPONSE
2016_14_CHI_DET,2016,REG,14,2016-12-11,DET,CHI,00-0026498,M.Stafford,15,4,07:07,-4,DET 24,76.0,1,CONVERSION,CLUTCH_RESPONSE
2016_14_NYJ_SF,2016,REG,14,2016-12-11,NYJ,SF,00-0031568,B.Petty,22,4,02:35,-3,NYJ 35,65.0,0,CONVERSION,CLUTCH_RESPONSE
2016_14_NYJ_SF,2016,REG,14,2016-12-11,NYJ,SF,00-0031568,B.Petty,26,5,12:51,0,NYJ 37,63.0,1,CONVERSION,CLUTCH_RESPONSE
2016_14_WAS_PHI,2016,REG,14,2016-12-11,PHI,WAS,00-0032950,C.Wentz,17,4,11:27,-2,PHI 40,60.0,0,CONVERSION,CLUTCH_RESPONSE
2016_14_WAS_PHI,2016,REG,14,2016-12-11,WAS,PHI,00-0029604,K.Cousins,18,4,04:59,-1,WAS 23,77.0,1,CONVERSION,CLUTCH_RESPONSE
2016_15_GB_CHI,2016,REG,15,2016-12-18,CHI,GB,00-0030533,M.Barkley,21,4,05:42,-3,CHI 21,79.0,1,CONVERSION,CLUTCH_RESPONSE
2016_15_GB_CHI,2016,REG,15,2016-12-18,GB,CHI,00-0023459,A.Rodgers,22,4,01:19,0,GB 27,73.0,1,CONVERSION,CLUTCH_RESPONSE
2016_15_JAX_HOU,2016,REG,15,2016-12-18,HOU,JAX,00-0031064,T.Savage,24,4,05:47,-6,HOU 48,52.0,0,CONVERSION,CLUTCH_RESPONSE
2016_15_NO_ARI,2016,REG,15,2016-12-18,ARI,NO,00-0021429,C.Palmer,17,4,12:59,-7,ARI 25,75.0,0,CONVERSION,CLUTCH_RESPONSE
2016_15_NO_ARI,2016,REG,15,2016-12-18,NO,ARI,00-0020531,D.Brees,18,4,08:57,0,NO 25,75.0,0,CONVERSION,CLUTCH_RESPONSE
2016_15_OAK_SD,2016,REG,15,2016-12-18,LV,LAC,00-0031280,D.Carr,18,4,11:35,-3,LAC 13,13.0,0,CONVERSION,CLUTCH_RESPONSE
2016_15_OAK_SD,2016,REG,15,2016-12-18,LV,LAC,00-0031280,D.Carr,20,4,06:27,0,LV 20,80.0,1,CONVERSION,CLUTCH_RESPONSE
2016_15_PHI_BAL,2016,REG,15,2016-12-18,PHI,BAL,00-0032950,C.Wentz,23,4,01:39,-7,PHI 41,59.0,1,CONVERSION,CLUTCH_RESPONSE
2016_15_PIT_CIN,2016,REG,15,2016-12-18,PIT,CIN,00-0022924,B.Roethlisberger,16,4,10:51,-2,PIT 31,69.0,0,CONVERSION,CLUTCH_RESPONSE
2016_15_TB_DAL,2016,REG,15,2016-12-18,DAL,TB,00-0033077,D.Prescott,16,4,11:49,0,TB 22,22.0,0,CONVERSION,CLUTCH_RESPONSE
2016_15_TEN_KC,2016,REG,15,2016-12-18,TEN,KC,00-0032268,M.Mariota,21,4,07:54,-7,TEN 12,88.0,0,CONVERSION,CLUTCH_RESPONSE
2016_15_TEN_KC,2016,REG,15,2016-12-18,TEN,KC,00-0032268,M.Mariota,23,4,01:07,-1,TEN 25,75.0,1,CONVERSION,CLUTCH_RESPONSE
2016_16_ARI_SEA,2016,REG,16,2016-12-24,SEA,ARI,00-0029263,R.Wilson,26,4,02:22,-6,ARI 45,45.0,1,CONVERSION,CLUTCH_RESPONSE
2016_16_ARI_SEA,2016,REG,16,2016-12-24,ARI,SEA,00-0021429,C.Palmer,27,4,01:00,0,ARI 25,75.0,1,CONVERSION,CLUTCH_RESPONSE
2016_16_BAL_PIT,2016,REG,16,2016-12-25,PIT,BAL,00-0022924,B.Roethlisberger,19,4,10:05,-3,PIT 10,90.0,0,CONVERSION,CLUTCH_RESPONSE
2016_16_BAL_PIT,2016,REG,16,2016-12-25,BAL,PIT,00-0026158,J.Flacco,20,4,07:16,-4,BAL 25,75.0,1,CONVERSION,CLUTCH_RESPONSE
2016_16_BAL_PIT,2016,REG,16,2016-12-25,PIT,BAL,00-0022924,B.Roethlisberger,21,4,01:18,-3,PIT 25,75.0,1,CONVERSION,CLUTCH_RESPONSE
2016_16_CIN_HOU,2016,REG,16,2016-12-24,CIN,HOU,00-0027973,A.Dalton,19,4,11:40,-3,CIN 9,91.0,0,CONVERSION,CLUTCH_RESPONSE
2016_16_CIN_HOU,2016,REG,16,2016-12-24,HOU,CIN,00-0031064,T.Savage,20,4,10:45,-4,HOU 25,75.0,0,CONVERSION,CLUTCH_RESPONSE
2016_16_CIN_HOU,2016,REG,16,2016-12-24,CIN,HOU,00-0027973,A.Dalton,23,4,03:46,-2,CIN 15,85.0,1,CONVERSION,CLUTCH_RESPONSE
2016_16_MIA_BUF,2016,REG,16,2016-12-24,BUF,MIA,00-0028118,T.Taylor,21,4,04:00,-4,BUF 11,89.0,0,CONVERSION,CLUTCH_RESPONSE
2016_16_MIA_BUF,2016,REG,16,2016-12-24,MIA,BUF,00-0025708,M.Moore,22,4,01:20,-3,MIA 39,61.0,0,CONVERSION,CLUTCH_RESPONSE
2016_16_MIA_BUF,2016,REG,16,2016-12-24,BUF,MIA,00-0028118,T.Taylor,24,5,15:00,0,BUF 25,75.0,0,CONVERSION,CLUTCH_RESPONSE
2016_16_MIA_BUF,2016,REG,16,2016-12-24,MIA,BUF,00-0025708,M.Moore,27,5,04:00,0,MIA 15,85.0,1,CONVERSION,CLUTCH_RESPONSE
2016_16_SD_CLE,2016,REG,16,2016-12-24,LAC,CLE,00-0022942,P.Rivers,20,4,04:49,-3,CLE 33,33.0,0,CONVERSION,CLUTCH_RESPONSE
2016_16_SD_CLE,2016,REG,16,2016-12-24,LAC,CLE,00-0022942,P.Rivers,22,4,01:46,-3,LAC 22,78.0,1,CONVERSION,CLUTCH_RESPONSE
2016_16_SF_LA,2016,REG,16,2016-12-24,SF,LA,00-0027974,C.Kaepernick,26,4,03:10,-7,SF 27,73.0,0,CONVERSION,CLUTCH_RESPONSE
2016_17_CAR_TB,2016,REG,17,2017-01-01,CAR,TB,00-0027939,C.Newton,22,4,11:55,0,CAR 49,51.0,0,CONVERSION,CLUTCH_RESPONSE
2016_17_CAR_TB,2016,REG,17,2017-01-01,TB,CAR,00-0031503,J.Winston,23,4,06:05,0,TB 26,74.0,1,CONVERSION,CLUTCH_RESPONSE
2016_17_CAR_TB,2016,REG,17,2017-01-01,CAR,TB,00-0027939,C.Newton,24,4,03:13,-7,CAR 26,74.0,1,CONVERSION,CLUTCH_RESPONSE
2016_17_CLE_PIT,2016,REG,17,2017-01-01,PIT,CLE,00-0030524,L.Jones,21,4,07:34,0,PIT 39,61.0,0,CONVERSION,CLUTCH_RESPONSE
2016_17_CLE_PIT,2016,REG,17,2017-01-01,CLE,PIT,00-0029665,R.Griffin,22,4,05:14,-7,CLE 32,68.0,0,CONVERSION,CLUTCH_RESPONSE
2016_17_CLE_PIT,2016,REG,17,2017-01-01,CLE,PIT,00-0029665,R.Griffin,26,5,15:00,0,CLE 19,81.0,1,CONVERSION,CLUTCH_RESPONSE
2016_17_CLE_PIT,2016,REG,17,2017-01-01,PIT,CLE,00-0030524,L.Jones,27,5,07:17,-3,PIT 25,75.0,1,CONVERSION,CLUTCH_RESPONSE
2016_17_JAX_IND,2016,REG,17,2017-01-01,JAX,IND,00-0031407,B.Bortles,24,4,01:54,0,IND 30,30.0,1,CONVERSION,CLUTCH_RESPONSE
2016_17_JAX_IND,2016,REG,17,2017-01-01,IND,JAX,00-0029668,A.Luck,25,4,01:33,-3,IND 25,75.0,1,CONVERSION,CLUTCH_RESPONSE
2016_17_NYG_WAS,2016,REG,17,2017-01-01,WAS,NYG,00-0029604,K.Cousins,19,4,13:27,-7,WAS 24,76.0,0,CONVERSION,CLUTCH_RESPONSE
2016_17_NYG_WAS,2016,REG,17,2017-01-01,NYG,WAS,00-0022803,E.Manning,22,4,06:01,0,NYG 20,80.0,0,CONVERSION,CLUTCH_RESPONSE
2016_19_GB_DAL,2016,POST,19,2017-01-15,DAL,GB,00-0033077,D.Prescott,16,4,09:14,-8,DAL 20,80.0,0,CONVERSION,CLUTCH_RESPONSE
2016_19_GB_DAL,2016,POST,19,2017-01-15,GB,DAL,00-0023459,A.Rodgers,17,4,04:08,0,GB 25,75.0,0,CONVERSION,CLUTCH_RESPONSE
2016_19_GB_DAL,2016,POST,19,2017-01-15,DAL,GB,00-0033077,D.Prescott,18,4,01:33,-3,DAL 25,75.0,1,CONVERSION,CLUTCH_RESPONSE
2016_19_GB_DAL,2016,POST,19,2017-01-15,GB,DAL,00-0023459,A.Rodgers,19,4,00:35,0,GB 25,75.0,1,CONVERSION,CLUTCH_RESPONSE
2016_21_NE_ATL,2016,POST,21,2017-02-05,NE,ATL,00-0019596,T.Brady,21,4,03:30,-8,NE 9,91.0,0,CONVERSION,CLUTCH_RESPONSE
2016_21_NE_ATL,2016,POST,21,2017-02-05,NE,ATL,00-0019596,T.Brady,24,5,15:00,0,NE 25,75.0,1,CONVERSION,CLUTCH_RESPONSE
2017_01_ARI_DET,2017,REG,1,2017-09-10,DET,ARI,00-0026498,M.Stafford,20,4,14:16,-2,DET 33,67.0,0,CONVERSION,CLUTCH_RESPONSE
2017_01_LAC_DEN,2017,REG,1,2017-09-11,LAC,DEN,00-0022942,P.Rivers,22,4,02:00,-3,LAC 38,62.0,1,CONVERSION,CLUTCH_RESPONSE
2017_02_ARI_IND,2017,REG,2,2017-09-17,ARI,IND,00-0021429,C.Palmer,18,4,05:34,-3,ARI 38,62.0,0,CONVERSION,CLUTCH_RESPONSE
2017_02_ARI_IND,2017,REG,2,2017-09-17,ARI,IND,00-0021429,C.Palmer,22,4,00:25,0,ARI 49,51.0,0,CONVERSION,CLUTCH_RESPONSE
2017_02_ARI_IND,2017,REG,2,2017-09-17,ARI,IND,00-0021429,C.Palmer,24,5,09:47,0,IND 21,21.0,1,CONVERSION,CLUTCH_RESPONSE
2017_02_MIA_LAC,2017,REG,2,2017-09-17,MIA,LAC,00-0024226,J.Cutler,17,4,03:02,-1,MIA 49,51.0,1,CONVERSION,CLUTCH_RESPONSE
2017_02_MIA_LAC,2017,REG,2,2017-09-17,LAC,MIA,00-0022942,P.Rivers,18,4,01:05,-2,LAC 20,80.0,1,CONVERSION,CLUTCH_RESPONSE
2017_02_PHI_KC,2017,REG,2,2017-09-17,KC,PHI,00-0023436,A.Smith,17,4,09:16,0,PHI 31,31.0,0,CONVERSION,CLUTCH_RESPONSE
2017_02_SF_SEA,2017,REG,2,2017-09-17,SEA,SF,00-0029263,R.Wilson,21,4,11:36,-3,SEA 18,82.0,0,CONVERSION,CLUTCH_RESPONSE
2017_02_WAS_LA,2017,REG,2,2017-09-17,LA,WAS,00-0033106,J.Goff,19,4,14:38,-3,LA 25,75.0,0,CONVERSION,CLUTCH_RESPONSE
2017_02_WAS_LA,2017,REG,2,2017-09-17,WAS,LA,00-0029604,K.Cousins,20,4,07:16,0,WAS 30,70.0,0,CONVERSION,CLUTCH_RESPONSE
2017_03_CIN_GB,2017,REG,3,2017-09-24,GB,CIN,00-0023459,A.Rodgers,20,4,03:46,-7,GB 25,75.0,0,CONVERSION,CLUTCH_RESPONSE
2017_03_CIN_GB,2017,REG,3,2017-09-24,GB,CIN,00-0023459,A.Rodgers,23,5,07:39,0,GB 21,79.0,1,CONVERSION,CLUTCH_RESPONSE
2017_03_DAL_ARI,2017,REG,3,2017-09-25,DAL,ARI,00-0033077,D.Prescott,18,4,14:45,0,50,50.0,0,CONVERSION,CLUTCH_RESPONSE
2017_03_HOU_NE,2017,REG,3,2017-09-24,NE,HOU,00-0019596,T.Brady,24,4,02:24,-5,NE 25,75.0,1,CONVERSION,CLUTCH_RESPONSE
2017_03_NYG_PHI,2017,REG,3,2017-09-24,NYG,PHI,00-0022803,E.Manning,18,4,12:13,-7,PHI 33,33.0,0,CONVERSION,CLUTCH_RESPONSE
2017_03_NYG_PHI,2017,REG,3,2017-09-24,NYG,PHI,00-0022803,E.Manning,20,4,07:52,0,NYG 22,78.0,0,CONVERSION,CLUTCH_RESPONSE
2017_03_NYG_PHI,2017,REG,3,2017-09-24,PHI,NYG,00-0032950,C.Wentz,21,4,07:12,-7,PHI 25,75.0,0,CONVERSION,CLUTCH_RESPONSE
2017_03_NYG_PHI,2017,REG,3,2017-09-24,NYG,PHI,00-0022803,E.Manning,22,4,05:40,0,NYG 25,75.0,0,CONVERSION,CLUTCH_RESPONSE
2017_03_NYG_PHI,2017,REG,3,2017-09-24,PHI,NYG,00-0032950,C.Wentz,23,4,03:08,-3,PHI 25,75.0,0,CONVERSION,CLUTCH_RESPONSE
2017_03_NYG_PHI,2017,REG,3,2017-09-24,PHI,NYG,00-0032950,C.Wentz,25,4,00:13,0,PHI 38,62.0,1,CONVERSION,CLUTCH_RESPONSE
2017_03_PIT_CHI,2017,REG,3,2017-09-24,PIT,CHI,00-0022924,B.Roethlisberger,19,4,08:57,-3,CHI 21,21.0,0,CONVERSION,CLUTCH_RESPONSE
2017_03_PIT_CHI,2017,REG,3,2017-09-24,CHI,PIT,00-0030520,M.Glennon,24,5,10:00,0,CHI 26,74.0,1,CONVERSION,CLUTCH_RESPONSE
2017_04_BUF_ATL,2017,REG,4,2017-10-01,ATL,BUF,00-0026143,M.Ryan,15,4,12:00,-7,ATL 25,75.0,0,CONVERSION,CLUTCH_RESPONSE
2017_04_BUF_ATL,2017,REG,4,2017-10-01,BUF,ATL,00-0028118,T.Taylor,16,4,07:00,0,BUF 25,75.0,0,CONVERSION,CLUTCH_RESPONSE
2017_04_CAR_NE,2017,REG,4,2017-10-01,NE,CAR,00-0019596,T.Brady,17,4,07:27,-7,CAR 49,49.0,1,CONVERSION,CLUTCH_RESPONSE
2017_04_CAR_NE,2017,REG,4,2017-10-01,CAR,NE,00-0027939,C.Newton,18,4,03:09,0,CAR 24,76.0,1,CONVERSION,CLUTCH_RESPONSE
2017_04_JAX_NYJ,2017,REG,4,2017-10-01,JAX,NYJ,00-0031407,B.Bortles,22,4,03:19,-3,NYJ 35,35.0,0,CONVERSION,CLUTCH_RESPONSE
2017_04_JAX_NYJ,2017,REG,4,2017-10-01,NYJ,JAX,00-0021206,J.McCown,29,5,01:38,0,JAX 25,25.0,1,CONVERSION,CLUTCH_RESPONSE
2017_04_NYG_TB,2017,REG,4,2017-10-01,TB,NYG,00-0031503,J.Winston,22,4,09:25,-1,TB 43,57.0,0,CONVERSION,CLUTCH_RESPONSE
2017_04_NYG_TB,2017,REG,4,2017-10-01,NYG,TB,00-0022803,E.Manning,23,4,07:44,-5,NYG 25,75.0,1,CONVERSION,CLUTCH_RESPONSE
2017_04_NYG_TB,2017,REG,4,2017-10-01,TB,NYG,00-0031503,J.Winston,24,4,03:16,-1,TB 25,75.0,1,CONVERSION,CLUTCH_RESPONSE
2017_04_SF_ARI,2017,REG,4,2017-10-01,ARI,SF,00-0021429,C.Palmer,17,4,13:49,-3,ARI 36,64.0,0,CONVERSION,CLUTCH_RESPONSE
2017_04_SF_ARI,2017,REG,4,2017-10-01,SF,ARI,00-0026625,B.Hoyer,26,5,10:00,0,SF 22,78.0,1,CONVERSION,CLUTCH_RESPONSE
2017_04_SF_ARI,2017,REG,4,2017-10-01,ARI,SF,00-0021429,C.Palmer,27,5,02:24,-3,ARI 25,75.0,1,CONVERSION,CLUTCH_RESPONSE
2017_04_WAS_KC,2017,REG,4,2017-10-02,KC,WAS,00-0023436,A.Smith,16,4,13:01,0,KC 20,80.0,0,CONVERSION,CLUTCH_RESPONSE
2017_04_WAS_KC,2017,REG,4,2017-10-02,WAS,KC,00-0029604,K.Cousins,17,4,04:51,-3,WAS 25,75.0,1,CONVERSION,CLUTCH_RESPONSE
2017_04_WAS_KC,2017,REG,4,2017-10-02,KC,WAS,00-0023436,A.Smith,18,4,00:47,0,KC 25,75.0,0,CONVERSION,CLUTCH_RESPONSE
2017_05_GB_DAL,2017,REG,5,2017-10-08,DAL,GB,00-0033077,D.Prescott,11,4,14:54,-1,DAL 25,75.0,0,CONVERSION,CLUTCH_RESPONSE
2017_05_GB_DAL,2017,REG,5,2017-10-08,DAL,GB,00-0033077,D.Prescott,14,4,09:56,-4,DAL 21,79.0,1,CONVERSION,CLUTCH_RESPONSE
2017_05_GB_DAL,2017,REG,5,2017-10-08,GB,DAL,00-0023459,A.Rodgers,15,4,01:13,-3,GB 25,75.0,1,CONVERSION,CLUTCH_RESPONSE
2017_05_LAC_NYG,2017,REG,5,2017-10-08,LAC,NYG,00-0022942,P.Rivers,26,4,03:46,-2,NYG 11,11.0,1,CONVERSION,CLUTCH_RESPONSE
2017_05_MIN_CHI,2017,REG,5,2017-10-09,MIN,CHI,00-0028986,C.Keenum,23,4,02:20,0,CHI 28,28.0,1,CONVERSION,CLUTCH_RESPONSE
2017_05_SF_IND,2017,REG,5,2017-10-08,SF,IND,00-0026625,B.Hoyer,20,4,05:29,-7,SF 11,89.0,0,CONVERSION,CLUTCH_RESPONSE
2017_05_SF_IND,2017,REG,5,2017-10-08,IND,SF,00-0033119,J.Brissett,24,5,03:39,0,IND 18,82.0,1,CONVERSION,CLUTCH_RESPONSE
2017_06_CHI_BAL,2017,REG,6,2017-10-15,BAL,CHI,00-0026158,J.Flacco,26,4,01:37,-2,CHI 2,2.0,0,CONVERSION,CLUTCH_RESPONSE
2017_06_CHI_BAL,2017,REG,6,2017-10-15,CHI,BAL,00-0033869,M.Trubisky,31,5,05:40,0,CHI 7,93.0,1,CONVERSION,CLUTCH_RESPONSE
2017_06_IND_TEN,2017,REG,6,2017-10-16,IND,TEN,00-0033119,J.Brissett,17,4,10:01,-3,TEN 40,40.0,0,CONVERSION,CLUTCH_RESPONSE
2017_06_IND_TEN,2017,REG,6,2017-10-16,TEN,IND,00-0032268,M.Mariota,18,4,07:27,0,TEN 25,75.0,0,CONVERSION,CLUTCH_RESPONSE
2017_06_LAC_OAK,2017,REG,6,2017-10-15,LAC,LV,00-0022942,P.Rivers,16,4,14:57,-3,LAC 41,59.0,0,CONVERSION,CLUTCH_RESPONSE
2017_06_LAC_OAK,2017,REG,6,2017-10-15,LV,LAC,00-0031280,D.Carr,17,4,10:19,-4,LV 35,65.0,0,CONVERSION,CLUTCH_RESPONSE
2017_06_LAC_OAK,2017,REG,6,2017-10-15,LAC,LV,00-0022942,P.Rivers,20,4,04:09,-2,LAC 8,92.0,1,CONVERSION,CLUTCH_RESPONSE
2017_06_MIA_ATL,2017,REG,6,2017-10-15,MIA,ATL,00-0024226,J.Cutler,14,4,11:42,-3,MIA 48,52.0,0,CONVERSION,CLUTCH_RESPONSE
2017_06_MIA_ATL,2017,REG,6,2017-10-15,MIA,ATL,00-0024226,J.Cutler,16,4,07:00,0,MIA 34,66.0,1,CONVERSION,CLUTCH_RESPONSE
2017_07_KC_OAK,2017,REG,7,2017-10-19,LV,KC,00-0031280,D.Carr,19,4,02:25,-6,LV 15,85.0,1,CONVERSION,CLUTCH_RESPONSE
2017_07_NO_GB,2017,REG,7,2017-10-22,NO,GB,00-0020531,D.Brees,17,4,14:50,-1,NO 14,86.0,0,CONVERSION,CLUTCH_RESPONSE
2017_07_NYJ_MIA,2017,REG,7,2017-10-22,MIA,NYJ,00-0025708,M.Moore,22,4,09:44,-7,MIA 46,54.0,0,CONVERSION,CLUTCH_RESPONSE
2017_07_NYJ_MIA,2017,REG,7,2017-10-22,MIA,NYJ,00-0025708,M.Moore,26,4,00:39,0,NYJ 27,27.0,1,CONVERSION,CLUTCH_RESPONSE
2017_07_TB_BUF,2017,REG,7,2017-10-22,TB,BUF,00-0031503,J.Winston,16,4,13:31,-7,TB 25,75.0,0,CONVERSION,CLUTCH_RESPONSE
2017_07_TB_BUF,2017,REG,7,2017-10-22,TB,BUF,00-0031503,J.Winston,18,4,09:30,0,TB 46,54.0,0,CONVERSION,CLUTCH_RESPONSE
2017_07_TB_BUF,2017,REG,7,2017-10-22,BUF,TB,00-0028118,T.Taylor,19,4,03:14,-7,BUF 25,75.0,0,CONVERSION,CLUTCH_RESPONSE
2017_07_TB_BUF,2017,REG,7,2017-10-22,BUF,TB,00-0028118,T.Taylor,21,4,02:20,0,TB 33,33.0,1,CONVERSION,CLUTCH_RESPONSE
2017_07_TEN_CLE,2017,REG,7,2017-10-22,CLE,TEN,00-0033104,C.Kessler,18,4,04:17,-3,CLE 33,67.0,0,CONVERSION,CLUTCH_RESPONSE
2017_07_TEN_CLE,2017,REG,7,2017-10-22,TEN,CLE,00-0032268,M.Mariota,24,5,05:57,0,CLE 49,49.0,1,CONVERSION,CLUTCH_RESPONSE
2017_08_ATL_NYJ,2017,REG,8,2017-10-29,ATL,NYJ,00-0026143,M.Ryan,19,4,14:17,-1,ATL 38,62.0,0,CONVERSION,CLUTCH_RESPONSE
2017_08_HOU_SEA,2017,REG,8,2017-10-29,HOU,SEA,00-0033537,D.Watson,21,4,11:25,-3,HOU 29,71.0,0,CONVERSION,CLUTCH_RESPONSE
2017_08_HOU_SEA,2017,REG,8,2017-10-29,SEA,HOU,00-0029263,R.Wilson,22,4,09:09,-4,SEA 25,75.0,0,CONVERSION,CLUTCH_RESPONSE
2017_08_HOU_SEA,2017,REG,8,2017-10-29,HOU,SEA,00-0033537,D.Watson,23,4,05:37,-3,HOU 25,75.0,0,CONVERSION,CLUTCH_RESPONSE
2017_08_HOU_SEA,2017,REG,8,2017-10-29,SEA,HOU,00-0029263,R.Wilson,26,4,01:39,-4,SEA 20,80.0,1,CONVERSION,CLUTCH_RESPONSE
2017_09_WAS_SEA,2017,REG,9,2017-11-05,SEA,WAS,00-0029263,R.Wilson,25,4,02:22,-2,SEA 29,71.0,0,CONVERSION,CLUTCH_RESPONSE
2017_09_WAS_SEA,2017,REG,9,2017-11-05,WAS,SEA,00-0029604,K.Cousins,26,4,01:34,-4,WAS 30,70.0,1,CONVERSION,CLUTCH_RESPONSE
2017_10_CIN_TEN,2017,REG,10,2017-11-12,CIN,TEN,00-0027973,A.Dalton,24,4,05:44,-4,CIN 18,82.0,0,CONVERSION,CLUTCH_RESPONSE
2017_10_CIN_TEN,2017,REG,10,2017-11-12,TEN,CIN,00-0032268,M.Mariota,25,4,05:03,-3,TEN 27,73.0,1,CONVERSION,CLUTCH_RESPONSE
2017_10_CLE_DET,2017,REG,10,2017-11-12,DET,CLE,00-0026498,M.Stafford,17,4,14:49,0,DET 39,61.0,0,CONVERSION,CLUTCH_RESPONSE
2017_10_LAC_JAX,2017,REG,10,2017-11-12,LAC,JAX,00-0022942,P.Rivers,20,4,13:54,0,LAC 23,77.0,0,CONVERSION,CLUTCH_RESPONSE
2017_10_LAC_JAX,2017,REG,10,2017-11-12,JAX,LAC,00-0031407,B.Bortles,29,4,00:58,-3,JAX 48,52.0,0,CONVERSION,CLUTCH_RESPONSE
2017_10_LAC_JAX,2017,REG,10,2017-11-12,JAX,LAC,00-0031407,B.Bortles,33,5,05:11,0,LAC 17,17.0,1,CONVERSION,CLUTCH_RESPONSE
2017_10_PIT_IND,2017,REG,10,2017-11-12,PIT,IND,00-0022924,B.Roethlisberger,20,4,12:52,-8,IND 10,10.0,0,CONVERSION,CLUTCH_RESPONSE
2017_10_PIT_IND,2017,REG,10,2017-11-12,PIT,IND,00-0022924,B.Roethlisberger,22,4,10:10,0,PIT 47,53.0,0,CONVERSION,CLUTCH_RESPONSE
2017_10_PIT_IND,2017,REG,10,2017-11-12,PIT,IND,00-0022924,B.Roethlisberger,24,4,03:10,0,PIT 15,85.0,1,CONVERSION,CLUTCH_RESPONSE
2017_11_DET_CHI,2017,REG,11,2017-11-19,CHI,DET,00-0033869,M.Trubisky,18,4,10:01,-7,CHI 22,78.0,0,CONVERSION,CLUTCH_RESPONSE
2017_11_DET_CHI,2017,REG,11,2017-11-19,DET,CHI,00-0026498,M.Stafford,19,4,05:02,0,DET 24,76.0,1,CONVERSION,CLUTCH_RESPONSE
2017_11_KC_NYG,2017,REG,11,2017-11-19,NYG,KC,00-0022803,E.Manning,20,4,02:07,0,KC 23,23.0,0,CONVERSION,CLUTCH_RESPONSE
2017_11_KC_NYG,2017,REG,11,2017-11-19,KC,NYG,00-0023436,A.Smith,21,4,01:38,-3,KC 26,74.0,0,CONVERSION,CLUTCH_RESPONSE
2017_11_KC_NYG,2017,REG,11,2017-11-19,NYG,KC,00-0022803,E.Manning,24,5,05:54,0,NYG 18,82.0,1,CONVERSION,CLUTCH_RESPONSE
2017_11_TB_MIA,2017,REG,11,2017-11-19,MIA,TB,00-0025708,M.Moore,23,4,04:37,-7,MIA 26,74.0,1,CONVERSION,CLUTCH_RESPONSE
2017_11_TB_MIA,2017,REG,11,2017-11-19,TB,MIA,00-0023682,R.Fitzpatrick,24,4,03:00,0,TB 25,75.0,1,CONVERSION,CLUTCH_RESPONSE
2017_11_WAS_NO,2017,REG,11,2017-11-19,NO,WAS,00-0020531,D.Brees,19,4,01:53,-8,NO 13,87.0,0,CONVERSION,CLUTCH_RESPONSE
2017_11_WAS_NO,2017,REG,11,2017-11-19,NO,WAS,00-0020531,D.Brees,22,5,08:54,0,NO 39,61.0,1,CONVERSION,CLUTCH_RESPONSE
2017_12_GB_PIT,2017,REG,12,2017-11-26,PIT,GB,00-0022924,B.Roethlisberger,18,4,12:56,0,PIT 32,68.0,0,CONVERSION,CLUTCH_RESPONSE
2017_12_GB_PIT,2017,REG,12,2017-11-26,GB,PIT,00-0031589,B.Hundley,19,4,08:42,-7,GB 23,77.0,0,CONVERSION,CLUTCH_RESPONSE
2017_12_GB_PIT,2017,REG,12,2017-11-26,PIT,GB,00-0022924,B.Roethlisberger,22,4,00:17,0,PIT 30,70.0,1,CONVERSION,CLUTCH_RESPONSE
2017_12_JAX_ARI,2017,REG,12,2017-11-26,ARI,JAX,00-0027948,B.Gabbert,22,4,12:10,-1,ARI 25,75.0,0,CONVERSION,CLUTCH_RESPONSE
2017_12_JAX_ARI,2017,REG,12,2017-11-26,JAX,ARI,00-0031407,B.Bortles,23,4,09:07,-7,ARI 38,38.0,0,CONVERSION,CLUTCH_RESPONSE
2017_12_JAX_ARI,2017,REG,12,2017-11-26,ARI,JAX,00-0027948,B.Gabbert,28,4,00:16,0,ARI 39,61.0,1,CONVERSION,CLUTCH_RESPONSE
2017_12_NYG_WAS,2017,REG,12,2017-11-23,WAS,NYG,00-0029604,K.Cousins,23,4,08:33,0,WAS 40,60.0,0,CONVERSION,CLUTCH_RESPONSE
2017_12_TEN_IND,2017,REG,12,2017-11-26,TEN,IND,00-0032268,M.Mariota,19,4,11:24,-3,TEN 23,77.0,0,CONVERSION,CLUTCH_RESPONSE
2017_13_KC_NYJ,2017,REG,13,2017-12-03,KC,NYJ,00-0023436,A.Smith,17,4,11:23,-6,KC 31,69.0,0,CONVERSION,CLUTCH_RESPONSE
2017_13_KC_NYJ,2017,REG,13,2017-12-03,NYJ,KC,00-0021206,J.McCown,18,4,09:13,-1,NYJ 25,75.0,1,CONVERSION,CLUTCH_RESPONSE
2017_13_PIT_CIN,2017,REG,13,2017-12-04,PIT,CIN,00-0022924,B.Roethlisberger,17,4,08:01,-7,PIT 20,80.0,0,CONVERSION,CLUTCH_RESPONSE
2017_13_PIT_CIN,2017,REG,13,2017-12-04,PIT,CIN,00-0022924,B.Roethlisberger,19,4,02:42,0,PIT 41,59.0,1,CONVERSION,CLUTCH_RESPONSE
2017_13_SF_CHI,2017,REG,13,2017-12-03,SF,CHI,00-0031345,J.Garoppolo,15,4,05:27,-2,SF 8,92.0,1,CONVERSION,CLUTCH_RESPONSE
2017_13_TB_GB,2017,REG,13,2017-12-03,TB,GB,00-0031503,J.Winston,17,4,13:04,-4,TB 22,78.0,0,CONVERSION,CLUTCH_RESPONSE
2017_13_TB_GB,2017,REG,13,2017-12-03,GB,TB,00-0031589,B.Hundley,18,4,06:02,-3,GB 25,75.0,0,CONVERSION,CLUTCH_RESPONSE
2017_13_TB_GB,2017,REG,13,2017-12-03,GB,TB,00-0031589,B.Hundley,21,5,10:00,0,GB 28,72.0,1,CONVERSION,CLUTCH_RESPONSE
2017_14_BAL_PIT,2017,REG,14,2017-12-10,PIT,BAL,00-0022924,B.Roethlisberger,22,4,02:25,-2,PIT 17,83.0,1,CONVERSION,CLUTCH_RESPONSE
2017_14_DAL_NYG,2017,REG,14,2017-12-10,DAL,NYG,00-0033077,D.Prescott,19,4,09:29,0,DAL 18,82.0,0,CONVERSION,CLUTCH_RESPONSE
2017_14_DET_TB,2017,REG,14,2017-12-10,TB,DET,00-0031503,J.Winston,21,4,10:11,-7,TB 28,72.0,0,CONVERSION,CLUTCH_RESPONSE
2017_14_DET_TB,2017,REG,14,2017-12-10,DET,TB,00-0026498,M.Stafford,24,4,02:54,0,DET 23,77.0,1,CONVERSION,CLUTCH_RESPONSE
2017_14_GB_CLE,2017,REG,14,2017-12-10,GB,CLE,00-0031589,B.Hundley,17,4,02:37,-7,CLE 25,25.0,0,CONVERSION,CLUTCH_RESPONSE
2017_14_GB_CLE,2017,REG,14,2017-12-10,GB,CLE,00-0031589,B.Hundley,20,5,08:28,0,CLE 42,42.0,1,CONVERSION,CLUTCH_RESPONSE
2017_14_IND_BUF,2017,REG,14,2017-12-10,IND,BUF,00-0033119,J.Brissett,19,4,11:09,-7,IND 23,77.0,0,CONVERSION,CLUTCH_RESPONSE
2017_14_IND_BUF,2017,REG,14,2017-12-10,IND,BUF,00-0033119,J.Brissett,21,4,00:52,0,BUF 28,28.0,0,CONVERSION,CLUTCH_RESPONSE
2017_14_IND_BUF,2017,REG,14,2017-12-10,BUF,IND,00-0027796,J.Webb,25,5,02:25,0,BUF 35,65.0,1,CONVERSION,CLUTCH_RESPONSE
2017_14_MIN_CAR,2017,REG,14,2017-12-10,MIN,CAR,00-0028986,C.Keenum,24,4,04:36,-3,CAR 6,6.0,0,CONVERSION,CLUTCH_RESPONSE
2017_14_MIN_CAR,2017,REG,14,2017-12-10,CAR,MIN,00-0027939,C.Newton,25,4,03:07,0,CAR 25,75.0,1,CONVERSION,CLUTCH_RESPONSE
2017_14_NO_ATL,2017,REG,14,2017-12-07,ATL,NO,00-0026143,M.Ryan,18,4,07:46,0,ATL 28,72.0,0,CONVERSION,CLUTCH_RESPONSE
2017_14_PHI_LA,2017,REG,14,2017-12-10,PHI,LA,00-0029567,N.Foles,21,4,08:13,-1,LA 25,25.0,0,CONVERSION,CLUTCH_RESPONSE
2017_14_TEN_ARI,2017,REG,14,2017-12-10,ARI,TEN,00-0027948,B.Gabbert,18,4,09:59,-1,ARI 15,85.0,0,CONVERSION,CLUTCH_RESPONSE
2017_15_DAL_OAK,2017,REG,15,2017-12-17,DAL,LV,00-0033077,D.Prescott,16,4,06:30,0,DAL 30,70.0,1,CONVERSION,CLUTCH_RESPONSE
2017_15_NE_PIT,2017,REG,15,2017-12-17,NE,PIT,00-0019596,T.Brady,17,4,02:06,-5,NE 23,77.0,1,CONVERSION,CLUTCH_RESPONSE
2017_15_TEN_SF,2017,REG,15,2017-12-17,SF,TEN,00-0031345,J.Garoppolo,15,4,06:28,-1,SF 13,87.0,0,CONVERSION,CLUTCH_RESPONSE
2017_15_TEN_SF,2017,REG,15,2017-12-17,TEN,SF,00-0032268,M.Mariota,16,4,03:08,-2,TEN 25,75.0,1,CONVERSION,CLUTCH_RESPONSE
2017_15_TEN_SF,2017,REG,15,2017-12-17,SF,TEN,00-0031345,J.Garoppolo,17,4,01:07,-1,SF 25,75.0,1,CONVERSION,CLUTCH_RESPONSE
2017_16_DET_CIN,2017,REG,16,2017-12-24,DET,CIN,00-0026498,M.Stafford,18,4,14:13,-6,DET 25,75.0,0,CONVERSION,CLUTCH_RESPONSE
2017_16_DET_CIN,2017,REG,16,2017-12-24,CIN,DET,00-0027973,A.Dalton,19,4,09:49,-1,CIN 14,86.0,0,CONVERSION,CLUTCH_RESPONSE
2017_16_LA_TEN,2017,REG,16,2017-12-24,LA,TEN,00-0033106,J.Goff,18,4,14:46,-3,LA 32,68.0,0,CONVERSION,CLUTCH_RESPONSE
2017_16_OAK_PHI,2017,REG,16,2017-12-25,PHI,LV,00-0029567,N.Foles,28,4,00:54,0,PHI 48,52.0,0,CONVERSION,CLUTCH_RESPONSE
2017_16_TB_CAR,2017,REG,16,2017-12-24,CAR,TB,00-0027939,C.Newton,19,4,03:00,-4,CAR 41,59.0,1,CONVERSION,CLUTCH_RESPONSE
2017_17_ARI_SEA,2017,REG,17,2017-12-31,SEA,ARI,00-0029263,R.Wilson,23,4,11:11,-6,SEA 40,60.0,0,CONVERSION,CLUTCH_RESPONSE
2017_17_ARI_SEA,2017,REG,17,2017-12-31,ARI,SEA,00-0025430,D.Stanton,26,4,07:11,-1,ARI 14,86.0,1,CONVERSION,CLUTCH_RESPONSE
2017_17_CIN_BAL,2017,REG,17,2017-12-31,BAL,CIN,00-0026158,J.Flacco,25,4,12:05,-4,CIN 45,45.0,0,CONVERSION,CLUTCH_RESPONSE
2017_17_CIN_BAL,2017,REG,17,2017-12-31,CIN,BAL,00-0027973,A.Dalton,28,4,02:43,-3,CIN 10,90.0,1,CONVERSION,CLUTCH_RESPONSE
2017_17_KC_DEN,2017,REG,17,2017-12-31,DEN,KC,00-0033108,P.Lynch,20,4,05:16,-7,DEN 38,62.0,1,CONVERSION,CLUTCH_RESPONSE
2017_17_KC_DEN,2017,REG,17,2017-12-31,KC,DEN,00-0033873,P.Mahomes,21,4,02:53,0,KC 21,79.0,1,CONVERSION,CLUTCH_RESPONSE
2017_17_NO_TB,2017,REG,17,2017-12-31,NO,TB,00-0020531,D.Brees,16,4,14:04,-3,NO 8,92.0,0,CONVERSION,CLUTCH_RESPONSE
2017_17_NO_TB,2017,REG,17,2017-12-31,TB,NO,00-0031503,J.Winston,19,4,01:58,-1,TB 5,95.0,1,CONVERSION,CLUTCH_RESPONSE
2017_18_TEN_KC,2017,POST,18,2018-01-06,TEN,KC,00-0032268,M.Mariota,18,4,11:15,-5,TEN 20,80.0,0,CONVERSION,CLUTCH_RESPONSE
2017_19_NO_MIN,2017,POST,19,2018-01-14,NO,MIN,00-0020531,D.Brees,21,4,05:21,-6,MIN 40,40.0,0,CONVERSION,CLUTCH_RESPONSE
2017_19_NO_MIN,2017,POST,19,2018-01-14,MIN,NO,00-0028986,C.Keenum,22,4,03:01,-1,MIN 25,75.0,0,CONVERSION,CLUTCH_RESPONSE
2017_19_NO_MIN,2017,POST,19,2018-01-14,NO,MIN,00-0020531,D.Brees,23,4,01:29,-2,NO 25,75.0,1,CONVERSION,CLUTCH_RESPONSE
2017_19_NO_MIN,2017,POST,19,2018-01-14,MIN,NO,00-0028986,C.Keenum,24,4,00:25,-1,MIN 25,75.0,1,CONVERSION,CLUTCH_RESPONSE
2017_20_JAX_NE,2017,POST,20,2018-01-21,NE,JAX,00-0019596,T.Brady,22,4,04:58,-3,JAX 30,30.0,0,CONVERSION,CLUTCH_RESPONSE
2017_21_PHI_NE,2017,POST,21,2018-02-04,NE,PHI,00-0019596,T.Brady,17,4,14:09,-6,NE 25,75.0,0,CONVERSION,CLUTCH_RESPONSE
2017_21_PHI_NE,2017,POST,21,2018-02-04,PHI,NE,00-0029567,N.Foles,18,4,09:22,-1,PHI 25,75.0,0,CONVERSION,CLUTCH_RESPONSE
2018_01_ATL_PHI,2018,REG,1,2018-09-06,ATL,PHI,00-0026143,M.Ryan,19,4,10:35,-4,PHI 27,27.0,0,CONVERSION,CLUTCH_RESPONSE
2018_01_ATL_PHI,2018,REG,1,2018-09-06,PHI,ATL,00-0029567,N.Foles,22,4,04:51,-2,PHI 46,54.0,1,CONVERSION,CLUTCH_RESPONSE
2018_01_CHI_GB,2018,REG,1,2018-09-09,GB,CHI,00-0023459,A.Rodgers,20,4,02:39,-6,GB 25,75.0,0,CONVERSION,CLUTCH_RESPONSE
2018_01_PIT_CLE,2018,REG,1,2018-09-09,CLE,PIT,00-0028118,T.Taylor,27,4,02:10,-7,CLE 45,55.0,0,CONVERSION,CLUTCH_RESPONSE
2018_01_PIT_CLE,2018,REG,1,2018-09-09,PIT,CLE,00-0022924,B.Roethlisberger,34,5,04:31,0,PIT 45,55.0,0,CONVERSION,CLUTCH_RESPONSE
2018_01_PIT_CLE,2018,REG,1,2018-09-09,CLE,PIT,00-0028118,T.Taylor,37,5,00:36,0,PIT 24,24.0,1,CONVERSION,CLUTCH_RESPONSE
2018_01_SEA_DEN,2018,REG,1,2018-09-09,DEN,SEA,00-0028986,C.Keenum,24,4,14:46,-4,DEN 25,75.0,0,CONVERSION,CLUTCH_RESPONSE
2018_02_CLE_NO,2018,REG,2,2018-09-16,NO,CLE,00-0020531,D.Brees,20,4,04:57,-2,CLE 18,18.0,0,CONVERSION,CLUTCH_RESPONSE
2018_02_CLE_NO,2018,REG,2,2018-09-16,CLE,NO,00-0028118,T.Taylor,21,4,02:40,-6,CLE 25,75.0,0,CONVERSION,CLUTCH_RESPONSE
2018_02_CLE_NO,2018,REG,2,2018-09-16,NO,CLE,00-0020531,D.Brees,22,4,01:16,0,NO 25,75.0,1,CONVERSION,CLUTCH_RESPONSE
2018_02_HOU_TEN,2018,REG,2,2018-09-16,TEN,HOU,00-0027948,B.Gabbert,17,4,13:25,-3,TEN 25,75.0,0,CONVERSION,CLUTCH_RESPONSE
2018_02_HOU_TEN,2018,REG,2,2018-09-16,TEN,HOU,00-0027948,B.Gabbert,19,4,06:41,0,TEN 25,75.0,1,CONVERSION,CLUTCH_RESPONSE
2018_02_MIN_GB,2018,REG,2,2018-09-16,MIN,GB,00-0029604,K.Cousins,21,4,01:45,-8,MIN 25,75.0,0,CONVERSION,CLUTCH_RESPONSE
2018_02_MIN_GB,2018,REG,2,2018-09-16,MIN,GB,00-0029604,K.Cousins,25,5,03:48,0,MIN 20,80.0,1,CONVERSION,CLUTCH_RESPONSE
2018_02_OAK_DEN,2018,REG,2,2018-09-16,DEN,LV,00-0028986,C.Keenum,19,4,01:58,-2,DEN 20,80.0,1,CONVERSION,CLUTCH_RESPONSE
2018_03_CHI_ARI,2018,REG,3,2018-09-23,CHI,ARI,00-0033869,M.Trubisky,19,4,11:23,-1,CHI 16,84.0,0,CONVERSION,CLUTCH_RESPONSE
2018_03_IND_PHI,2018,REG,3,2018-09-23,PHI,IND,00-0032950,C.Wentz,19,4,14:20,-3,PHI 25,75.0,0,CONVERSION,CLUTCH_RESPONSE
2018_03_NO_ATL,2018,REG,3,2018-09-23,NO,ATL,00-0020531,D.Brees,20,4,14:11,-6,NO 25,75.0,0,CONVERSION,CLUTCH_RESPONSE
2018_03_NO_ATL,2018,REG,3,2018-09-23,ATL,NO,00-0026143,M.Ryan,21,4,09:59,-1,ATL 25,75.0,0,CONVERSION,CLUTCH_RESPONSE
2018_03_NO_ATL,2018,REG,3,2018-09-23,NO,ATL,00-0020531,D.Brees,22,4,06:58,-7,NO 19,81.0,0,CONVERSION,CLUTCH_RESPONSE
2018_03_NO_ATL,2018,REG,3,2018-09-23,NO,ATL,00-0020531,D.Brees,25,5,10:00,0,NO 20,80.0,1,CONVERSION,CLUTCH_RESPONSE
2018_03_NYJ_CLE,2018,REG,3,2018-09-20,CLE,NYJ,00-0034855,B.Mayfield,23,4,08:56,-3,CLE 25,75.0,0,CONVERSION,CLUTCH_RESPONSE
2018_03_OAK_MIA,2018,REG,3,2018-09-23,MIA,LV,00-0029701,R.Tannehill,18,4,08:06,-3,MIA 30,70.0,0,CONVERSION,CLUTCH_RESPONSE
2018_03_TEN_JAX,2018,REG,3,2018-09-23,TEN,JAX,00-0032268,M.Mariota,17,4,10:48,0,TEN 25,75.0,0,CONVERSION,CLUTCH_RESPONSE
2018_04_CIN_ATL,2018,REG,4,2018-09-30,CIN,ATL,00-0027973,A.Dalton,18,4,04:15,-5,CIN 25,75.0,1,CONVERSION,CLUTCH_RESPONSE
2018_04_CLE_OAK,2018,REG,4,2018-09-30,LV,CLE,00-0031280,D.Carr,25,4,13:26,-4,CLE 20,20.0,0,CONVERSION,CLUTCH_RESPONSE
2018_04_CLE_OAK,2018,REG,4,2018-09-30,CLE,LV,00-0034855,B.Mayfield,28,4,10:46,-6,CLE 23,77.0,0,CONVERSION,CLUTCH_RESPONSE
2018_04_CLE_OAK,2018,REG,4,2018-09-30,LV,CLE,00-0031280,D.Carr,33,4,01:28,-8,LV 47,53.0,0,CONVERSION,CLUTCH_RESPONSE
2018_04_CLE_OAK,2018,REG,4,2018-09-30,LV,CLE,00-0031280,D.Carr,38,5,05:27,0,LV 19,81.0,1,CONVERSION,CLUTCH_RESPONSE
2018_04_DET_DAL,2018,REG,4,2018-09-30,DET,DAL,00-0026498,M.Stafford,16,4,05:49,-6,DET 25,75.0,1,CONVERSION,CLUTCH_RESPONSE
2018_04_DET_DAL,2018,REG,4,2018-09-30,DAL,DET,00-0033077,D.Prescott,17,4,02:17,-1,DAL 25,75.0,1,CONVERSION,CLUTCH_RESPONSE
2018_04_HOU_IND,2018,REG,4,2018-09-30,IND,HOU,00-0029668,A.Luck,23,4,02:58,-8,IND 15,85.0,0,CONVERSION,CLUTCH_RESPONSE
2018_04_HOU_IND,2018,REG,4,2018-09-30,IND,HOU,00-0029668,A.Luck,26,5,10:00,0,IND 25,75.0,0,CONVERSION,CLUTCH_RESPONSE
2018_04_HOU_IND,2018,REG,4,2018-09-30,HOU,IND,00-0033537,D.Watson,27,5,06:00,-3,HOU 30,70.0,0,CONVERSION,CLUTCH_RESPONSE
2018_04_HOU_IND,2018,REG,4,2018-09-30,HOU,IND,00-0033537,D.Watson,29,5,00:24,0,IND 43,43.0,1,CONVERSION,CLUTCH_RESPONSE
2018_04_KC_DEN,2018,REG,4,2018-10-01,KC,DEN,00-0033873,P.Mahomes,18,4,04:35,-3,KC 40,60.0,1,CONVERSION,CLUTCH_RESPONSE
2018_04_PHI_TEN,2018,REG,4,2018-09-30,TEN,PHI,00-0032268,M.Mariota,18,4,07:55,-4,TEN 25,75.0,0,CONVERSION,CLUTCH_RESPONSE
2018_04_PHI_TEN,2018,REG,4,2018-09-30,PHI,TEN,00-0032950,C.Wentz,21,4,01:41,-3,TEN 39,39.0,0,CONVERSION,CLUTCH_RESPONSE
2018_04_PHI_TEN,2018,REG,4,2018-09-30,PHI,TEN,00-0032950,C.Wentz,23,5,10:00,0,PHI 25,75.0,1,CONVERSION,CLUTCH_RESPONSE
2018_04_PHI_TEN,2018,REG,4,2018-09-30,TEN,PHI,00-0032268,M.Mariota,24,5,06:19,-3,TEN 25,75.0,1,CONVERSION,CLUTCH_RESPONSE
2018_04_SEA_ARI,2018,REG,4,2018-09-30,ARI,SEA,00-0034343,J.Rosen,19,4,11:38,-7,ARI 20,80.0,0,CONVERSION,CLUTCH_RESPONSE
2018_04_SEA_ARI,2018,REG,4,2018-09-30,ARI,SEA,00-0034343,J.Rosen,21,4,07:11,0,ARI 24,76.0,1,CONVERSION,CLUTCH_RESPONSE
2018_04_SEA_ARI,2018,REG,4,2018-09-30,SEA,ARI,00-0029263,R.Wilson,22,4,01:50,0,SEA 35,65.0,1,CONVERSION,CLUTCH_RESPONSE
2018_04_SF_LAC,2018,REG,4,2018-09-30,LAC,SF,00-0022942,P.Rivers,20,4,12:39,-1,LAC 25,75.0,0,CONVERSION,CLUTCH_RESPONSE
2018_05_BAL_CLE,2018,REG,5,2018-10-07,BAL,CLE,00-0026158,J.Flacco,23,4,04:29,-3,BAL 34,66.0,0,CONVERSION,CLUTCH_RESPONSE
2018_05_BAL_CLE,2018,REG,5,2018-10-07,CLE,BAL,00-0034855,B.Mayfield,30,5,02:57,0,CLE 16,84.0,1,CONVERSION,CLUTCH_RESPONSE
2018_05_DAL_HOU,2018,REG,5,2018-10-07,HOU,DAL,00-0033537,D.Watson,18,4,13:29,0,HOU 40,60.0,0,CONVERSION,CLUTCH_RESPONSE
2018_05_DAL_HOU,2018,REG,5,2018-10-07,DAL,HOU,00-0033077,D.Prescott,19,4,08:31,-3,DAL 25,75.0,0,CONVERSION,CLUTCH_RESPONSE
2018_05_DAL_HOU,2018,REG,5,2018-10-07,HOU,DAL,00-0033537,D.Watson,25,5,05:33,0,HOU 10,90.0,1,CONVERSION,CLUTCH_RESPONSE
2018_05_LA_SEA,2018,REG,5,2018-10-07,LA,SEA,00-0033106,J.Goff,17,4,10:34,-1,LA 18,82.0,0,CONVERSION,CLUTCH_RESPONSE
2018_05_MIA_CIN,2018,REG,5,2018-10-07,CIN,MIA,00-0027973,A.Dalton,17,4,07:30,0,CIN 36,64.0,0,CONVERSION,CLUTCH_RESPONSE
2018_05_NYG_CAR,2018,REG,5,2018-10-07,NYG,CAR,00-0022803,E.Manning,22,4,02:16,-6,NYG 25,75.0,1,CONVERSION,CLUTCH_RESPONSE
2018_05_NYG_CAR,2018,REG,5,2018-10-07,CAR,NYG,00-0027939,C.Newton,23,4,01:08,-1,CAR 25,75.0,1,CONVERSION,CLUTCH_RESPONSE
2018_05_TEN_BUF,2018,REG,5,2018-10-07,TEN,BUF,00-0032268,M.Mariota,18,4,07:51,-1,TEN 46,54.0,1,CONVERSION,CLUTCH_RESPONSE
2018_05_TEN_BUF,2018,REG,5,2018-10-07,BUF,TEN,00-0034857,J.Allen,19,4,04:43,-2,BUF 25,75.0,1,CONVERSION,CLUTCH_RESPONSE
2018_06_BUF_HOU,2018,REG,6,2018-10-14,HOU,BUF,00-0033537,D.Watson,21,4,03:55,-3,HOU 8,92.0,1,CONVERSION,CLUTCH_RESPONSE
2018_06_CHI_MIA,2018,REG,6,2018-10-14,MIA,CHI,00-0029682,B.Osweiler,18,4,12:13,-8,MIA 20,80.0,0,CONVERSION,CLUTCH_RESPONSE
2018_06_CHI_MIA,2018,REG,6,2018-10-14,CHI,MIA,00-0033869,M.Trubisky,19,4,09:08,0,CHI 25,75.0,0,CONVERSION,CLUTCH_RESPONSE
2018_06_CHI_MIA,2018,REG,6,2018-10-14,MIA,CHI,00-0029682,B.Osweiler,20,4,03:17,-7,MIA 25,75.0,0,CONVERSION,CLUTCH_RESPONSE
2018_06_CHI_MIA,2018,REG,6,2018-10-14,MIA,CHI,00-0029682,B.Osweiler,26,5,01:55,0,MIA 43,57.0,1,CONVERSION,CLUTCH_RESPONSE
2018_06_KC_NE,2018,REG,6,2018-10-14,KC,NE,00-0033873,P.Mahomes,18,4,10:22,-4,NE 3,3.0,0,CONVERSION,CLUTCH_RESPONSE
2018_06_KC_NE,2018,REG,6,2018-10-14,NE,KC,00-0019596,T.Brady,19,4,08:38,-3,NE 25,75.0,0,CONVERSION,CLUTCH_RESPONSE
2018_06_KC_NE,2018,REG,6,2018-10-14,KC,NE,00-0033873,P.Mahomes,22,4,03:15,-7,KC 25,75.0,1,CONVERSION,CLUTCH_RESPONSE
2018_06_KC_NE,2018,REG,6,2018-10-14,NE,KC,00-0019596,T.Brady,23,4,03:03,0,NE 25,75.0,1,CONVERSION,CLUTCH_RESPONSE
2018_06_PIT_CIN,2018,REG,6,2018-10-14,CIN,PIT,00-0027973,A.Dalton,18,4,03:32,-6,CIN 25,75.0,1,CONVERSION,CLUTCH_RESPONSE
2018_06_PIT_CIN,2018,REG,6,2018-10-14,PIT,CIN,00-0022924,B.Roethlisberger,19,4,01:18,-1,PIT 23,77.0,1,CONVERSION,CLUTCH_RESPONSE
2018_06_SF_GB,2018,REG,6,2018-10-15,GB,SF,00-0023459,A.Rodgers,21,4,03:00,-7,GB 42,58.0,0,CONVERSION,CLUTCH_RESPONSE
2018_06_SF_GB,2018,REG,6,2018-10-15,GB,SF,00-0023459,A.Rodgers,23,4,01:07,0,GB 10,90.0,1,CONVERSION,CLUTCH_RESPONSE
2018_07_CAR_PHI,2018,REG,7,2018-10-21,CAR,PHI,00-0027939,C.Newton,16,4,02:17,-3,CAR 31,69.0,1,CONVERSION,CLUTCH_RESPONSE
2018_07_CLE_TB,2018,REG,7,2018-10-21,CLE,TB,00-0034855,B.Mayfield,24,4,02:36,-7,TB 16,16.0,0,CONVERSION,CLUTCH_RESPONSE
2018_07_CLE_TB,2018,REG,7,2018-10-21,TB,CLE,00-0031503,J.Winston,25,4,02:28,0,TB 25,75.0,0,CONVERSION,CLUTCH_RESPONSE
2018_07_CLE_TB,2018,REG,7,2018-10-21,TB,CLE,00-0031503,J.Winston,30,5,03:12,0,CLE 48,48.0,1,CONVERSION,CLUTCH_RESPONSE
2018_07_NO_BAL,2018,REG,7,2018-10-21,NO,BAL,00-0020531,D.Brees,13,4,11:16,-3,NO 44,56.0,0,CONVERSION,CLUTCH_RESPONSE
2018_07_NO_BAL,2018,REG,7,2018-10-21,BAL,NO,00-0026158,J.Flacco,16,4,02:07,-7,BAL 19,81.0,1,CONVERSION,CLUTCH_RESPONSE
2018_07_TEN_LAC,2018,REG,7,2018-10-21,TEN,LAC,00-0032268,M.Mariota,16,4,04:55,-7,TEN 11,89.0,1,CONVERSION,CLUTCH_RESPONSE
2018_08_GB_LA,2018,REG,8,2018-10-28,GB,LA,00-0023459,A.Rodgers,21,4,11:39,-6,GB 25,75.0,0,CONVERSION,CLUTCH_RESPONSE
2018_08_GB_LA,2018,REG,8,2018-10-28,LA,GB,00-0033106,J.Goff,24,4,05:20,-1,GB 40,40.0,0,CONVERSION,CLUTCH_RESPONSE
2018_08_IND_OAK,2018,REG,8,2018-10-28,IND,LV,00-0029668,A.Luck,14,4,09:20,0,IND 43,57.0,0,CONVERSION,CLUTCH_RESPONSE
2018_08_SF_ARI,2018,REG,8,2018-10-28,ARI,SF,00-0034343,J.Rosen,22,4,02:16,-5,ARI 27,73.0,1,CONVERSION,CLUTCH_RESPONSE
2018_08_TB_CIN,2018,REG,8,2018-10-28,TB,CIN,00-0023682,R.Fitzpatrick,25,4,03:16,-8,TB 12,88.0,1,CONVERSION,CLUTCH_RESPONSE
2018_08_TB_CIN,2018,REG,8,2018-10-28,CIN,TB,00-0027973,A.Dalton,26,4,01:05,0,CIN 24,76.0,1,CONVERSION,CLUTCH_RESPONSE
2018_09_GB_NE,2018,REG,9,2018-11-04,NE,GB,00-0019596,T.Brady,17,4,14:52,0,NE 24,76.0,0,CONVERSION,CLUTCH_RESPONSE
2018_09_LA_NO,2018,REG,9,2018-11-04,LA,NO,00-0033106,J.Goff,17,4,13:27,-8,LA 17,83.0,0,CONVERSION,CLUTCH_RESPONSE
2018_09_LA_NO,2018,REG,9,2018-11-04,NO,LA,00-0020531,D.Brees,18,4,09:48,0,NO 25,75.0,0,CONVERSION,CLUTCH_RESPONSE
2018_10_DAL_PHI,2018,REG,10,2018-11-11,PHI,DAL,00-0032950,C.Wentz,17,4,11:42,-7,PHI 26,74.0,0,CONVERSION,CLUTCH_RESPONSE
2018_10_DAL_PHI,2018,REG,10,2018-11-11,DAL,PHI,00-0033077,D.Prescott,18,4,07:27,0,DAL 25,75.0,0,CONVERSION,CLUTCH_RESPONSE
2018_10_NYG_SF,2018,REG,10,2018-11-12,SF,NYG,00-0033319,N.Mullens,20,4,08:57,0,SF 34,66.0,0,CONVERSION,CLUTCH_RESPONSE
2018_10_NYG_SF,2018,REG,10,2018-11-12,NYG,SF,00-0022803,E.Manning,21,4,02:46,-3,NYG 25,75.0,1,CONVERSION,CLUTCH_RESPONSE
2018_11_CAR_DET,2018,REG,11,2018-11-18,CAR,DET,00-0027939,C.Newton,16,4,13:56,-6,CAR 8,92.0,0,CONVERSION,CLUTCH_RESPONSE
2018_11_CAR_DET,2018,REG,11,2018-11-18,DET,CAR,00-0026498,M.Stafford,17,4,09:23,0,DET 25,75.0,0,CONVERSION,CLUTCH_RESPONSE
2018_11_CAR_DET,2018,REG,11,2018-11-18,CAR,DET,00-0027939,C.Newton,20,4,02:44,-7,CAR 25,75.0,1,CONVERSION,CLUTCH_RESPONSE
2018_11_DAL_ATL,2018,REG,11,2018-11-18,ATL,DAL,00-0026143,M.Ryan,16,4,04:02,-7,ATL 32,68.0,1,CONVERSION,CLUTCH_RESPONSE
2018_11_DAL_ATL,2018,REG,11,2018-11-18,DAL,ATL,00-0033077,D.Prescott,17,4,01:52,0,DAL 25,75.0,1,CONVERSION,CLUTCH_RESPONSE
2018_11_DEN_LAC,2018,REG,11,2018-11-18,LAC,DEN,00-0022942,P.Rivers,17,4,12:17,-1,LAC 28,72.0,0,CONVERSION,CLUTCH_RESPONSE
2018_11_DEN_LAC,2018,REG,11,2018-11-18,DEN,LAC,00-0028986,C.Keenum,20,4,01:51,-2,DEN 8,92.0,1,CONVERSION,CLUTCH_RESPONSE
2018_11_GB_SEA,2018,REG,11,2018-11-15,SEA,GB,00-0029263,R.Wilson,21,4,08:23,-4,SEA 25,75.0,0,CONVERSION,CLUTCH_RESPONSE
2018_11_HOU_WAS,2018,REG,11,2018-11-18,HOU,WAS,00-0033537,D.Watson,19,4,11:57,-1,HOU 27,73.0,0,CONVERSION,CLUTCH_RESPONSE
2018_11_KC_LA,2018,REG,11,2018-11-19,LA,KC,00-0033106,J.Goff,22,4,11:07,-4,LA 25,75.0,0,CONVERSION,CLUTCH_RESPONSE
2018_11_KC_LA,2018,REG,11,2018-11-19,KC,LA,00-0033873,P.Mahomes,25,4,06:33,-3,KC 35,65.0,0,CONVERSION,CLUTCH_RESPONSE
2018_11_KC_LA,2018,REG,11,2018-11-19,LA,KC,00-0033106,J.Goff,26,4,02:47,-4,LA 25,75.0,0,CONVERSION,CLUTCH_RESPONSE
2018_11_OAK_ARI,2018,REG,11,2018-11-18,ARI,LV,00-0034343,J.Rosen,22,4,07:39,-6,ARI 20,80.0,0,CONVERSION,CLUTCH_RESPONSE
2018_11_OAK_ARI,2018,REG,11,2018-11-18,LV,ARI,00-0031280,D.Carr,27,4,01:53,-1,LV 20,80.0,1,CONVERSION,CLUTCH_RESPONSE
2018_11_PIT_JAX,2018,REG,11,2018-11-18,PIT,JAX,00-0022924,B.Roethlisberger,27,4,01:42,-3,PIT 32,68.0,1,CONVERSION,CLUTCH_RESPONSE
2018_12_CHI_DET,2018,REG,12,2018-11-22,DET,CHI,00-0026498,M.Stafford,17,4,13:40,-3,DET 25,75.0,0,CONVERSION,CLUTCH_RESPONSE
2018_12_MIA_IND,2018,REG,12,2018-11-25,IND,MIA,00-0029668,A.Luck,22,4,07:43,-7,IND 11,89.0,0,CONVERSION,CLUTCH_RESPONSE
2018_12_MIA_IND,2018,REG,12,2018-11-25,IND,MIA,00-0029668,A.Luck,24,4,02:38,0,IND 42,58.0,1,CONVERSION,CLUTCH_RESPONSE
2018_12_NYG_PHI,2018,REG,12,2018-11-25,PHI,NYG,00-0032950,C.Wentz,17,4,14:05,-5,PHI 39,61.0,0,CONVERSION,CLUTCH_RESPONSE
2018_12_NYG_PHI,2018,REG,12,2018-11-25,NYG,PHI,00-0022803,E.Manning,18,4,10:11,-3,NYG 33,67.0,0,CONVERSION,CLUTCH_RESPONSE
2018_12_NYG_PHI,2018,REG,12,2018-11-25,PHI,NYG,00-0032950,C.Wentz,19,4,05:49,0,PHI 25,75.0,1,CONVERSION,CLUTCH_RESPONSE
2018_12_SEA_CAR,2018,REG,12,2018-11-25,CAR,SEA,00-0027939,C.Newton,15,4,09:27,0,CAR 25,75.0,0,CONVERSION,CLUTCH_RESPONSE
2018_12_SEA_CAR,2018,REG,12,2018-11-25,SEA,CAR,00-0029263,R.Wilson,16,4,06:57,-7,SEA 25,75.0,0,CONVERSION,CLUTCH_RESPONSE
2018_12_SEA_CAR,2018,REG,12,2018-11-25,SEA,CAR,00-0029263,R.Wilson,18,4,01:40,0,SEA 42,58.0,1,CONVERSION,CLUTCH_RESPONSE
2018_13_ARI_GB,2018,REG,13,2018-12-02,GB,ARI,00-0023459,A.Rodgers,20,4,11:17,-7,GB 5,95.0,0,CONVERSION,CLUTCH_RESPONSE
2018_13_ARI_GB,2018,REG,13,2018-12-02,ARI,GB,00-0034343,J.Rosen,21,4,05:26,0,ARI 25,75.0,1,CONVERSION,CLUTCH_RESPONSE
2018_13_BUF_MIA,2018,REG,13,2018-12-02,MIA,BUF,00-0029701,R.Tannehill,19,4,12:00,-3,MIA 25,75.0,0,CONVERSION,CLUTCH_RESPONSE
2018_13_CHI_NYG,2018,REG,13,2018-12-02,CHI,NYG,00-0026544,C.Daniel,26,4,01:13,-7,CHI 47,53.0,0,CONVERSION,CLUTCH_RESPONSE
2018_13_CHI_NYG,2018,REG,13,2018-12-02,NYG,CHI,00-0022803,E.Manning,27,5,10:00,0,NYG 25,75.0,1,CONVERSION,CLUTCH_RESPONSE
2018_13_LAC_PIT,2018,REG,13,2018-12-02,LAC,PIT,00-0022942,P.Rivers,16,4,12:52,-2,PIT 2,2.0,0,CONVERSION,CLUTCH_RESPONSE
2018_13_LAC_PIT,2018,REG,13,2018-12-02,LAC,PIT,00-0022942,P.Rivers,18,4,12:00,0,LAC 21,79.0,0,CONVERSION,CLUTCH_RESPONSE
2018_13_LAC_PIT,2018,REG,13,2018-12-02,PIT,LAC,00-0022924,B.Roethlisberger,19,4,08:09,-7,PIT 22,78.0,1,CONVERSION,CLUTCH_RESPONSE
2018_13_LAC_PIT,2018,REG,13,2018-12-02,LAC,PIT,00-0022942,P.Rivers,20,4,04:10,0,LAC 25,75.0,1,CONVERSION,CLUTCH_RESPONSE
2018_13_NYJ_TEN,2018,REG,13,2018-12-02,TEN,NYJ,00-0032268,M.Mariota,25,4,01:46,-3,TEN 14,86.0,1,CONVERSION,CLUTCH_RESPONSE
2018_14_BAL_KC,2018,REG,14,2018-12-09,BAL,KC,00-0034796,L.Jackson,16,4,04:58,0,KC 14,14.0,0,CONVERSION,CLUTCH_RESPONSE
2018_14_BAL_KC,2018,REG,14,2018-12-09,KC,BAL,00-0033873,P.Mahomes,17,4,04:04,-7,KC 25,75.0,0,CONVERSION,CLUTCH_RESPONSE
2018_14_BAL_KC,2018,REG,14,2018-12-09,KC,BAL,00-0033873,P.Mahomes,19,4,00:38,0,BAL 23,23.0,0,CONVERSION,CLUTCH_RESPONSE
2018_14_BAL_KC,2018,REG,14,2018-12-09,KC,BAL,00-0033873,P.Mahomes,20,5,10:00,0,KC 25,75.0,1,CONVERSION,CLUTCH_RESPONSE
2018_14_NE_MIA,2018,REG,14,2018-12-09,NE,MIA,00-0019596,T.Brady,19,4,10:28,-1,NE 31,69.0,0,CONVERSION,CLUTCH_RESPONSE
2018_14_NE_MIA,2018,REG,14,2018-12-09,MIA,NE,00-0029701,R.Tannehill,22,4,00:16,-5,MIA 31,69.0,1,CONVERSION,CLUTCH_RESPONSE
2018_14_NYJ_BUF,2018,REG,14,2018-12-09,BUF,NYJ,00-0034857,J.Allen,18,4,06:16,0,BUF 20,80.0,0,CONVERSION,CLUTCH_RESPONSE
2018_14_NYJ_BUF,2018,REG,14,2018-12-09,NYJ,BUF,00-0034869,S.Darnold,19,4,02:31,-3,NYJ 39,61.0,1,CONVERSION,CLUTCH_RESPONSE
2018_14_PHI_DAL,2018,REG,14,2018-12-09,DAL,PHI,00-0033077,D.Prescott,17,4,12:11,0,DAL 25,75.0,0,CONVERSION,CLUTCH_RESPONSE
2018_14_PHI_DAL,2018,REG,14,2018-12-09,PHI,DAL,00-0032950,C.Wentz,20,4,05:25,-7,DAL 47,47.0,0,CONVERSION,CLUTCH_RESPONSE
2018_14_PHI_DAL,2018,REG,14,2018-12-09,DAL,PHI,00-0033077,D.Prescott,21,4,03:12,0,DAL 25,75.0,0,CONVERSION,CLUTCH_RESPONSE
2018_14_PHI_DAL,2018,REG,14,2018-12-09,PHI,DAL,00-0032950,C.Wentz,22,4,03:01,-7,PHI 25,75.0,1,CONVERSION,CLUTCH_RESPONSE
2018_14_PHI_DAL,2018,REG,14,2018-12-09,DAL,PHI,00-0033077,D.Prescott,24,5,10:00,0,DAL 25,75.0,1,CONVERSION,CLUTCH_RESPONSE
2018_14_PIT_OAK,2018,REG,14,2018-12-09,LV,PIT,00-0031280,D.Carr,17,4,13:10,-4,LV 27,73.0,0,CONVERSION,CLUTCH_RESPONSE
2018_14_PIT_OAK,2018,REG,14,2018-12-09,PIT,LV,00-0022924,B.Roethlisberger,18,4,05:20,-3,PIT 25,75.0,0,CONVERSION,CLUTCH_RESPONSE
2018_14_PIT_OAK,2018,REG,14,2018-12-09,LV,PIT,00-0031280,D.Carr,19,4,02:55,-4,LV 25,75.0,1,CONVERSION,CLUTCH_RESPONSE
2018_14_PIT_OAK,2018,REG,14,2018-12-09,PIT,LV,00-0022924,B.Roethlisberger,20,4,00:21,-3,PIT 30,70.0,1,CONVERSION,CLUTCH_RESPONSE
2018_15_CLE_DEN,2018,REG,15,2018-12-15,CLE,DEN,00-0034855,B.Mayfield,18,4,14:41,-3,DEN 48,48.0,0,CONVERSION,CLUTCH_RESPONSE
2018_15_DET_BUF,2018,REG,15,2018-12-16,BUF,DET,00-0034857,J.Allen,17,4,11:43,-6,BUF 39,61.0,0,CONVERSION,CLUTCH_RESPONSE
2018_15_GB_CHI,2018,REG,15,2018-12-16,CHI,GB,00-0033869,M.Trubisky,16,4,13:12,0,GB 45,45.0,0,CONVERSION,CLUTCH_RESPONSE
2018_15_HOU_NYJ,2018,REG,15,2018-12-15,NYJ,HOU,00-0034869,S.Darnold,18,4,12:33,-4,NYJ 27,73.0,0,CONVERSION,CLUTCH_RESPONSE
2018_15_HOU_NYJ,2018,REG,15,2018-12-15,HOU,NYJ,00-0033537,D.Watson,19,4,05:00,-3,HOU 25,75.0,0,CONVERSION,CLUTCH_RESPONSE
2018_15_LAC_KC,2018,REG,15,2018-12-13,LAC,KC,00-0022942,P.Rivers,17,4,02:37,-7,LAC 40,60.0,1,CONVERSION,CLUTCH_RESPONSE
2018_15_SEA_SF,2018,REG,15,2018-12-16,SF,SEA,00-0033319,N.Mullens,17,4,13:51,0,SF 25,75.0,0,CONVERSION,CLUTCH_RESPONSE
2018_15_SEA_SF,2018,REG,15,2018-12-16,SEA,SF,00-0029263,R.Wilson,18,4,09:51,-3,SEA 25,75.0,0,CONVERSION,CLUTCH_RESPONSE
2018_15_SEA_SF,2018,REG,15,2018-12-16,SF,SEA,00-0033319,N.Mullens,25,5,07:25,0,SF 38,62.0,1,CONVERSION,CLUTCH_RESPONSE
2018_15_WAS_JAX,2018,REG,15,2018-12-16,WAS,JAX,00-0026300,J.Johnson,18,4,11:16,-7,WAS 32,68.0,0,CONVERSION,CLUTCH_RESPONSE
2018_15_WAS_JAX,2018,REG,15,2018-12-16,WAS,JAX,00-0026300,J.Johnson,20,4,02:31,0,WAS 45,55.0,1,CONVERSION,CLUTCH_RESPONSE
2018_16_GB_NYJ,2018,REG,16,2018-12-23,GB,NYJ,00-0023459,A.Rodgers,21,4,03:12,-5,GB 17,83.0,0,CONVERSION,CLUTCH_RESPONSE
2018_16_GB_NYJ,2018,REG,16,2018-12-23,NYJ,GB,00-0034869,S.Darnold,22,4,01:12,-3,GB 38,38.0,1,CONVERSION,CLUTCH_RESPONSE
2018_16_GB_NYJ,2018,REG,16,2018-12-23,GB,NYJ,00-0023459,A.Rodgers,24,5,10:00,0,GB 25,75.0,1,CONVERSION,CLUTCH_RESPONSE
2018_16_HOU_PHI,2018,REG,16,2018-12-23,HOU,PHI,00-0033537,D.Watson,22,4,04:06,-6,HOU 20,80.0,1,CONVERSION,CLUTCH_RESPONSE
2018_16_NYG_IND,2018,REG,16,2018-12-23,IND,NYG,00-0029668,A.Luck,18,4,03:43,-6,IND 47,53.0,1,CONVERSION,CLUTCH_RESPONSE
2018_16_PIT_NO,2018,REG,16,2018-12-23,NO,PIT,00-0020531,D.Brees,20,4,04:06,-4,PIT 46,46.0,1,CONVERSION,CLUTCH_RESPONSE
2018_16_WAS_TEN,2018,REG,16,2018-12-22,TEN,WAS,00-0027948,B.Gabbert,13,4,08:09,-4,TEN 25,75.0,0,CONVERSION,CLUTCH_RESPONSE
2018_17_ARI_SEA,2018,REG,17,2018-12-30,SEA,ARI,00-0029263,R.Wilson,25,4,08:58,0,ARI 31,31.0,0,CONVERSION,CLUTCH_RESPONSE
2018_17_ARI_SEA,2018,REG,17,2018-12-30,ARI,SEA,00-0034343,J.Rosen,26,4,06:20,-3,ARI 25,75.0,1,CONVERSION,CLUTCH_RESPONSE
2018_17_ARI_SEA,2018,REG,17,2018-12-30,SEA,ARI,00-0029263,R.Wilson,27,4,01:49,0,SEA 25,75.0,1,CONVERSION,CLUTCH_RESPONSE
2018_17_ATL_TB,2018,REG,17,2018-12-30,TB,ATL,00-0031503,J.Winston,23,4,05:54,-5,ATL 34,34.0,1,CONVERSION,CLUTCH_RESPONSE
2018_17_ATL_TB,2018,REG,17,2018-12-30,ATL,TB,00-0026143,M.Ryan,24,4,05:10,-1,ATL 25,75.0,1,CONVERSION,CLUTCH_RESPONSE
2018_17_CIN_PIT,2018,REG,17,2018-12-30,CIN,PIT,00-0032436,J.Driskel,17,4,08:35,-3,CIN 34,66.0,0,CONVERSION,CLUTCH_RESPONSE
2018_17_CIN_PIT,2018,REG,17,2018-12-30,PIT,CIN,00-0022924,B.Roethlisberger,18,4,06:17,0,PIT 25,75.0,1,CONVERSION,CLUTCH_RESPONSE
2018_17_DAL_NYG,2018,REG,17,2018-12-30,NYG,DAL,00-0022803,E.Manning,16,4,14:52,-3,NYG 19,81.0,0,CONVERSION,CLUTCH_RESPONSE
2018_17_DAL_NYG,2018,REG,17,2018-12-30,DAL,NYG,00-0033077,D.Prescott,17,4,10:38,-4,DAL 25,75.0,0,CONVERSION,CLUTCH_RESPONSE
2018_17_DAL_NYG,2018,REG,17,2018-12-30,NYG,DAL,00-0022803,E.Manning,18,4,09:11,-3,NYG 26,74.0,0,CONVERSION,CLUTCH_RESPONSE
2018_17_DAL_NYG,2018,REG,17,2018-12-30,DAL,NYG,00-0033077,D.Prescott,21,4,02:35,-7,DAL 30,70.0,1,CONVERSION,CLUTCH_RESPONSE
2018_18_PHI_CHI,2018,POST,18,2019-01-06,CHI,PHI,00-0033869,M.Trubisky,17,4,12:00,-1,CHI 20,80.0,0,CONVERSION,CLUTCH_RESPONSE
2018_18_PHI_CHI,2018,POST,18,2019-01-06,PHI,CHI,00-0029567,N.Foles,20,4,04:48,-5,PHI 40,60.0,1,CONVERSION,CLUTCH_RESPONSE
2018_18_PHI_CHI,2018,POST,18,2019-01-06,CHI,PHI,00-0033869,M.Trubisky,21,4,00:56,-1,CHI 42,58.0,1,CONVERSION,CLUTCH_RESPONSE
2018_20_LA_NO,2018,POST,20,2019-01-20,LA,NO,00-0033106,J.Goff,18,4,10:55,-3,LA 9,91.0,0,CONVERSION,CLUTCH_RESPONSE
2018_20_LA_NO,2018,POST,20,2019-01-20,NO,LA,00-0020531,D.Brees,19,4,05:03,0,NO 30,70.0,0,CONVERSION,CLUTCH_RESPONSE
2018_20_LA_NO,2018,POST,20,2019-01-20,LA,NO,00-0033106,J.Goff,20,4,01:41,-3,LA 25,75.0,0,CONVERSION,CLUTCH_RESPONSE
2018_20_LA_NO,2018,POST,20,2019-01-20,LA,NO,00-0033106,J.Goff,23,5,13:55,0,LA 46,54.0,1,CONVERSION,CLUTCH_RESPONSE
2018_20_NE_KC,2018,POST,20,2019-01-20,KC,NE,00-0033873,P.Mahomes,17,4,07:55,-3,NE 23,23.0,0,CONVERSION,CLUTCH_RESPONSE
2018_20_NE_KC,2018,POST,20,2019-01-20,NE,KC,00-0019596,T.Brady,18,4,07:45,-4,NE 25,75.0,0,CONVERSION,CLUTCH_RESPONSE
2018_20_NE_KC,2018,POST,20,2019-01-20,KC,NE,00-0033873,P.Mahomes,19,4,03:32,-3,KC 32,68.0,0,CONVERSION,CLUTCH_RESPONSE
2018_20_NE_KC,2018,POST,20,2019-01-20,NE,KC,00-0019596,T.Brady,20,4,02:03,-4,NE 35,65.0,0,CONVERSION,CLUTCH_RESPONSE
2018_20_NE_KC,2018,POST,20,2019-01-20,KC,NE,00-0033873,P.Mahomes,21,4,00:39,-3,KC 31,69.0,1,CONVERSION,CLUTCH_RESPONSE
2018_20_NE_KC,2018,POST,20,2019-01-20,NE,KC,00-0019596,T.Brady,23,5,15:00,0,NE 25,75.0,1,CONVERSION,CLUTCH_RESPONSE
2018_21_NE_LA,2018,POST,21,2019-02-03,NE,LA,00-0019596,T.Brady,21,4,09:49,0,NE 31,69.0,0,CONVERSION,CLUTCH_RESPONSE
2019_01_BUF_NYJ,2019,REG,1,2019-09-08,BUF,NYJ,00-0034857,J.Allen,20,4,05:55,-6,BUF 20,80.0,0,CONVERSION,CLUTCH_RESPONSE
2019_01_DET_ARI,2019,REG,1,2019-09-08,ARI,DET,00-0035228,K.Murray,26,4,02:31,-8,ARI 40,60.0,0,CONVERSION,CLUTCH_RESPONSE
2019_01_DET_ARI,2019,REG,1,2019-09-08,ARI,DET,00-0035228,K.Murray,28,5,10:00,0,ARI 25,75.0,0,CONVERSION,CLUTCH_RESPONSE
2019_01_DET_ARI,2019,REG,1,2019-09-08,DET,ARI,00-0026498,M.Stafford,29,5,07:17,-3,DET 25,75.0,0,CONVERSION,CLUTCH_RESPONSE
2019_01_HOU_NO,2019,REG,1,2019-09-09,HOU,NO,00-0033537,D.Watson,18,4,00:50,-6,HOU 25,75.0,1,CONVERSION,CLUTCH_RESPONSE
2019_01_HOU_NO,2019,REG,1,2019-09-09,NO,HOU,00-0020531,D.Brees,19,4,00:37,-1,NO 25,75.0,1,CONVERSION,CLUTCH_RESPONSE
2019_01_IND_LAC,2019,REG,1,2019-09-08,IND,LAC,00-0033119,J.Brissett,16,4,08:30,-8,IND 20,80.0,1,CONVERSION,CLUTCH_RESPONSE
2019_01_IND_LAC,2019,REG,1,2019-09-08,LAC,IND,00-0022942,P.Rivers,18,5,10:00,0,LAC 25,75.0,1,CONVERSION,CLUTCH_RESPONSE
2019_02_CHI_DEN,2019,REG,2,2019-09-15,DEN,CHI,00-0026158,J.Flacco,18,4,02:48,-7,DEN 38,62.0,1,CONVERSION,CLUTCH_RESPONSE
2019_02_CHI_DEN,2019,REG,2,2019-09-15,CHI,DEN,00-0033869,M.Trubisky,19,4,00:31,-1,CHI 25,75.0,1,CONVERSION,CLUTCH_RESPONSE
2019_02_IND_TEN,2019,REG,2,2019-09-15,IND,TEN,00-0033119,J.Brissett,19,4,06:41,-4,IND 31,69.0,0,CONVERSION,CLUTCH_RESPONSE
2019_02_JAX_HOU,2019,REG,2,2019-09-15,JAX,HOU,00-0035289,G.Minshew,20,4,03:36,-7,JAX 32,68.0,1,CONVERSION,CLUTCH_RESPONSE
2019_02_LAC_DET,2019,REG,2,2019-09-15,DET,LAC,00-0026498,M.Stafford,18,4,11:45,-4,DET 31,69.0,0,CONVERSION,CLUTCH_RESPONSE
2019_02_PHI_ATL,2019,REG,2,2019-09-15,PHI,ATL,00-0032950,C.Wentz,20,4,11:42,-5,PHI 27,73.0,0,CONVERSION,CLUTCH_RESPONSE
2019_02_PHI_ATL,2019,REG,2,2019-09-15,ATL,PHI,00-0026143,M.Ryan,21,4,03:13,-3,ATL 25,75.0,1,CONVERSION,CLUTCH_RESPONSE
2019_03_CIN_BUF,2019,REG,3,2019-09-22,CIN,BUF,00-0027973,A.Dalton,24,4,09:06,0,CIN 15,85.0,0,CONVERSION,CLUTCH_RESPONSE
2019_03_CIN_BUF,2019,REG,3,2019-09-22,BUF,CIN,00-0034857,J.Allen,25,4,04:54,-3,BUF 22,78.0,1,CONVERSION,CLUTCH_RESPONSE
2019_03_NYG_TB,2019,REG,3,2019-09-22,NYG,TB,00-0035710,D.Jones,24,4,03:16,-6,NYG 25,75.0,1,CONVERSION,CLUTCH_RESPONSE
2019_03_NYG_TB,2019,REG,3,2019-09-22,TB,NYG,00-0031503,J.Winston,25,4,01:16,-1,TB 25,75.0,1,CONVERSION,CLUTCH_RESPONSE
2019_03_PIT_SF,2019,REG,3,2019-09-22,PIT,SF,00-0034771,M.Rudolph,22,4,11:18,-4,PIT 19,81.0,0,CONVERSION,CLUTCH_RESPONSE
2019_03_PIT_SF,2019,REG,3,2019-09-22,SF,PIT,00-0031345,J.Garoppolo,25,4,05:29,-3,PIT 24,24.0,1,CONVERSION,CLUTCH_RESPONSE
2019_04_JAX_DEN,2019,REG,4,2019-09-29,DEN,JAX,00-0026158,J.Flacco,23,4,02:54,-6,DEN 25,75.0,1,CONVERSION,CLUTCH_RESPONSE
2019_04_JAX_DEN,2019,REG,4,2019-09-29,JAX,DEN,00-0035289,G.Minshew,24,4,01:32,-1,JAX 25,75.0,1,CONVERSION,CLUTCH_RESPONSE
2019_04_KC_DET,2019,REG,4,2019-09-29,DET,KC,00-0026498,M.Stafford,21,4,06:42,-4,DET 21,79.0,0,CONVERSION,CLUTCH_RESPONSE
2019_04_KC_DET,2019,REG,4,2019-09-29,KC,DET,00-0033873,P.Mahomes,22,4,02:26,-3,KC 21,79.0,1,CONVERSION,CLUTCH_RESPONSE
2019_05_ARI_CIN,2019,REG,5,2019-10-06,CIN,ARI,00-0027973,A.Dalton,18,4,03:41,-7,CIN 19,81.0,1,CONVERSION,CLUTCH_RESPONSE
2019_05_ARI_CIN,2019,REG,5,2019-10-06,ARI,CIN,00-0035228,K.Murray,19,4,02:00,0,ARI 25,75.0,1,CONVERSION,CLUTCH_RESPONSE
2019_05_BAL_PIT,2019,REG,5,2019-10-06,PIT,BAL,00-0035577,D.Hodges,19,4,06:05,0,BAL 45,45.0,0,CONVERSION,CLUTCH_RESPONSE
2019_05_BAL_PIT,2019,REG,5,2019-10-06,BAL,PIT,00-0034796,L.Jackson,20,4,02:37,-3,BAL 25,75.0,0,CONVERSION,CLUTCH_RESPONSE
2019_05_BAL_PIT,2019,REG,5,2019-10-06,BAL,PIT,00-0034796,L.Jackson,24,5,07:27,0,PIT 34,34.0,1,CONVERSION,CLUTCH_RESPONSE
2019_05_BUF_TEN,2019,REG,5,2019-10-06,BUF,TEN,00-0034857,J.Allen,19,4,12:23,0,BUF 23,77.0,0,CONVERSION,CLUTCH_RESPONSE
2019_05_CHI_OAK,2019,REG,5,2019-10-06,LV,CHI,00-0031280,D.Carr,19,4,07:49,-4,LV 3,97.0,0,CONVERSION,CLUTCH_RESPONSE
2019_05_LA_SEA,2019,REG,5,2019-10-03,SEA,LA,00-0029263,R.Wilson,21,4,09:19,-5,SEA 25,75.0,0,CONVERSION,CLUTCH_RESPONSE
2019_05_LA_SEA,2019,REG,5,2019-10-03,LA,SEA,00-0033106,J.Goff,24,4,01:38,-1,LA 7,93.0,1,CONVERSION,CLUTCH_RESPONSE
2019_06_ATL_ARI,2019,REG,6,2019-10-13,ATL,ARI,00-0026143,M.Ryan,15,4,14:02,-7,ATL 17,83.0,0,CONVERSION,CLUTCH_RESPONSE
2019_06_ATL_ARI,2019,REG,6,2019-10-13,ARI,ATL,00-0035228,K.Murray,18,4,07:12,0,ATL 45,45.0,0,CONVERSION,CLUTCH_RESPONSE
2019_06_ATL_ARI,2019,REG,6,2019-10-13,ATL,ARI,00-0026143,M.Ryan,19,4,05:12,-7,ATL 25,75.0,1,CONVERSION,CLUTCH_RESPONSE
2019_06_DET_GB,2019,REG,6,2019-10-14,GB,DET,00-0023459,A.Rodgers,21,4,06:46,-2,GB 18,82.0,1,CONVERSION,CLUTCH_RESPONSE
2019_06_HOU_KC,2019,REG,6,2019-10-13,HOU,KC,00-0033537,D.Watson,18,4,14:49,-1,HOU 7,93.0,0,CONVERSION,CLUTCH_RESPONSE
2019_06_SEA_CLE,2019,REG,6,2019-10-13,CLE,SEA,00-0034855,B.Mayfield,21,4,09:48,-5,SEA 24,24.0,0,CONVERSION,CLUTCH_RESPONSE
2019_06_SEA_CLE,2019,REG,6,2019-10-13,SEA,CLE,00-0029263,R.Wilson,22,4,09:02,-3,SEA 21,79.0,0,CONVERSION,CLUTCH_RESPONSE
2019_06_WAS_MIA,2019,REG,6,2019-10-13,MIA,WAS,00-0023682,R.Fitzpatrick,24,4,02:02,-7,MIA 25,75.0,1,CONVERSION,CLUTCH_RESPONSE
2019_08_DEN_IND,2019,REG,8,2019-10-27,IND,DEN,00-0033119,J.Brissett,22,4,01:48,-1,IND 11,89.0,1,CONVERSION,CLUTCH_RESPONSE
2019_08_GB_KC,2019,REG,8,2019-10-27,KC,GB,00-0025708,M.Moore,16,4,13:57,-7,KC 25,75.0,0,CONVERSION,CLUTCH_RESPONSE
2019_08_GB_KC,2019,REG,8,2019-10-27,GB,KC,00-0023459,A.Rodgers,17,4,09:01,0,GB 25,75.0,0,CONVERSION,CLUTCH_RESPONSE
2019_08_LAC_CHI,2019,REG,8,2019-10-27,LAC,CHI,00-0022942,P.Rivers,18,4,09:25,-6,CHI 26,26.0,0,CONVERSION,CLUTCH_RESPONSE
2019_08_LAC_CHI,2019,REG,8,2019-10-27,CHI,LAC,00-0033869,M.Trubisky,21,4,01:33,-1,CHI 35,65.0,1,CONVERSION,CLUTCH_RESPONSE
2019_08_OAK_HOU,2019,REG,8,2019-10-27,HOU,LV,00-0033537,D.Watson,19,4,10:48,-4,HOU 25,75.0,0,CONVERSION,CLUTCH_RESPONSE
2019_08_TB_TEN,2019,REG,8,2019-10-27,TEN,TB,00-0029701,R.Tannehill,21,4,13:49,-3,TEN 10,90.0,0,CONVERSION,CLUTCH_RESPONSE
2019_09_DET_OAK,2019,REG,9,2019-11-03,DET,LV,00-0026498,M.Stafford,17,4,07:42,-7,DET 37,63.0,0,CONVERSION,CLUTCH_RESPONSE
2019_09_DET_OAK,2019,REG,9,2019-11-03,LV,DET,00-0031280,D.Carr,18,4,05:16,0,LV 25,75.0,0,CONVERSION,CLUTCH_RESPONSE
2019_09_IND_PIT,2019,REG,9,2019-11-03,IND,PIT,00-0026625,B.Hoyer,16,4,11:55,-5,PIT 30,30.0,0,CONVERSION,CLUTCH_RESPONSE
2019_09_IND_PIT,2019,REG,9,2019-11-03,PIT,IND,00-0034771,M.Rudolph,17,4,08:43,-1,PIT 25,75.0,0,CONVERSION,CLUTCH_RESPONSE
2019_09_IND_PIT,2019,REG,9,2019-11-03,IND,PIT,00-0026625,B.Hoyer,20,4,02:28,-2,IND 15,85.0,1,CONVERSION,CLUTCH_RESPONSE
2019_09_MIN_KC,2019,REG,9,2019-11-03,KC,MIN,00-0025708,M.Moore,22,4,06:35,-3,KC 26,74.0,0,CONVERSION,CLUTCH_RESPONSE
2019_09_MIN_KC,2019,REG,9,2019-11-03,KC,MIN,00-0025708,M.Moore,24,4,01:47,0,MIN 45,45.0,1,CONVERSION,CLUTCH_RESPONSE
2019_09_TB_SEA,2019,REG,9,2019-11-03,SEA,TB,00-0029263,R.Wilson,20,4,10:38,0,TB 15,15.0,0,CONVERSION,CLUTCH_RESPONSE
2019_09_TB_SEA,2019,REG,9,2019-11-03,TB,SEA,00-0031503,J.Winston,21,4,08:19,-3,TB 29,71.0,0,CONVERSION,CLUTCH_RESPONSE
2019_09_TB_SEA,2019,REG,9,2019-11-03,SEA,TB,00-0029263,R.Wilson,22,4,05:22,0,SEA 25,75.0,0,CONVERSION,CLUTCH_RESPONSE
2019_09_TB_SEA,2019,REG,9,2019-11-03,TB,SEA,00-0031503,J.Winston,23,4,04:25,-7,TB 25,75.0,1,CONVERSION,CLUTCH_RESPONSE
2019_09_TB_SEA,2019,REG,9,2019-11-03,SEA,TB,00-0029263,R.Wilson,24,4,00:46,0,SEA 25,75.0,0,CONVERSION,CLUTCH_RESPONSE
2019_09_TB_SEA,2019,REG,9,2019-11-03,SEA,TB,00-0029263,R.Wilson,25,5,10:00,0,SEA 25,75.0,1,CONVERSION,CLUTCH_RESPONSE
2019_10_ARI_TB,2019,REG,10,2019-11-10,ARI,TB,00-0035228,K.Murray,21,4,09:44,-3,ARI 25,75.0,0,CONVERSION,CLUTCH_RESPONSE
2019_10_ARI_TB,2019,REG,10,2019-11-10,TB,ARI,00-0031503,J.Winston,24,4,03:40,-4,TB 8,92.0,1,CONVERSION,CLUTCH_RESPONSE
2019_10_BUF_CLE,2019,REG,10,2019-11-10,BUF,CLE,00-0034857,Jos.Allen,18,4,09:10,-3,CLE 48,48.0,0,CONVERSION,CLUTCH_RESPONSE
2019_10_BUF_CLE,2019,REG,10,2019-11-10,CLE,BUF,00-0034855,B.Mayfield,19,4,05:26,-4,CLE 18,82.0,1,CONVERSION,CLUTCH_RESPONSE
2019_10_KC_TEN,2019,REG,10,2019-11-10,TEN,KC,00-0029701,R.Tannehill,21,4,01:21,-5,TEN 39,61.0,1,CONVERSION,CLUTCH_RESPONSE
2019_10_LAC_OAK,2019,REG,10,2019-11-07,LAC,LV,00-0022942,P.Rivers,18,4,12:07,-3,LAC 20,80.0,0,CONVERSION,CLUTCH_RESPONSE
2019_10_LAC_OAK,2019,REG,10,2019-11-07,LV,LAC,00-0031280,D.Carr,19,4,04:02,-4,LV 25,75.0,0,CONVERSION,CLUTCH_RESPONSE
2019_10_MIA_IND,2019,REG,10,2019-11-10,IND,MIA,00-0026625,B.Hoyer,21,4,14:54,-4,MIA 34,34.0,0,CONVERSION,CLUTCH_RESPONSE
2019_10_MIA_IND,2019,REG,10,2019-11-10,MIA,IND,00-0023682,R.Fitzpatrick,22,4,11:30,-2,MIA 25,75.0,0,CONVERSION,CLUTCH_RESPONSE
2019_10_SEA_SF,2019,REG,10,2019-11-11,SF,SEA,00-0031345,J.Garoppolo,23,4,10:22,-3,SF 31,69.0,0,CONVERSION,CLUTCH_RESPONSE
2019_10_SEA_SF,2019,REG,10,2019-11-11,SEA,SF,00-0029263,R.Wilson,24,4,06:17,0,SEA 25,75.0,0,CONVERSION,CLUTCH_RESPONSE
2019_10_SEA_SF,2019,REG,10,2019-11-11,SF,SEA,00-0031345,J.Garoppolo,25,4,01:45,-3,SF 26,74.0,0,CONVERSION,CLUTCH_RESPONSE
2019_10_SEA_SF,2019,REG,10,2019-11-11,SEA,SF,00-0029263,R.Wilson,31,5,01:25,0,SEA 36,64.0,1,CONVERSION,CLUTCH_RESPONSE
2019_11_ARI_SF,2019,REG,11,2019-11-17,ARI,SF,00-0035228,K.Murray,16,4,12:14,-4,ARI 22,78.0,0,CONVERSION,CLUTCH_RESPONSE
2019_11_ARI_SF,2019,REG,11,2019-11-17,SF,ARI,00-0031345,J.Garoppolo,19,4,02:12,-3,SF 35,65.0,0,CONVERSION,CLUTCH_RESPONSE
2019_11_DEN_MIN,2019,REG,11,2019-11-17,MIN,DEN,00-0029604,K.Cousins,20,4,08:15,-3,MIN 33,67.0,1,CONVERSION,CLUTCH_RESPONSE
2019_12_CAR_NO,2019,REG,12,2019-11-24,CAR,NO,00-0034577,K.Allen,18,4,12:26,-7,50,50.0,0,CONVERSION,CLUTCH_RESPONSE
2019_12_CAR_NO,2019,REG,12,2019-11-24,CAR,NO,00-0034577,K.Allen,20,4,06:44,0,NO 43,43.0,1,CONVERSION,CLUTCH_RESPONSE
2019_12_CAR_NO,2019,REG,12,2019-11-24,NO,CAR,00-0020531,D.Brees,21,4,01:56,0,NO 20,80.0,1,CONVERSION,CLUTCH_RESPONSE
2019_12_DET_WAS,2019,REG,12,2019-11-24,WAS,DET,00-0035232,D.Haskins,23,4,05:31,-3,WAS 22,78.0,0,CONVERSION,CLUTCH_RESPONSE
2019_12_DET_WAS,2019,REG,12,2019-11-24,WAS,DET,00-0035232,D.Haskins,25,4,00:48,0,WAS 46,54.0,1,CONVERSION,CLUTCH_RESPONSE
2019_12_PIT_CIN,2019,REG,12,2019-11-24,PIT,CIN,00-0035577,D.Hodges,21,4,14:20,0,PIT 29,71.0,0,CONVERSION,CLUTCH_RESPONSE
2019_13_CHI_DET,2019,REG,13,2019-11-28,CHI,DET,00-0033869,M.Trubisky,19,4,06:40,-3,CHI 10,90.0,1,CONVERSION,CLUTCH_RESPONSE
2019_13_LAC_DEN,2019,REG,13,2019-12-01,LAC,DEN,00-0022942,P.Rivers,17,4,14:52,-7,LAC 38,62.0,0,CONVERSION,CLUTCH_RESPONSE
2019_13_LAC_DEN,2019,REG,13,2019-12-01,DEN,LAC,00-0035704,D.Lock,20,4,09:14,0,DEN 45,55.0,0,CONVERSION,CLUTCH_RESPONSE
2019_13_LAC_DEN,2019,REG,13,2019-12-01,LAC,DEN,00-0022942,P.Rivers,21,4,04:26,-3,LAC 25,75.0,1,CONVERSION,CLUTCH_RESPONSE
2019_13_LAC_DEN,2019,REG,13,2019-12-01,DEN,LAC,00-0035704,D.Lock,22,4,00:14,0,DEN 28,72.0,1,CONVERSION,CLUTCH_RESPONSE
2019_13_PHI_MIA,2019,REG,13,2019-12-01,MIA,PHI,00-0023682,R.Fitzpatrick,17,4,14:42,-2,MIA 4,96.0,0,CONVERSION,CLUTCH_RESPONSE
2019_13_SF_BAL,2019,REG,13,2019-12-01,BAL,SF,00-0034796,L.Jackson,16,4,06:28,0,BAL 35,65.0,1,CONVERSION,CLUTCH_RESPONSE
2019_14_IND_TB,2019,REG,14,2019-12-08,TB,IND,00-0031503,J.Winston,23,4,08:13,-4,TB 37,63.0,0,CONVERSION,CLUTCH_RESPONSE
2019_14_MIA_NYJ,2019,REG,14,2019-12-08,MIA,NYJ,00-0023682,R.Fitzpatrick,18,4,09:17,-1,MIA 35,65.0,0,CONVERSION,CLUTCH_RESPONSE
2019_14_MIA_NYJ,2019,REG,14,2019-12-08,NYJ,MIA,00-0034869,S.Darnold,19,4,06:59,-2,NYJ 25,75.0,0,CONVERSION,CLUTCH_RESPONSE
2019_14_MIA_NYJ,2019,REG,14,2019-12-08,MIA,NYJ,00-0023682,R.Fitzpatrick,20,4,04:05,-1,MIA 25,75.0,1,CONVERSION,CLUTCH_RESPONSE
2019_14_MIA_NYJ,2019,REG,14,2019-12-08,NYJ,MIA,00-0034869,S.Darnold,21,4,01:33,-2,NYJ 25,75.0,1,CONVERSION,CLUTCH_RESPONSE
2019_14_NYG_PHI,2019,REG,14,2019-12-09,PHI,NYG,00-0032950,C.Wentz,23,4,08:10,-7,PHI 15,85.0,0,CONVERSION,CLUTCH_RESPONSE
2019_14_NYG_PHI,2019,REG,14,2019-12-09,PHI,NYG,00-0032950,C.Wentz,27,5,10:00,0,PHI 25,75.0,1,CONVERSION,CLUTCH_RESPONSE
2019_14_SF_NO,2019,REG,14,2019-12-08,NO,SF,00-0020531,D.Brees,23,4,02:23,-5,NO 24,76.0,1,CONVERSION,CLUTCH_RESPONSE
2019_14_SF_NO,2019,REG,14,2019-12-08,SF,NO,00-0031345,J.Garoppolo,24,4,00:53,-1,SF 25,75.0,1,CONVERSION,CLUTCH_RESPONSE
2019_15_ATL_SF,2019,REG,15,2019-12-15,ATL,SF,00-0026143,M.Ryan,20,4,01:48,-5,ATL 30,70.0,1,CONVERSION,CLUTCH_RESPONSE
2019_15_BUF_PIT,2019,REG,15,2019-12-15,BUF,PIT,00-0034857,J.Allen,19,4,10:03,0,BUF 30,70.0,0,CONVERSION,CLUTCH_RESPONSE
2019_15_HOU_TEN,2019,REG,15,2019-12-15,HOU,TEN,00-0033537,D.Watson,16,4,13:35,0,HOU 25,75.0,0,CONVERSION,CLUTCH_RESPONSE
2019_15_JAX_OAK,2019,REG,15,2019-12-15,JAX,LV,00-0035289,G.Minshew II,18,4,01:44,-3,JAX 35,65.0,1,CONVERSION,CLUTCH_RESPONSE
2019_15_PHI_WAS,2019,REG,15,2019-12-15,PHI,WAS,00-0032950,C.Wentz,15,4,14:53,-4,PHI 25,75.0,0,CONVERSION,CLUTCH_RESPONSE
2019_15_PHI_WAS,2019,REG,15,2019-12-15,WAS,PHI,00-0035232,D.Haskins,16,4,09:59,-3,WAS 45,55.0,0,CONVERSION,CLUTCH_RESPONSE
2019_15_PHI_WAS,2019,REG,15,2019-12-15,WAS,PHI,00-0035232,D.Haskins,18,4,06:28,0,PHI 34,34.0,0,CONVERSION,CLUTCH_RESPONSE
2019_15_PHI_WAS,2019,REG,15,2019-12-15,PHI,WAS,00-0032950,C.Wentz,19,4,04:52,-3,PHI 25,75.0,1,CONVERSION,CLUTCH_RESPONSE
2019_16_BUF_NE,2019,REG,16,2019-12-21,NE,BUF,00-0019596,T.Brady,19,4,09:01,-1,NE 41,59.0,1,CONVERSION,CLUTCH_RESPONSE
2019_16_CIN_MIA,2019,REG,16,2019-12-22,CIN,MIA,00-0027973,A.Dalton,25,4,00:29,-8,CIN 46,54.0,0,CONVERSION,CLUTCH_RESPONSE
2019_16_CIN_MIA,2019,REG,16,2019-12-22,MIA,CIN,00-0023682,R.Fitzpatrick,30,5,03:19,0,MIA 30,70.0,1,CONVERSION,CLUTCH_RESPONSE
2019_16_HOU_TB,2019,REG,16,2019-12-21,HOU,TB,00-0033537,D.Watson,22,4,12:01,0,HOU 12,88.0,0,CONVERSION,CLUTCH_RESPONSE
2019_16_LA_SF,2019,REG,16,2019-12-21,SF,LA,00-0031345,J.Garoppolo,24,4,08:54,-4,SF 9,91.0,0,CONVERSION,CLUTCH_RESPONSE
2019_16_LA_SF,2019,REG,16,2019-12-21,LA,SF,00-0033106,J.Goff,25,4,06:06,-3,LA 25,75.0,1,CONVERSION,CLUTCH_RESPONSE
2019_16_LA_SF,2019,REG,16,2019-12-21,SF,LA,00-0031345,J.Garoppolo,26,4,02:30,0,SF 25,75.0,1,CONVERSION,CLUTCH_RESPONSE
2019_16_NYG_WAS,2019,REG,16,2019-12-22,WAS,NYG,00-0028986,C.Keenum,21,4,06:28,-7,WAS 1,99.0,1,CONVERSION,CLUTCH_RESPONSE
2019_16_NYG_WAS,2019,REG,16,2019-12-22,NYG,WAS,00-0035710,D.Jones,23,5,10:00,0,NYG 34,66.0,1,CONVERSION,CLUTCH_RESPONSE
2019_17_ATL_TB,2019,REG,17,2019-12-29,ATL,TB,00-0026143,M.Ryan,22,4,03:01,-3,ATL 20,80.0,1,CONVERSION,CLUTCH_RESPONSE
2019_17_CHI_MIN,2019,REG,17,2019-12-29,MIN,CHI,00-0032245,S.Mannion,17,4,06:20,-2,CHI 23,23.0,0,CONVERSION,CLUTCH_RESPONSE
2019_17_CHI_MIN,2019,REG,17,2019-12-29,CHI,MIN,00-0033869,M.Trubisky,18,4,04:53,-1,CHI 25,75.0,1,CONVERSION,CLUTCH_RESPONSE
2019_17_GB_DET,2019,REG,17,2019-12-29,GB,DET,00-0023459,A.Rodgers,20,4,07:52,-7,DET 40,40.0,0,CONVERSION,CLUTCH_RESPONSE
2019_17_GB_DET,2019,REG,17,2019-12-29,GB,DET,00-0023459,A.Rodgers,24,4,01:20,0,GB 17,83.0,1,CONVERSION,CLUTCH_RESPONSE
2019_17_MIA_NE,2019,REG,17,2019-12-29,MIA,NE,00-0023682,R.Fitzpatrick,17,4,11:52,0,MIA 37,63.0,0,CONVERSION,CLUTCH_RESPONSE
2019_17_MIA_NE,2019,REG,17,2019-12-29,NE,MIA,00-0019596,T.Brady,18,4,08:29,-3,NE 40,60.0,0,CONVERSION,CLUTCH_RESPONSE
2019_17_MIA_NE,2019,REG,17,2019-12-29,MIA,NE,00-0023682,R.Fitzpatrick,19,4,03:53,-4,MIA 25,75.0,1,CONVERSION,CLUTCH_RESPONSE
2019_17_OAK_DEN,2019,REG,17,2019-12-29,LV,DEN,00-0031280,D.Carr,23,4,01:41,-7,LV 47,53.0,1,CONVERSION,CLUTCH_RESPONSE
2019_18_BUF_HOU,2019,POST,18,2020-01-04,HOU,BUF,00-0033537,D.Watson,17,4,09:29,-5,HOU 26,74.0,0,CONVERSION,CLUTCH_RESPONSE
2019_18_BUF_HOU,2019,POST,18,2020-01-04,BUF,HOU,00-0034857,J.Allen,20,4,01:16,-3,BUF 30,70.0,0,CONVERSION,CLUTCH_RESPONSE
2019_18_BUF_HOU,2019,POST,18,2020-01-04,HOU,BUF,00-0033537,D.Watson,24,5,09:02,0,HOU 17,83.0,1,CONVERSION,CLUTCH_RESPONSE
2019_18_MIN_NO,2019,POST,18,2020-01-05,NO,MIN,00-0020531,D.Brees,23,4,01:55,-3,NO 30,70.0,1,CONVERSION,CLUTCH_RESPONSE
2019_18_MIN_NO,2019,POST,18,2020-01-05,MIN,NO,00-0029604,K.Cousins,25,5,15:00,0,MIN 25,75.0,1,CONVERSION,CLUTCH_RESPONSE
2019_21_SF_KC,2019,POST,21,2020-02-02,KC,SF,00-0033873,P.Mahomes,16,4,05:10,-3,KC 35,65.0,0,CONVERSION,CLUTCH_RESPONSE
2020_01_ARI_SF,2020,REG,1,2020-09-13,SF,ARI,00-0031345,J.Garoppolo,20,4,10:26,-4,SF 22,78.0,0,CONVERSION,CLUTCH_RESPONSE
2020_01_ARI_SF,2020,REG,1,2020-09-13,ARI,SF,00-0035228,K.Murray,21,4,08:38,-3,ARI 25,75.0,0,CONVERSION,CLUTCH_RESPONSE
2020_01_CHI_DET,2020,REG,1,2020-09-13,CHI,DET,00-0033869,M.Trubisky,23,4,02:35,-3,DET 37,37.0,1,CONVERSION,CLUTCH_RESPONSE
2020_01_IND_JAX,2020,REG,1,2020-09-13,JAX,IND,00-0035289,G.Minshew,15,4,09:39,-3,JAX 25,75.0,0,CONVERSION,CLUTCH_RESPONSE
2020_01_LAC_CIN,2020,REG,1,2020-09-13,LAC,CIN,00-0028118,T.Taylor,21,4,12:14,0,CIN 24,24.0,0,CONVERSION,CLUTCH_RESPONSE
2020_01_LAC_CIN,2020,REG,1,2020-09-13,CIN,LAC,00-0036442,J.Burrow,24,4,03:08,-3,CIN 18,82.0,1,CONVERSION,CLUTCH_RESPONSE
2020_01_LV_CAR,2020,REG,1,2020-09-13,CAR,LV,00-0031237,T.Bridgewater,15,4,09:27,-5,CAR 23,77.0,0,CONVERSION,CLUTCH_RESPONSE
2020_01_LV_CAR,2020,REG,1,2020-09-13,LV,CAR,00-0031280,D.Carr,16,4,08:29,-3,LV 25,75.0,0,CONVERSION,CLUTCH_RESPONSE
2020_01_PHI_WAS,2020,REG,1,2020-09-13,WAS,PHI,00-0035232,D.Haskins,25,4,12:27,0,PHI 48,48.0,0,CONVERSION,CLUTCH_RESPONSE
2020_01_TEN_DEN,2020,REG,1,2020-09-14,DEN,TEN,00-0035704,D.Lock,15,4,13:49,-6,DEN 25,75.0,0,CONVERSION,CLUTCH_RESPONSE
2020_01_TEN_DEN,2020,REG,1,2020-09-14,TEN,DEN,00-0029701,R.Tannehill,20,4,03:05,-1,TEN 10,90.0,1,CONVERSION,CLUTCH_RESPONSE
2020_02_ATL_DAL,2020,REG,2,2020-09-20,DAL,ATL,00-0033077,D.Prescott,26,4,01:49,-2,DAL 46,54.0,1,CONVERSION,CLUTCH_RESPONSE
2020_02_BUF_MIA,2020,REG,2,2020-09-20,BUF,MIA,00-0034857,J.Allen,19,4,10:11,-3,BUF 25,75.0,0,CONVERSION,CLUTCH_RESPONSE
2020_02_JAX_TEN,2020,REG,2,2020-09-20,JAX,TEN,00-0035289,G.Minshew,14,4,12:27,-7,JAX 14,86.0,0,CONVERSION,CLUTCH_RESPONSE
2020_02_JAX_TEN,2020,REG,2,2020-09-20,TEN,JAX,00-0029701,R.Tannehill,17,4,03:29,0,TEN 40,60.0,1,CONVERSION,CLUTCH_RESPONSE
2020_02_KC_LAC,2020,REG,2,2020-09-20,LAC,KC,00-0036355,J.Herbert,17,4,12:48,0,LAC 13,87.0,0,CONVERSION,CLUTCH_RESPONSE
2020_02_KC_LAC,2020,REG,2,2020-09-20,KC,LAC,00-0033873,P.Mahomes,18,4,02:27,-3,KC 25,75.0,0,CONVERSION,CLUTCH_RESPONSE
2020_02_KC_LAC,2020,REG,2,2020-09-20,KC,LAC,00-0033873,P.Mahomes,20,5,07:47,0,KC 21,79.0,1,CONVERSION,CLUTCH_RESPONSE
2020_03_CHI_ATL,2020,REG,3,2020-09-27,CHI,ATL,00-0029567,N.Foles,26,4,03:59,-3,ATL 44,44.0,0,CONVERSION,CLUTCH_RESPONSE
2020_03_CIN_PHI,2020,REG,3,2020-09-27,PHI,CIN,00-0032950,C.Wentz,20,4,03:05,-7,PHI 25,75.0,0,CONVERSION,CLUTCH_RESPONSE
2020_03_DAL_SEA,2020,REG,3,2020-09-27,DAL,SEA,00-0033077,D.Prescott,25,4,09:54,-2,DAL 6,94.0,0,CONVERSION,CLUTCH_RESPONSE
2020_03_DAL_SEA,2020,REG,3,2020-09-27,SEA,DAL,00-0029263,R.Wilson,26,4,03:59,-1,SEA 25,75.0,1,CONVERSION,CLUTCH_RESPONSE
2020_03_DET_ARI,2020,REG,3,2020-09-27,DET,ARI,00-0026498,M.Stafford,18,4,11:03,-3,ARI 36,36.0,0,CONVERSION,CLUTCH_RESPONSE
2020_03_DET_ARI,2020,REG,3,2020-09-27,DET,ARI,00-0026498,M.Stafford,20,4,04:49,0,DET 9,91.0,1,CONVERSION,CLUTCH_RESPONSE
2020_03_GB_NO,2020,REG,3,2020-09-27,GB,NO,00-0023459,A.Rodgers,17,4,12:19,0,GB 43,57.0,0,CONVERSION,CLUTCH_RESPONSE
2020_03_HOU_PIT,2020,REG,3,2020-09-27,PIT,HOU,00-0022924,B.Roethlisberger,19,4,13:27,-1,PIT 21,79.0,0,CONVERSION,CLUTCH_RESPONSE
2020_03_LA_BUF,2020,REG,3,2020-09-27,LA,BUF,00-0033106,J.Goff,17,4,07:25,-3,BUF 37,37.0,0,CONVERSION,CLUTCH_RESPONSE
2020_03_LA_BUF,2020,REG,3,2020-09-27,BUF,LA,00-0034857,J.Allen,18,4,04:30,-4,BUF 25,75.0,1,CONVERSION,CLUTCH_RESPONSE
2020_03_TEN_MIN,2020,REG,3,2020-09-27,TEN,MIN,00-0029701,R.Tannehill,24,4,03:42,-2,TEN 19,81.0,1,CONVERSION,CLUTCH_RESPONSE
2020_04_DEN_NYJ,2020,REG,4,2020-10-01,NYJ,DEN,00-0034869,S.Darnold,19,4,08:37,-2,DEN 44,44.0,0,CONVERSION,CLUTCH_RESPONSE
2020_04_DEN_NYJ,2020,REG,4,2020-10-01,DEN,NYJ,00-0034955,B.Rypien,20,4,06:23,-1,DEN 25,75.0,0,CONVERSION,CLUTCH_RESPONSE
2020_04_PHI_SF,2020,REG,4,2020-10-04,PHI,SF,00-0032950,C.Wentz,18,4,09:58,-3,SF 42,42.0,0,CONVERSION,CLUTCH_RESPONSE
2020_05_LAC_NO,2020,REG,5,2020-10-12,LAC,NO,00-0036355,J.Herbert,23,4,05:42,0,LAC 22,78.0,0,CONVERSION,CLUTCH_RESPONSE
2020_05_LAC_NO,2020,REG,5,2020-10-12,NO,LAC,00-0020531,D.Brees,26,5,10:00,0,NO 34,66.0,1,CONVERSION,CLUTCH_RESPONSE
2020_05_MIN_SEA,2020,REG,5,2020-10-11,SEA,MIN,00-0029263,R.Wilson,21,4,01:57,-5,SEA 6,94.0,1,CONVERSION,CLUTCH_RESPONSE
2020_05_NYG_DAL,2020,REG,5,2020-10-11,NYG,DAL,00-0035710,D.Jones,17,4,10:55,-5,DAL 17,17.0,0,CONVERSION,CLUTCH_RESPONSE
2020_05_NYG_DAL,2020,REG,5,2020-10-11,DAL,NYG,00-0027973,A.Dalton,18,4,08:46,-3,DAL 25,75.0,0,CONVERSION,CLUTCH_RESPONSE
2020_05_NYG_DAL,2020,REG,5,2020-10-11,DAL,NYG,00-0027973,A.Dalton,20,4,00:52,0,DAL 12,88.0,1,CONVERSION,CLUTCH_RESPONSE
2020_05_TB_CHI,2020,REG,5,2020-10-08,TB,CHI,00-0019596,T.Brady,17,4,10:34,-1,TB 27,73.0,0,CONVERSION,CLUTCH_RESPONSE
2020_05_TB_CHI,2020,REG,5,2020-10-08,CHI,TB,00-0029567,N.Foles,20,4,02:21,-2,CHI 48,52.0,1,CONVERSION,CLUTCH_RESPONSE
2020_06_HOU_TEN,2020,REG,6,2020-10-18,TEN,HOU,00-0029701,R.Tannehill,16,4,09:37,-2,TEN 6,94.0,0,CONVERSION,CLUTCH_RESPONSE
2020_06_HOU_TEN,2020,REG,6,2020-10-18,HOU,TEN,00-0033537,D.Watson,17,4,09:23,-6,HOU 25,75.0,0,CONVERSION,CLUTCH_RESPONSE
2020_06_HOU_TEN,2020,REG,6,2020-10-18,TEN,HOU,00-0029701,R.Tannehill,20,4,01:50,-7,TEN 24,76.0,0,CONVERSION,CLUTCH_RESPONSE
2020_06_HOU_TEN,2020,REG,6,2020-10-18,TEN,HOU,00-0029701,R.Tannehill,22,5,10:00,0,TEN 18,82.0,1,CONVERSION,CLUTCH_RESPONSE
2020_06_WAS_NYG,2020,REG,6,2020-10-18,WAS,NYG,00-0034577,K.Allen,15,4,03:29,-7,WAS 25,75.0,1,CONVERSION,CLUTCH_RESPONSE
2020_07_CLE_CIN,2020,REG,7,2020-10-25,CIN,CLE,00-0036442,J.Burrow,14,4,13:13,-4,CIN 20,80.0,0,CONVERSION,CLUTCH_RESPONSE
2020_07_CLE_CIN,2020,REG,7,2020-10-25,CLE,CIN,00-0034855,B.Mayfield,15,4,08:45,-3,CLE 25,75.0,0,CONVERSION,CLUTCH_RESPONSE
2020_07_CLE_CIN,2020,REG,7,2020-10-25,CIN,CLE,00-0036442,J.Burrow,16,4,04:53,-4,CIN 25,75.0,0,CONVERSION,CLUTCH_RESPONSE
2020_07_CLE_CIN,2020,REG,7,2020-10-25,CLE,CIN,00-0034855,B.Mayfield,17,4,01:06,-3,CLE 25,75.0,1,CONVERSION,CLUTCH_RESPONSE
2020_07_DET_ATL,2020,REG,7,2020-10-25,DET,ATL,00-0026498,M.Stafford,17,4,05:29,-1,ATL 32,32.0,0,CONVERSION,CLUTCH_RESPONSE
2020_07_DET_ATL,2020,REG,7,2020-10-25,ATL,DET,00-0026143,M.Ryan,18,4,03:16,-2,ATL 24,76.0,1,CONVERSION,CLUTCH_RESPONSE
2020_07_DET_ATL,2020,REG,7,2020-10-25,DET,ATL,00-0026498,M.Stafford,19,4,01:04,-6,DET 25,75.0,1,CONVERSION,CLUTCH_RESPONSE
2020_07_NYG_PHI,2020,REG,7,2020-10-22,PHI,NYG,00-0032950,C.Wentz,24,4,02:02,-5,PHI 29,71.0,1,CONVERSION,CLUTCH_RESPONSE
2020_07_PIT_TEN,2020,REG,7,2020-10-25,TEN,PIT,00-0029701,R.Tannehill,20,4,02:35,-3,TEN 20,80.0,1,CONVERSION,CLUTCH_RESPONSE
2020_07_SEA_ARI,2020,REG,7,2020-10-25,ARI,SEA,00-0035228,K.Murray,21,4,00:52,-3,ARI 20,80.0,0,CONVERSION,CLUTCH_RESPONSE
2020_07_SEA_ARI,2020,REG,7,2020-10-25,ARI,SEA,00-0035228,K.Murray,23,5,05:30,0,ARI 28,72.0,0,CONVERSION,CLUTCH_RESPONSE
2020_07_SEA_ARI,2020,REG,7,2020-10-25,ARI,SEA,00-0035228,K.Murray,25,5,00:57,0,SEA 49,49.0,1,CONVERSION,CLUTCH_RESPONSE
2020_08_LAC_DEN,2020,REG,8,2020-11-01,DEN,LAC,00-0035704,D.Lock,25,4,02:30,-6,DEN 19,81.0,1,CONVERSION,CLUTCH_RESPONSE
2020_08_NE_BUF,2020,REG,8,2020-11-01,NE,BUF,00-0027939,C.Newton,16,4,13:12,-7,NE 28,72.0,0,CONVERSION,CLUTCH_RESPONSE
2020_08_NE_BUF,2020,REG,8,2020-11-01,BUF,NE,00-0034857,J.Allen,17,4,09:36,0,BUF 27,73.0,1,CONVERSION,CLUTCH_RESPONSE
2020_08_NO_CHI,2020,REG,8,2020-11-01,CHI,NO,00-0029567,N.Foles,21,4,01:51,-3,CHI 32,68.0,0,CONVERSION,CLUTCH_RESPONSE
2020_08_NO_CHI,2020,REG,8,2020-11-01,NO,CHI,00-0020531,D.Brees,25,5,03:48,0,NO 32,68.0,1,CONVERSION,CLUTCH_RESPONSE
2020_08_PIT_BAL,2020,REG,8,2020-11-01,PIT,BAL,00-0022924,B.Roethlisberger,19,4,11:56,-3,PIT 20,80.0,0,CONVERSION,CLUTCH_RESPONSE
2020_08_TB_NYG,2020,REG,8,2020-11-02,TB,NYG,00-0019596,T.Brady,18,4,12:06,-2,TB 34,66.0,0,CONVERSION,CLUTCH_RESPONSE
2020_09_MIA_ARI,2020,REG,9,2020-11-08,MIA,ARI,00-0036212,T.Tagovailoa,16,4,05:15,0,MIA 40,60.0,0,CONVERSION,CLUTCH_RESPONSE
2020_09_NE_NYJ,2020,REG,9,2020-11-09,NE,NYJ,00-0027939,C.Newton,15,4,05:50,-7,NE 28,72.0,0,CONVERSION,CLUTCH_RESPONSE
2020_09_NE_NYJ,2020,REG,9,2020-11-09,NE,NYJ,00-0027939,C.Newton,17,4,00:47,0,NE 22,78.0,1,CONVERSION,CLUTCH_RESPONSE
2020_09_PIT_DAL,2020,REG,9,2020-11-08,PIT,DAL,00-0022924,B.Roethlisberger,19,4,04:11,-1,PIT 21,79.0,0,CONVERSION,CLUTCH_RESPONSE
2020_10_BUF_ARI,2020,REG,10,2020-11-15,BUF,ARI,00-0034857,J.Allen,23,4,03:35,-3,BUF 22,78.0,1,CONVERSION,CLUTCH_RESPONSE
2020_10_BUF_ARI,2020,REG,10,2020-11-15,ARI,BUF,00-0035228,K.Murray,24,4,00:34,-4,ARI 25,75.0,1,CONVERSION,CLUTCH_RESPONSE
2020_10_JAX_GB,2020,REG,10,2020-11-15,GB,JAX,00-0023459,A.Rodgers,21,4,12:40,-3,GB 25,75.0,0,CONVERSION,CLUTCH_RESPONSE
2020_10_MIN_CHI,2020,REG,10,2020-11-16,MIN,CHI,00-0029604,K.Cousins,18,4,14:49,0,MIN 37,63.0,0,CONVERSION,CLUTCH_RESPONSE
2020_10_WAS_DET,2020,REG,10,2020-11-15,WAS,DET,00-0023436,A.Smith,17,4,08:53,-7,WAS 34,66.0,0,CONVERSION,CLUTCH_RESPONSE
2020_10_WAS_DET,2020,REG,10,2020-11-15,DET,WAS,00-0026498,M.Stafford,18,4,06:09,0,DET 25,75.0,0,CONVERSION,CLUTCH_RESPONSE
2020_10_WAS_DET,2020,REG,10,2020-11-15,WAS,DET,00-0023436,A.Smith,19,4,02:37,-3,WAS 11,89.0,1,CONVERSION,CLUTCH_RESPONSE
2020_10_WAS_DET,2020,REG,10,2020-11-15,DET,WAS,00-0026498,M.Stafford,20,4,00:16,0,DET 25,75.0,1,CONVERSION,CLUTCH_RESPONSE
2020_11_DAL_MIN,2020,REG,11,2020-11-22,DAL,MIN,00-0027973,A.Dalton,16,4,14:57,-5,DAL 25,75.0,0,CONVERSION,CLUTCH_RESPONSE
2020_11_DAL_MIN,2020,REG,11,2020-11-22,MIN,DAL,00-0029604,K.Cousins,17,4,12:02,-3,MIN 25,75.0,0,CONVERSION,CLUTCH_RESPONSE
2020_11_DAL_MIN,2020,REG,11,2020-11-22,DAL,MIN,00-0027973,A.Dalton,20,4,04:00,-4,DAL 39,61.0,1,CONVERSION,CLUTCH_RESPONSE
2020_11_GB_IND,2020,REG,11,2020-11-22,IND,GB,00-0022942,P.Rivers,20,4,11:02,0,GB 28,28.0,0,CONVERSION,CLUTCH_RESPONSE
2020_11_GB_IND,2020,REG,11,2020-11-22,GB,IND,00-0023459,A.Rodgers,23,4,01:25,-3,GB 6,94.0,0,CONVERSION,CLUTCH_RESPONSE
2020_11_GB_IND,2020,REG,11,2020-11-22,IND,GB,00-0022942,P.Rivers,26,5,09:12,0,GB 29,29.0,1,CONVERSION,CLUTCH_RESPONSE
2020_11_KC_LV,2020,REG,11,2020-11-22,KC,LV,00-0033873,P.Mahomes,14,4,11:33,-3,KC 9,91.0,0,CONVERSION,CLUTCH_RESPONSE
2020_11_KC_LV,2020,REG,11,2020-11-22,LV,KC,00-0031280,D.Carr,15,4,05:54,-4,LV 25,75.0,0,CONVERSION,CLUTCH_RESPONSE
2020_11_KC_LV,2020,REG,11,2020-11-22,KC,LV,00-0033873,P.Mahomes,16,4,01:43,-3,KC 25,75.0,1,CONVERSION,CLUTCH_RESPONSE
2020_11_LA_TB,2020,REG,11,2020-11-23,TB,LA,00-0019596,T.Brady,22,4,07:17,-7,LA 44,44.0,0,CONVERSION,CLUTCH_RESPONSE
2020_11_LA_TB,2020,REG,11,2020-11-23,LA,TB,00-0033106,J.Goff,23,4,03:53,0,LA 25,75.0,0,CONVERSION,CLUTCH_RESPONSE
2020_11_TEN_BAL,2020,REG,11,2020-11-22,TEN,BAL,00-0029701,R.Tannehill,16,4,07:43,-5,TEN 10,90.0,0,CONVERSION,CLUTCH_RESPONSE
2020_11_TEN_BAL,2020,REG,11,2020-11-22,BAL,TEN,00-0034796,L.Jackson,17,4,02:18,-3,BAL 25,75.0,0,CONVERSION,CLUTCH_RESPONSE
2020_11_TEN_BAL,2020,REG,11,2020-11-22,TEN,BAL,00-0029701,R.Tannehill,20,5,07:58,0,TEN 27,73.0,1,CONVERSION,CLUTCH_RESPONSE
2020_12_ARI_NE,2020,REG,12,2020-11-29,ARI,NE,00-0035228,K.Murray,17,4,04:27,0,NE 47,47.0,1,CONVERSION,CLUTCH_RESPONSE
2020_12_ARI_NE,2020,REG,12,2020-11-29,NE,ARI,00-0027939,C.Newton,18,4,01:47,0,NE 35,65.0,1,CONVERSION,CLUTCH_RESPONSE
2020_12_CAR_MIN,2020,REG,12,2020-11-29,MIN,CAR,00-0029604,K.Cousins,18,4,01:51,-6,MIN 25,75.0,1,CONVERSION,CLUTCH_RESPONSE
2020_12_SF_LA,2020,REG,12,2020-11-29,SF,LA,00-0033319,N.Mullens,28,4,08:45,-3,SF 26,74.0,0,CONVERSION,CLUTCH_RESPONSE
2020_12_SF_LA,2020,REG,12,2020-11-29,SF,LA,00-0033319,N.Mullens,30,4,02:10,0,SF 20,80.0,1,CONVERSION,CLUTCH_RESPONSE
2020_13_DET_CHI,2020,REG,13,2020-12-06,DET,CHI,00-0026498,M.Stafford,21,4,01:48,-3,CHI 7,7.0,1,CONVERSION,CLUTCH_RESPONSE
2020_13_JAX_MIN,2020,REG,13,2020-12-06,JAX,MIN,00-0030520,M.Glennon,25,4,03:50,-8,JAX 25,75.0,0,CONVERSION,CLUTCH_RESPONSE
2020_13_JAX_MIN,2020,REG,13,2020-12-06,MIN,JAX,00-0029604,K.Cousins,30,5,07:13,0,JAX 46,46.0,1,CONVERSION,CLUTCH_RESPONSE
2020_13_LV_NYJ,2020,REG,13,2020-12-06,NYJ,LV,00-0034869,S.Darnold,20,4,08:45,-3,LV 44,44.0,0,CONVERSION,CLUTCH_RESPONSE
2020_13_LV_NYJ,2020,REG,13,2020-12-06,LV,NYJ,00-0031280,D.Carr,23,4,00:35,-4,LV 39,61.0,1,CONVERSION,CLUTCH_RESPONSE
2020_13_WAS_PIT,2020,REG,13,2020-12-07,WAS,PIT,00-0023436,A.Smith,22,4,12:23,-7,WAS 47,53.0,0,CONVERSION,CLUTCH_RESPONSE
2020_13_WAS_PIT,2020,REG,13,2020-12-07,WAS,PIT,00-0023436,A.Smith,24,4,04:53,0,WAS 28,72.0,0,CONVERSION,CLUTCH_RESPONSE
2020_14_ATL_LAC,2020,REG,14,2020-12-13,LAC,ATL,00-0036355,J.Herbert,17,4,00:31,0,LAC 26,74.0,1,CONVERSION,CLUTCH_RESPONSE
2020_14_BAL_CLE,2020,REG,14,2020-12-14,CLE,BAL,00-0034855,B.Mayfield,19,4,12:46,-6,CLE 30,70.0,0,CONVERSION,CLUTCH_RESPONSE
2020_14_BAL_CLE,2020,REG,14,2020-12-14,CLE,BAL,00-0034855,B.Mayfield,21,4,01:51,-7,CLE 25,75.0,1,CONVERSION,CLUTCH_RESPONSE
2020_14_BAL_CLE,2020,REG,14,2020-12-14,BAL,CLE,00-0034796,L.Jackson,22,4,01:04,0,BAL 25,75.0,1,CONVERSION,CLUTCH_RESPONSE
2020_15_HOU_IND,2020,REG,15,2020-12-20,HOU,IND,00-0033537,D.Watson,13,4,13:31,-7,HOU 20,80.0,0,CONVERSION,CLUTCH_RESPONSE
2020_15_HOU_IND,2020,REG,15,2020-12-20,IND,HOU,00-0022942,P.Rivers,14,4,07:25,0,IND 25,75.0,1,CONVERSION,CLUTCH_RESPONSE
2020_15_LAC_LV,2020,REG,15,2020-12-17,LV,LAC,00-0032268,M.Mariota,18,5,10:00,0,LV 25,75.0,1,CONVERSION,CLUTCH_RESPONSE
2020_15_LAC_LV,2020,REG,15,2020-12-17,LAC,LV,00-0036355,J.Herbert,19,5,03:18,-3,LAC 25,75.0,1,CONVERSION,CLUTCH_RESPONSE
2020_15_PHI_ARI,2020,REG,15,2020-12-20,ARI,PHI,00-0035228,K.Murray,23,4,10:31,0,ARI 14,86.0,0,CONVERSION,CLUTCH_RESPONSE
2020_15_SF_DAL,2020,REG,15,2020-12-20,DAL,SF,00-0027973,A.Dalton,21,4,10:26,0,SF 28,28.0,0,CONVERSION,CLUTCH_RESPONSE
2020_15_TB_ATL,2020,REG,15,2020-12-20,TB,ATL,00-0019596,T.Brady,17,4,14:25,-3,TB 49,51.0,0,CONVERSION,CLUTCH_RESPONSE
2020_15_TB_ATL,2020,REG,15,2020-12-20,ATL,TB,00-0026143,M.Ryan,18,4,11:10,0,ATL 25,75.0,0,CONVERSION,CLUTCH_RESPONSE
2020_15_TB_ATL,2020,REG,15,2020-12-20,TB,ATL,00-0019596,T.Brady,19,4,08:22,-3,TB 22,78.0,0,CONVERSION,CLUTCH_RESPONSE
2020_16_ATL_KC,2020,REG,16,2020-12-27,ATL,KC,00-0026143,M.Ryan,17,4,07:58,-3,ATL 25,75.0,0,CONVERSION,CLUTCH_RESPONSE
2020_16_ATL_KC,2020,REG,16,2020-12-27,KC,ATL,00-0033873,P.Mahomes,18,4,04:33,-4,KC 25,75.0,1,CONVERSION,CLUTCH_RESPONSE
2020_16_ATL_KC,2020,REG,16,2020-12-27,ATL,KC,00-0026143,M.Ryan,19,4,01:55,-3,ATL 25,75.0,1,CONVERSION,CLUTCH_RESPONSE
2020_16_CIN_HOU,2020,REG,16,2020-12-27,HOU,CIN,00-0033537,D.Watson,18,4,10:35,-3,HOU 22,78.0,0,CONVERSION,CLUTCH_RESPONSE
2020_16_CIN_HOU,2020,REG,16,2020-12-27,CIN,HOU,00-0032434,B.Allen,19,4,06:15,-4,CIN 25,75.0,0,CONVERSION,CLUTCH_RESPONSE
2020_16_DEN_LAC,2020,REG,16,2020-12-27,DEN,LAC,00-0035704,D.Lock,18,4,05:25,-3,DEN 42,58.0,0,CONVERSION,CLUTCH_RESPONSE
2020_16_DEN_LAC,2020,REG,16,2020-12-27,LAC,DEN,00-0036355,J.Herbert,19,4,02:42,0,LAC 25,75.0,1,CONVERSION,CLUTCH_RESPONSE
2020_16_IND_PIT,2020,REG,16,2020-12-27,PIT,IND,00-0022924,B.Roethlisberger,21,4,12:06,-3,PIT 16,84.0,0,CONVERSION,CLUTCH_RESPONSE
2020_16_MIA_LV,2020,REG,16,2020-12-26,MIA,LV,00-0023682,R.Fitzpatrick,19,4,09:47,-3,MIA 12,88.0,0,CONVERSION,CLUTCH_RESPONSE
2020_16_MIA_LV,2020,REG,16,2020-12-26,LV,MIA,00-0031280,D.Carr,20,4,04:01,0,LV 25,75.0,0,CONVERSION,CLUTCH_RESPONSE
2020_16_MIA_LV,2020,REG,16,2020-12-26,MIA,LV,00-0023682,R.Fitzpatrick,21,4,03:37,-6,MIA 25,75.0,0,CONVERSION,CLUTCH_RESPONSE
2020_16_MIA_LV,2020,REG,16,2020-12-26,LV,MIA,00-0031280,D.Carr,22,4,02:55,-1,LV 25,75.0,1,CONVERSION,CLUTCH_RESPONSE
2020_16_MIA_LV,2020,REG,16,2020-12-26,MIA,LV,00-0023682,R.Fitzpatrick,23,4,00:19,-2,MIA 25,75.0,1,CONVERSION,CLUTCH_RESPONSE
2020_17_LV_DEN,2020,REG,17,2021-01-03,LV,DEN,00-0031280,D.Carr,22,4,11:39,-7,LV 10,90.0,0,CONVERSION,CLUTCH_RESPONSE
2020_17_LV_DEN,2020,REG,17,2021-01-03,DEN,LV,00-0035704,D.Lock,23,4,07:27,0,DEN 8,92.0,0,CONVERSION,CLUTCH_RESPONSE
2020_17_LV_DEN,2020,REG,17,2021-01-03,LV,DEN,00-0031280,D.Carr,26,4,01:47,-7,LV 23,77.0,1,CONVERSION,CLUTCH_RESPONSE
2020_17_SEA_SF,2020,REG,17,2021-01-03,SEA,SF,00-0029263,R.Wilson,19,4,07:46,-4,SEA 15,85.0,0,CONVERSION,CLUTCH_RESPONSE
2020_17_TEN_HOU,2020,REG,17,2021-01-03,HOU,TEN,00-0033537,D.Watson,18,4,13:13,-3,HOU 48,52.0,0,CONVERSION,CLUTCH_RESPONSE
2020_17_TEN_HOU,2020,REG,17,2021-01-03,TEN,HOU,00-0029701,R.Tannehill,19,4,10:14,-4,TEN 25,75.0,0,CONVERSION,CLUTCH_RESPONSE
2020_17_TEN_HOU,2020,REG,17,2021-01-03,HOU,TEN,00-0033537,D.Watson,20,4,01:42,-3,HOU 9,91.0,1,CONVERSION,CLUTCH_RESPONSE
2020_17_TEN_HOU,2020,REG,17,2021-01-03,TEN,HOU,00-0029701,R.Tannehill,21,4,00:18,0,TEN 25,75.0,1,CONVERSION,CLUTCH_RESPONSE
2021_01_BAL_LV,2021,REG,1,2021-09-13,LV,BAL,00-0031280,D.Carr,19,4,11:54,-7,BAL 41,41.0,0,CONVERSION,CLUTCH_RESPONSE
2021_01_BAL_LV,2021,REG,1,2021-09-13,BAL,LV,00-0034796,L.Jackson,20,4,09:18,0,BAL 25,75.0,0,CONVERSION,CLUTCH_RESPONSE
2021_01_BAL_LV,2021,REG,1,2021-09-13,LV,BAL,00-0031280,D.Carr,21,4,06:04,-7,LV 25,75.0,0,CONVERSION,CLUTCH_RESPONSE
2021_01_BAL_LV,2021,REG,1,2021-09-13,BAL,LV,00-0034796,L.Jackson,22,4,03:44,0,BAL 25,75.0,0,CONVERSION,CLUTCH_RESPONSE
2021_01_BAL_LV,2021,REG,1,2021-09-13,LV,BAL,00-0031280,D.Carr,23,4,00:37,-3,LV 25,75.0,0,CONVERSION,CLUTCH_RESPONSE
2021_01_BAL_LV,2021,REG,1,2021-09-13,LV,BAL,00-0031280,D.Carr,27,5,04:31,0,BAL 27,27.0,1,CONVERSION,CLUTCH_RESPONSE
2021_01_CLE_KC,2021,REG,1,2021-09-12,KC,CLE,00-0033873,P.Mahomes,14,4,08:36,-2,CLE 15,15.0,0,CONVERSION,CLUTCH_RESPONSE
2021_01_DAL_TB,2021,REG,1,2021-09-09,DAL,TB,00-0033077,D.Prescott,24,4,04:52,-2,DAL 10,90.0,1,CONVERSION,CLUTCH_RESPONSE
2021_01_DAL_TB,2021,REG,1,2021-09-09,TB,DAL,00-0019596,T.Brady,25,4,01:24,-1,TB 25,75.0,1,CONVERSION,CLUTCH_RESPONSE
2021_01_LAC_WAS,2021,REG,1,2021-09-12,LAC,WAS,00-0036355,J.Herbert,16,4,12:06,-3,WAS 3,3.0,0,CONVERSION,CLUTCH_RESPONSE
2021_01_MIN_CIN,2021,REG,1,2021-09-12,MIN,CIN,00-0029604,K.Cousins,21,4,01:48,-3,MIN 5,95.0,0,CONVERSION,CLUTCH_RESPONSE
2021_01_MIN_CIN,2021,REG,1,2021-09-12,CIN,MIN,00-0036442,J.Burrow,26,5,01:48,0,CIN 39,61.0,1,CONVERSION,CLUTCH_RESPONSE
2021_01_PIT_BUF,2021,REG,1,2021-09-12,PIT,BUF,00-0022924,B.Roethlisberger,17,4,13:42,-4,PIT 48,52.0,0,CONVERSION,CLUTCH_RESPONSE
2021_02_DAL_LAC,2021,REG,2,2021-09-19,LAC,DAL,00-0036355,J.Herbert,14,4,10:25,-3,LAC 25,75.0,1,CONVERSION,CLUTCH_RESPONSE
2021_02_DAL_LAC,2021,REG,2,2021-09-19,DAL,LAC,00-0033077,D.Prescott,15,4,03:54,0,DAL 13,87.0,1,CONVERSION,CLUTCH_RESPONSE
2021_02_KC_BAL,2021,REG,2,2021-09-19,BAL,KC,00-0034796,L.Jackson,19,4,11:16,-5,BAL 32,68.0,0,CONVERSION,CLUTCH_RESPONSE
2021_02_LA_IND,2021,REG,2,2021-09-19,LA,IND,00-0026498,M.Stafford,15,4,14:12,-4,LA 30,70.0,0,CONVERSION,CLUTCH_RESPONSE
2021_02_LA_IND,2021,REG,2,2021-09-19,IND,LA,00-0032950,C.Wentz,16,4,12:09,-3,IND 25,75.0,0,CONVERSION,CLUTCH_RESPONSE
2021_02_LA_IND,2021,REG,2,2021-09-19,LA,IND,00-0026498,M.Stafford,17,4,07:22,0,LA 25,75.0,0,CONVERSION,CLUTCH_RESPONSE
2021_02_MIN_ARI,2021,REG,2,2021-09-19,ARI,MIN,00-0035228,K.Murray,20,4,08:51,-2,ARI 36,64.0,0,CONVERSION,CLUTCH_RESPONSE
2021_02_MIN_ARI,2021,REG,2,2021-09-19,MIN,ARI,00-0029604,K.Cousins,23,4,02:09,-1,MIN 23,77.0,1,CONVERSION,CLUTCH_RESPONSE
2021_02_NYG_WAS,2021,REG,2,2021-09-16,WAS,NYG,00-0031800,T.Heinicke,18,4,04:50,-6,WAS 25,75.0,0,CONVERSION,CLUTCH_RESPONSE
2021_02_NYG_WAS,2021,REG,2,2021-09-16,NYG,WAS,00-0035710,D.Jones,21,4,02:16,-1,WAS 20,20.0,1,CONVERSION,CLUTCH_RESPONSE
2021_02_NYG_WAS,2021,REG,2,2021-09-16,WAS,NYG,00-0031800,T.Heinicke,22,4,02:00,-2,WAS 25,75.0,1,CONVERSION,CLUTCH_RESPONSE
2021_02_TEN_SEA,2021,REG,2,2021-09-19,TEN,SEA,00-0029701,R.Tannehill,21,4,04:13,-7,TEN 32,68.0,0,CONVERSION,CLUTCH_RESPONSE
2021_02_TEN_SEA,2021,REG,2,2021-09-19,TEN,SEA,00-0029701,R.Tannehill,25,5,07:19,0,SEA 39,39.0,1,CONVERSION,CLUTCH_RESPONSE
2021_03_ATL_NYG,2021,REG,3,2021-09-26,ATL,NYG,00-0026143,M.Ryan,18,4,12:53,-7,ATL 28,72.0,0,CONVERSION,CLUTCH_RESPONSE
2021_03_ATL_NYG,2021,REG,3,2021-09-26,ATL,NYG,00-0026143,M.Ryan,20,4,01:50,0,ATL 20,80.0,1,CONVERSION,CLUTCH_RESPONSE
2021_03_BAL_DET,2021,REG,3,2021-09-26,DET,BAL,00-0033106,J.Goff,19,4,05:25,-2,DET 21,79.0,1,CONVERSION,CLUTCH_RESPONSE
2021_03_BAL_DET,2021,REG,3,2021-09-26,BAL,DET,00-0034796,L.Jackson,20,4,01:04,-1,BAL 25,75.0,1,CONVERSION,CLUTCH_RESPONSE
2021_03_GB_SF,2021,REG,3,2021-09-26,SF,GB,00-0031345,J.Garoppolo,19,4,02:39,-6,SF 25,75.0,1,CONVERSION,CLUTCH_RESPONSE
2021_03_GB_SF,2021,REG,3,2021-09-26,GB,SF,00-0023459,Aa.Rodgers,20,4,00:37,-1,GB 25,75.0,1,CONVERSION,CLUTCH_RESPONSE
2021_03_LAC_KC,2021,REG,3,2021-09-26,KC,LAC,00-0033873,P.Mahomes,16,4,13:39,-4,KC 28,72.0,0,CONVERSION,CLUTCH_RESPONSE
2021_03_LAC_KC,2021,REG,3,2021-09-26,LAC,KC,00-0036355,J.Herbert,17,4,06:43,-3,LAC 25,75.0,0,CONVERSION,CLUTCH_RESPONSE
2021_03_LAC_KC,2021,REG,3,2021-09-26,LAC,KC,00-0036355,J.Herbert,19,4,01:42,0,LAC 41,59.0,1,CONVERSION,CLUTCH_RESPONSE
2021_03_MIA_LV,2021,REG,3,2021-09-26,MIA,LV,00-0033119,J.Brissett,20,4,03:22,-8,MIA 18,82.0,0,CONVERSION,CLUTCH_RESPONSE
2021_03_MIA_LV,2021,REG,3,2021-09-26,LV,MIA,00-0031280,D.Carr,22,5,10:00,0,LV 25,75.0,0,CONVERSION,CLUTCH_RESPONSE
2021_03_MIA_LV,2021,REG,3,2021-09-26,MIA,LV,00-0033119,J.Brissett,23,5,06:27,-3,MIA 25,75.0,1,CONVERSION,CLUTCH_RESPONSE
2021_03_MIA_LV,2021,REG,3,2021-09-26,LV,MIA,00-0031280,D.Carr,24,5,02:49,0,LV 25,75.0,1,CONVERSION,CLUTCH_RESPONSE
2021_04_JAX_CIN,2021,REG,4,2021-09-30,CIN,JAX,00-0036442,J.Burrow,15,4,14:27,-7,CIN 25,75.0,0,CONVERSION,CLUTCH_RESPONSE
2021_04_JAX_CIN,2021,REG,4,2021-09-30,CIN,JAX,00-0036442,J.Burrow,17,4,05:33,0,CIN 10,90.0,1,CONVERSION,CLUTCH_RESPONSE
2021_04_NYG_NO,2021,REG,4,2021-10-03,NYG,NO,00-0035710,D.Jones,19,4,03:01,-3,NYG 11,89.0,0,CONVERSION,CLUTCH_RESPONSE
2021_04_NYG_NO,2021,REG,4,2021-10-03,NYG,NO,00-0035710,D.Jones,21,5,10:00,0,NYG 25,75.0,1,CONVERSION,CLUTCH_RESPONSE
2021_04_TB_NE,2021,REG,4,2021-10-03,TB,NE,00-0019596,T.Brady,18,4,14:57,-1,TB 24,76.0,0,CONVERSION,CLUTCH_RESPONSE
2021_04_TB_NE,2021,REG,4,2021-10-03,NE,TB,00-0036972,M.Jones,19,4,07:58,-2,NE 25,75.0,0,CONVERSION,CLUTCH_RESPONSE
2021_04_TB_NE,2021,REG,4,2021-10-03,TB,NE,00-0019596,T.Brady,20,4,04:34,-1,TB 25,75.0,1,CONVERSION,CLUTCH_RESPONSE
2021_04_TEN_NYJ,2021,REG,4,2021-10-03,NYJ,TEN,00-0037013,Z.Wilson,16,4,13:14,-7,NYJ 23,77.0,0,CONVERSION,CLUTCH_RESPONSE
2021_04_TEN_NYJ,2021,REG,4,2021-10-03,NYJ,TEN,00-0037013,Z.Wilson,18,4,09:16,0,NYJ 47,53.0,0,CONVERSION,CLUTCH_RESPONSE
2021_04_TEN_NYJ,2021,REG,4,2021-10-03,TEN,NYJ,00-0029701,R.Tannehill,23,4,02:09,-7,TEN 26,74.0,0,CONVERSION,CLUTCH_RESPONSE
2021_04_TEN_NYJ,2021,REG,4,2021-10-03,NYJ,TEN,00-0037013,Z.Wilson,25,5,10:00,0,NYJ 25,75.0,1,CONVERSION,CLUTCH_RESPONSE
2021_04_WAS_ATL,2021,REG,4,2021-10-03,WAS,ATL,00-0031800,T.Heinicke,19,4,01:47,-2,WAS 24,76.0,1,CONVERSION,CLUTCH_RESPONSE
2021_05_CLE_LAC,2021,REG,5,2021-10-10,LAC,CLE,00-0036355,J.Herbert,16,4,12:51,-6,LAC 39,61.0,0,CONVERSION,CLUTCH_RESPONSE
2021_05_CLE_LAC,2021,REG,5,2021-10-10,CLE,LAC,00-0034855,B.Mayfield,17,4,11:22,-1,CLE 22,78.0,0,CONVERSION,CLUTCH_RESPONSE
2021_05_CLE_LAC,2021,REG,5,2021-10-10,LAC,CLE,00-0036355,J.Herbert,18,4,10:40,-7,LAC 25,75.0,0,CONVERSION,CLUTCH_RESPONSE
2021_05_CLE_LAC,2021,REG,5,2021-10-10,CLE,LAC,00-0034855,B.Mayfield,19,4,07:24,0,CLE 25,75.0,0,CONVERSION,CLUTCH_RESPONSE
2021_05_CLE_LAC,2021,REG,5,2021-10-10,LAC,CLE,00-0036355,J.Herbert,20,4,04:45,-7,LAC 25,75.0,0,CONVERSION,CLUTCH_RESPONSE
2021_05_CLE_LAC,2021,REG,5,2021-10-10,LAC,CLE,00-0036355,J.Herbert,22,4,02:02,-1,CLE 48,48.0,1,CONVERSION,CLUTCH_RESPONSE
2021_05_DET_MIN,2021,REG,5,2021-10-10,DET,MIN,00-0033106,J.Goff,22,4,01:56,-7,MIN 20,20.0,1,CONVERSION,CLUTCH_RESPONSE
2021_05_DET_MIN,2021,REG,5,2021-10-10,MIN,DET,00-0029604,K.Cousins,23,4,00:37,-1,MIN 18,82.0,1,CONVERSION,CLUTCH_RESPONSE
2021_05_GB_CIN,2021,REG,5,2021-10-10,CIN,GB,00-0036442,J.Burrow,18,4,11:20,-8,CIN 25,75.0,0,CONVERSION,CLUTCH_RESPONSE
2021_05_GB_CIN,2021,REG,5,2021-10-10,GB,CIN,00-0023459,Aa.Rodgers,19,4,03:27,0,GB 25,75.0,0,CONVERSION,CLUTCH_RESPONSE
2021_05_GB_CIN,2021,REG,5,2021-10-10,GB,CIN,00-0023459,Aa.Rodgers,23,5,09:47,0,CIN 17,17.0,0,CONVERSION,CLUTCH_RESPONSE
2021_05_GB_CIN,2021,REG,5,2021-10-10,GB,CIN,00-0023459,Aa.Rodgers,25,5,04:14,0,GB 39,61.0,1,CONVERSION,CLUTCH_RESPONSE
2021_05_IND_BAL,2021,REG,5,2021-10-11,BAL,IND,00-0034796,L.Jackson,18,4,04:29,-8,BAL 25,75.0,0,CONVERSION,CLUTCH_RESPONSE
2021_05_IND_BAL,2021,REG,5,2021-10-11,BAL,IND,00-0034796,L.Jackson,20,5,10:00,0,BAL 32,68.0,1,CONVERSION,CLUTCH_RESPONSE
2021_05_NE_HOU,2021,REG,5,2021-10-10,NE,HOU,00-0036972,M.Jones,16,4,13:25,-7,NE 46,54.0,0,CONVERSION,CLUTCH_RESPONSE
2021_05_NE_HOU,2021,REG,5,2021-10-10,NE,HOU,00-0036972,M.Jones,18,4,07:15,0,NE 13,87.0,1,CONVERSION,CLUTCH_RESPONSE
2021_05_PHI_CAR,2021,REG,5,2021-10-10,PHI,CAR,00-0036389,J.Hurts,27,4,03:53,-5,CAR 27,27.0,0,CONVERSION,CLUTCH_RESPONSE
2021_06_BUF_TEN,2021,REG,6,2021-10-18,TEN,BUF,00-0029701,R.Tannehill,19,4,08:01,-4,TEN 30,70.0,1,CONVERSION,CLUTCH_RESPONSE
2021_06_DAL_NE,2021,REG,6,2021-10-17,NE,DAL,00-0036972,M.Jones,17,4,13:13,-6,NE 25,75.0,0,CONVERSION,CLUTCH_RESPONSE
2021_06_DAL_NE,2021,REG,6,2021-10-17,NE,DAL,00-0036972,M.Jones,20,4,02:27,-5,NE 25,75.0,0,CONVERSION,CLUTCH_RESPONSE
2021_06_DAL_NE,2021,REG,6,2021-10-17,DAL,NE,00-0033077,D.Prescott,21,4,02:11,-3,DAL 29,71.0,0,CONVERSION,CLUTCH_RESPONSE
2021_06_DAL_NE,2021,REG,6,2021-10-17,DAL,NE,00-0033077,D.Prescott,24,5,07:53,0,DAL 20,80.0,1,CONVERSION,CLUTCH_RESPONSE
2021_06_MIA_JAX,2021,REG,6,2021-10-17,MIA,JAX,00-0036212,T.Tagovailoa,17,4,14:15,-4,MIA 9,91.0,0,CONVERSION,CLUTCH_RESPONSE
2021_06_MIA_JAX,2021,REG,6,2021-10-17,JAX,MIA,00-0036971,T.Lawrence,20,4,06:39,-3,JAX 20,80.0,0,CONVERSION,CLUTCH_RESPONSE
2021_06_MIA_JAX,2021,REG,6,2021-10-17,JAX,MIA,00-0036971,T.Lawrence,22,4,01:42,0,MIA 46,46.0,1,CONVERSION,CLUTCH_RESPONSE
2021_06_MIN_CAR,2021,REG,6,2021-10-17,CAR,MIN,00-0034869,S.Darnold,27,4,02:09,-8,CAR 4,96.0,1,CONVERSION,CLUTCH_RESPONSE
2021_06_MIN_CAR,2021,REG,6,2021-10-17,MIN,CAR,00-0029604,K.Cousins,30,5,10:00,0,MIN 25,75.0,1,CONVERSION,CLUTCH_RESPONSE
2021_06_SEA_PIT,2021,REG,6,2021-10-17,PIT,SEA,00-0022924,B.Roethlisberger,22,4,05:19,0,PIT 26,74.0,0,CONVERSION,CLUTCH_RESPONSE
2021_06_SEA_PIT,2021,REG,6,2021-10-17,SEA,PIT,00-0030565,G.Smith,23,4,01:30,-3,SEA 25,75.0,0,CONVERSION,CLUTCH_RESPONSE
2021_06_SEA_PIT,2021,REG,6,2021-10-17,PIT,SEA,00-0022924,B.Roethlisberger,27,5,04:16,0,SEA 16,16.0,1,CONVERSION,CLUTCH_RESPONSE
2021_07_ATL_MIA,2021,REG,7,2021-10-24,MIA,ATL,00-0036212,T.Tagovailoa,21,4,05:54,-6,ATL 40,40.0,1,CONVERSION,CLUTCH_RESPONSE
2021_07_ATL_MIA,2021,REG,7,2021-10-24,ATL,MIA,00-0026143,M.Ryan,22,4,02:27,-1,ATL 25,75.0,1,CONVERSION,CLUTCH_RESPONSE
2021_07_NO_SEA,2021,REG,7,2021-10-25,NO,SEA,00-0031503,J.Winston,20,4,06:44,0,NO 43,57.0,1,CONVERSION,CLUTCH_RESPONSE
2021_08_CIN_NYJ,2021,REG,8,2021-10-31,NYJ,CIN,00-0034401,M.White,22,4,04:32,-5,CIN 14,14.0,0,CONVERSION,CLUTCH_RESPONSE
2021_08_DAL_MIN,2021,REG,8,2021-10-31,MIN,DAL,00-0029604,K.Cousins,21,4,08:08,0,MIN 26,74.0,0,CONVERSION,CLUTCH_RESPONSE
2021_08_DAL_MIN,2021,REG,8,2021-10-31,DAL,MIN,00-0033662,C.Rush,22,4,02:51,-3,DAL 25,75.0,1,CONVERSION,CLUTCH_RESPONSE
2021_08_NYG_KC,2021,REG,8,2021-11-01,KC,NYG,00-0033873,P.Mahomes,18,4,14:53,-3,KC 25,75.0,0,CONVERSION,CLUTCH_RESPONSE
2021_08_NYG_KC,2021,REG,8,2021-11-01,KC,NYG,00-0033873,P.Mahomes,20,4,04:41,0,KC 29,71.0,1,CONVERSION,CLUTCH_RESPONSE
2021_08_SF_CHI,2021,REG,8,2021-10-31,CHI,SF,00-0036945,J.Fields,12,4,14:11,-7,CHI 32,68.0,0,CONVERSION,CLUTCH_RESPONSE
2021_08_TB_NO,2021,REG,8,2021-10-31,TB,NO,00-0019596,T.Brady,19,4,08:31,-5,TB 25,75.0,0,CONVERSION,CLUTCH_RESPONSE
2021_08_TB_NO,2021,REG,8,2021-10-31,NO,TB,00-0032156,T.Siemian,20,4,05:44,-1,NO 25,75.0,1,CONVERSION,CLUTCH_RESPONSE
2021_08_TEN_IND,2021,REG,8,2021-10-31,IND,TEN,00-0032950,C.Wentz,19,4,01:26,-7,IND 25,75.0,0,CONVERSION,CLUTCH_RESPONSE
2021_08_TEN_IND,2021,REG,8,2021-10-31,TEN,IND,00-0029701,R.Tannehill,24,5,05:48,0,IND 32,32.0,1,CONVERSION,CLUTCH_RESPONSE
2021_08_WAS_DEN,2021,REG,8,2021-10-31,DEN,WAS,00-0031237,T.Bridgewater,14,4,08:55,0,DEN 37,63.0,0,CONVERSION,CLUTCH_RESPONSE
2021_09_ATL_NO,2021,REG,9,2021-11-07,NO,ATL,00-0032156,T.Siemian,21,4,02:46,-5,ATL 43,43.0,1,CONVERSION,CLUTCH_RESPONSE
2021_09_ATL_NO,2021,REG,9,2021-11-07,ATL,NO,00-0026143,M.Ryan,22,4,01:01,-1,ATL 25,75.0,1,CONVERSION,CLUTCH_RESPONSE
2021_09_CHI_PIT,2021,REG,9,2021-11-08,CHI,PIT,00-0036945,J.Fields,21,4,02:52,-6,CHI 25,75.0,0,CONVERSION,CLUTCH_RESPONSE
2021_09_CHI_PIT,2021,REG,9,2021-11-08,PIT,CHI,00-0022924,B.Roethlisberger,22,4,01:46,-1,PIT 25,75.0,1,CONVERSION,CLUTCH_RESPONSE
2021_09_LAC_PHI,2021,REG,9,2021-11-07,PHI,LAC,00-0036389,J.Hurts,14,4,11:32,-7,PHI 22,78.0,1,CONVERSION,CLUTCH_RESPONSE
2021_09_LAC_PHI,2021,REG,9,2021-11-07,LAC,PHI,00-0036355,J.Herbert,15,4,06:07,0,LAC 25,75.0,1,CONVERSION,CLUTCH_RESPONSE
2021_09_MIN_BAL,2021,REG,9,2021-11-07,BAL,MIN,00-0034796,L.Jackson,18,4,07:45,0,BAL 39,61.0,0,CONVERSION,CLUTCH_RESPONSE
2021_09_MIN_BAL,2021,REG,9,2021-11-07,MIN,BAL,00-0029604,K.Cousins,19,4,03:29,-7,MIN 25,75.0,0,CONVERSION,CLUTCH_RESPONSE
2021_09_MIN_BAL,2021,REG,9,2021-11-07,BAL,MIN,00-0034796,L.Jackson,23,5,05:17,0,BAL 10,90.0,1,CONVERSION,CLUTCH_RESPONSE
2021_10_DET_PIT,2021,REG,10,2021-11-14,PIT,DET,00-0034771,M.Rudolph,16,4,14:52,-3,50,50.0,0,CONVERSION,CLUTCH_RESPONSE
2021_11_BAL_CHI,2021,REG,11,2021-11-21,BAL,CHI,00-0035993,T.Huntley,20,4,07:29,-1,CHI 45,45.0,0,CONVERSION,CLUTCH_RESPONSE
2021_11_BAL_CHI,2021,REG,11,2021-11-21,CHI,BAL,00-0027973,A.Dalton,21,4,03:41,-2,CHI 25,75.0,0,CONVERSION,CLUTCH_RESPONSE
2021_11_BAL_CHI,2021,REG,11,2021-11-21,BAL,CHI,00-0035993,T.Huntley,22,4,01:41,-4,BAL 28,72.0,1,CONVERSION,CLUTCH_RESPONSE
2021_11_GB_MIN,2021,REG,11,2021-11-21,GB,MIN,00-0023459,A.Rodgers,15,4,14:51,-6,GB 6,94.0,0,CONVERSION,CLUTCH_RESPONSE
2021_11_GB_MIN,2021,REG,11,2021-11-21,MIN,GB,00-0029604,K.Cousins,16,4,07:49,-1,MIN 21,79.0,0,CONVERSION,CLUTCH_RESPONSE
2021_11_GB_MIN,2021,REG,11,2021-11-21,GB,MIN,00-0023459,A.Rodgers,17,4,02:17,-7,GB 25,75.0,1,CONVERSION,CLUTCH_RESPONSE
2021_11_GB_MIN,2021,REG,11,2021-11-21,MIN,GB,00-0029604,K.Cousins,18,4,02:08,0,MIN 25,75.0,1,CONVERSION,CLUTCH_RESPONSE
2021_11_PIT_LAC,2021,REG,11,2021-11-21,PIT,LAC,00-0022924,B.Roethlisberger,17,4,04:36,-7,LAC 11,11.0,0,CONVERSION,CLUTCH_RESPONSE
2021_11_PIT_LAC,2021,REG,11,2021-11-21,PIT,LAC,00-0022924,B.Roethlisberger,19,4,03:43,0,LAC 34,34.0,0,CONVERSION,CLUTCH_RESPONSE
2021_11_PIT_LAC,2021,REG,11,2021-11-21,LAC,PIT,00-0036355,J.Herbert,20,4,03:24,-3,LAC 25,75.0,1,CONVERSION,CLUTCH_RESPONSE
2021_11_WAS_CAR,2021,REG,11,2021-11-21,CAR,WAS,00-0027939,C.Newton,15,4,14:53,-7,CAR 9,91.0,0,CONVERSION,CLUTCH_RESPONSE
2021_11_WAS_CAR,2021,REG,11,2021-11-21,WAS,CAR,00-0031800,T.Heinicke,16,4,10:44,0,WAS 25,75.0,0,CONVERSION,CLUTCH_RESPONSE
2021_12_CHI_DET,2021,REG,12,2021-11-25,CHI,DET,00-0027973,A.Dalton,19,4,08:30,-1,CHI 21,79.0,1,CONVERSION,CLUTCH_RESPONSE
2021_12_LV_DAL,2021,REG,12,2021-11-25,DAL,LV,00-0033077,D.Prescott,24,4,03:41,-8,DAL 31,69.0,0,CONVERSION,CLUTCH_RESPONSE
2021_12_LV_DAL,2021,REG,12,2021-11-25,LV,DAL,00-0031280,D.Carr,25,4,02:54,0,LV 25,75.0,0,CONVERSION,CLUTCH_RESPONSE
2021_12_LV_DAL,2021,REG,12,2021-11-25,DAL,LV,00-0033077,D.Prescott,26,4,01:52,-3,DAL 25,75.0,0,CONVERSION,CLUTCH_RESPONSE
2021_12_LV_DAL,2021,REG,12,2021-11-25,LV,DAL,00-0031280,D.Carr,29,5,08:40,0,LV 22,78.0,1,CONVERSION,CLUTCH_RESPONSE
2021_12_TB_IND,2021,REG,12,2021-11-28,IND,TB,00-0032950,C.Wentz,23,4,10:06,-7,IND 25,75.0,0,CONVERSION,CLUTCH_RESPONSE
2021_12_TB_IND,2021,REG,12,2021-11-28,TB,IND,00-0019596,T.Brady,24,4,03:29,0,TB 25,75.0,1,CONVERSION,CLUTCH_RESPONSE
2021_13_BAL_PIT,2021,REG,13,2021-12-05,PIT,BAL,00-0022924,B.Roethlisberger,18,4,06:21,-1,PIT 31,69.0,1,CONVERSION,CLUTCH_RESPONSE
2021_13_BAL_PIT,2021,REG,13,2021-12-05,BAL,PIT,00-0034796,L.Jackson,19,4,01:48,-7,BAL 40,60.0,1,CONVERSION,CLUTCH_RESPONSE
2021_13_MIN_DET,2021,REG,13,2021-12-05,MIN,DET,00-0029604,K.Cousins,23,4,04:01,-2,DET 19,19.0,1,CONVERSION,CLUTCH_RESPONSE
2021_13_MIN_DET,2021,REG,13,2021-12-05,DET,MIN,00-0033106,J.Goff,24,4,01:50,-4,DET 25,75.0,1,CONVERSION,CLUTCH_RESPONSE
2021_13_WAS_LV,2021,REG,13,2021-12-05,LV,WAS,00-0031280,D.Carr,16,4,06:49,-2,LV 39,61.0,0,CONVERSION,CLUTCH_RESPONSE
2021_13_WAS_LV,2021,REG,13,2021-12-05,WAS,LV,00-0031800,T.Heinicke,17,4,02:22,-1,WAS 25,75.0,1,CONVERSION,CLUTCH_RESPONSE
2021_14_BUF_TB,2021,REG,14,2021-12-12,BUF,TB,00-0034857,J.Allen,24,4,03:05,-3,BUF 23,77.0,0,CONVERSION,CLUTCH_RESPONSE
2021_14_BUF_TB,2021,REG,14,2021-12-12,TB,BUF,00-0019596,T.Brady,27,5,08:48,0,TB 6,94.0,1,CONVERSION,CLUTCH_RESPONSE
2021_14_SF_CIN,2021,REG,14,2021-12-12,CIN,SF,00-0036442,J.Burrow,21,4,02:40,-7,CIN 13,87.0,0,CONVERSION,CLUTCH_RESPONSE
2021_14_SF_CIN,2021,REG,14,2021-12-12,CIN,SF,00-0036442,J.Burrow,23,5,10:00,0,CIN 25,75.0,1,CONVERSION,CLUTCH_RESPONSE
2021_14_SF_CIN,2021,REG,14,2021-12-12,SF,CIN,00-0031345,J.Garoppolo,24,5,06:15,-3,SF 25,75.0,1,CONVERSION,CLUTCH_RESPONSE
2021_15_GB_BAL,2021,REG,15,2021-12-19,BAL,GB,00-0035993,T.Huntley,17,4,02:24,-7,GB 49,49.0,1,CONVERSION,CLUTCH_RESPONSE
2021_15_KC_LAC,2021,REG,15,2021-12-16,KC,LAC,00-0033873,P.Mahomes,16,4,09:29,-8,KC 25,75.0,0,CONVERSION,CLUTCH_RESPONSE
2021_15_KC_LAC,2021,REG,15,2021-12-16,LAC,KC,00-0036355,J.Herbert,17,4,07:44,0,LAC 25,75.0,0,CONVERSION,CLUTCH_RESPONSE
2021_15_KC_LAC,2021,REG,15,2021-12-16,KC,LAC,00-0033873,P.Mahomes,18,4,02:19,-7,KC 25,75.0,0,CONVERSION,CLUTCH_RESPONSE
2021_15_KC_LAC,2021,REG,15,2021-12-16,KC,LAC,00-0033873,P.Mahomes,21,5,10:00,0,KC 25,75.0,1,CONVERSION,CLUTCH_RESPONSE
2021_15_LV_CLE,2021,REG,15,2021-12-20,CLE,LV,00-0033319,N.Mullens,17,4,12:07,-6,CLE 20,80.0,0,CONVERSION,CLUTCH_RESPONSE
2021_15_LV_CLE,2021,REG,15,2021-12-20,LV,CLE,00-0031280,D.Carr,20,4,01:50,-1,LV 29,71.0,1,CONVERSION,CLUTCH_RESPONSE
2021_15_NYJ_MIA,2021,REG,15,2021-12-19,MIA,NYJ,00-0036212,T.Tagovailoa,20,4,07:45,0,MIA 25,75.0,0,CONVERSION,CLUTCH_RESPONSE
2021_15_TEN_PIT,2021,REG,15,2021-12-19,PIT,TEN,00-0022924,B.Roethlisberger,19,4,09:16,0,TEN 31,31.0,0,CONVERSION,CLUTCH_RESPONSE
2021_16_CHI_SEA,2021,REG,16,2021-12-26,CHI,SEA,00-0029567,N.Foles,19,4,02:56,-7,CHI 20,80.0,1,CONVERSION,CLUTCH_RESPONSE
2021_16_SF_TEN,2021,REG,16,2021-12-23,SF,TEN,00-0031345,J.Garoppolo,17,4,05:18,-7,SF 5,95.0,1,CONVERSION,CLUTCH_RESPONSE
2021_16_SF_TEN,2021,REG,16,2021-12-23,TEN,SF,00-0029701,R.Tannehill,18,4,02:20,0,TEN 25,75.0,1,CONVERSION,CLUTCH_RESPONSE
2021_17_KC_CIN,2021,REG,17,2022-01-02,KC,CIN,00-0033873,P.Mahomes,17,4,11:44,-3,KC 32,68.0,1,CONVERSION,CLUTCH_RESPONSE
2021_17_KC_CIN,2021,REG,17,2022-01-02,CIN,KC,00-0036442,J.Burrow,18,4,06:01,0,CIN 25,75.0,1,CONVERSION,CLUTCH_RESPONSE
2021_17_LA_BAL,2021,REG,17,2022-01-02,LA,BAL,00-0026498,M.Stafford,18,4,04:30,-5,LA 25,75.0,1,CONVERSION,CLUTCH_RESPONSE
2021_17_LV_IND,2021,REG,17,2022-01-02,LV,IND,00-0031280,D.Carr,17,4,14:39,-4,LV 38,62.0,0,CONVERSION,CLUTCH_RESPONSE
2021_17_LV_IND,2021,REG,17,2022-01-02,IND,LV,00-0032950,C.Wentz,18,4,11:18,-3,IND 25,75.0,1,CONVERSION,CLUTCH_RESPONSE
2021_17_LV_IND,2021,REG,17,2022-01-02,LV,IND,00-0031280,D.Carr,19,4,01:56,0,LV 25,75.0,1,CONVERSION,CLUTCH_RESPONSE
2021_17_TB_NYJ,2021,REG,17,2022-01-02,TB,NYJ,00-0019596,T.Brady,19,4,02:12,-4,TB 7,93.0,1,CONVERSION,CLUTCH_RESPONSE
2021_18_CHI_MIN,2021,REG,18,2022-01-09,MIN,CHI,00-0029604,K.Cousins,17,4,10:53,0,MIN 13,87.0,0,CONVERSION,CLUTCH_RESPONSE
2021_18_GB_DET,2021,REG,18,2022-01-09,GB,DET,00-0036264,J.Love,17,4,06:39,-5,GB 25,75.0,0,CONVERSION,CLUTCH_RESPONSE
2021_18_GB_DET,2021,REG,18,2022-01-09,DET,GB,00-0033106,J.Goff,18,4,04:49,-3,DET 25,75.0,0,CONVERSION,CLUTCH_RESPONSE
2021_18_LAC_LV,2021,REG,18,2022-01-09,LAC,LV,00-0036355,J.Herbert,21,4,02:06,-7,LAC 17,83.0,0,CONVERSION,CLUTCH_RESPONSE
2021_18_LAC_LV,2021,REG,18,2022-01-09,LV,LAC,00-0031280,D.Carr,22,5,10:00,0,LV 25,75.0,0,CONVERSION,CLUTCH_RESPONSE
2021_18_LAC_LV,2021,REG,18,2022-01-09,LAC,LV,00-0036355,J.Herbert,23,5,07:09,-3,LAC 25,75.0,1,CONVERSION,CLUTCH_RESPONSE
2021_18_LAC_LV,2021,REG,18,2022-01-09,LV,LAC,00-0031280,D.Carr,24,5,04:30,0,LV 25,75.0,1,CONVERSION,CLUTCH_RESPONSE
2021_18_PIT_BAL,2021,REG,18,2022-01-09,PIT,BAL,00-0022924,B.Roethlisberger,23,4,08:07,-4,50,50.0,0,CONVERSION,CLUTCH_RESPONSE
2021_18_PIT_BAL,2021,REG,18,2022-01-09,BAL,PIT,00-0035993,T.Huntley,24,4,02:54,-3,BAL 32,68.0,0,CONVERSION,CLUTCH_RESPONSE
2021_18_PIT_BAL,2021,REG,18,2022-01-09,PIT,BAL,00-0022924,B.Roethlisberger,29,5,06:24,0,PIT 17,83.0,1,CONVERSION,CLUTCH_RESPONSE
2021_18_SF_LA,2021,REG,18,2022-01-09,LA,SF,00-0026498,M.Stafford,16,4,07:42,0,LA 8,92.0,0,CONVERSION,CLUTCH_RESPONSE
2021_18_SF_LA,2021,REG,18,2022-01-09,SF,LA,00-0031345,J.Garoppolo,19,4,01:27,-7,SF 12,88.0,0,CONVERSION,CLUTCH_RESPONSE
2021_18_SF_LA,2021,REG,18,2022-01-09,SF,LA,00-0031345,J.Garoppolo,21,5,10:00,0,SF 25,75.0,1,CONVERSION,CLUTCH_RESPONSE
2021_20_BUF_KC,2021,POST,20,2022-01-23,BUF,KC,00-0034857,J.Allen,16,4,08:55,-5,BUF 25,75.0,0,CONVERSION,CLUTCH_RESPONSE
2021_20_BUF_KC,2021,POST,20,2022-01-23,KC,BUF,00-0033873,P.Mahomes,17,4,01:54,-3,KC 25,75.0,0,CONVERSION,CLUTCH_RESPONSE
2021_20_BUF_KC,2021,POST,20,2022-01-23,BUF,KC,00-0034857,J.Allen,18,4,01:02,-4,BUF 25,75.0,1,CONVERSION,CLUTCH_RESPONSE
2021_20_BUF_KC,2021,POST,20,2022-01-23,KC,BUF,00-0033873,P.Mahomes,19,4,00:13,-3,KC 25,75.0,0,CONVERSION,CLUTCH_RESPONSE
2021_20_BUF_KC,2021,POST,20,2022-01-23,KC,BUF,00-0033873,P.Mahomes,20,5,15:00,0,KC 25,75.0,1,CONVERSION,CLUTCH_RESPONSE
2021_20_CIN_TEN,2021,POST,20,2022-01-22,CIN,TEN,00-0036442,J.Burrow,23,4,00:20,0,CIN 47,53.0,1,CONVERSION,CLUTCH_RESPONSE
2021_20_LA_TB,2021,POST,20,2022-01-23,TB,LA,00-0019596,T.Brady,29,4,02:25,-7,LA 30,30.0,1,CONVERSION,CLUTCH_RESPONSE
2021_20_LA_TB,2021,POST,20,2022-01-23,LA,TB,00-0026498,M.Stafford,30,4,00:42,0,LA 25,75.0,1,CONVERSION,CLUTCH_RESPONSE
2021_20_SF_GB,2021,POST,20,2022-01-22,SF,GB,00-0031345,J.Garoppolo,19,4,03:20,0,SF 29,71.0,1,CONVERSION,CLUTCH_RESPONSE
2021_21_CIN_KC,2021,POST,21,2022-01-30,CIN,KC,00-0036442,J.Burrow,18,4,12:27,0,CIN 20,80.0,0,CONVERSION,CLUTCH_RESPONSE
2021_21_CIN_KC,2021,POST,21,2022-01-30,KC,CIN,00-0033873,P.Mahomes,19,4,06:04,-3,KC 25,75.0,0,CONVERSION,CLUTCH_RESPONSE
2021_21_CIN_KC,2021,POST,21,2022-01-30,CIN,KC,00-0036442,J.Burrow,21,5,14:46,0,CIN 45,55.0,1,CONVERSION,CLUTCH_RESPONSE
2021_21_SF_LA,2021,POST,21,2022-01-30,LA,SF,00-0026498,M.Stafford,14,4,09:55,-3,LA 15,85.0,0,CONVERSION,CLUTCH_RESPONSE
2021_21_SF_LA,2021,POST,21,2022-01-30,LA,SF,00-0026498,M.Stafford,16,4,06:26,0,LA 39,61.0,1,CONVERSION,CLUTCH_RESPONSE
2021_22_LA_CIN,2021,POST,22,2022-02-13,LA,CIN,00-0026498,M.Stafford,24,4,06:13,-4,LA 21,79.0,1,CONVERSION,CLUTCH_RESPONSE
2022_01_CLE_CAR,2022,REG,1,2022-09-11,CAR,CLE,00-0034855,B.Mayfield,21,4,02:14,-2,CAR 20,80.0,0,CONVERSION,CLUTCH_RESPONSE
2022_01_CLE_CAR,2022,REG,1,2022-09-11,CLE,CAR,00-0033119,J.Brissett,22,4,01:13,-1,CLE 25,75.0,1,CONVERSION,CLUTCH_RESPONSE
2022_01_IND_HOU,2022,REG,1,2022-09-11,IND,HOU,00-0026143,M.Ryan,20,4,04:29,-7,IND 20,80.0,0,CONVERSION,CLUTCH_RESPONSE
2022_01_IND_HOU,2022,REG,1,2022-09-11,IND,HOU,00-0026143,M.Ryan,25,5,08:27,0,IND 31,69.0,0,CONVERSION,CLUTCH_RESPONSE
2022_01_JAX_WAS,2022,REG,1,2022-09-11,JAX,WAS,00-0036971,T.Lawrence,16,4,14:19,-2,WAS 45,45.0,0,CONVERSION,CLUTCH_RESPONSE
2022_01_JAX_WAS,2022,REG,1,2022-09-11,WAS,JAX,00-0032950,C.Wentz,21,4,06:48,-2,WAS 10,90.0,0,CONVERSION,CLUTCH_RESPONSE
2022_01_NO_ATL,2022,REG,1,2022-09-11,NO,ATL,00-0031503,J.Winston,24,4,00:48,-2,NO 20,80.0,1,CONVERSION,CLUTCH_RESPONSE
2022_01_NYG_TEN,2022,REG,1,2022-09-11,NYG,TEN,00-0035710,D.Jones,22,4,05:27,-7,NYG 27,73.0,1,CONVERSION,CLUTCH_RESPONSE
2022_01_PIT_CIN,2022,REG,1,2022-09-11,CIN,PIT,00-0036442,J.Burrow,23,4,01:27,-6,CIN 40,60.0,0,CONVERSION,CLUTCH_RESPONSE
2022_01_PIT_CIN,2022,REG,1,2022-09-11,CIN,PIT,00-0036442,J.Burrow,26,5,08:21,0,CIN 25,75.0,0,CONVERSION,CLUTCH_RESPONSE
2022_01_PIT_CIN,2022,REG,1,2022-09-11,PIT,CIN,00-0033869,M.Trubisky,29,5,00:56,0,PIT 20,80.0,1,CONVERSION,CLUTCH_RESPONSE
2022_02_ARI_LV,2022,REG,2,2022-09-18,ARI,LV,00-0035228,K.Murray,16,4,04:43,-8,ARI 27,73.0,0,CONVERSION,CLUTCH_RESPONSE
2022_02_CAR_NYG,2022,REG,2,2022-09-18,CAR,NYG,00-0034855,B.Mayfield,20,4,12:31,-3,CAR 25,75.0,0,CONVERSION,CLUTCH_RESPONSE
2022_02_CAR_NYG,2022,REG,2,2022-09-18,NYG,CAR,00-0035710,D.Jones,21,4,10:46,0,NYG 25,75.0,0,CONVERSION,CLUTCH_RESPONSE
2022_02_CIN_DAL,2022,REG,2,2022-09-18,CIN,DAL,00-0036442,J.Burrow,17,4,12:39,-8,CIN 17,83.0,0,CONVERSION,CLUTCH_RESPONSE
2022_02_CIN_DAL,2022,REG,2,2022-09-18,DAL,CIN,00-0033662,C.Rush,20,4,00:57,0,DAL 35,65.0,1,CONVERSION,CLUTCH_RESPONSE
2022_02_MIA_BAL,2022,REG,2,2022-09-18,MIA,BAL,00-0036212,T.Tagovailoa,19,4,06:46,-7,MIA 36,64.0,0,CONVERSION,CLUTCH_RESPONSE
2022_02_MIA_BAL,2022,REG,2,2022-09-18,BAL,MIA,00-0034796,L.Jackson,20,4,05:19,0,BAL 25,75.0,0,CONVERSION,CLUTCH_RESPONSE
2022_02_MIA_BAL,2022,REG,2,2022-09-18,MIA,BAL,00-0036212,T.Tagovailoa,21,4,02:18,-3,MIA 32,68.0,1,CONVERSION,CLUTCH_RESPONSE
2022_02_NYJ_CLE,2022,REG,2,2022-09-18,CLE,NYJ,00-0033119,J.Brissett,13,4,14:19,0,CLE 25,75.0,0,CONVERSION,CLUTCH_RESPONSE
2022_02_NYJ_CLE,2022,REG,2,2022-09-18,NYJ,CLE,00-0026158,J.Flacco,19,4,01:22,-6,NYJ 47,53.0,1,CONVERSION,CLUTCH_RESPONSE
2022_02_TB_NO,2022,REG,2,2022-09-18,TB,NO,00-0019596,T.Brady,17,4,11:48,0,TB 20,80.0,0,CONVERSION,CLUTCH_RESPONSE
2022_03_BUF_MIA,2022,REG,3,2022-09-25,MIA,BUF,00-0036212,T.Tagovailoa,14,4,14:09,-3,MIA 28,72.0,0,CONVERSION,CLUTCH_RESPONSE
2022_03_DAL_NYG,2022,REG,3,2022-09-26,DAL,NYG,00-0033662,C.Rush,15,4,14:42,0,DAL 11,89.0,0,CONVERSION,CLUTCH_RESPONSE
2022_03_DET_MIN,2022,REG,3,2022-09-25,MIN,DET,00-0029604,K.Cousins,23,4,01:10,-3,MIN 44,56.0,1,CONVERSION,CLUTCH_RESPONSE
2022_03_HOU_CHI,2022,REG,3,2022-09-25,CHI,HOU,00-0036945,J.Fields,23,4,01:05,0,HOU 12,12.0,1,CONVERSION,CLUTCH_RESPONSE
2022_03_KC_IND,2022,REG,3,2022-09-25,IND,KC,00-0026143,M.Ryan,19,4,08:38,-4,IND 24,76.0,1,CONVERSION,CLUTCH_RESPONSE
2022_03_SF_DEN,2022,REG,3,2022-09-25,DEN,SF,00-0029263,R.Wilson,24,4,10:14,-5,DEN 20,80.0,0,CONVERSION,CLUTCH_RESPONSE
2022_04_BUF_BAL,2022,REG,4,2022-10-02,BUF,BAL,00-0034857,J.Allen,20,4,04:09,0,BUF 20,80.0,1,CONVERSION,CLUTCH_RESPONSE
2022_04_CLE_ATL,2022,REG,4,2022-10-02,CLE,ATL,00-0033119,J.Brissett,16,4,12:51,-4,CLE 25,75.0,0,CONVERSION,CLUTCH_RESPONSE
2022_04_CLE_ATL,2022,REG,4,2022-10-02,ATL,CLE,00-0032268,M.Mariota,17,4,09:51,-3,ATL 25,75.0,0,CONVERSION,CLUTCH_RESPONSE
2022_04_CLE_ATL,2022,REG,4,2022-10-02,ATL,CLE,00-0032268,M.Mariota,19,4,03:35,0,ATL 9,91.0,1,CONVERSION,CLUTCH_RESPONSE
2022_04_MIN_NO,2022,REG,4,2022-10-02,NO,MIN,00-0027973,A.Dalton,17,4,14:14,-5,NO 25,75.0,0,CONVERSION,CLUTCH_RESPONSE
2022_04_MIN_NO,2022,REG,4,2022-10-02,MIN,NO,00-0029604,K.Cousins,18,4,09:29,-3,MIN 25,75.0,0,CONVERSION,CLUTCH_RESPONSE
2022_04_MIN_NO,2022,REG,4,2022-10-02,NO,MIN,00-0027973,A.Dalton,19,4,04:15,-3,NO 25,75.0,0,CONVERSION,CLUTCH_RESPONSE
2022_04_MIN_NO,2022,REG,4,2022-10-02,MIN,NO,00-0029604,K.Cousins,20,4,01:51,0,MIN 18,82.0,1,CONVERSION,CLUTCH_RESPONSE
2022_04_NE_GB,2022,REG,4,2022-10-02,GB,NE,00-0023459,A.Rodgers,18,4,11:14,-7,GB 25,75.0,0,CONVERSION,CLUTCH_RESPONSE
2022_04_NE_GB,2022,REG,4,2022-10-02,GB,NE,00-0023459,A.Rodgers,25,5,06:47,0,GB 10,90.0,1,CONVERSION,CLUTCH_RESPONSE
2022_04_NYJ_PIT,2022,REG,4,2022-10-02,NYJ,PIT,00-0037013,Z.Wilson,22,4,03:34,-3,NYJ 35,65.0,1,CONVERSION,CLUTCH_RESPONSE
2022_05_CHI_MIN,2022,REG,5,2022-10-09,CHI,MIN,00-0036945,J.Fields,14,4,12:44,-2,CHI 48,52.0,0,CONVERSION,CLUTCH_RESPONSE
2022_05_CHI_MIN,2022,REG,5,2022-10-09,MIN,CHI,00-0029604,K.Cousins,15,4,09:26,-1,MIN 25,75.0,1,CONVERSION,CLUTCH_RESPONSE
2022_05_CIN_BAL,2022,REG,5,2022-10-09,CIN,BAL,00-0036442,J.Burrow,18,4,09:42,-6,CIN 25,75.0,1,CONVERSION,CLUTCH_RESPONSE
2022_05_CIN_BAL,2022,REG,5,2022-10-09,BAL,CIN,00-0034796,L.Jackson,19,4,01:58,-1,BAL 25,75.0,1,CONVERSION,CLUTCH_RESPONSE
2022_05_HOU_JAX,2022,REG,5,2022-10-09,HOU,JAX,00-0036898,D.Mills,17,4,09:59,0,HOU 26,74.0,0,CONVERSION,CLUTCH_RESPONSE
2022_05_IND_DEN,2022,REG,5,2022-10-06,IND,DEN,00-0026143,M.Ryan,24,4,02:13,-3,IND 20,80.0,0,CONVERSION,CLUTCH_RESPONSE
2022_05_IND_DEN,2022,REG,5,2022-10-06,IND,DEN,00-0026143,M.Ryan,26,5,10:00,0,IND 25,75.0,1,CONVERSION,CLUTCH_RESPONSE
2022_05_LV_KC,2022,REG,5,2022-10-10,LV,KC,00-0031280,D.Carr,16,4,07:25,-7,LV 25,75.0,0,CONVERSION,CLUTCH_RESPONSE
2022_05_NYG_GB,2022,REG,5,2022-10-09,NYG,GB,00-0035710,D.Jones,14,4,09:42,0,NYG 40,60.0,0,CONVERSION,CLUTCH_RESPONSE
2022_05_PHI_ARI,2022,REG,5,2022-10-09,PHI,ARI,00-0036389,J.Hurts,16,4,09:43,0,PHI 25,75.0,1,CONVERSION,CLUTCH_RESPONSE
2022_05_PHI_ARI,2022,REG,5,2022-10-09,ARI,PHI,00-0035228,K.Murray,17,4,01:45,-3,ARI 25,75.0,1,CONVERSION,CLUTCH_RESPONSE
2022_05_SEA_NO,2022,REG,5,2022-10-09,SEA,NO,00-0030565,G.Smith,24,4,07:40,-6,SEA 22,78.0,0,CONVERSION,CLUTCH_RESPONSE
2022_05_SEA_NO,2022,REG,5,2022-10-09,NO,SEA,00-0027973,A.Dalton,25,4,06:54,-1,NO 31,69.0,0,CONVERSION,CLUTCH_RESPONSE
2022_06_BAL_NYG,2022,REG,6,2022-10-16,NYG,BAL,00-0035710,D.Jones,17,4,02:50,-3,BAL 13,13.0,0,CONVERSION,CLUTCH_RESPONSE
2022_06_BUF_KC,2022,REG,6,2022-10-16,KC,BUF,00-0033873,P.Mahomes,15,4,14:12,0,KC 46,54.0,0,CONVERSION,CLUTCH_RESPONSE
2022_06_BUF_KC,2022,REG,6,2022-10-16,BUF,KC,00-0034857,J.Allen,18,4,05:31,-3,BUF 24,76.0,0,CONVERSION,CLUTCH_RESPONSE
2022_06_CIN_NO,2022,REG,6,2022-10-16,CIN,NO,00-0036442,J.Burrow,18,4,02:10,-2,CIN 40,60.0,1,CONVERSION,CLUTCH_RESPONSE
2022_06_DEN_LAC,2022,REG,6,2022-10-17,DEN,LAC,00-0029263,R.Wilson,15,4,10:28,0,LAC 30,30.0,0,CONVERSION,CLUTCH_RESPONSE
2022_06_DEN_LAC,2022,REG,6,2022-10-17,LAC,DEN,00-0036355,J.Herbert,16,4,08:21,-3,LAC 25,75.0,0,CONVERSION,CLUTCH_RESPONSE
2022_06_DEN_LAC,2022,REG,6,2022-10-17,LAC,DEN,00-0036355,J.Herbert,23,5,04:46,0,DEN 28,28.0,1,CONVERSION,CLUTCH_RESPONSE
2022_06_JAX_IND,2022,REG,6,2022-10-16,JAX,IND,00-0036971,T.Lawrence,17,4,12:47,-5,JAX 16,84.0,0,CONVERSION,CLUTCH_RESPONSE
2022_06_JAX_IND,2022,REG,6,2022-10-16,IND,JAX,00-0026143,M.Ryan,18,4,02:44,-1,IND 34,66.0,1,CONVERSION,CLUTCH_RESPONSE
2022_06_WAS_CHI,2022,REG,6,2022-10-13,WAS,CHI,00-0032950,C.Wentz,17,4,08:06,-1,CHI 6,6.0,0,CONVERSION,CLUTCH_RESPONSE
2022_07_NYG_JAX,2022,REG,7,2022-10-23,NYG,JAX,00-0035710,D.Jones,14,4,11:25,-4,NYG 21,79.0,0,CONVERSION,CLUTCH_RESPONSE
2022_08_CAR_ATL,2022,REG,8,2022-10-30,ATL,CAR,00-0032268,M.Mariota,17,4,11:46,0,ATL 20,80.0,0,CONVERSION,CLUTCH_RESPONSE
2022_08_CAR_ATL,2022,REG,8,2022-10-30,CAR,ATL,00-0033275,P.Walker,18,4,07:33,-3,CAR 40,60.0,0,CONVERSION,CLUTCH_RESPONSE
2022_08_CAR_ATL,2022,REG,8,2022-10-30,ATL,CAR,00-0032268,M.Mariota,19,4,03:06,-4,ATL 25,75.0,0,CONVERSION,CLUTCH_RESPONSE
2022_08_CAR_ATL,2022,REG,8,2022-10-30,CAR,ATL,00-0033275,P.Walker,22,4,00:36,-6,CAR 25,75.0,0,CONVERSION,CLUTCH_RESPONSE
2022_08_CAR_ATL,2022,REG,8,2022-10-30,CAR,ATL,00-0033275,P.Walker,25,5,07:44,0,ATL 20,20.0,1,CONVERSION,CLUTCH_RESPONSE
2022_08_CAR_ATL,2022,REG,8,2022-10-30,ATL,CAR,00-0032268,M.Mariota,26,5,05:54,0,ATL 22,78.0,1,CONVERSION,CLUTCH_RESPONSE
2022_08_DEN_JAX,2022,REG,8,2022-10-30,JAX,DEN,00-0036971,T.Lawrence,20,4,07:06,-4,DEN 47,47.0,0,CONVERSION,CLUTCH_RESPONSE
2022_08_DEN_JAX,2022,REG,8,2022-10-30,DEN,JAX,00-0029263,R.Wilson,21,4,03:54,-3,DEN 20,80.0,0,CONVERSION,CLUTCH_RESPONSE
2022_08_NYG_SEA,2022,REG,8,2022-10-30,SEA,NYG,00-0030565,G.Smith,18,4,11:17,0,SEA 25,75.0,0,CONVERSION,CLUTCH_RESPONSE
2022_08_WAS_IND,2022,REG,8,2022-10-30,WAS,IND,00-0031800,T.Heinicke,22,4,02:39,-6,WAS 11,89.0,1,CONVERSION,CLUTCH_RESPONSE
2022_09_BUF_NYJ,2022,REG,9,2022-11-06,NYJ,BUF,00-0037013,Z.Wilson,16,4,07:53,0,NYJ 4,96.0,1,CONVERSION,CLUTCH_RESPONSE
2022_09_LAC_ATL,2022,REG,9,2022-11-06,LAC,ATL,00-0036355,J.Herbert,16,4,12:12,-3,LAC 40,60.0,0,CONVERSION,CLUTCH_RESPONSE
2022_09_LAC_ATL,2022,REG,9,2022-11-06,LAC,ATL,00-0036355,J.Herbert,19,4,00:34,0,ATL 43,43.0,1,CONVERSION,CLUTCH_RESPONSE
2022_09_LA_TB,2022,REG,9,2022-11-06,TB,LA,00-0019596,T.Brady,26,4,00:44,-4,TB 40,60.0,1,CONVERSION,CLUTCH_RESPONSE
2022_09_MIN_WAS,2022,REG,9,2022-11-06,MIN,WAS,00-0029604,K.Cousins,20,4,07:56,-7,WAS 12,12.0,0,CONVERSION,CLUTCH_RESPONSE
2022_09_MIN_WAS,2022,REG,9,2022-11-06,MIN,WAS,00-0029604,K.Cousins,22,4,06:12,0,MIN 46,54.0,1,CONVERSION,CLUTCH_RESPONSE
2022_09_TEN_KC,2022,REG,9,2022-11-06,KC,TEN,00-0033873,P.Mahomes,20,4,09:54,-8,KC 7,93.0,0,CONVERSION,CLUTCH_RESPONSE
2022_09_TEN_KC,2022,REG,9,2022-11-06,KC,TEN,00-0033873,P.Mahomes,25,5,10:00,0,KC 25,75.0,1,CONVERSION,CLUTCH_RESPONSE
2022_10_DAL_GB,2022,REG,10,2022-11-13,GB,DAL,00-0023459,A.Rodgers,20,4,08:57,-7,GB 11,89.0,0,CONVERSION,CLUTCH_RESPONSE
2022_10_DAL_GB,2022,REG,10,2022-11-13,GB,DAL,00-0023459,A.Rodgers,25,5,06:15,0,GB 35,65.0,1,CONVERSION,CLUTCH_RESPONSE
2022_10_DET_CHI,2022,REG,10,2022-11-13,CHI,DET,00-0036945,J.Fields,15,4,10:29,0,CHI 25,75.0,0,CONVERSION,CLUTCH_RESPONSE
2022_10_DET_CHI,2022,REG,10,2022-11-13,DET,CHI,00-0033106,J.Goff,18,4,05:23,-6,DET 9,91.0,0,CONVERSION,CLUTCH_RESPONSE
2022_10_IND_LV,2022,REG,10,2022-11-13,LV,IND,00-0031280,D.Carr,16,4,12:32,-5,IND 48,48.0,0,CONVERSION,CLUTCH_RESPONSE
2022_10_IND_LV,2022,REG,10,2022-11-13,IND,LV,00-0026143,M.Ryan,19,4,08:00,-1,IND 18,82.0,1,CONVERSION,CLUTCH_RESPONSE
2022_10_LAC_SF,2022,REG,10,2022-11-13,SF,LAC,00-0031345,J.Garoppolo,16,4,14:53,-3,SF 23,77.0,0,CONVERSION,CLUTCH_RESPONSE
2022_10_MIN_BUF,2022,REG,10,2022-11-13,BUF,MIN,00-0034857,J.Allen,23,4,00:41,-3,BUF 20,80.0,0,CONVERSION,CLUTCH_RESPONSE
2022_10_MIN_BUF,2022,REG,10,2022-11-13,MIN,BUF,00-0029604,K.Cousins,25,5,10:00,0,MIN 25,75.0,1,CONVERSION,CLUTCH_RESPONSE
2022_11_CHI_ATL,2022,REG,11,2022-11-20,ATL,CHI,00-0032268,M.Mariota,18,4,08:16,0,ATL 25,75.0,0,CONVERSION,CLUTCH_RESPONSE
2022_11_KC_LAC,2022,REG,11,2022-11-20,LAC,KC,00-0036355,J.Herbert,18,4,06:47,-3,LAC 36,64.0,0,CONVERSION,CLUTCH_RESPONSE
2022_11_KC_LAC,2022,REG,11,2022-11-20,KC,LAC,00-0033873,P.Mahomes,19,4,01:46,-4,KC 25,75.0,1,CONVERSION,CLUTCH_RESPONSE
2022_11_LV_DEN,2022,REG,11,2022-11-20,LV,DEN,00-0031280,D.Carr,14,4,12:02,-3,LV 35,65.0,0,CONVERSION,CLUTCH_RESPONSE
2022_11_LV_DEN,2022,REG,11,2022-11-20,DEN,LV,00-0029263,R.Wilson,15,4,07:06,0,DEN 18,82.0,0,CONVERSION,CLUTCH_RESPONSE
2022_11_LV_DEN,2022,REG,11,2022-11-20,LV,DEN,00-0031280,D.Carr,18,4,01:43,-3,LV 22,78.0,0,CONVERSION,CLUTCH_RESPONSE
2022_11_LV_DEN,2022,REG,11,2022-11-20,LV,DEN,00-0031280,D.Carr,20,5,10:00,0,LV 33,67.0,1,CONVERSION,CLUTCH_RESPONSE
2022_11_PHI_IND,2022,REG,11,2022-11-20,PHI,IND,00-0036389,J.Hurts,21,4,04:37,-6,PHI 25,75.0,1,CONVERSION,CLUTCH_RESPONSE
2022_12_BAL_JAX,2022,REG,12,2022-11-27,JAX,BAL,00-0036971,T.Lawrence,18,4,05:42,-2,BAL 16,16.0,0,CONVERSION,CLUTCH_RESPONSE
2022_12_BAL_JAX,2022,REG,12,2022-11-27,BAL,JAX,00-0034796,L.Jackson,19,4,04:19,-1,BAL 25,75.0,0,CONVERSION,CLUTCH_RESPONSE
2022_12_BAL_JAX,2022,REG,12,2022-11-27,JAX,BAL,00-0036971,T.Lawrence,20,4,02:02,-7,JAX 25,75.0,1,CONVERSION,CLUTCH_RESPONSE
2022_12_BUF_DET,2022,REG,12,2022-11-24,BUF,DET,00-0034857,J.Allen,17,4,08:59,-3,BUF 10,90.0,0,CONVERSION,CLUTCH_RESPONSE
2022_12_BUF_DET,2022,REG,12,2022-11-24,DET,BUF,00-0033106,J.Goff,18,4,02:40,-3,DET 25,75.0,1,CONVERSION,CLUTCH_RESPONSE
2022_12_BUF_DET,2022,REG,12,2022-11-24,BUF,DET,00-0034857,J.Allen,19,4,00:23,0,BUF 25,75.0,1,CONVERSION,CLUTCH_RESPONSE
2022_12_LAC_ARI,2022,REG,12,2022-11-27,LAC,ARI,00-0036355,J.Herbert,21,4,01:48,-7,ARI 38,38.0,1,CONVERSION,CLUTCH_RESPONSE
2022_12_LV_SEA,2022,REG,12,2022-11-27,SEA,LV,00-0030565,G.Smith,21,4,08:55,0,LV 47,47.0,0,CONVERSION,CLUTCH_RESPONSE
2022_12_LV_SEA,2022,REG,12,2022-11-27,LV,SEA,00-0031280,D.Carr,22,4,05:37,-7,LV 25,75.0,0,CONVERSION,CLUTCH_RESPONSE
2022_12_LV_SEA,2022,REG,12,2022-11-27,LV,SEA,00-0031280,D.Carr,27,5,04:32,0,LV 14,86.0,1,CONVERSION,CLUTCH_RESPONSE
2022_12_NE_MIN,2022,REG,12,2022-11-24,MIN,NE,00-0029604,K.Cousins,17,4,13:06,0,MIN 29,71.0,0,CONVERSION,CLUTCH_RESPONSE
2022_12_TB_CLE,2022,REG,12,2022-11-27,CLE,TB,00-0033119,J.Brissett,21,4,02:10,-7,TB 46,46.0,0,CONVERSION,CLUTCH_RESPONSE
2022_12_TB_CLE,2022,REG,12,2022-11-27,CLE,TB,00-0033119,J.Brissett,26,5,02:45,0,CLE 29,71.0,1,CONVERSION,CLUTCH_RESPONSE
2022_13_DEN_BAL,2022,REG,13,2022-12-04,BAL,DEN,00-0035993,T.Huntley,21,4,05:02,-6,BAL 9,91.0,1,CONVERSION,CLUTCH_RESPONSE
2022_13_GB_CHI,2022,REG,13,2022-12-04,GB,CHI,00-0023459,A.Rodgers,16,4,11:40,-2,GB 30,70.0,0,CONVERSION,CLUTCH_RESPONSE
2022_13_KC_CIN,2022,REG,13,2022-12-04,CIN,KC,00-0036442,J.Burrow,14,4,13:52,-4,CIN 47,53.0,0,CONVERSION,CLUTCH_RESPONSE
2022_13_NO_TB,2022,REG,13,2022-12-05,TB,NO,00-0019596,T.Brady,21,4,02:29,-6,TB 37,63.0,1,CONVERSION,CLUTCH_RESPONSE
2022_13_SEA_LA,2022,REG,13,2022-12-04,LA,SEA,00-0034899,J.Wolford,18,4,06:46,-4,LA 25,75.0,0,CONVERSION,CLUTCH_RESPONSE
2022_13_SEA_LA,2022,REG,13,2022-12-04,SEA,LA,00-0030565,G.Smith,19,4,02:56,-3,SEA 25,75.0,1,CONVERSION,CLUTCH_RESPONSE
2022_13_WAS_NYG,2022,REG,13,2022-12-04,WAS,NYG,00-0031800,T.Heinicke,19,4,03:43,-7,WAS 10,90.0,0,CONVERSION,CLUTCH_RESPONSE
2022_14_HOU_DAL,2022,REG,14,2022-12-11,DAL,HOU,00-0033077,D.Prescott,23,4,03:20,-3,DAL 2,98.0,1,CONVERSION,CLUTCH_RESPONSE
2022_14_LV_LA,2022,REG,14,2022-12-08,LA,LV,00-0034855,B.Mayfield,17,4,01:45,-6,LA 2,98.0,1,CONVERSION,CLUTCH_RESPONSE
2022_15_DAL_JAX,2022,REG,15,2022-12-18,JAX,DAL,00-0036971,T.Lawrence,19,4,14:17,-3,JAX 25,75.0,0,CONVERSION,CLUTCH_RESPONSE
2022_15_DAL_JAX,2022,REG,15,2022-12-18,DAL,JAX,00-0033077,D.Prescott,20,4,10:03,-4,DAL 25,75.0,0,CONVERSION,CLUTCH_RESPONSE
2022_15_DAL_JAX,2022,REG,15,2022-12-18,JAX,DAL,00-0036971,T.Lawrence,23,4,01:01,-3,JAX 29,71.0,0,CONVERSION,CLUTCH_RESPONSE
2022_15_DET_NYJ,2022,REG,15,2022-12-18,NYJ,DET,00-0037013,Z.Wilson,18,4,07:53,-3,NYJ 44,56.0,0,CONVERSION,CLUTCH_RESPONSE
2022_15_DET_NYJ,2022,REG,15,2022-12-18,DET,NYJ,00-0033106,J.Goff,19,4,04:41,-4,DET 22,78.0,1,CONVERSION,CLUTCH_RESPONSE
2022_15_IND_MIN,2022,REG,15,2022-12-17,MIN,IND,00-0029604,K.Cousins,29,4,02:28,-8,MIN 36,64.0,0,CONVERSION,CLUTCH_RESPONSE
2022_15_IND_MIN,2022,REG,15,2022-12-17,MIN,IND,00-0029604,K.Cousins,35,5,01:41,0,MIN 18,82.0,1,CONVERSION,CLUTCH_RESPONSE
2022_15_KC_HOU,2022,REG,15,2022-12-18,HOU,KC,00-0036898,D.Mills,19,4,11:57,-3,HOU 25,75.0,0,CONVERSION,CLUTCH_RESPONSE
2022_15_KC_HOU,2022,REG,15,2022-12-18,KC,HOU,00-0033873,P.Mahomes,24,5,05:19,0,HOU 26,26.0,1,CONVERSION,CLUTCH_RESPONSE
2022_15_MIA_BUF,2022,REG,15,2022-12-17,BUF,MIA,00-0034857,J.Allen,19,4,11:56,-8,BUF 25,75.0,0,CONVERSION,CLUTCH_RESPONSE
2022_15_MIA_BUF,2022,REG,15,2022-12-17,BUF,MIA,00-0034857,J.Allen,21,4,05:56,0,BUF 7,93.0,1,CONVERSION,CLUTCH_RESPONSE
2022_15_NE_LV,2022,REG,15,2022-12-18,NE,LV,00-0036972,M.Jones,20,4,05:10,-1,NE 24,76.0,0,CONVERSION,CLUTCH_RESPONSE
2022_15_NE_LV,2022,REG,15,2022-12-18,LV,NE,00-0031280,D.Carr,23,4,02:11,-7,LV 19,81.0,1,CONVERSION,CLUTCH_RESPONSE
2022_15_TEN_LAC,2022,REG,15,2022-12-18,LAC,TEN,00-0036355,J.Herbert,18,4,13:34,0,LAC 41,59.0,0,CONVERSION,CLUTCH_RESPONSE
2022_15_TEN_LAC,2022,REG,15,2022-12-18,TEN,LAC,00-0029701,R.Tannehill,23,4,02:57,-7,TEN 26,74.0,1,CONVERSION,CLUTCH_RESPONSE
2022_15_TEN_LAC,2022,REG,15,2022-12-18,LAC,TEN,00-0036355,J.Herbert,24,4,00:48,0,LAC 23,77.0,1,CONVERSION,CLUTCH_RESPONSE
2022_16_GB_MIA,2022,REG,16,2022-12-25,GB,MIA,00-0023459,A.Rodgers,18,4,13:59,0,MIA 14,14.0,0,CONVERSION,CLUTCH_RESPONSE
2022_16_HOU_TEN,2022,REG,16,2022-12-24,HOU,TEN,00-0036898,D.Mills,21,4,05:07,-1,HOU 27,73.0,0,CONVERSION,CLUTCH_RESPONSE
2022_16_LV_PIT,2022,REG,16,2022-12-24,PIT,LV,00-0038102,K.Pickett,19,4,02:55,-4,PIT 24,76.0,0,CONVERSION,CLUTCH_RESPONSE
2022_16_NYG_MIN,2022,REG,16,2022-12-24,NYG,MIN,00-0035710,D.Jones,22,4,03:00,-8,NYG 25,75.0,1,CONVERSION,CLUTCH_RESPONSE
2022_16_NYG_MIN,2022,REG,16,2022-12-24,MIN,NYG,00-0029604,K.Cousins,23,4,02:01,0,MIN 25,75.0,1,CONVERSION,CLUTCH_RESPONSE
2022_16_PHI_DAL,2022,REG,16,2022-12-24,DAL,PHI,00-0033077,D.Prescott,16,4,09:59,-7,DAL 25,75.0,0,CONVERSION,CLUTCH_RESPONSE
2022_16_PHI_DAL,2022,REG,16,2022-12-24,DAL,PHI,00-0033077,D.Prescott,18,4,04:19,0,DAL 40,60.0,0,CONVERSION,CLUTCH_RESPONSE
2022_16_TB_ARI,2022,REG,16,2022-12-25,TB,ARI,00-0019596,T.Brady,23,4,04:49,-3,TB 45,55.0,0,CONVERSION,CLUTCH_RESPONSE
2022_16_TB_ARI,2022,REG,16,2022-12-25,TB,ARI,00-0019596,T.Brady,28,5,07:43,0,TB 12,88.0,1,CONVERSION,CLUTCH_RESPONSE
2022_17_ARI_ATL,2022,REG,17,2023-01-01,ATL,ARI,00-0038122,D.Ridder,17,4,13:27,-2,ATL 45,55.0,0,CONVERSION,CLUTCH_RESPONSE
2022_17_ARI_ATL,2022,REG,17,2023-01-01,ARI,ATL,00-0035040,D.Blough,18,4,09:36,-1,ARI 25,75.0,1,CONVERSION,CLUTCH_RESPONSE
2022_17_ARI_ATL,2022,REG,17,2023-01-01,ATL,ARI,00-0038122,D.Ridder,19,4,04:57,-2,ATL 25,75.0,1,CONVERSION,CLUTCH_RESPONSE
2022_17_CAR_TB,2022,REG,17,2023-01-01,TB,CAR,00-0019596,T.Brady,20,4,09:53,-5,TB 8,92.0,0,CONVERSION,CLUTCH_RESPONSE
2022_17_PIT_BAL,2022,REG,17,2023-01-01,PIT,BAL,00-0038102,K.Pickett,15,4,04:16,-4,PIT 20,80.0,1,CONVERSION,CLUTCH_RESPONSE
2022_17_SF_LV,2022,REG,17,2023-01-01,SF,LV,00-0037834,B.Purdy,15,4,14:46,-3,LV 42,42.0,0,CONVERSION,CLUTCH_RESPONSE
2022_17_SF_LV,2022,REG,17,2023-01-01,SF,LV,00-0037834,B.Purdy,17,4,09:42,0,SF 35,65.0,0,CONVERSION,CLUTCH_RESPONSE
2022_17_SF_LV,2022,REG,17,2023-01-01,LV,SF,00-0035264,J.Stidham,18,4,06:44,-3,LV 25,75.0,0,CONVERSION,CLUTCH_RESPONSE
2022_17_SF_LV,2022,REG,17,2023-01-01,SF,LV,00-0037834,B.Purdy,19,4,04:08,0,SF 25,75.0,0,CONVERSION,CLUTCH_RESPONSE
2022_17_SF_LV,2022,REG,17,2023-01-01,LV,SF,00-0035264,J.Stidham,20,4,02:17,-7,LV 25,75.0,0,CONVERSION,CLUTCH_RESPONSE
2022_17_SF_LV,2022,REG,17,2023-01-01,SF,LV,00-0037834,B.Purdy,21,4,01:11,0,SF 25,75.0,0,CONVERSION,CLUTCH_RESPONSE
2022_17_SF_LV,2022,REG,17,2023-01-01,SF,LV,00-0037834,B.Purdy,23,5,07:39,0,LV 3,3.0,1,CONVERSION,CLUTCH_RESPONSE
2022_18_CAR_NO,2022,REG,18,2023-01-08,CAR,NO,00-0034869,S.Darnold,21,4,01:20,0,CAR 45,55.0,1,CONVERSION,CLUTCH_RESPONSE
2022_18_DET_GB,2022,REG,18,2023-01-08,DET,GB,00-0033106,J.Goff,17,4,13:58,-3,DET 25,75.0,0,CONVERSION,CLUTCH_RESPONSE
2022_18_HOU_IND,2022,REG,18,2023-01-08,HOU,IND,00-0036898,D.Mills,21,4,03:33,-7,HOU 17,83.0,1,CONVERSION,CLUTCH_RESPONSE
2022_18_LA_SEA,2022,REG,18,2023-01-08,SEA,LA,00-0030565,G.Smith,20,4,09:35,-3,SEA 14,86.0,0,CONVERSION,CLUTCH_RESPONSE
2022_18_LA_SEA,2022,REG,18,2023-01-08,SEA,LA,00-0030565,G.Smith,25,5,08:24,0,SEA 36,64.0,1,CONVERSION,CLUTCH_RESPONSE
2022_18_NYJ_MIA,2022,REG,18,2023-01-08,MIA,NYJ,00-0037327,S.Thompson,17,4,03:01,0,MIA 32,68.0,1,CONVERSION,CLUTCH_RESPONSE
2022_19_LAC_JAX,2022,POST,19,2023-01-14,JAX,LAC,00-0036971,T.Lawrence,25,4,03:09,-2,JAX 21,79.0,1,CONVERSION,CLUTCH_RESPONSE
2022_19_NYG_MIN,2022,POST,19,2023-01-15,NYG,MIN,00-0035710,D.Jones,13,4,12:34,0,NYG 25,75.0,0,CONVERSION,CLUTCH_RESPONSE
2022_21_CIN_KC,2022,POST,21,2023-01-29,KC,CIN,00-0033873,P.Mahomes,20,4,00:30,0,KC 47,53.0,1,CONVERSION,CLUTCH_RESPONSE
2022_22_KC_PHI,2022,POST,22,2023-02-12,PHI,KC,00-0036389,J.Hurts,16,4,09:22,-8,PHI 25,75.0,1,CONVERSION,CLUTCH_RESPONSE
2022_22_KC_PHI,2022,POST,22,2023-02-12,KC,PHI,00-0033873,P.Mahomes,17,4,05:15,0,KC 25,75.0,1,CONVERSION,CLUTCH_RESPONSE
2023_01_BUF_NYJ,2023,REG,1,2023-09-11,NYJ,BUF,00-0037013,Z.Wilson,17,4,09:43,-7,NYJ 43,57.0,0,CONVERSION,CLUTCH_RESPONSE
2023_01_BUF_NYJ,2023,REG,1,2023-09-11,NYJ,BUF,00-0037013,Z.Wilson,19,4,04:51,0,BUF 27,27.0,1,CONVERSION,CLUTCH_RESPONSE
2023_01_BUF_NYJ,2023,REG,1,2023-09-11,BUF,NYJ,00-0034857,J.Allen,20,4,01:48,-3,BUF 25,75.0,0,CONVERSION,CLUTCH_RESPONSE
2023_01_DET_KC,2023,REG,1,2023-09-07,DET,KC,00-0033106,J.Goff,18,4,12:11,-6,DET 25,75.0,0,CONVERSION,CLUTCH_RESPONSE
2023_01_JAX_IND,2023,REG,1,2023-09-10,JAX,IND,00-0036971,T.Lawrence,25,4,10:46,-4,IND 46,46.0,0,CONVERSION,CLUTCH_RESPONSE
2023_01_LV_DEN,2023,REG,1,2023-09-10,LV,DEN,00-0031345,J.Garoppolo,11,4,08:54,-6,LV 25,75.0,0,CONVERSION,CLUTCH_RESPONSE
2023_01_MIA_LAC,2023,REG,1,2023-09-10,MIA,LAC,00-0036212,T.Tagovailoa,19,4,03:53,-4,MIA 25,75.0,1,CONVERSION,CLUTCH_RESPONSE
2023_01_TB_MIN,2023,REG,1,2023-09-10,TB,MIN,00-0034855,B.Mayfield,21,4,09:56,0,TB 23,77.0,0,CONVERSION,CLUTCH_RESPONSE
2023_02_GB_ATL,2023,REG,2,2023-09-17,ATL,GB,00-0038122,D.Ridder,18,4,06:07,-2,ATL 27,73.0,1,CONVERSION,CLUTCH_RESPONSE
2023_02_LAC_TEN,2023,REG,2,2023-09-17,TEN,LAC,00-0029701,R.Tannehill,19,4,06:00,-4,TEN 18,82.0,0,CONVERSION,CLUTCH_RESPONSE
2023_02_LAC_TEN,2023,REG,2,2023-09-17,LAC,TEN,00-0036355,J.Herbert,20,4,02:22,-3,LAC 25,75.0,0,CONVERSION,CLUTCH_RESPONSE
2023_02_LAC_TEN,2023,REG,2,2023-09-17,TEN,LAC,00-0029701,R.Tannehill,22,5,09:32,0,TEN 39,61.0,1,CONVERSION,CLUTCH_RESPONSE
2023_02_NYG_ARI,2023,REG,2,2023-09-17,NYG,ARI,00-0035710,D.Jones,17,4,07:31,-7,NYG 36,64.0,0,CONVERSION,CLUTCH_RESPONSE
2023_02_NYG_ARI,2023,REG,2,2023-09-17,NYG,ARI,00-0035710,D.Jones,19,4,02:31,0,NYG 28,72.0,1,CONVERSION,CLUTCH_RESPONSE
2023_02_SEA_DET,2023,REG,2,2023-09-17,DET,SEA,00-0033106,J.Goff,20,4,01:44,-3,50,50.0,1,CONVERSION,CLUTCH_RESPONSE
2023_02_SEA_DET,2023,REG,2,2023-09-17,SEA,DET,00-0030565,G.Smith,21,5,10:00,0,SEA 25,75.0,1,CONVERSION,CLUTCH_RESPONSE
2023_03_IND_BAL,2023,REG,3,2023-09-24,BAL,IND,00-0034796,L.Jackson,19,4,11:22,-2,BAL 25,75.0,0,CONVERSION,CLUTCH_RESPONSE
2023_03_IND_BAL,2023,REG,3,2023-09-24,IND,BAL,00-0035289,G.Minshew,24,4,01:41,-3,IND 38,62.0,0,CONVERSION,CLUTCH_RESPONSE
2023_03_IND_BAL,2023,REG,3,2023-09-24,IND,BAL,00-0035289,G.Minshew,31,5,03:21,0,IND 47,53.0,1,CONVERSION,CLUTCH_RESPONSE
2023_03_LAC_MIN,2023,REG,3,2023-09-24,LAC,MIN,00-0036355,J.Herbert,18,4,11:20,-3,LAC 25,75.0,0,CONVERSION,CLUTCH_RESPONSE
2023_03_NO_GB,2023,REG,3,2023-09-24,GB,NO,00-0036264,J.Love,20,4,05:23,-6,GB 20,80.0,1,CONVERSION,CLUTCH_RESPONSE
2023_04_DEN_CHI,2023,REG,4,2023-10-01,DEN,CHI,00-0029263,R.Wilson,17,4,02:52,0,DEN 19,81.0,1,CONVERSION,CLUTCH_RESPONSE
2023_04_LA_IND,2023,REG,4,2023-10-01,IND,LA,00-0039164,A.Richardson,18,4,07:29,-8,IND 17,83.0,0,CONVERSION,CLUTCH_RESPONSE
2023_04_LA_IND,2023,REG,4,2023-10-01,LA,IND,00-0026498,M.Stafford,23,5,10:00,0,LA 25,75.0,1,CONVERSION,CLUTCH_RESPONSE
2023_04_WAS_PHI,2023,REG,4,2023-10-01,WAS,PHI,00-0037077,S.Howell,14,4,14:15,-7,WAS 25,75.0,0,CONVERSION,CLUTCH_RESPONSE
2023_04_WAS_PHI,2023,REG,4,2023-10-01,PHI,WAS,00-0036389,J.Hurts,17,4,03:20,0,PHI 43,57.0,0,CONVERSION,CLUTCH_RESPONSE
2023_04_WAS_PHI,2023,REG,4,2023-10-01,WAS,PHI,00-0037077,S.Howell,18,4,01:43,-7,WAS 36,64.0,0,CONVERSION,CLUTCH_RESPONSE
2023_04_WAS_PHI,2023,REG,4,2023-10-01,PHI,WAS,00-0036389,J.Hurts,20,5,08:26,0,PHI 41,59.0,1,CONVERSION,CLUTCH_RESPONSE
2023_05_BAL_PIT,2023,REG,5,2023-10-08,PIT,BAL,00-0038102,K.Pickett,20,4,04:06,-2,PIT 20,80.0,0,CONVERSION,CLUTCH_RESPONSE
2023_05_HOU_ATL,2023,REG,5,2023-10-08,HOU,ATL,00-0039163,C.Stroud,22,4,06:57,-6,HOU 25,75.0,1,CONVERSION,CLUTCH_RESPONSE
2023_05_HOU_ATL,2023,REG,5,2023-10-08,ATL,HOU,00-0038122,D.Ridder,23,4,01:49,-1,ATL 25,75.0,1,CONVERSION,CLUTCH_RESPONSE
2023_06_DAL_LAC,2023,REG,6,2023-10-16,LAC,DAL,00-0036355,J.Herbert,17,4,08:41,-7,DAL 20,20.0,0,CONVERSION,CLUTCH_RESPONSE
2023_06_DAL_LAC,2023,REG,6,2023-10-16,DAL,LAC,00-0033077,D.Prescott,18,4,07:11,0,DAL 25,75.0,1,CONVERSION,CLUTCH_RESPONSE
2023_06_NYG_BUF,2023,REG,6,2023-10-15,NYG,BUF,00-0028118,T.Taylor,15,4,14:54,-1,NYG 10,90.0,0,CONVERSION,CLUTCH_RESPONSE
2023_06_NYG_BUF,2023,REG,6,2023-10-15,BUF,NYG,00-0034857,J.Allen,16,4,10:35,-2,BUF 25,75.0,0,CONVERSION,CLUTCH_RESPONSE
2023_06_PHI_NYJ,2023,REG,6,2023-10-15,NYJ,PHI,00-0037013,Z.Wilson,19,4,01:50,-2,PHI 8,8.0,1,CONVERSION,CLUTCH_RESPONSE
2023_06_SF_CLE,2023,REG,6,2023-10-15,SF,CLE,00-0037834,B.Purdy,21,4,11:04,-3,CLE 8,8.0,0,CONVERSION,CLUTCH_RESPONSE
2023_06_SF_CLE,2023,REG,6,2023-10-15,CLE,SF,00-0033275,P.Walker,24,4,02:56,-1,CLE 26,74.0,1,CONVERSION,CLUTCH_RESPONSE
2023_06_SF_CLE,2023,REG,6,2023-10-15,SF,CLE,00-0037834,B.Purdy,25,4,01:40,-2,SF 25,75.0,1,CONVERSION,CLUTCH_RESPONSE
2023_07_ATL_TB,2023,REG,7,2023-10-22,TB,ATL,00-0034855,B.Mayfield,19,4,02:36,-3,TB 33,67.0,1,CONVERSION,CLUTCH_RESPONSE
2023_07_ATL_TB,2023,REG,7,2023-10-22,ATL,TB,00-0038122,D.Ridder,20,4,00:45,0,ATL 25,75.0,1,CONVERSION,CLUTCH_RESPONSE
2023_07_BUF_NE,2023,REG,7,2023-10-22,BUF,NE,00-0034857,J.Allen,17,4,04:56,-5,NE 29,29.0,0,CONVERSION,CLUTCH_RESPONSE
2023_07_BUF_NE,2023,REG,7,2023-10-22,NE,BUF,00-0036972,M.Jones,18,4,01:58,-3,NE 25,75.0,1,CONVERSION,CLUTCH_RESPONSE
2023_07_CLE_IND,2023,REG,7,2023-10-22,CLE,IND,00-0033275,P.Walker,26,4,09:02,-1,CLE 43,57.0,0,CONVERSION,CLUTCH_RESPONSE
2023_07_CLE_IND,2023,REG,7,2023-10-22,IND,CLE,00-0035289,G.Minshew,27,4,06:33,-2,IND 25,75.0,0,CONVERSION,CLUTCH_RESPONSE
2023_07_CLE_IND,2023,REG,7,2023-10-22,CLE,IND,00-0033275,P.Walker,30,4,02:35,-5,CLE 20,80.0,1,CONVERSION,CLUTCH_RESPONSE
2023_07_GB_DEN,2023,REG,7,2023-10-22,GB,DEN,00-0036264,J.Love,15,4,14:50,-6,GB 24,76.0,0,CONVERSION,CLUTCH_RESPONSE
2023_07_GB_DEN,2023,REG,7,2023-10-22,DEN,GB,00-0029263,R.Wilson,16,4,08:31,-1,DEN 25,75.0,0,CONVERSION,CLUTCH_RESPONSE
2023_07_JAX_NO,2023,REG,7,2023-10-19,NO,JAX,00-0031280,D.Carr,21,4,07:29,-8,NO 47,53.0,0,CONVERSION,CLUTCH_RESPONSE
2023_07_JAX_NO,2023,REG,7,2023-10-19,JAX,NO,00-0036971,T.Lawrence,24,4,03:45,0,NO 46,46.0,1,CONVERSION,CLUTCH_RESPONSE
2023_07_PIT_LA,2023,REG,7,2023-10-22,PIT,LA,00-0038102,K.Pickett,19,4,12:36,0,PIT 20,80.0,0,CONVERSION,CLUTCH_RESPONSE
2023_08_CLE_SEA,2023,REG,8,2023-10-29,SEA,CLE,00-0030565,G.Smith,22,4,01:57,-3,SEA 43,57.0,1,CONVERSION,CLUTCH_RESPONSE
2023_08_HOU_CAR,2023,REG,8,2023-10-29,CAR,HOU,00-0039150,B.Young,19,4,06:17,-1,CAR 9,91.0,1,CONVERSION,CLUTCH_RESPONSE
2023_08_NYJ_NYG,2023,REG,8,2023-10-29,NYJ,NYG,00-0037013,Z.Wilson,32,4,00:24,-3,NYJ 25,75.0,0,CONVERSION,CLUTCH_RESPONSE
2023_08_NYJ_NYG,2023,REG,8,2023-10-29,NYJ,NYG,00-0037013,Z.Wilson,34,5,08:11,0,NYJ 39,61.0,1,CONVERSION,CLUTCH_RESPONSE
2023_08_PHI_WAS,2023,REG,8,2023-10-29,PHI,WAS,00-0036389,J.Hurts,15,4,12:03,-7,PHI 25,75.0,0,CONVERSION,CLUTCH_RESPONSE
2023_08_PHI_WAS,2023,REG,8,2023-10-29,PHI,WAS,00-0036389,J.Hurts,17,4,08:02,0,WAS 7,7.0,0,CONVERSION,CLUTCH_RESPONSE
2023_09_MIN_ATL,2023,REG,9,2023-11-05,ATL,MIN,00-0031800,T.Heinicke,24,4,09:06,-3,ATL 21,79.0,0,CONVERSION,CLUTCH_RESPONSE
2023_09_MIN_ATL,2023,REG,9,2023-11-05,MIN,ATL,00-0033949,J.Dobbs,25,4,02:08,-4,MIN 25,75.0,1,CONVERSION,CLUTCH_RESPONSE
2023_09_TB_HOU,2023,REG,9,2023-11-05,TB,HOU,00-0034855,B.Mayfield,18,4,14:11,-7,TB 25,75.0,0,CONVERSION,CLUTCH_RESPONSE
2023_09_TB_HOU,2023,REG,9,2023-11-05,HOU,TB,00-0039163,C.Stroud,19,4,11:43,0,HOU 25,75.0,0,CONVERSION,CLUTCH_RESPONSE
2023_09_TB_HOU,2023,REG,9,2023-11-05,TB,HOU,00-0034855,B.Mayfield,22,4,04:27,-3,TB 39,61.0,1,CONVERSION,CLUTCH_RESPONSE
2023_09_TB_HOU,2023,REG,9,2023-11-05,HOU,TB,00-0039163,C.Stroud,23,4,00:46,-4,HOU 25,75.0,1,CONVERSION,CLUTCH_RESPONSE
2023_09_TEN_PIT,2023,REG,9,2023-11-02,PIT,TEN,00-0038102,K.Pickett,14,4,09:13,-3,PIT 8,92.0,0,CONVERSION,CLUTCH_RESPONSE
2023_10_ATL_ARI,2023,REG,10,2023-11-12,ATL,ARI,00-0038122,D.Ridder,19,4,05:43,-5,ATL 26,74.0,1,CONVERSION,CLUTCH_RESPONSE
2023_10_ATL_ARI,2023,REG,10,2023-11-12,ARI,ATL,00-0035228,K.Murray,20,4,02:33,-1,ARI 25,75.0,1,CONVERSION,CLUTCH_RESPONSE
2023_10_CLE_BAL,2023,REG,10,2023-11-12,CLE,BAL,00-0033537,D.Watson,20,4,04:55,-1,CLE 20,80.0,1,CONVERSION,CLUTCH_RESPONSE
2023_10_DEN_BUF,2023,REG,10,2023-11-13,DEN,BUF,00-0029263,R.Wilson,21,4,12:22,0,DEN 46,54.0,0,CONVERSION,CLUTCH_RESPONSE
2023_10_DEN_BUF,2023,REG,10,2023-11-13,BUF,DEN,00-0034857,J.Allen,22,4,05:06,-6,BUF 25,75.0,1,CONVERSION,CLUTCH_RESPONSE
2023_10_DEN_BUF,2023,REG,10,2023-11-13,DEN,BUF,00-0029263,R.Wilson,23,4,01:55,-1,DEN 25,75.0,1,CONVERSION,CLUTCH_RESPONSE
2023_10_DET_LAC,2023,REG,10,2023-11-12,DET,LAC,00-0033106,J.Goff,17,4,11:30,0,DET 25,75.0,0,CONVERSION,CLUTCH_RESPONSE
2023_10_DET_LAC,2023,REG,10,2023-11-12,LAC,DET,00-0036355,J.Herbert,18,4,07:30,-7,LAC 32,68.0,1,CONVERSION,CLUTCH_RESPONSE
2023_10_DET_LAC,2023,REG,10,2023-11-12,DET,LAC,00-0033106,J.Goff,19,4,03:34,0,DET 25,75.0,1,CONVERSION,CLUTCH_RESPONSE
2023_10_HOU_CIN,2023,REG,10,2023-11-12,CIN,HOU,00-0036442,J.Burrow,25,4,02:10,-3,CIN 29,71.0,1,CONVERSION,CLUTCH_RESPONSE
2023_10_HOU_CIN,2023,REG,10,2023-11-12,HOU,CIN,00-0039163,C.Stroud,26,4,01:33,0,HOU 25,75.0,1,CONVERSION,CLUTCH_RESPONSE
2023_10_WAS_SEA,2023,REG,10,2023-11-12,WAS,SEA,00-0037077,S.Howell,20,4,12:14,-7,WAS 27,73.0,0,CONVERSION,CLUTCH_RESPONSE
2023_10_WAS_SEA,2023,REG,10,2023-11-12,SEA,WAS,00-0030565,G.Smith,21,4,08:00,0,SEA 25,75.0,0,CONVERSION,CLUTCH_RESPONSE
2023_10_WAS_SEA,2023,REG,10,2023-11-12,WAS,SEA,00-0037077,S.Howell,22,4,03:47,-7,WAS 29,71.0,1,CONVERSION,CLUTCH_RESPONSE
2023_10_WAS_SEA,2023,REG,10,2023-11-12,SEA,WAS,00-0030565,G.Smith,23,4,00:52,0,SEA 25,75.0,1,CONVERSION,CLUTCH_RESPONSE
2023_11_CHI_DET,2023,REG,11,2023-11-19,DET,CHI,00-0033106,J.Goff,19,4,02:33,-5,DET 27,73.0,1,CONVERSION,CLUTCH_RESPONSE
2023_11_LAC_GB,2023,REG,11,2023-11-19,LAC,GB,00-0036355,J.Herbert,17,4,11:00,-3,LAC 37,63.0,0,CONVERSION,CLUTCH_RESPONSE
2023_11_LAC_GB,2023,REG,11,2023-11-19,GB,LAC,00-0036264,J.Love,18,4,05:24,-4,GB 25,75.0,0,CONVERSION,CLUTCH_RESPONSE
2023_11_MIN_DEN,2023,REG,11,2023-11-19,DEN,MIN,00-0029263,R.Wilson,19,4,03:17,-5,DEN 25,75.0,1,CONVERSION,CLUTCH_RESPONSE
2023_11_PHI_KC,2023,REG,11,2023-11-20,PHI,KC,00-0036389,J.Hurts,20,4,08:56,-3,PHI 20,80.0,0,CONVERSION,CLUTCH_RESPONSE
2023_11_PIT_CLE,2023,REG,11,2023-11-19,PIT,CLE,00-0038102,K.Pickett,19,4,14:50,-3,PIT 28,72.0,0,CONVERSION,CLUTCH_RESPONSE
2023_11_PIT_CLE,2023,REG,11,2023-11-19,CLE,PIT,00-0038583,D.Thompson-Robinson,24,4,01:18,0,CLE 35,65.0,1,CONVERSION,CLUTCH_RESPONSE
2023_11_SEA_LA,2023,REG,11,2023-11-19,LA,SEA,00-0026498,M.Stafford,20,4,06:43,-2,LA 21,79.0,1,CONVERSION,CLUTCH_RESPONSE
2023_12_BUF_PHI,2023,REG,12,2023-11-26,PHI,BUF,00-0036389,J.Hurts,21,4,12:46,-3,BUF 24,24.0,0,CONVERSION,CLUTCH_RESPONSE
2023_12_BUF_PHI,2023,REG,12,2023-11-26,BUF,PHI,00-0034857,J.Allen,24,4,07:06,-4,BUF 26,74.0,0,CONVERSION,CLUTCH_RESPONSE
2023_12_BUF_PHI,2023,REG,12,2023-11-26,PHI,BUF,00-0036389,J.Hurts,25,4,01:52,-3,PHI 25,75.0,0,CONVERSION,CLUTCH_RESPONSE
2023_12_BUF_PHI,2023,REG,12,2023-11-26,BUF,PHI,00-0034857,J.Allen,27,5,10:00,0,BUF 25,75.0,1,CONVERSION,CLUTCH_RESPONSE
2023_12_BUF_PHI,2023,REG,12,2023-11-26,PHI,BUF,00-0036389,J.Hurts,28,5,05:52,-3,PHI 25,75.0,1,CONVERSION,CLUTCH_RESPONSE
2023_12_CHI_MIN,2023,REG,12,2023-11-27,MIN,CHI,00-0033949,J.Dobbs,17,4,09:46,-6,MIN 23,77.0,0,CONVERSION,CLUTCH_RESPONSE
2023_12_CHI_MIN,2023,REG,12,2023-11-27,CHI,MIN,00-0036945,J.Fields,20,4,02:29,-1,CHI 22,78.0,1,CONVERSION,CLUTCH_RESPONSE
2023_12_NE_NYG,2023,REG,12,2023-11-26,NYG,NE,00-0038476,T.DeVito,20,4,12:31,0,NE 32,32.0,0,CONVERSION,CLUTCH_RESPONSE
2023_12_NE_NYG,2023,REG,12,2023-11-26,NE,NYG,00-0038108,B.Zappe,23,4,03:15,-3,50,50.0,1,CONVERSION,CLUTCH_RESPONSE
2023_13_CIN_JAX,2023,REG,13,2023-12-04,CIN,JAX,00-0035100,J.Browning,17,4,14:43,-7,JAX 48,48.0,0,CONVERSION,CLUTCH_RESPONSE
2023_13_CIN_JAX,2023,REG,13,2023-12-04,CIN,JAX,00-0035100,J.Browning,19,4,04:59,0,CIN 38,62.0,0,CONVERSION,CLUTCH_RESPONSE
2023_13_CIN_JAX,2023,REG,13,2023-12-04,JAX,CIN,00-0033936,C.Beathard,20,4,02:28,-3,JAX 25,75.0,0,CONVERSION,CLUTCH_RESPONSE
2023_13_CIN_JAX,2023,REG,13,2023-12-04,CIN,JAX,00-0035100,J.Browning,23,5,05:02,0,CIN 28,72.0,1,CONVERSION,CLUTCH_RESPONSE
2023_13_IND_TEN,2023,REG,13,2023-12-03,TEN,IND,00-0039152,W.Levis,21,4,11:34,-6,TEN 25,75.0,0,CONVERSION,CLUTCH_RESPONSE
2023_13_IND_TEN,2023,REG,13,2023-12-03,TEN,IND,00-0039152,W.Levis,27,5,10:00,0,TEN 25,75.0,1,CONVERSION,CLUTCH_RESPONSE
2023_13_IND_TEN,2023,REG,13,2023-12-03,IND,TEN,00-0035289,G.Minshew,28,5,04:19,-3,IND 25,75.0,1,CONVERSION,CLUTCH_RESPONSE
2023_13_SEA_DAL,2023,REG,13,2023-11-30,DAL,SEA,00-0033077,D.Prescott,17,4,07:04,-5,DAL 46,54.0,0,CONVERSION,CLUTCH_RESPONSE
2023_14_BUF_KC,2023,REG,14,2023-12-10,KC,BUF,00-0033873,P.Mahomes,16,4,14:46,-3,KC 41,59.0,0,CONVERSION,CLUTCH_RESPONSE
2023_14_BUF_KC,2023,REG,14,2023-12-10,BUF,KC,00-0034857,J.Allen,19,4,06:57,0,BUF 31,69.0,1,CONVERSION,CLUTCH_RESPONSE
2023_14_GB_NYG,2023,REG,14,2023-12-11,GB,NYG,00-0036264,J.Love,22,4,03:34,-5,NYG 36,36.0,1,CONVERSION,CLUTCH_RESPONSE
2023_14_GB_NYG,2023,REG,14,2023-12-11,NYG,GB,00-0038476,T.DeVito,23,4,01:33,-1,NYG 25,75.0,1,CONVERSION,CLUTCH_RESPONSE
2023_14_LA_BAL,2023,REG,14,2023-12-10,LA,BAL,00-0026498,M.Stafford,21,4,08:01,-1,LA 15,85.0,0,CONVERSION,CLUTCH_RESPONSE
2023_14_LA_BAL,2023,REG,14,2023-12-10,BAL,LA,00-0034796,L.Jackson,22,4,04:41,-5,BAL 25,75.0,0,CONVERSION,CLUTCH_RESPONSE
2023_14_LA_BAL,2023,REG,14,2023-12-10,LA,BAL,00-0026498,M.Stafford,23,4,01:16,-3,LA 25,75.0,0,CONVERSION,CLUTCH_RESPONSE
2023_14_MIN_LV,2023,REG,14,2023-12-10,MIN,LV,00-0033319,N.Mullens,20,4,05:19,0,MIN 26,74.0,0,CONVERSION,CLUTCH_RESPONSE
2023_14_TB_ATL,2023,REG,14,2023-12-10,ATL,TB,00-0038122,D.Ridder,23,4,06:10,-5,ATL 25,75.0,0,CONVERSION,CLUTCH_RESPONSE
2023_14_TB_ATL,2023,REG,14,2023-12-10,TB,ATL,00-0034855,B.Mayfield,24,4,03:23,-3,TB 25,75.0,1,CONVERSION,CLUTCH_RESPONSE
2023_14_TEN_MIA,2023,REG,14,2023-12-11,MIA,TEN,00-0036212,T.Tagovailoa,18,4,06:07,0,TEN 7,7.0,0,CONVERSION,CLUTCH_RESPONSE
2023_14_TEN_MIA,2023,REG,14,2023-12-11,TEN,MIA,00-0039152,W.Levis,23,4,02:15,-6,TEN 36,64.0,1,CONVERSION,CLUTCH_RESPONSE
2023_15_ATL_CAR,2023,REG,15,2023-12-17,CAR,ATL,00-0039150,B.Young,20,4,07:35,-1,CAR 5,95.0,1,CONVERSION,CLUTCH_RESPONSE
2023_15_CHI_CLE,2023,REG,15,2023-12-17,CLE,CHI,00-0026158,J.Flacco,28,4,05:18,-7,CLE 20,80.0,0,CONVERSION,CLUTCH_RESPONSE
2023_15_CHI_CLE,2023,REG,15,2023-12-17,CLE,CHI,00-0026158,J.Flacco,30,4,01:50,0,CLE 21,79.0,1,CONVERSION,CLUTCH_RESPONSE
2023_15_HOU_TEN,2023,REG,15,2023-12-17,HOU,TEN,00-0028986,C.Keenum,16,4,07:28,-7,HOU 21,79.0,0,CONVERSION,CLUTCH_RESPONSE
2023_15_HOU_TEN,2023,REG,15,2023-12-17,HOU,TEN,00-0028986,C.Keenum,24,5,01:43,0,HOU 20,80.0,1,CONVERSION,CLUTCH_RESPONSE
2023_15_MIN_CIN,2023,REG,15,2023-12-16,CIN,MIN,00-0035100,J.Browning,15,4,13:22,-7,CIN 37,63.0,0,CONVERSION,CLUTCH_RESPONSE
2023_15_MIN_CIN,2023,REG,15,2023-12-16,MIN,CIN,00-0033319,N.Mullens,16,4,07:46,0,MIN 25,75.0,0,CONVERSION,CLUTCH_RESPONSE
2023_15_MIN_CIN,2023,REG,15,2023-12-16,CIN,MIN,00-0035100,J.Browning,17,4,03:48,-7,CIN 25,75.0,0,CONVERSION,CLUTCH_RESPONSE
2023_15_MIN_CIN,2023,REG,15,2023-12-16,CIN,MIN,00-0035100,J.Browning,22,5,06:12,0,CIN 42,58.0,1,CONVERSION,CLUTCH_RESPONSE
2023_15_PHI_SEA,2023,REG,15,2023-12-18,SEA,PHI,00-0035704,D.Lock,18,4,01:52,-4,SEA 8,92.0,1,CONVERSION,CLUTCH_RESPONSE
2023_16_BUF_LAC,2023,REG,16,2023-12-23,LAC,BUF,00-0035282,E.Stick,20,4,07:10,-2,BUF 32,32.0,0,CONVERSION,CLUTCH_RESPONSE
2023_16_BUF_LAC,2023,REG,16,2023-12-23,BUF,LAC,00-0034857,J.Allen,21,4,05:26,-1,BUF 25,75.0,1,CONVERSION,CLUTCH_RESPONSE
2023_16_DAL_MIA,2023,REG,16,2023-12-24,DAL,MIA,00-0033077,D.Prescott,17,4,11:06,-6,DAL 31,69.0,1,CONVERSION,CLUTCH_RESPONSE
2023_16_DAL_MIA,2023,REG,16,2023-12-24,MIA,DAL,00-0036212,T.Tagovailoa,18,4,03:27,-1,MIA 25,75.0,1,CONVERSION,CLUTCH_RESPONSE
2023_16_GB_CAR,2023,REG,16,2023-12-24,CAR,GB,00-0039150,B.Young,18,4,05:47,-8,CAR 30,70.0,0,CONVERSION,CLUTCH_RESPONSE
2023_16_GB_CAR,2023,REG,16,2023-12-24,GB,CAR,00-0036264,J.Love,19,4,04:05,0,GB 25,75.0,1,CONVERSION,CLUTCH_RESPONSE
2023_16_NE_DEN,2023,REG,16,2023-12-24,DEN,NE,00-0029263,R.Wilson,24,4,06:33,-8,DEN 22,78.0,0,CONVERSION,CLUTCH_RESPONSE
2023_16_NE_DEN,2023,REG,16,2023-12-24,NE,DEN,00-0038108,B.Zappe,27,4,00:58,0,NE 19,81.0,1,CONVERSION,CLUTCH_RESPONSE
2023_16_SEA_TEN,2023,REG,16,2023-12-24,TEN,SEA,00-0029701,R.Tannehill,13,4,12:10,-3,TEN 25,75.0,0,CONVERSION,CLUTCH_RESPONSE
2023_16_SEA_TEN,2023,REG,16,2023-12-24,SEA,TEN,00-0030565,G.Smith,14,4,03:21,-4,SEA 25,75.0,1,CONVERSION,CLUTCH_RESPONSE
2023_16_WAS_NYJ,2023,REG,16,2023-12-24,WAS,NYJ,00-0033119,J.Brissett,27,4,07:55,-6,WAS 17,83.0,0,CONVERSION,CLUTCH_RESPONSE
2023_16_WAS_NYJ,2023,REG,16,2023-12-24,NYJ,WAS,00-0032156,T.Siemian,30,4,01:41,-1,NYJ 33,67.0,1,CONVERSION,CLUTCH_RESPONSE
2023_17_ARI_PHI,2023,REG,17,2023-12-31,ARI,PHI,00-0035228,K.Murray,12,4,09:55,-7,ARI 23,77.0,0,CONVERSION,CLUTCH_RESPONSE
2023_17_ARI_PHI,2023,REG,17,2023-12-31,PHI,ARI,00-0036389,J.Hurts,13,4,05:26,0,ARI 39,39.0,0,CONVERSION,CLUTCH_RESPONSE
2023_17_ARI_PHI,2023,REG,17,2023-12-31,ARI,PHI,00-0035228,K.Murray,14,4,02:33,-3,ARI 30,70.0,1,CONVERSION,CLUTCH_RESPONSE
2023_17_DET_DAL,2023,REG,17,2023-12-30,DAL,DET,00-0033077,D.Prescott,17,4,12:18,-3,DAL 25,75.0,0,CONVERSION,CLUTCH_RESPONSE
2023_17_DET_DAL,2023,REG,17,2023-12-30,DET,DAL,00-0033106,J.Goff,22,4,01:41,-7,DET 25,75.0,1,CONVERSION,CLUTCH_RESPONSE
2023_18_BUF_MIA,2023,REG,18,2024-01-07,BUF,MIA,00-0034857,J.Allen,14,4,12:08,0,BUF 26,74.0,0,CONVERSION,CLUTCH_RESPONSE
2023_18_HOU_IND,2023,REG,18,2024-01-06,HOU,IND,00-0039163,C.Stroud,20,4,13:33,0,HOU 27,73.0,0,CONVERSION,CLUTCH_RESPONSE
2023_18_KC_LAC,2023,REG,18,2024-01-07,LAC,KC,00-0035282,E.Stick,18,4,10:55,-1,LAC 14,86.0,0,CONVERSION,CLUTCH_RESPONSE
2023_18_KC_LAC,2023,REG,18,2024-01-07,KC,LAC,00-0027948,B.Gabbert,19,4,04:06,-2,KC 25,75.0,1,CONVERSION,CLUTCH_RESPONSE
2023_18_LA_SF,2023,REG,18,2024-01-07,LA,SF,00-0032950,C.Wentz,13,4,07:49,-7,LA 29,71.0,0,CONVERSION,CLUTCH_RESPONSE
2023_18_SEA_ARI,2023,REG,18,2024-01-07,SEA,ARI,00-0030565,G.Smith,17,4,02:56,-7,SEA 33,67.0,1,CONVERSION,CLUTCH_RESPONSE
2023_20_GB_SF,2023,POST,20,2024-01-20,SF,GB,00-0037834,B.Purdy,18,4,06:18,-4,SF 31,69.0,1,CONVERSION,CLUTCH_RESPONSE
2023_20_KC_BUF,2023,POST,20,2024-01-21,BUF,KC,00-0034857,J.Allen,16,4,08:23,-3,BUF 20,80.0,1,CONVERSION,CLUTCH_RESPONSE
2023_22_SF_KC,2023,POST,22,2024-02-11,KC,SF,00-0033873,P.Mahomes,21,4,11:22,-3,KC 25,75.0,0,CONVERSION,CLUTCH_RESPONSE
2023_22_SF_KC,2023,POST,22,2024-02-11,SF,KC,00-0037834,B.Purdy,22,4,05:46,0,SF 25,75.0,0,CONVERSION,CLUTCH_RESPONSE
2023_22_SF_KC,2023,POST,22,2024-02-11,KC,SF,00-0033873,P.Mahomes,23,4,01:53,-3,KC 25,75.0,0,CONVERSION,CLUTCH_RESPONSE
2023_22_SF_KC,2023,POST,22,2024-02-11,SF,KC,00-0037834,B.Purdy,25,5,15:00,0,SF 25,75.0,1,CONVERSION,CLUTCH_RESPONSE
2023_22_SF_KC,2023,POST,22,2024-02-11,KC,SF,00-0033873,P.Mahomes,26,5,07:22,-3,KC 25,75.0,1,CONVERSION,CLUTCH_RESPONSE
2024_01_JAX_MIA,2024,REG,1,2024-09-08,MIA,JAX,00-0036212,T.Tagovailoa,18,4,14:47,-3,JAX 30,30.0,0,CONVERSION,CLUTCH_RESPONSE
2024_01_JAX_MIA,2024,REG,1,2024-09-08,MIA,JAX,00-0036212,T.Tagovailoa,20,4,11:06,-3,MIA 8,92.0,0,CONVERSION,CLUTCH_RESPONSE
2024_01_JAX_MIA,2024,REG,1,2024-09-08,MIA,JAX,00-0036212,T.Tagovailoa,22,4,02:09,0,MIA 35,65.0,1,CONVERSION,CLUTCH_RESPONSE
2024_01_LA_DET,2024,REG,1,2024-09-08,LA,DET,00-0026498,M.Stafford,16,4,09:09,-4,LA 20,80.0,0,CONVERSION,CLUTCH_RESPONSE
2024_01_LA_DET,2024,REG,1,2024-09-08,DET,LA,00-0033106,J.Goff,19,4,02:11,-3,DET 31,69.0,0,CONVERSION,CLUTCH_RESPONSE
2024_01_LA_DET,2024,REG,1,2024-09-08,DET,LA,00-0033106,J.Goff,21,5,10:00,0,DET 30,70.0,1,CONVERSION,CLUTCH_RESPONSE
2024_02_ATL_PHI,2024,REG,2,2024-09-16,ATL,PHI,00-0029604,K.Cousins,16,4,01:39,-6,ATL 30,70.0,1,CONVERSION,CLUTCH_RESPONSE
2024_02_CIN_KC,2024,REG,2,2024-09-15,CIN,KC,00-0036442,J.Burrow,16,4,14:40,-1,CIN 32,68.0,0,CONVERSION,CLUTCH_RESPONSE
2024_02_CIN_KC,2024,REG,2,2024-09-15,KC,CIN,00-0033873,P.Mahomes,19,4,02:35,-2,KC 25,75.0,1,CONVERSION,CLUTCH_RESPONSE
2024_02_LV_BAL,2024,REG,2,2024-09-15,LV,BAL,00-0035289,G.Minshew,21,4,07:36,-7,LV 30,70.0,0,CONVERSION,CLUTCH_RESPONSE
2024_02_LV_BAL,2024,REG,2,2024-09-15,LV,BAL,00-0035289,G.Minshew,23,4,02:21,0,BAL 43,43.0,1,CONVERSION,CLUTCH_RESPONSE
2024_02_NYG_WAS,2024,REG,2,2024-09-15,WAS,NYG,00-0039910,J.Daniels,13,4,11:32,-3,WAS 40,60.0,0,CONVERSION,CLUTCH_RESPONSE
2024_02_NYG_WAS,2024,REG,2,2024-09-15,WAS,NYG,00-0039910,J.Daniels,15,4,02:04,0,WAS 23,77.0,1,CONVERSION,CLUTCH_RESPONSE
2024_02_NYJ_TEN,2024,REG,2,2024-09-15,NYJ,TEN,00-0023459,A.Rodgers,20,4,08:41,0,NYJ 26,74.0,1,CONVERSION,CLUTCH_RESPONSE
2024_02_SEA_NE,2024,REG,2,2024-09-15,SEA,NE,00-0030565,G.Smith,19,4,03:54,-3,SEA 38,62.0,0,CONVERSION,CLUTCH_RESPONSE
2024_02_SEA_NE,2024,REG,2,2024-09-15,SEA,NE,00-0030565,G.Smith,23,5,08:12,0,SEA 16,84.0,1,CONVERSION,CLUTCH_RESPONSE
2024_03_PHI_NO,2024,REG,3,2024-09-22,PHI,NO,00-0036389,J.Hurts,14,4,14:58,-3,PHI 18,82.0,0,CONVERSION,CLUTCH_RESPONSE
2024_03_PHI_NO,2024,REG,3,2024-09-22,NO,PHI,00-0031280,D.Carr,17,4,06:41,-1,50,50.0,0,CONVERSION,CLUTCH_RESPONSE
2024_03_PHI_NO,2024,REG,3,2024-09-22,PHI,NO,00-0036389,J.Hurts,18,4,02:03,-5,PHI 31,69.0,1,CONVERSION,CLUTCH_RESPONSE
2024_03_SF_LA,2024,REG,3,2024-09-22,LA,SF,00-0026498,M.Stafford,15,4,02:43,-7,LA 45,55.0,0,CONVERSION,CLUTCH_RESPONSE
2024_03_SF_LA,2024,REG,3,2024-09-22,LA,SF,00-0026498,M.Stafford,17,4,00:42,0,50,50.0,1,CONVERSION,CLUTCH_RESPONSE
2024_04_DEN_NYJ,2024,REG,4,2024-09-29,DEN,NYJ,00-0039732,B.Nix,20,4,13:34,-2,DEN 30,70.0,0,CONVERSION,CLUTCH_RESPONSE
2024_04_JAX_HOU,2024,REG,4,2024-09-29,HOU,JAX,00-0039163,C.Stroud,21,4,02:54,-3,HOU 31,69.0,1,CONVERSION,CLUTCH_RESPONSE
2024_04_KC_LAC,2024,REG,4,2024-09-29,KC,LAC,00-0033873,P.Mahomes,19,4,08:16,0,KC 40,60.0,0,CONVERSION,CLUTCH_RESPONSE
2024_04_NO_ATL,2024,REG,4,2024-09-29,NO,ATL,00-0031280,D.Carr,17,4,03:28,-6,ATL 42,42.0,1,CONVERSION,CLUTCH_RESPONSE
2024_04_NO_ATL,2024,REG,4,2024-09-29,ATL,NO,00-0029604,K.Cousins,18,4,01:00,-1,ATL 30,70.0,1,CONVERSION,CLUTCH_RESPONSE
2024_05_ARI_SF,2024,REG,5,2024-10-06,ARI,SF,00-0035228,K.Murray,17,4,06:11,-2,ARI 9,91.0,1,CONVERSION,CLUTCH_RESPONSE
2024_05_BAL_CIN,2024,REG,5,2024-10-06,BAL,CIN,00-0034796,L.Jackson,21,4,03:01,-3,BAL 28,72.0,0,CONVERSION,CLUTCH_RESPONSE
2024_05_BAL_CIN,2024,REG,5,2024-10-06,BAL,CIN,00-0034796,L.Jackson,25,5,04:26,0,BAL 43,57.0,1,CONVERSION,CLUTCH_RESPONSE
2024_05_BUF_HOU,2024,REG,5,2024-10-06,BUF,HOU,00-0034857,J.Allen,22,4,04:21,-3,HOU 15,15.0,0,CONVERSION,CLUTCH_RESPONSE
2024_05_BUF_HOU,2024,REG,5,2024-10-06,HOU,BUF,00-0039163,C.Stroud,25,4,00:07,0,BUF 46,46.0,1,CONVERSION,CLUTCH_RESPONSE
2024_05_DAL_PIT,2024,REG,5,2024-10-06,PIT,DAL,00-0036945,J.Fields,17,4,10:28,-3,PIT 37,63.0,0,CONVERSION,CLUTCH_RESPONSE
2024_05_DAL_PIT,2024,REG,5,2024-10-06,DAL,PIT,00-0033077,D.Prescott,18,4,04:56,-4,DAL 30,70.0,1,CONVERSION,CLUTCH_RESPONSE
2024_05_IND_JAX,2024,REG,5,2024-10-06,IND,JAX,00-0026158,J.Flacco,23,4,03:25,-7,IND 23,77.0,0,CONVERSION,CLUTCH_RESPONSE
2024_05_IND_JAX,2024,REG,5,2024-10-06,JAX,IND,00-0036971,T.Lawrence,24,4,02:40,0,JAX 30,70.0,1,CONVERSION,CLUTCH_RESPONSE
2024_05_MIA_NE,2024,REG,5,2024-10-06,MIA,NE,00-0035993,T.Huntley,19,4,12:00,-1,MIA 20,80.0,0,CONVERSION,CLUTCH_RESPONSE
2024_05_TB_ATL,2024,REG,5,2024-10-03,TB,ATL,00-0034855,B.Mayfield,15,4,13:18,0,TB 30,70.0,0,CONVERSION,CLUTCH_RESPONSE
2024_05_TB_ATL,2024,REG,5,2024-10-03,ATL,TB,00-0029604,K.Cousins,20,4,01:14,-3,ATL 20,80.0,0,CONVERSION,CLUTCH_RESPONSE
2024_05_TB_ATL,2024,REG,5,2024-10-03,ATL,TB,00-0029604,K.Cousins,21,5,10:00,0,ATL 30,70.0,1,CONVERSION,CLUTCH_RESPONSE
2024_06_BUF_NYJ,2024,REG,6,2024-10-14,NYJ,BUF,00-0023459,A.Rodgers,15,4,14:06,0,NYJ 34,66.0,0,CONVERSION,CLUTCH_RESPONSE
2024_06_BUF_NYJ,2024,REG,6,2024-10-14,BUF,NYJ,00-0034857,J.Allen,16,4,09:44,0,BUF 33,67.0,0,CONVERSION,CLUTCH_RESPONSE
2024_06_CLE_PHI,2024,REG,6,2024-10-13,PHI,CLE,00-0036389,J.Hurts,16,4,09:49,0,PHI 30,70.0,0,CONVERSION,CLUTCH_RESPONSE
2024_06_IND_TEN,2024,REG,6,2024-10-13,IND,TEN,00-0026158,J.Flacco,14,4,12:50,-4,IND 25,75.0,0,CONVERSION,CLUTCH_RESPONSE
2024_07_DET_MIN,2024,REG,7,2024-10-20,DET,MIN,00-0033106,J.Goff,21,4,02:32,-1,DET 30,70.0,1,CONVERSION,CLUTCH_RESPONSE
2024_07_HOU_GB,2024,REG,7,2024-10-20,HOU,GB,00-0039163,C.Stroud,22,4,08:11,-2,HOU 38,62.0,1,CONVERSION,CLUTCH_RESPONSE
2024_07_HOU_GB,2024,REG,7,2024-10-20,GB,HOU,00-0036264,J.Love,23,4,01:44,-1,GB 30,70.0,1,CONVERSION,CLUTCH_RESPONSE
2024_07_LAC_ARI,2024,REG,7,2024-10-21,LAC,ARI,00-0036355,J.Herbert,16,4,10:06,-2,LAC 1,99.0,1,CONVERSION,CLUTCH_RESPONSE
2024_07_LAC_ARI,2024,REG,7,2024-10-21,ARI,LAC,00-0035228,K.Murray,17,4,01:54,-1,ARI 30,70.0,1,CONVERSION,CLUTCH_RESPONSE
2024_08_ARI_MIA,2024,REG,8,2024-10-27,ARI,MIA,00-0035228,K.Murray,17,4,05:01,-2,ARI 11,89.0,1,CONVERSION,CLUTCH_RESPONSE
2024_08_BAL_CLE,2024,REG,8,2024-10-27,BAL,CLE,00-0034796,L.Jackson,20,4,04:55,-6,BAL 9,91.0,0,CONVERSION,CLUTCH_RESPONSE
2024_08_BAL_CLE,2024,REG,8,2024-10-27,CLE,BAL,00-0031503,J.Winston,21,4,02:36,-1,CLE 31,69.0,1,CONVERSION,CLUTCH_RESPONSE
2024_08_CHI_WAS,2024,REG,8,2024-10-27,CHI,WAS,00-0039918,C.Williams,22,4,04:21,-5,CHI 38,62.0,1,CONVERSION,CLUTCH_RESPONSE
2024_08_CHI_WAS,2024,REG,8,2024-10-27,WAS,CHI,00-0039910,J.Daniels,23,4,00:25,-3,WAS 24,76.0,1,CONVERSION,CLUTCH_RESPONSE
2024_08_GB_JAX,2024,REG,8,2024-10-27,JAX,GB,00-0036971,T.Lawrence,24,4,03:50,-7,JAX 13,87.0,1,CONVERSION,CLUTCH_RESPONSE
2024_08_GB_JAX,2024,REG,8,2024-10-27,GB,JAX,00-0038128,M.Willis,25,4,01:48,0,GB 30,70.0,1,CONVERSION,CLUTCH_RESPONSE
2024_08_NYJ_NE,2024,REG,8,2024-10-27,NE,NYJ,00-0033119,J.Brissett,17,4,12:39,-2,NE 34,66.0,0,CONVERSION,CLUTCH_RESPONSE
2024_08_NYJ_NE,2024,REG,8,2024-10-27,NYJ,NE,00-0023459,A.Rodgers,18,4,07:34,-1,NYJ 30,70.0,0,CONVERSION,CLUTCH_RESPONSE
2024_08_NYJ_NE,2024,REG,8,2024-10-27,NE,NYJ,00-0033119,J.Brissett,19,4,02:57,-5,NE 30,70.0,1,CONVERSION,CLUTCH_RESPONSE
2024_09_LA_SEA,2024,REG,9,2024-11-03,SEA,LA,00-0030565,G.Smith,25,4,01:54,-7,SEA 27,73.0,0,CONVERSION,CLUTCH_RESPONSE
2024_09_LA_SEA,2024,REG,9,2024-11-03,LA,SEA,00-0026498,M.Stafford,29,5,07:19,0,LA 17,83.0,1,CONVERSION,CLUTCH_RESPONSE
2024_09_MIA_BUF,2024,REG,9,2024-11-03,BUF,MIA,00-0034857,J.Allen,14,4,12:14,0,BUF 30,70.0,0,CONVERSION,CLUTCH_RESPONSE
2024_09_MIA_BUF,2024,REG,9,2024-11-03,MIA,BUF,00-0036212,T.Tagovailoa,15,4,06:18,-7,MIA 19,81.0,1,CONVERSION,CLUTCH_RESPONSE
2024_09_MIA_BUF,2024,REG,9,2024-11-03,BUF,MIA,00-0034857,J.Allen,16,4,01:38,0,BUF 30,70.0,1,CONVERSION,CLUTCH_RESPONSE
2024_09_NE_TEN,2024,REG,9,2024-11-03,TEN,NE,00-0034771,M.Rudolph,17,4,06:53,0,NE 26,26.0,0,CONVERSION,CLUTCH_RESPONSE
2024_09_NE_TEN,2024,REG,9,2024-11-03,NE,TEN,00-0039851,D.Maye,20,4,01:45,-7,50,50.0,0,CONVERSION,CLUTCH_RESPONSE
2024_09_NE_TEN,2024,REG,9,2024-11-03,TEN,NE,00-0034771,M.Rudolph,21,5,10:00,0,TEN 22,78.0,1,CONVERSION,CLUTCH_RESPONSE
2024_09_NO_CAR,2024,REG,9,2024-11-03,CAR,NO,00-0039150,B.Young,20,4,03:26,-5,CAR 36,64.0,1,CONVERSION,CLUTCH_RESPONSE
2024_09_TB_KC,2024,REG,9,2024-11-04,KC,TB,00-0033873,P.Mahomes,15,4,12:43,0,KC 22,78.0,0,CONVERSION,CLUTCH_RESPONSE
2024_09_TB_KC,2024,REG,9,2024-11-04,TB,KC,00-0034855,B.Mayfield,18,4,02:16,-7,TB 29,71.0,1,CONVERSION,CLUTCH_RESPONSE
2024_09_TB_KC,2024,REG,9,2024-11-04,KC,TB,00-0033873,P.Mahomes,20,5,10:00,0,KC 30,70.0,1,CONVERSION,CLUTCH_RESPONSE
2024_10_CIN_BAL,2024,REG,10,2024-11-07,BAL,CIN,00-0034796,L.Jackson,17,4,14:44,-7,BAL 8,92.0,0,CONVERSION,CLUTCH_RESPONSE
2024_10_CIN_BAL,2024,REG,10,2024-11-07,BAL,CIN,00-0034796,L.Jackson,19,4,09:24,-1,BAL 35,65.0,0,CONVERSION,CLUTCH_RESPONSE
2024_10_CIN_BAL,2024,REG,10,2024-11-07,CIN,BAL,00-0036442,J.Burrow,20,4,05:50,-7,CIN 30,70.0,0,CONVERSION,CLUTCH_RESPONSE
2024_10_CIN_BAL,2024,REG,10,2024-11-07,BAL,CIN,00-0034796,L.Jackson,21,4,05:37,0,BAL 30,70.0,1,CONVERSION,CLUTCH_RESPONSE
2024_10_CIN_BAL,2024,REG,10,2024-11-07,CIN,BAL,00-0036442,J.Burrow,22,4,01:49,-7,CIN 30,70.0,1,CONVERSION,CLUTCH_RESPONSE
2024_10_DEN_KC,2024,REG,10,2024-11-10,KC,DEN,00-0033873,P.Mahomes,16,4,10:40,-1,DEN 46,46.0,1,CONVERSION,CLUTCH_RESPONSE
2024_10_DEN_KC,2024,REG,10,2024-11-10,DEN,KC,00-0039732,B.Nix,17,4,05:57,-2,DEN 40,60.0,1,CONVERSION,CLUTCH_RESPONSE
2024_10_DET_HOU,2024,REG,10,2024-11-10,DET,HOU,00-0033106,J.Goff,25,4,08:21,-3,DET 17,83.0,0,CONVERSION,CLUTCH_RESPONSE
2024_10_DET_HOU,2024,REG,10,2024-11-10,DET,HOU,00-0033106,J.Goff,27,4,01:51,0,DET 48,52.0,1,CONVERSION,CLUTCH_RESPONSE
2024_10_NYG_CAR,2024,REG,10,2024-11-10,NYG,CAR,00-0035710,D.Jones,23,4,02:23,-3,NYG 21,79.0,0,CONVERSION,CLUTCH_RESPONSE
2024_10_NYG_CAR,2024,REG,10,2024-11-10,CAR,NYG,00-0039150,B.Young,26,5,09:49,0,NYG 23,23.0,1,CONVERSION,CLUTCH_RESPONSE
2024_10_PIT_WAS,2024,REG,10,2024-11-10,PIT,WAS,00-0029263,R.Wilson,24,4,05:46,-6,WAS 46,46.0,0,CONVERSION,CLUTCH_RESPONSE
2024_10_SF_TB,2024,REG,10,2024-11-10,SF,TB,00-0037834,B.Purdy,16,4,10:17,-4,SF 36,64.0,0,CONVERSION,CLUTCH_RESPONSE
2024_10_SF_TB,2024,REG,10,2024-11-10,TB,SF,00-0034855,B.Mayfield,19,4,03:09,-3,TB 34,66.0,1,CONVERSION,CLUTCH_RESPONSE
2024_10_SF_TB,2024,REG,10,2024-11-10,SF,TB,00-0037834,B.Purdy,20,4,00:41,0,SF 35,65.0,1,CONVERSION,CLUTCH_RESPONSE
2024_11_CIN_LAC,2024,REG,11,2024-11-17,CIN,LAC,00-0036442,J.Burrow,18,4,14:50,-7,CIN 29,71.0,0,CONVERSION,CLUTCH_RESPONSE
2024_11_CIN_LAC,2024,REG,11,2024-11-17,LAC,CIN,00-0036355,J.Herbert,25,4,00:45,0,LAC 16,84.0,1,CONVERSION,CLUTCH_RESPONSE
2024_11_GB_CHI,2024,REG,11,2024-11-17,GB,CHI,00-0036264,J.Love,13,4,04:17,-5,GB 22,78.0,1,CONVERSION,CLUTCH_RESPONSE
2024_11_IND_NYJ,2024,REG,11,2024-11-17,IND,NYJ,00-0039164,A.Richardson,23,4,02:41,-5,IND 30,70.0,1,CONVERSION,CLUTCH_RESPONSE
2024_11_SEA_SF,2024,REG,11,2024-11-17,SEA,SF,00-0030565,G.Smith,16,4,02:38,-4,SEA 20,80.0,1,CONVERSION,CLUTCH_RESPONSE
2024_12_DAL_WAS,2024,REG,12,2024-11-24,WAS,DAL,00-0039910,J.Daniels,29,4,00:33,-7,WAS 14,86.0,0,CONVERSION,CLUTCH_RESPONSE
2024_12_KC_CAR,2024,REG,12,2024-11-24,CAR,KC,00-0039150,B.Young,15,4,03:21,-8,KC 49,49.0,1,CONVERSION,CLUTCH_RESPONSE
2024_12_KC_CAR,2024,REG,12,2024-11-24,KC,CAR,00-0033873,P.Mahomes,16,4,01:46,0,KC 30,70.0,1,CONVERSION,CLUTCH_RESPONSE
2024_12_MIN_CHI,2024,REG,12,2024-11-24,CHI,MIN,00-0039918,C.Williams,23,4,00:22,-3,CHI 43,57.0,0,CONVERSION,CLUTCH_RESPONSE
2024_12_MIN_CHI,2024,REG,12,2024-11-24,MIN,CHI,00-0034869,S.Darnold,25,5,07:39,0,MIN 21,79.0,1,CONVERSION,CLUTCH_RESPONSE
2024_12_PIT_CLE,2024,REG,12,2024-11-21,PIT,CLE,00-0029263,R.Wilson,17,4,07:05,-5,CLE 27,27.0,0,CONVERSION,CLUTCH_RESPONSE
2024_12_PIT_CLE,2024,REG,12,2024-11-21,CLE,PIT,00-0031503,J.Winston,20,4,03:22,-1,PIT 45,45.0,1,CONVERSION,CLUTCH_RESPONSE
2024_12_TEN_HOU,2024,REG,12,2024-11-24,TEN,HOU,00-0039152,W.Levis,21,4,09:46,-4,TEN 30,70.0,0,CONVERSION,CLUTCH_RESPONSE
2024_12_TEN_HOU,2024,REG,12,2024-11-24,HOU,TEN,00-0039163,C.Stroud,24,4,05:22,-3,TEN 49,49.0,0,CONVERSION,CLUTCH_RESPONSE
2024_13_ARI_MIN,2024,REG,13,2024-12-01,MIN,ARI,00-0034869,S.Darnold,18,4,03:20,-6,MIN 30,70.0,1,CONVERSION,CLUTCH_RESPONSE
2024_13_CLE_DEN,2024,REG,13,2024-12-02,CLE,DEN,00-0031503,J.Winston,25,4,12:31,-6,CLE 28,72.0,0,CONVERSION,CLUTCH_RESPONSE
2024_13_CLE_DEN,2024,REG,13,2024-12-02,DEN,CLE,00-0039732,B.Nix,26,4,08:57,-1,DEN 30,70.0,1,CONVERSION,CLUTCH_RESPONSE
2024_13_IND_NE,2024,REG,13,2024-12-01,NE,IND,00-0039851,D.Maye,14,4,14:14,-1,NE 46,54.0,0,CONVERSION,CLUTCH_RESPONSE
2024_13_IND_NE,2024,REG,13,2024-12-01,IND,NE,00-0039164,A.Richardson,17,4,05:34,-7,IND 20,80.0,1,CONVERSION,CLUTCH_RESPONSE
2024_13_LA_NO,2024,REG,13,2024-12-01,NO,LA,00-0031280,D.Carr,14,4,14:57,-8,NO 30,70.0,0,CONVERSION,CLUTCH_RESPONSE
2024_13_LA_NO,2024,REG,13,2024-12-01,LA,NO,00-0026498,M.Stafford,15,4,11:53,0,LA 44,56.0,0,CONVERSION,CLUTCH_RESPONSE
2024_13_LV_KC,2024,REG,13,2024-11-29,KC,LV,00-0033873,P.Mahomes,17,4,14:52,-1,KC 30,70.0,0,CONVERSION,CLUTCH_RESPONSE
2024_13_SEA_NYJ,2024,REG,13,2024-12-01,SEA,NYJ,00-0030565,G.Smith,19,4,11:34,-2,SEA 29,71.0,1,CONVERSION,CLUTCH_RESPONSE
2024_13_TB_CAR,2024,REG,13,2024-12-01,CAR,TB,00-0039150,B.Young,24,4,03:05,-4,CAR 40,60.0,0,CONVERSION,CLUTCH_RESPONSE
2024_13_TB_CAR,2024,REG,13,2024-12-01,TB,CAR,00-0034855,B.Mayfield,25,4,00:30,-3,TB 30,70.0,0,CONVERSION,CLUTCH_RESPONSE
2024_13_TB_CAR,2024,REG,13,2024-12-01,TB,CAR,00-0034855,B.Mayfield,28,5,05:03,0,TB 29,71.0,1,CONVERSION,CLUTCH_RESPONSE
2024_14_CIN_DAL,2024,REG,14,2024-12-09,CIN,DAL,00-0036442,J.Burrow,15,4,14:55,-3,CIN 32,68.0,0,CONVERSION,CLUTCH_RESPONSE
2024_14_CIN_DAL,2024,REG,14,2024-12-09,CIN,DAL,00-0036442,J.Burrow,20,4,01:53,0,CIN 43,57.0,1,CONVERSION,CLUTCH_RESPONSE
2024_14_GB_DET,2024,REG,14,2024-12-05,DET,GB,00-0033106,J.Goff,18,4,14:20,-4,DET 30,70.0,0,CONVERSION,CLUTCH_RESPONSE
2024_14_GB_DET,2024,REG,14,2024-12-05,GB,DET,00-0036264,J.Love,19,4,08:39,-3,GB 30,70.0,1,CONVERSION,CLUTCH_RESPONSE
2024_14_GB_DET,2024,REG,14,2024-12-05,DET,GB,00-0033106,J.Goff,20,4,03:38,0,DET 30,70.0,1,CONVERSION,CLUTCH_RESPONSE
2024_14_JAX_TEN,2024,REG,14,2024-12-08,JAX,TEN,00-0036972,M.Jones,14,4,10:07,-3,JAX 19,81.0,0,CONVERSION,CLUTCH_RESPONSE
2024_14_LAC_KC,2024,REG,14,2024-12-08,LAC,KC,00-0036355,J.Herbert,17,4,13:04,-2,LAC 24,76.0,1,CONVERSION,CLUTCH_RESPONSE
2024_14_LAC_KC,2024,REG,14,2024-12-08,KC,LAC,00-0033873,P.Mahomes,18,4,04:35,-1,KC 40,60.0,1,CONVERSION,CLUTCH_RESPONSE
2024_14_NO_NYG,2024,REG,14,2024-12-08,NYG,NO,00-0035704,D.Lock,26,4,01:21,-3,NYG 27,73.0,1,CONVERSION,CLUTCH_RESPONSE
2024_14_NYJ_MIA,2024,REG,14,2024-12-08,MIA,NYJ,00-0036212,T.Tagovailoa,14,4,13:23,-8,MIA 40,60.0,0,CONVERSION,CLUTCH_RESPONSE
2024_14_NYJ_MIA,2024,REG,14,2024-12-08,NYJ,MIA,00-0023459,A.Rodgers,17,4,04:25,0,NYJ 13,87.0,1,CONVERSION,CLUTCH_RESPONSE
2024_14_NYJ_MIA,2024,REG,14,2024-12-08,MIA,NYJ,00-0036212,T.Tagovailoa,18,4,00:52,-3,MIA 46,54.0,0,CONVERSION,CLUTCH_RESPONSE
2024_14_NYJ_MIA,2024,REG,14,2024-12-08,MIA,NYJ,00-0036212,T.Tagovailoa,20,5,10:00,0,MIA 30,70.0,1,CONVERSION,CLUTCH_RESPONSE
2024_15_IND_DEN,2024,REG,15,2024-12-15,DEN,IND,00-0039732,B.Nix,23,4,14:01,-3,IND 15,15.0,0,CONVERSION,CLUTCH_RESPONSE
2024_15_LA_SF,2024,REG,15,2024-12-12,LA,SF,00-0026498,M.Stafford,19,4,12:28,0,LA 33,67.0,0,CONVERSION,CLUTCH_RESPONSE
2024_15_NYJ_JAX,2024,REG,15,2024-12-15,JAX,NYJ,00-0036972,M.Jones,13,4,14:50,-1,JAX 27,73.0,0,CONVERSION,CLUTCH_RESPONSE
2024_15_NYJ_JAX,2024,REG,15,2024-12-15,NYJ,JAX,00-0023459,A.Rodgers,16,4,04:19,-5,NYJ 13,87.0,0,CONVERSION,CLUTCH_RESPONSE
2024_15_NYJ_JAX,2024,REG,15,2024-12-15,JAX,NYJ,00-0036972,M.Jones,17,4,03:24,-3,JAX 33,67.0,0,CONVERSION,CLUTCH_RESPONSE
2024_15_NYJ_JAX,2024,REG,15,2024-12-15,NYJ,JAX,00-0023459,A.Rodgers,18,4,01:51,0,NYJ 30,70.0,1,CONVERSION,CLUTCH_RESPONSE
2024_15_WAS_NO,2024,REG,15,2024-12-15,NO,WAS,00-0039376,S.Rattler,18,4,01:55,-7,NO 44,56.0,1,CONVERSION,CLUTCH_RESPONSE
2024_16_ARI_CAR,2024,REG,16,2024-12-22,ARI,CAR,00-0035228,K.Murray,20,4,01:47,-3,ARI 26,74.0,0,CONVERSION,CLUTCH_RESPONSE
2024_16_ARI_CAR,2024,REG,16,2024-12-22,CAR,ARI,00-0039150,B.Young,23,5,04:11,0,ARI 49,49.0,1,CONVERSION,CLUTCH_RESPONSE
2024_16_LA_NYJ,2024,REG,16,2024-12-22,LA,NYJ,00-0026498,M.Stafford,10,4,11:43,0,NYJ 21,21.0,0,CONVERSION,CLUTCH_RESPONSE
2024_16_MIN_SEA,2024,REG,16,2024-12-22,SEA,MIN,00-0030565,G.Smith,20,4,10:37,-3,SEA 32,68.0,0,CONVERSION,CLUTCH_RESPONSE
2024_16_MIN_SEA,2024,REG,16,2024-12-22,MIN,SEA,00-0034869,S.Darnold,21,4,04:21,-4,MIN 30,70.0,0,CONVERSION,CLUTCH_RESPONSE
2024_16_PHI_WAS,2024,REG,16,2024-12-22,WAS,PHI,00-0039910,J.Daniels,22,4,11:10,-6,WAS 13,87.0,0,CONVERSION,CLUTCH_RESPONSE
2024_16_PHI_WAS,2024,REG,16,2024-12-22,PHI,WAS,00-0038102,K.Pickett,23,4,09:06,-1,PHI 34,66.0,0,CONVERSION,CLUTCH_RESPONSE
2024_16_PHI_WAS,2024,REG,16,2024-12-22,WAS,PHI,00-0039910,J.Daniels,26,4,01:58,-5,WAS 43,57.0,1,CONVERSION,CLUTCH_RESPONSE
2024_17_ATL_WAS,2024,REG,17,2024-12-29,ATL,WAS,00-0039917,M.Penix,16,4,04:32,-7,ATL 32,68.0,0,CONVERSION,CLUTCH_RESPONSE
2024_17_ATL_WAS,2024,REG,17,2024-12-29,WAS,ATL,00-0039910,J.Daniels,19,5,10:00,0,WAS 30,70.0,1,CONVERSION,CLUTCH_RESPONSE
2024_17_DEN_CIN,2024,REG,17,2024-12-28,DEN,CIN,00-0039732,B.Nix,11,4,11:33,-7,DEN 25,75.0,0,CONVERSION,CLUTCH_RESPONSE
2024_17_DEN_CIN,2024,REG,17,2024-12-28,CIN,DEN,00-0036442,J.Burrow,14,4,02:30,0,CIN 41,59.0,0,CONVERSION,CLUTCH_RESPONSE
2024_17_DEN_CIN,2024,REG,17,2024-12-28,DEN,CIN,00-0039732,B.Nix,15,4,01:29,-7,DEN 30,70.0,0,CONVERSION,CLUTCH_RESPONSE
2024_17_DEN_CIN,2024,REG,17,2024-12-28,CIN,DEN,00-0036442,J.Burrow,19,5,05:08,0,CIN 46,54.0,0,CONVERSION,CLUTCH_RESPONSE
2024_17_DEN_CIN,2024,REG,17,2024-12-28,CIN,DEN,00-0036442,J.Burrow,21,5,02:20,0,CIN 37,63.0,1,CONVERSION,CLUTCH_RESPONSE
2024_18_CAR_ATL,2024,REG,18,2025-01-05,CAR,ATL,00-0039150,B.Young,17,4,09:50,0,CAR 30,70.0,0,CONVERSION,CLUTCH_RESPONSE
2024_18_CAR_ATL,2024,REG,18,2025-01-05,ATL,CAR,00-0039917,M.Penix,18,4,04:01,-7,ATL 30,70.0,0,CONVERSION,CLUTCH_RESPONSE
2024_18_CAR_ATL,2024,REG,18,2025-01-05,CAR,ATL,00-0039150,B.Young,21,5,10:00,0,CAR 30,70.0,1,CONVERSION,CLUTCH_RESPONSE
2024_18_CHI_GB,2024,REG,18,2025-01-05,GB,CHI,00-0038128,M.Willis,22,4,01:49,-2,CHI 43,43.0,1,CONVERSION,CLUTCH_RESPONSE
2024_18_CHI_GB,2024,REG,18,2025-01-05,CHI,GB,00-0039918,C.Williams,23,4,00:54,-1,CHI 20,80.0,1,CONVERSION,CLUTCH_RESPONSE
2024_18_JAX_IND,2024,REG,18,2025-01-05,JAX,IND,00-0036972,M.Jones,19,4,14:45,-7,JAX 16,84.0,0,CONVERSION,CLUTCH_RESPONSE
2024_18_JAX_IND,2024,REG,18,2025-01-05,IND,JAX,00-0026158,J.Flacco,20,4,07:50,0,IND 30,70.0,0,CONVERSION,CLUTCH_RESPONSE
2024_18_JAX_IND,2024,REG,18,2025-01-05,JAX,IND,00-0036972,M.Jones,21,4,03:52,-3,JAX 30,70.0,0,CONVERSION,CLUTCH_RESPONSE
2024_18_JAX_IND,2024,REG,18,2025-01-05,IND,JAX,00-0026158,J.Flacco,24,5,10:00,0,IND 30,70.0,1,CONVERSION,CLUTCH_RESPONSE
2024_18_SEA_LA,2024,REG,18,2025-01-05,LA,SEA,00-0031345,J.Garoppolo,17,4,11:11,-2,LA 22,78.0,0,CONVERSION,CLUTCH_RESPONSE
2024_18_SEA_LA,2024,REG,18,2025-01-05,SEA,LA,00-0030565,G.Smith,18,4,07:29,-1,SEA 30,70.0,1,CONVERSION,CLUTCH_RESPONSE
2024_18_WAS_DAL,2024,REG,18,2025-01-05,WAS,DAL,00-0032268,M.Mariota,16,4,13:53,-2,WAS 30,70.0,0,CONVERSION,CLUTCH_RESPONSE
2024_18_WAS_DAL,2024,REG,18,2025-01-05,DAL,WAS,00-0037012,T.Lance,17,4,11:18,-4,DAL 30,70.0,0,CONVERSION,CLUTCH_RESPONSE
2024_18_WAS_DAL,2024,REG,18,2025-01-05,WAS,DAL,00-0032268,M.Mariota,20,4,03:18,-3,WAS 9,91.0,1,CONVERSION,CLUTCH_RESPONSE
2024_19_WAS_TB,2024,POST,19,2025-01-12,WAS,TB,00-0039910,J.Daniels,13,4,11:56,-4,TB 13,13.0,0,CONVERSION,CLUTCH_RESPONSE
2024_19_WAS_TB,2024,POST,19,2025-01-12,TB,WAS,00-0034855,B.Mayfield,14,4,09:46,-3,TB 25,75.0,1,CONVERSION,CLUTCH_RESPONSE
2024_19_WAS_TB,2024,POST,19,2025-01-12,WAS,TB,00-0039910,J.Daniels,15,4,04:41,0,WAS 30,70.0,1,CONVERSION,CLUTCH_RESPONSE
2024_21_BUF_KC,2024,POST,21,2025-01-26,KC,BUF,00-0033873,P.Mahomes,15,4,12:55,-1,KC 41,59.0,0,CONVERSION,CLUTCH_RESPONSE
2024_21_BUF_KC,2024,POST,21,2025-01-26,BUF,KC,00-0034857,J.Allen,16,4,10:14,-7,BUF 30,70.0,0,CONVERSION,CLUTCH_RESPONSE
2024_21_BUF_KC,2024,POST,21,2025-01-26,KC,BUF,00-0033873,P.Mahomes,17,4,06:15,0,KC 32,68.0,0,CONVERSION,CLUTCH_RESPONSE
2025_01_BAL_BUF,2025,REG,1,2025-09-07,BUF,BAL,00-0034857,J.Allen,23,4,01:26,-2,BUF 20,80.0,1,CONVERSION,CLUTCH_RESPONSE
2025_01_CIN_CLE,2025,REG,1,2025-09-07,CLE,CIN,00-0026158,J.Flacco,16,4,06:56,-1,CIN 42,42.0,0,CONVERSION,CLUTCH_RESPONSE
2025_01_MIN_CHI,2025,REG,1,2025-09-08,MIN,CHI,00-0039923,J.McCarthy,21,4,10:37,-5,50,50.0,0,CONVERSION,CLUTCH_RESPONSE
2025_01_PIT_NYJ,2025,REG,1,2025-09-07,PIT,NYJ,00-0023459,A.Rodgers,15,4,14:50,-2,NYJ 22,22.0,0,CONVERSION,CLUTCH_RESPONSE
2025_01_PIT_NYJ,2025,REG,1,2025-09-07,NYJ,PIT,00-0036945,J.Fields,16,4,14:07,-5,NYJ 33,67.0,0,CONVERSION,CLUTCH_RESPONSE
2025_01_PIT_NYJ,2025,REG,1,2025-09-07,PIT,NYJ,00-0023459,A.Rodgers,19,4,03:13,-1,PIT 19,81.0,1,CONVERSION,CLUTCH_RESPONSE
2025_01_SF_SEA,2025,REG,1,2025-09-07,SF,SEA,00-0037834,B.Purdy,15,4,14:50,-3,SF 34,66.0,0,CONVERSION,CLUTCH_RESPONSE
2025_01_SF_SEA,2025,REG,1,2025-09-07,SEA,SF,00-0034869,S.Darnold,18,4,07:06,0,SEA 47,53.0,0,CONVERSION,CLUTCH_RESPONSE
2025_01_SF_SEA,2025,REG,1,2025-09-07,SF,SEA,00-0037834,B.Purdy,19,4,03:24,-3,SF 32,68.0,1,CONVERSION,CLUTCH_RESPONSE
2025_01_TB_ATL,2025,REG,1,2025-09-07,ATL,TB,00-0039917,M.Penix,17,4,11:03,-4,ATL 9,91.0,0,CONVERSION,CLUTCH_RESPONSE
2025_01_TB_ATL,2025,REG,1,2025-09-07,TB,ATL,00-0034855,B.Mayfield,18,4,02:17,-3,TB 37,63.0,1,CONVERSION,CLUTCH_RESPONSE
2025_01_TB_ATL,2025,REG,1,2025-09-07,ATL,TB,00-0039917,M.Penix,19,4,00:59,-3,ATL 14,86.0,1,CONVERSION,CLUTCH_RESPONSE
2025_02_DEN_IND,2025,REG,2,2025-09-14,IND,DEN,00-0035710,D.Jones,19,4,03:15,-2,IND 32,68.0,1,CONVERSION,CLUTCH_RESPONSE
2025_02_JAX_CIN,2025,REG,2,2025-09-14,CIN,JAX,00-0035100,J.Browning,22,4,03:42,-3,CIN 8,92.0,1,CONVERSION,CLUTCH_RESPONSE
2025_02_NYG_DAL,2025,REG,2,2025-09-14,NYG,DAL,00-0029263,R.Wilson,16,4,14:13,-4,NYG 40,60.0,0,CONVERSION,CLUTCH_RESPONSE
2025_02_NYG_DAL,2025,REG,2,2025-09-14,DAL,NYG,00-0033077,D.Prescott,17,4,12:07,-3,DAL 15,85.0,0,CONVERSION,CLUTCH_RESPONSE
2025_02_NYG_DAL,2025,REG,2,2025-09-14,NYG,DAL,00-0029263,R.Wilson,18,4,06:14,-4,NYG 37,63.0,0,CONVERSION,CLUTCH_RESPONSE
2025_02_NYG_DAL,2025,REG,2,2025-09-14,DAL,NYG,00-0033077,D.Prescott,19,4,02:44,-3,DAL 29,71.0,0,CONVERSION,CLUTCH_RESPONSE
2025_02_NYG_DAL,2025,REG,2,2025-09-14,NYG,DAL,00-0029263,R.Wilson,20,4,00:52,-4,NYG 37,63.0,0,CONVERSION,CLUTCH_RESPONSE
2025_02_NYG_DAL,2025,REG,2,2025-09-14,DAL,NYG,00-0033077,D.Prescott,21,4,00:25,-3,DAL 33,67.0,0,CONVERSION,CLUTCH_RESPONSE
2025_02_NYG_DAL,2025,REG,2,2025-09-14,DAL,NYG,00-0033077,D.Prescott,26,5,02:00,0,DAL 30,70.0,1,CONVERSION,CLUTCH_RESPONSE
2025_02_TB_HOU,2025,REG,2,2025-09-15,HOU,TB,00-0039163,C.Stroud,19,4,03:00,-1,TB 26,26.0,1,CONVERSION,CLUTCH_RESPONSE
2025_02_TB_HOU,2025,REG,2,2025-09-15,TB,HOU,00-0034855,B.Mayfield,20,4,02:10,-5,TB 20,80.0,1,CONVERSION,CLUTCH_RESPONSE
2025_03_ARI_SF,2025,REG,3,2025-09-21,SF,ARI,00-0036972,M.Jones,14,4,13:59,0,ARI 48,48.0,0,CONVERSION,CLUTCH_RESPONSE
2025_03_ARI_SF,2025,REG,3,2025-09-21,ARI,SF,00-0035228,K.Murray,15,4,10:50,-7,ARI 35,65.0,0,CONVERSION,CLUTCH_RESPONSE
2025_03_ARI_SF,2025,REG,3,2025-09-21,SF,ARI,00-0036972,M.Jones,20,4,01:46,-2,SF 20,80.0,1,CONVERSION,CLUTCH_RESPONSE
2025_03_DEN_LAC,2025,REG,3,2025-09-21,LAC,DEN,00-0036355,J.Herbert,21,4,05:08,-7,LAC 24,76.0,0,CONVERSION,CLUTCH_RESPONSE
2025_03_DEN_LAC,2025,REG,3,2025-09-21,LAC,DEN,00-0036355,J.Herbert,23,4,01:43,0,LAC 32,68.0,1,CONVERSION,CLUTCH_RESPONSE
2025_03_GB_CLE,2025,REG,3,2025-09-21,CLE,GB,00-0026158,J.Flacco,18,4,03:08,-7,GB 4,4.0,0,CONVERSION,CLUTCH_RESPONSE
2025_03_GB_CLE,2025,REG,3,2025-09-21,GB,CLE,00-0036264,J.Love,19,4,03:01,0,GB 40,60.0,1,CONVERSION,CLUTCH_RESPONSE
2025_03_GB_CLE,2025,REG,3,2025-09-21,CLE,GB,00-0026158,J.Flacco,20,4,00:21,0,CLE 47,53.0,1,CONVERSION,CLUTCH_RESPONSE
2025_03_HOU_JAX,2025,REG,3,2025-09-21,HOU,JAX,00-0039163,C.Stroud,21,4,09:25,-7,50,50.0,0,CONVERSION,CLUTCH_RESPONSE
2025_03_HOU_JAX,2025,REG,3,2025-09-21,JAX,HOU,00-0036971,T.Lawrence,24,4,03:47,0,JAX 17,83.0,1,CONVERSION,CLUTCH_RESPONSE
2025_03_LA_PHI,2025,REG,3,2025-09-21,PHI,LA,00-0036389,J.Hurts,21,4,08:42,-5,PHI 9,91.0,1,CONVERSION,CLUTCH_RESPONSE
2025_03_LA_PHI,2025,REG,3,2025-09-21,LA,PHI,00-0026498,M.Stafford,22,4,01:48,-1,LA 30,70.0,1,CONVERSION,CLUTCH_RESPONSE
2025_03_MIA_BUF,2025,REG,3,2025-09-18,BUF,MIA,00-0034857,J.Allen,15,4,12:18,0,BUF 35,65.0,0,CONVERSION,CLUTCH_RESPONSE
2025_03_NYJ_TB,2025,REG,3,2025-09-21,TB,NYJ,00-0034855,B.Mayfield,22,4,01:49,-1,TB 34,66.0,1,CONVERSION,CLUTCH_RESPONSE
2025_03_PIT_NE,2025,REG,3,2025-09-21,PIT,NE,00-0023459,A.Rodgers,17,4,07:41,0,PIT 38,62.0,1,CONVERSION,CLUTCH_RESPONSE
2025_04_CHI_LV,2025,REG,4,2025-09-28,CHI,LV,00-0039918,C.Williams,20,4,06:45,-5,CHI 31,69.0,1,CONVERSION,CLUTCH_RESPONSE
2025_04_GB_DAL,2025,REG,4,2025-09-28,DAL,GB,00-0033077,D.Prescott,16,4,11:39,-4,DAL 23,77.0,0,CONVERSION,CLUTCH_RESPONSE
2025_04_GB_DAL,2025,REG,4,2025-09-28,GB,DAL,00-0036264,J.Love,17,4,04:50,-3,GB 20,80.0,0,CONVERSION,CLUTCH_RESPONSE
2025_04_GB_DAL,2025,REG,4,2025-09-28,DAL,GB,00-0033077,D.Prescott,18,4,01:45,-4,DAL 46,54.0,0,CONVERSION,CLUTCH_RESPONSE
2025_04_GB_DAL,2025,REG,4,2025-09-28,GB,DAL,00-0036264,J.Love,19,4,00:43,-3,GB 26,74.0,0,CONVERSION,CLUTCH_RESPONSE
2025_04_GB_DAL,2025,REG,4,2025-09-28,DAL,GB,00-0033077,D.Prescott,20,5,10:00,0,DAL 20,80.0,1,CONVERSION,CLUTCH_RESPONSE
2025_04_GB_DAL,2025,REG,4,2025-09-28,GB,DAL,00-0036264,J.Love,21,5,04:40,-3,GB 20,80.0,1,CONVERSION,CLUTCH_RESPONSE
2025_04_IND_LA,2025,REG,4,2025-09-28,LA,IND,00-0026498,M.Stafford,20,4,08:58,-7,LA 17,83.0,0,CONVERSION,CLUTCH_RESPONSE
2025_04_IND_LA,2025,REG,4,2025-09-28,LA,IND,00-0026498,M.Stafford,22,4,01:44,0,LA 12,88.0,0,CONVERSION,CLUTCH_RESPONSE
2025_04_SEA_ARI,2025,REG,4,2025-09-25,ARI,SEA,00-0035228,K.Murray,20,4,03:16,-7,ARI 43,57.0,1,CONVERSION,CLUTCH_RESPONSE
2025_04_SEA_ARI,2025,REG,4,2025-09-25,SEA,ARI,00-0034869,S.Darnold,21,4,00:28,0,SEA 40,60.0,1,CONVERSION,CLUTCH_RESPONSE
2025_05_DEN_PHI,2025,REG,5,2025-10-05,DEN,PHI,00-0039732,B.Nix,20,4,11:08,-7,DEN 28,72.0,0,CONVERSION,CLUTCH_RESPONSE
2025_05_KC_JAX,2025,REG,5,2025-10-06,KC,JAX,00-0033873,P.Mahomes,15,4,13:03,-7,JAX 19,19.0,0,CONVERSION,CLUTCH_RESPONSE
2025_05_KC_JAX,2025,REG,5,2025-10-06,JAX,KC,00-0036971,T.Lawrence,16,4,12:20,0,JAX 41,59.0,0,CONVERSION,CLUTCH_RESPONSE
2025_05_KC_JAX,2025,REG,5,2025-10-06,KC,JAX,00-0033873,P.Mahomes,17,4,08:08,-3,KC 14,86.0,0,CONVERSION,CLUTCH_RESPONSE
2025_05_KC_JAX,2025,REG,5,2025-10-06,JAX,KC,00-0036971,T.Lawrence,18,4,01:45,-4,JAX 40,60.0,1,CONVERSION,CLUTCH_RESPONSE
2025_05_MIA_CAR,2025,REG,5,2025-10-05,CAR,MIA,00-0039150,B.Young,17,4,10:12,-4,CAR 15,85.0,0,CONVERSION,CLUTCH_RESPONSE
2025_05_MIA_CAR,2025,REG,5,2025-10-05,MIA,CAR,00-0036212,T.Tagovailoa,18,4,06:10,-3,MIA 43,57.0,0,CONVERSION,CLUTCH_RESPONSE
2025_05_MIA_CAR,2025,REG,5,2025-10-05,CAR,MIA,00-0039150,B.Young,19,4,04:42,-4,CAR 17,83.0,0,CONVERSION,CLUTCH_RESPONSE
2025_05_MIN_CLE,2025,REG,5,2025-10-05,MIN,CLE,00-0032950,C.Wentz,23,4,03:05,-3,MIN 20,80.0,1,CONVERSION,CLUTCH_RESPONSE
2025_05_NE_BUF,2025,REG,5,2025-10-05,BUF,NE,00-0034857,J.Allen,18,4,05:52,-3,BUF 20,80.0,1,CONVERSION,CLUTCH_RESPONSE
2025_05_NE_BUF,2025,REG,5,2025-10-05,NE,BUF,00-0039851,D.Maye,19,4,02:17,0,NE 29,71.0,1,CONVERSION,CLUTCH_RESPONSE
2025_05_SF_LA,2025,REG,5,2025-10-02,LA,SF,00-0026498,M.Stafford,12,4,14:03,-6,LA 12,88.0,0,CONVERSION,CLUTCH_RESPONSE
2025_05_SF_LA,2025,REG,5,2025-10-02,SF,LA,00-0036972,M.Jones,15,4,08:04,0,SF 2,98.0,0,CONVERSION,CLUTCH_RESPONSE
2025_05_SF_LA,2025,REG,5,2025-10-02,LA,SF,00-0026498,M.Stafford,18,4,00:42,-3,50,50.0,0,CONVERSION,CLUTCH_RESPONSE
2025_05_SF_LA,2025,REG,5,2025-10-02,SF,LA,00-0036972,M.Jones,20,5,10:00,0,SF 40,60.0,1,CONVERSION,CLUTCH_RESPONSE
2025_05_TB_SEA,2025,REG,5,2025-10-05,SEA,TB,00-0034869,S.Darnold,16,4,07:20,0,SEA 1,99.0,0,CONVERSION,CLUTCH_RESPONSE
2025_05_TB_SEA,2025,REG,5,2025-10-05,TB,SEA,00-0034855,B.Mayfield,17,4,03:18,-7,TB 30,70.0,0,CONVERSION,CLUTCH_RESPONSE
2025_05_TB_SEA,2025,REG,5,2025-10-05,TB,SEA,00-0034855,B.Mayfield,19,4,00:53,0,SEA 35,35.0,1,CONVERSION,CLUTCH_RESPONSE
2025_05_TEN_ARI,2025,REG,5,2025-10-05,TEN,ARI,00-0040676,C.Ward,25,4,01:53,-2,TEN 18,82.0,1,CONVERSION,CLUTCH_RESPONSE
2025_06_ARI_IND,2025,REG,6,2025-10-12,ARI,IND,00-0033119,J.Brissett,17,4,13:12,0,ARI 40,60.0,0,CONVERSION,CLUTCH_RESPONSE
2025_06_ARI_IND,2025,REG,6,2025-10-12,IND,ARI,00-0035710,D.Jones,18,4,09:31,-3,IND 34,66.0,0,CONVERSION,CLUTCH_RESPONSE
2025_06_CHI_WAS,2025,REG,6,2025-10-13,CHI,WAS,00-0039918,C.Williams,20,4,03:07,-2,CHI 44,56.0,1,CONVERSION,CLUTCH_RESPONSE
2025_06_DAL_CAR,2025,REG,6,2025-10-12,DAL,CAR,00-0033077,D.Prescott,15,4,12:20,-3,DAL 30,70.0,0,CONVERSION,CLUTCH_RESPONSE
2025_06_DAL_CAR,2025,REG,6,2025-10-12,CAR,DAL,00-0039150,B.Young,18,4,06:07,0,CAR 14,86.0,1,CONVERSION,CLUTCH_RESPONSE
2025_06_DEN_NYJ,2025,REG,6,2025-10-12,DEN,NYJ,00-0039732,B.Nix,20,4,10:16,-1,DEN 26,74.0,0,CONVERSION,CLUTCH_RESPONSE
2025_06_LAC_MIA,2025,REG,6,2025-10-12,MIA,LAC,00-0036212,T.Tagovailoa,19,4,06:19,-6,MIA 18,82.0,1,CONVERSION,CLUTCH_RESPONSE
2025_06_LAC_MIA,2025,REG,6,2025-10-12,LAC,MIA,00-0036355,J.Herbert,20,4,00:46,-1,LAC 41,59.0,1,CONVERSION,CLUTCH_RESPONSE
2025_07_GB_ARI,2025,REG,7,2025-10-19,ARI,GB,00-0033119,J.Brissett,14,4,14:55,0,GB 45,45.0,0,CONVERSION,CLUTCH_RESPONSE
2025_07_GB_ARI,2025,REG,7,2025-10-19,GB,ARI,00-0036264,J.Love,17,4,05:51,-3,ARI 48,48.0,1,CONVERSION,CLUTCH_RESPONSE
2025_07_NYG_DEN,2025,REG,7,2025-10-19,DEN,NYG,00-0039732,B.Nix,23,4,02:42,-3,DEN 32,68.0,0,CONVERSION,CLUTCH_RESPONSE
2025_07_NYG_DEN,2025,REG,7,2025-10-19,NYG,DEN,00-0040691,J.Dart,24,4,01:51,-4,NYG 35,65.0,1,CONVERSION,CLUTCH_RESPONSE
2025_07_NYG_DEN,2025,REG,7,2025-10-19,DEN,NYG,00-0039732,B.Nix,25,4,00:37,-2,DEN 23,77.0,1,CONVERSION,CLUTCH_RESPONSE
2025_07_PIT_CIN,2025,REG,7,2025-10-16,PIT,CIN,00-0023459,A.Rodgers,18,4,02:46,-6,PIT 42,58.0,1,CONVERSION,CLUTCH_RESPONSE
2025_07_PIT_CIN,2025,REG,7,2025-10-16,CIN,PIT,00-0026158,J.Flacco,19,4,02:21,-1,CIN 30,70.0,1,CONVERSION,CLUTCH_RESPONSE
2025_08_NYJ_CIN,2025,REG,8,2025-10-26,NYJ,CIN,00-0036945,J.Fields,19,4,06:50,-6,NYJ 42,58.0,1,CONVERSION,CLUTCH_RESPONSE
2025_09_ATL_NE,2025,REG,9,2025-11-02,ATL,NE,00-0039917,M.Penix,18,4,09:41,-7,ATL 15,85.0,0,CONVERSION,CLUTCH_RESPONSE
2025_09_CAR_GB,2025,REG,9,2025-11-02,GB,CAR,00-0036264,J.Love,13,4,07:24,-7,GB 29,71.0,1,CONVERSION,CLUTCH_RESPONSE
2025_09_CAR_GB,2025,REG,9,2025-11-02,CAR,GB,00-0039150,B.Young,14,4,02:32,0,CAR 29,71.0,1,CONVERSION,CLUTCH_RESPONSE
2025_09_CHI_CIN,2025,REG,9,2025-11-02,CIN,CHI,00-0026158,J.Flacco,22,4,01:43,-6,CIN 43,57.0,0,CONVERSION,CLUTCH_RESPONSE
2025_09_CHI_CIN,2025,REG,9,2025-11-02,CHI,CIN,00-0039918,C.Williams,23,4,00:54,-1,CHI 28,72.0,1,CONVERSION,CLUTCH_RESPONSE
2025_09_DEN_HOU,2025,REG,9,2025-11-02,DEN,HOU,00-0039732,B.Nix,27,4,00:50,0,DEN 36,64.0,1,CONVERSION,CLUTCH_RESPONSE
2025_09_JAX_LV,2025,REG,9,2025-11-02,LV,JAX,00-0030565,G.Smith,12,4,14:50,-4,LV 31,69.0,0,CONVERSION,CLUTCH_RESPONSE
2025_09_JAX_LV,2025,REG,9,2025-11-02,JAX,LV,00-0036971,T.Lawrence,13,4,09:38,-3,JAX 26,74.0,0,CONVERSION,CLUTCH_RESPONSE
2025_09_JAX_LV,2025,REG,9,2025-11-02,LV,JAX,00-0030565,G.Smith,14,4,04:06,-4,LV 38,62.0,0,CONVERSION,CLUTCH_RESPONSE
2025_09_JAX_LV,2025,REG,9,2025-11-02,JAX,LV,00-0036971,T.Lawrence,15,4,01:52,-3,JAX 28,72.0,0,CONVERSION,CLUTCH_RESPONSE
2025_09_JAX_LV,2025,REG,9,2025-11-02,JAX,LV,00-0036971,T.Lawrence,17,5,10:00,0,LV 44,44.0,1,CONVERSION,CLUTCH_RESPONSE
2025_09_JAX_LV,2025,REG,9,2025-11-02,LV,JAX,00-0030565,G.Smith,18,5,03:24,-7,JAX 45,45.0,1,CONVERSION,CLUTCH_RESPONSE
2025_10_ATL_IND,2025,REG,10,2025-11-09,IND,ATL,00-0035710,D.Jones,20,4,06:55,-1,IND 9,91.0,0,CONVERSION,CLUTCH_RESPONSE
2025_10_ATL_IND,2025,REG,10,2025-11-09,ATL,IND,00-0039917,M.Penix,21,4,06:02,-5,ATL 29,71.0,0,CONVERSION,CLUTCH_RESPONSE
2025_10_ATL_IND,2025,REG,10,2025-11-09,IND,ATL,00-0035710,D.Jones,22,4,01:44,-3,ATL 48,48.0,0,CONVERSION,CLUTCH_RESPONSE
2025_10_ATL_IND,2025,REG,10,2025-11-09,IND,ATL,00-0035710,D.Jones,25,5,07:29,0,IND 43,57.0,1,CONVERSION,CLUTCH_RESPONSE
2025_10_JAX_HOU,2025,REG,10,2025-11-09,HOU,JAX,00-0036898,D.Mills,19,4,06:10,-5,HOU 7,93.0,1,CONVERSION,CLUTCH_RESPONSE
2025_10_NYG_CHI,2025,REG,10,2025-11-09,CHI,NYG,00-0039918,C.Williams,21,4,02:53,-3,CHI 47,53.0,1,CONVERSION,CLUTCH_RESPONSE
2025_11_BAL_CLE,2025,REG,11,2025-11-16,BAL,CLE,00-0034796,L.Jackson,20,4,10:49,-3,BAL 20,80.0,0,CONVERSION,CLUTCH_RESPONSE
2025_11_BAL_CLE,2025,REG,11,2025-11-16,BAL,CLE,00-0034796,L.Jackson,22,4,04:32,0,CLE 44,44.0,1,CONVERSION,CLUTCH_RESPONSE
2025_11_CAR_ATL,2025,REG,11,2025-11-16,CAR,ATL,00-0039150,B.Young,19,4,02:43,-5,CAR 35,65.0,0,CONVERSION,CLUTCH_RESPONSE
2025_11_CAR_ATL,2025,REG,11,2025-11-16,ATL,CAR,00-0029604,K.Cousins,20,4,01:08,-3,ATL 45,55.0,0,CONVERSION,CLUTCH_RESPONSE
2025_11_CAR_ATL,2025,REG,11,2025-11-16,CAR,ATL,00-0039150,B.Young,23,5,08:45,0,CAR 30,70.0,1,CONVERSION,CLUTCH_RESPONSE
2025_11_CHI_MIN,2025,REG,11,2025-11-16,MIN,CHI,00-0039923,J.McCarthy,23,4,03:14,-6,MIN 15,85.0,1,CONVERSION,CLUTCH_RESPONSE
2025_11_CHI_MIN,2025,REG,11,2025-11-16,CHI,MIN,00-0039918,C.Williams,24,4,00:50,-1,MIN 40,40.0,1,CONVERSION,CLUTCH_RESPONSE
2025_11_GB_NYG,2025,REG,11,2025-11-16,GB,NYG,00-0036264,J.Love,14,4,07:22,-1,GB 35,65.0,0,CONVERSION,CLUTCH_RESPONSE
2025_11_HOU_TEN,2025,REG,11,2025-11-16,TEN,HOU,00-0040676,C.Ward,20,4,04:57,-7,TEN 5,95.0,1,CONVERSION,CLUTCH_RESPONSE
2025_11_HOU_TEN,2025,REG,11,2025-11-16,HOU,TEN,00-0036898,D.Mills,21,4,01:35,0,HOU 35,65.0,1,CONVERSION,CLUTCH_RESPONSE
2025_11_KC_DEN,2025,REG,11,2025-11-16,KC,DEN,00-0033873,P.Mahomes,15,4,12:50,-3,KC 27,73.0,0,CONVERSION,CLUTCH_RESPONSE
2025_11_KC_DEN,2025,REG,11,2025-11-16,DEN,KC,00-0039732,B.Nix,18,4,06:30,-3,DEN 45,55.0,0,CONVERSION,CLUTCH_RESPONSE
2025_11_KC_DEN,2025,REG,11,2025-11-16,DEN,KC,00-0039732,B.Nix,20,4,02:59,0,DEN 26,74.0,1,CONVERSION,CLUTCH_RESPONSE
2025_11_TB_BUF,2025,REG,11,2025-11-16,BUF,TB,00-0034857,J.Allen,19,4,13:38,-1,BUF 19,81.0,0,CONVERSION,CLUTCH_RESPONSE
2025_11_WAS_MIA,2025,REG,11,2025-11-16,MIA,WAS,00-0036212,T.Tagovailoa,17,5,09:53,0,WAS 33,33.0,1,CONVERSION,CLUTCH_RESPONSE
2025_12_IND_KC,2025,REG,12,2025-11-23,KC,IND,00-0033873,P.Mahomes,20,4,04:43,-3,KC 6,94.0,0,CONVERSION,CLUTCH_RESPONSE
2025_12_IND_KC,2025,REG,12,2025-11-23,KC,IND,00-0033873,P.Mahomes,22,5,07:53,0,KC 10,90.0,1,CONVERSION,CLUTCH_RESPONSE
2025_12_JAX_ARI,2025,REG,12,2025-11-23,ARI,JAX,00-0033119,J.Brissett,19,4,08:39,-3,JAX 41,41.0,0,CONVERSION,CLUTCH_RESPONSE
2025_12_JAX_ARI,2025,REG,12,2025-11-23,JAX,ARI,00-0036971,T.Lawrence,20,4,07:12,-4,JAX 35,65.0,0,CONVERSION,CLUTCH_RESPONSE
2025_12_JAX_ARI,2025,REG,12,2025-11-23,ARI,JAX,00-0033119,J.Brissett,23,4,01:38,-3,ARI 20,80.0,0,CONVERSION,CLUTCH_RESPONSE
2025_12_JAX_ARI,2025,REG,12,2025-11-23,JAX,ARI,00-0036971,T.Lawrence,25,5,10:00,0,JAX 35,65.0,1,CONVERSION,CLUTCH_RESPONSE
2025_12_NYG_DET,2025,REG,12,2025-11-23,DET,NYG,00-0033106,J.Goff,21,4,02:54,-3,DET 6,94.0,0,CONVERSION,CLUTCH_RESPONSE
2025_12_NYG_DET,2025,REG,12,2025-11-23,DET,NYG,00-0033106,J.Goff,23,5,10:00,0,DET 31,69.0,1,CONVERSION,CLUTCH_RESPONSE
2025_12_PHI_DAL,2025,REG,12,2025-11-23,DAL,PHI,00-0033077,D.Prescott,18,4,13:09,-7,DAL 46,54.0,0,CONVERSION,CLUTCH_RESPONSE
2025_12_PHI_DAL,2025,REG,12,2025-11-23,DAL,PHI,00-0033077,D.Prescott,23,4,01:35,0,DAL 27,73.0,1,CONVERSION,CLUTCH_RESPONSE
2025_13_ATL_NYJ,2025,REG,13,2025-11-30,ATL,NYJ,00-0029604,K.Cousins,19,4,13:23,0,ATL 26,74.0,0,CONVERSION,CLUTCH_RESPONSE
2025_13_ATL_NYJ,2025,REG,13,2025-11-30,NYJ,ATL,00-0028118,T.Taylor,20,4,08:46,-7,NYJ 35,65.0,0,CONVERSION,CLUTCH_RESPONSE
2025_13_ATL_NYJ,2025,REG,13,2025-11-30,NYJ,ATL,00-0028118,T.Taylor,24,4,00:35,0,NYJ 43,57.0,1,CONVERSION,CLUTCH_RESPONSE
2025_13_DEN_WAS,2025,REG,13,2025-11-30,WAS,DEN,00-0032268,M.Mariota,19,4,03:00,-3,WAS 15,85.0,0,CONVERSION,CLUTCH_RESPONSE
2025_13_DEN_WAS,2025,REG,13,2025-11-30,DEN,WAS,00-0039732,B.Nix,20,5,10:00,0,DEN 24,76.0,1,CONVERSION,CLUTCH_RESPONSE
2025_13_DEN_WAS,2025,REG,13,2025-11-30,WAS,DEN,00-0032268,M.Mariota,21,5,06:59,-7,WAS 35,65.0,1,CONVERSION,CLUTCH_RESPONSE
2025_13_KC_DAL,2025,REG,13,2025-11-27,DAL,KC,00-0033077,D.Prescott,15,4,14:51,-1,DAL 32,68.0,0,CONVERSION,CLUTCH_RESPONSE
2025_13_LA_CAR,2025,REG,13,2025-11-30,LA,CAR,00-0026498,M.Stafford,14,4,13:34,-3,LA 11,89.0,0,CONVERSION,CLUTCH_RESPONSE
2025_13_LA_CAR,2025,REG,13,2025-11-30,CAR,LA,00-0039150,B.Young,15,4,09:58,-4,CAR 35,65.0,0,CONVERSION,CLUTCH_RESPONSE
2025_14_CHI_GB,2025,REG,14,2025-12-07,GB,CHI,00-0036264,J.Love,16,4,08:00,0,GB 35,65.0,1,CONVERSION,CLUTCH_RESPONSE
2025_14_HOU_KC,2025,REG,14,2025-12-07,HOU,KC,00-0039163,C.Stroud,21,4,10:18,0,KC 31,31.0,0,CONVERSION,CLUTCH_RESPONSE
2025_14_NO_TB,2025,REG,14,2025-12-07,NO,TB,00-0040743,T.Shough,18,4,12:48,0,NO 47,53.0,0,CONVERSION,CLUTCH_RESPONSE
2025_14_PHI_LAC,2025,REG,14,2025-12-08,LAC,PHI,00-0036355,J.Herbert,20,4,11:03,-3,PHI 35,35.0,0,CONVERSION,CLUTCH_RESPONSE
2025_14_PHI_LAC,2025,REG,14,2025-12-08,PHI,LAC,00-0036389,J.Hurts,23,4,03:33,0,PHI 40,60.0,0,CONVERSION,CLUTCH_RESPONSE
2025_14_PHI_LAC,2025,REG,14,2025-12-08,LAC,PHI,00-0036355,J.Herbert,24,4,02:16,-3,LAC 28,72.0,0,CONVERSION,CLUTCH_RESPONSE
2025_14_PHI_LAC,2025,REG,14,2025-12-08,LAC,PHI,00-0036355,J.Herbert,26,5,10:00,0,LAC 30,70.0,1,CONVERSION,CLUTCH_RESPONSE
2025_15_ATL_TB,2025,REG,15,2025-12-11,ATL,TB,00-0029604,K.Cousins,20,4,01:49,-2,ATL 30,70.0,1,CONVERSION,CLUTCH_RESPONSE
2025_15_BUF_NE,2025,REG,15,2025-12-14,NE,BUF,00-0039851,D.Maye,15,4,10:03,-4,NE 35,65.0,0,CONVERSION,CLUTCH_RESPONSE
2025_15_BUF_NE,2025,REG,15,2025-12-14,BUF,NE,00-0034857,J.Allen,16,4,09:49,-3,BUF 35,65.0,0,CONVERSION,CLUTCH_RESPONSE
2025_15_CAR_NO,2025,REG,15,2025-12-14,NO,CAR,00-0040743,T.Shough,13,4,04:37,-7,NO 22,78.0,0,CONVERSION,CLUTCH_RESPONSE
2025_15_IND_SEA,2025,REG,15,2025-12-14,SEA,IND,00-0034869,S.Darnold,17,4,08:09,-1,SEA 6,94.0,0,CONVERSION,CLUTCH_RESPONSE
2025_15_IND_SEA,2025,REG,15,2025-12-14,IND,SEA,00-0022942,P.Rivers,18,4,02:27,-2,IND 32,68.0,0,CONVERSION,CLUTCH_RESPONSE
2025_15_IND_SEA,2025,REG,15,2025-12-14,SEA,IND,00-0034869,S.Darnold,19,4,00:47,-1,SEA 37,63.0,1,CONVERSION,CLUTCH_RESPONSE
2025_16_GB_CHI,2025,REG,16,2025-12-20,CHI,GB,00-0039918,C.Williams,15,4,01:59,-7,CHI 47,53.0,0,CONVERSION,CLUTCH_RESPONSE
2025_16_GB_CHI,2025,REG,16,2025-12-20,CHI,GB,00-0039918,C.Williams,18,5,06:10,0,CHI 36,64.0,1,CONVERSION,CLUTCH_RESPONSE
2025_16_LA_SEA,2025,REG,16,2025-12-18,SEA,LA,00-0034869,S.Darnold,19,4,07:02,-8,SEA 43,57.0,0,CONVERSION,CLUTCH_RESPONSE
2025_16_LA_SEA,2025,REG,16,2025-12-18,LA,SEA,00-0026498,M.Stafford,26,5,10:00,0,LA 20,80.0,1,CONVERSION,CLUTCH_RESPONSE
2025_16_LA_SEA,2025,REG,16,2025-12-18,SEA,LA,00-0034869,S.Darnold,27,5,06:27,-7,SEA 35,65.0,1,CONVERSION,CLUTCH_RESPONSE
2025_16_MIN_NYG,2025,REG,16,2025-12-21,MIN,NYG,00-0040494,M.Brosmer,14,4,11:06,0,MIN 31,69.0,0,CONVERSION,CLUTCH_RESPONSE
2025_16_NE_BAL,2025,REG,16,2025-12-21,NE,BAL,00-0039851,D.Maye,18,4,05:02,-3,NE 11,89.0,0,CONVERSION,CLUTCH_RESPONSE
2025_16_TB_CAR,2025,REG,16,2025-12-21,CAR,TB,00-0039150,B.Young,16,4,04:46,0,CAR 27,73.0,1,CONVERSION,CLUTCH_RESPONSE
2025_17_CHI_SF,2025,REG,17,2025-12-28,CHI,SF,00-0039918,C.Williams,17,4,11:23,0,CHI 11,89.0,0,CONVERSION,CLUTCH_RESPONSE
2025_17_CHI_SF,2025,REG,17,2025-12-28,SF,CHI,00-0037834,B.Purdy,18,4,05:22,-3,SF 25,75.0,1,CONVERSION,CLUTCH_RESPONSE
2025_17_DEN_KC,2025,REG,17,2025-12-25,KC,DEN,00-0037324,C.Oladokun,13,4,10:59,-3,DEN 45,45.0,0,CONVERSION,CLUTCH_RESPONSE
2025_17_DEN_KC,2025,REG,17,2025-12-25,DEN,KC,00-0039732,B.Nix,14,4,08:03,0,DEN 35,65.0,1,CONVERSION,CLUTCH_RESPONSE
2025_17_JAX_IND,2025,REG,17,2025-12-28,JAX,IND,00-0036971,T.Lawrence,18,4,07:54,0,IND 21,21.0,0,CONVERSION,CLUTCH_RESPONSE
2025_17_LA_ATL,2025,REG,17,2025-12-29,LA,ATL,00-0026498,M.Stafford,19,4,07:28,-7,LA 11,89.0,0,CONVERSION,CLUTCH_RESPONSE
2025_17_LA_ATL,2025,REG,17,2025-12-29,ATL,LA,00-0029604,K.Cousins,20,4,02:46,0,ATL 35,65.0,1,CONVERSION,CLUTCH_RESPONSE
2025_17_NO_TEN,2025,REG,17,2025-12-28,NO,TEN,00-0040743,T.Shough,18,4,08:45,-6,NO 20,80.0,0,CONVERSION,CLUTCH_RESPONSE
2025_17_PHI_BUF,2025,REG,17,2025-12-28,BUF,PHI,00-0034857,J.Allen,21,4,03:21,-7,BUF 17,83.0,1,CONVERSION,CLUTCH_RESPONSE
2025_18_BAL_PIT,2025,REG,18,2026-01-04,BAL,PIT,00-0034796,L.Jackson,16,4,10:52,-3,BAL 29,71.0,0,CONVERSION,CLUTCH_RESPONSE
2025_18_BAL_PIT,2025,REG,18,2026-01-04,PIT,BAL,00-0023459,A.Rodgers,17,4,08:42,-4,PIT 40,60.0,0,CONVERSION,CLUTCH_RESPONSE
2025_18_BAL_PIT,2025,REG,18,2026-01-04,BAL,PIT,00-0034796,L.Jackson,18,4,03:49,-3,BAL 27,73.0,0,CONVERSION,CLUTCH_RESPONSE
2025_18_BAL_PIT,2025,REG,18,2026-01-04,PIT,BAL,00-0023459,A.Rodgers,19,4,02:20,-4,PIT 35,65.0,1,CONVERSION,CLUTCH_RESPONSE
2025_18_BAL_PIT,2025,REG,18,2026-01-04,BAL,PIT,00-0034796,L.Jackson,20,4,00:55,-2,BAL 47,53.0,1,CONVERSION,CLUTCH_RESPONSE
2025_18_CLE_CIN,2025,REG,18,2026-01-04,CIN,CLE,00-0036442,J.Burrow,18,4,02:41,-5,CIN 39,61.0,1,CONVERSION,CLUTCH_RESPONSE
2025_18_CLE_CIN,2025,REG,18,2026-01-04,CLE,CIN,00-0040668,S.Sanders,19,4,01:29,-1,CLE 29,71.0,1,CONVERSION,CLUTCH_RESPONSE
2025_18_DET_CHI,2025,REG,18,2026-01-04,CHI,DET,00-0039918,C.Williams,14,4,11:21,-8,CHI 12,88.0,0,CONVERSION,CLUTCH_RESPONSE
2025_18_DET_CHI,2025,REG,18,2026-01-04,DET,CHI,00-0033106,J.Goff,17,4,01:41,0,DET 37,63.0,1,CONVERSION,CLUTCH_RESPONSE
2025_18_IND_HOU,2025,REG,18,2026-01-04,HOU,IND,00-0036898,D.Mills,19,4,12:28,-1,IND 33,33.0,0,CONVERSION,CLUTCH_RESPONSE
2025_18_IND_HOU,2025,REG,18,2026-01-04,IND,HOU,00-0040206,R.Leonard,20,4,11:15,-2,IND 35,65.0,0,CONVERSION,CLUTCH_RESPONSE
2025_18_IND_HOU,2025,REG,18,2026-01-04,HOU,IND,00-0036898,D.Mills,21,4,02:39,-1,HOU 35,65.0,1,CONVERSION,CLUTCH_RESPONSE
2025_18_KC_LV,2025,REG,18,2026-01-04,KC,LV,00-0036679,S.Buechele,26,4,02:23,-2,KC 26,74.0,0,CONVERSION,CLUTCH_RESPONSE
2025_18_KC_LV,2025,REG,18,2026-01-04,LV,KC,00-0038579,A.O'Connell,27,4,01:01,-1,LV 32,68.0,1,CONVERSION,CLUTCH_RESPONSE
2025_18_WAS_PHI,2025,REG,18,2026-01-04,WAS,PHI,00-0026300,J.Johnson,17,4,08:37,0,WAS 23,77.0,0,CONVERSION,CLUTCH_RESPONSE
2025_19_BUF_JAX,2025,POST,19,2026-01-11,BUF,JAX,00-0034857,J.Allen,15,4,12:55,-4,BUF 35,65.0,0,CONVERSION,CLUTCH_RESPONSE
2025_19_BUF_JAX,2025,POST,19,2026-01-11,JAX,BUF,00-0036971,T.Lawrence,16,4,08:56,-3,JAX 23,77.0,0,CONVERSION,CLUTCH_RESPONSE
2025_19_BUF_JAX,2025,POST,19,2026-01-11,BUF,JAX,00-0034857,J.Allen,17,4,04:03,-4,BUF 34,66.0,1,CONVERSION,CLUTCH_RESPONSE
2025_19_GB_CHI,2025,POST,19,2026-01-10,CHI,GB,00-0039918,C.Williams,20,4,02:51,-3,CHI 34,66.0,1,CONVERSION,CLUTCH_RESPONSE
2025_19_LA_CAR,2025,POST,19,2026-01-10,LA,CAR,00-0026498,M.Stafford,21,4,14:34,-4,LA 33,67.0,0,CONVERSION,CLUTCH_RESPONSE
2025_19_LA_CAR,2025,POST,19,2026-01-10,CAR,LA,00-0039150,B.Young,24,4,04:12,-3,LA 30,30.0,0,CONVERSION,CLUTCH_RESPONSE
2025_19_LA_CAR,2025,POST,19,2026-01-10,LA,CAR,00-0026498,M.Stafford,25,4,02:39,-4,LA 29,71.0,1,CONVERSION,CLUTCH_RESPONSE
2025_19_SF_PHI,2025,POST,19,2026-01-11,PHI,SF,00-0036389,J.Hurts,18,4,11:55,-1,PHI 38,62.0,0,CONVERSION,CLUTCH_RESPONSE
2025_19_SF_PHI,2025,POST,19,2026-01-11,SF,PHI,00-0037834,B.Purdy,19,4,08:00,-2,SF 34,66.0,1,CONVERSION,CLUTCH_RESPONSE
2025_20_BUF_DEN,2025,POST,20,2026-01-17,DEN,BUF,00-0039732,B.Nix,19,4,04:11,-4,DEN 27,73.0,0,CONVERSION,CLUTCH_RESPONSE
2025_20_BUF_DEN,2025,POST,20,2026-01-17,BUF,DEN,00-0034857,J.Allen,20,4,00:55,-3,BUF 27,73.0,0,CONVERSION,CLUTCH_RESPONSE
2025_20_BUF_DEN,2025,POST,20,2026-01-17,DEN,BUF,00-0039732,B.Nix,24,5,07:46,0,DEN 20,80.0,1,CONVERSION,CLUTCH_RESPONSE
2025_20_LA_CHI,2025,POST,20,2026-01-18,LA,CHI,00-0026498,M.Stafford,17,4,14:52,0,LA 9,91.0,0,CONVERSION,CLUTCH_RESPONSE
2025_20_LA_CHI,2025,POST,20,2026-01-18,CHI,LA,00-0039918,C.Williams,20,4,01:50,-7,50,50.0,0,CONVERSION,CLUTCH_RESPONSE
2025_20_LA_CHI,2025,POST,20,2026-01-18,LA,CHI,00-0026498,M.Stafford,24,5,06:39,0,LA 22,78.0,1,CONVERSION,CLUTCH_RESPONSE
2025_21_NE_DEN,2025,POST,21,2026-01-25,DEN,NE,00-0035264,J.Stidham,22,4,06:55,-3,NE 33,33.0,0,CONVERSION,CLUTCH_RESPONSE
2026_01_BUF_HOU,2026,REG,1,2026-09-13,BUF,HOU,00-0034857,J.Allen,17,4,13:34,-1,BUF 34,66.0,0,CONVERSION,CLUTCH_RESPONSE
2026_01_BUF_HOU,2026,REG,1,2026-09-13,HOU,BUF,00-0039163,C.Stroud,18,4,10:31,-2,HOU 35,65.0,0,CONVERSION,CLUTCH_RESPONSE
2026_01_BUF_HOU,2026,REG,1,2026-09-13,BUF,HOU,00-0034857,J.Allen,21,4,03:13,-1,BUF 4,96.0,1,CONVERSION,CLUTCH_RESPONSE
2026_01_GB_MIN,2026,REG,1,2026-09-13,MIN,GB,00-0032950,C.Wentz,19,4,13:11,-5,MIN 17,83.0,0,CONVERSION,CLUTCH_RESPONSE
2026_01_NE_SEA,2026,REG,1,2026-09-09,SEA,NE,00-0035704,D.Lock,15,4,14:12,-7,SEA 33,67.0,0,CONVERSION,CLUTCH_RESPONSE
2026_01_NE_SEA,2026,REG,1,2026-09-09,SEA,NE,00-0035704,D.Lock,17,4,09:20,0,NE 47,47.0,1,CONVERSION,CLUTCH_RESPONSE
2026_01_NO_DET,2026,REG,1,2026-09-13,NO,DET,00-0040743,T.Shough,24,4,02:32,-7,NO 25,75.0,0,CONVERSION,CLUTCH_RESPONSE
2026_01_NO_DET,2026,REG,1,2026-09-13,DET,NO,00-0033106,J.Goff,27,5,10:00,0,DET 30,70.0,1,CONVERSION,CLUTCH_RESPONSE
2026_01_NO_DET,2026,REG,1,2026-09-13,NO,DET,00-0040743,T.Shough,28,5,05:04,-7,NO 20,80.0,1,CONVERSION,CLUTCH_RESPONSE
2026_02_CLE_TB,2026,REG,2,2026-09-20,TB,CLE,00-0034855,B.Mayfield,20,4,12:51,0,TB 16,84.0,0,CONVERSION,CLUTCH_RESPONSE
2026_02_CLE_TB,2026,REG,2,2026-09-20,CLE,TB,00-0033537,D.Watson,21,4,09:58,-3,CLE 32,68.0,1,CONVERSION,CLUTCH_RESPONSE
2026_02_GB_NYJ,2026,REG,2,2026-09-20,GB,NYJ,00-0036264,J.Love,20,4,04:32,-3,NYJ 19,19.0,0,CONVERSION,CLUTCH_RESPONSE
2026_02_GB_NYJ,2026,REG,2,2026-09-20,GB,NYJ,00-0036264,J.Love,24,5,07:29,0,GB 34,66.0,1,CONVERSION,CLUTCH_RESPONSE
2026_02_IND_KC,2026,REG,2,2026-09-20,IND,KC,00-0035710,D.Jones,15,4,14:15,-7,IND 36,64.0,0,CONVERSION,CLUTCH_RESPONSE
2026_02_IND_KC,2026,REG,2,2026-09-20,KC,IND,00-0033873,P.Mahomes,19,5,10:00,0,KC 32,68.0,0,CONVERSION,CLUTCH_RESPONSE
2026_02_IND_KC,2026,REG,2,2026-09-20,IND,KC,00-0035710,D.Jones,20,5,05:09,-3,IND 35,65.0,1,CONVERSION,CLUTCH_RESPONSE
2026_02_IND_KC,2026,REG,2,2026-09-20,KC,IND,00-0033873,P.Mahomes,21,5,03:11,0,KC 32,68.0,1,CONVERSION,CLUTCH_RESPONSE
2026_02_JAX_DEN,2026,REG,2,2026-09-20,DEN,JAX,00-0039732,B.Nix,16,4,09:42,0,DEN 44,56.0,0,CONVERSION,CLUTCH_RESPONSE
2026_02_NO_BAL,2026,REG,2,2026-09-20,NO,BAL,00-0040743,T.Shough,15,4,08:06,0,NO 32,68.0,1,CONVERSION,CLUTCH_RESPONSE
2026_02_PHI_TEN,2026,REG,2,2026-09-20,TEN,PHI,00-0040676,C.Ward,15,4,06:00,0,TEN 17,83.0,1,CONVERSION,CLUTCH_RESPONSE
2026_02_PHI_TEN,2026,REG,2,2026-09-20,PHI,TEN,00-0036389,J.Hurts,16,4,01:56,-3,PHI 35,65.0,1,CONVERSION,CLUTCH_RESPONSE
2026_03_BAL_DAL,2026,REG,3,2026-09-27,DAL,BAL,00-0033077,D.Prescott,18,4,13:03,-3,DAL 4,96.0,0,CONVERSION,CLUTCH_RESPONSE
2026_03_BAL_DAL,2026,REG,3,2026-09-27,BAL,DAL,00-0034796,L.Jackson,21,4,05:45,-4,BAL 36,64.0,0,CONVERSION,CLUTCH_RESPONSE
2026_03_BAL_DAL,2026,REG,3,2026-09-27,DAL,BAL,00-0033077,D.Prescott,22,4,01:30,-3,DAL 35,65.0,1,CONVERSION,CLUTCH_RESPONSE
2026_03_BAL_DAL,2026,REG,3,2026-09-27,BAL,DAL,00-0034796,L.Jackson,23,4,00:07,0,BAL 35,65.0,1,CONVERSION,CLUTCH_RESPONSE
2026_03_CAR_CLE,2026,REG,3,2026-09-27,CLE,CAR,00-0033537,D.Watson,19,4,11:41,-2,CLE 29,71.0,0,CONVERSION,CLUTCH_RESPONSE
2026_03_CAR_CLE,2026,REG,3,2026-09-27,CAR,CLE,00-0039150,B.Young,20,4,07:30,-1,CAR 28,72.0,0,CONVERSION,CLUTCH_RESPONSE
2026_03_CIN_PIT,2026,REG,3,2026-09-27,PIT,CIN,00-0023459,A.Rodgers,14,4,10:52,-3,CIN 14,14.0,0,CONVERSION,CLUTCH_RESPONSE
2026_03_CIN_PIT,2026,REG,3,2026-09-27,PIT,CIN,00-0023459,A.Rodgers,16,4,07:39,0,PIT 8,92.0,1,CONVERSION,CLUTCH_RESPONSE
2026_03_HOU_IND,2026,REG,3,2026-09-27,HOU,IND,00-0039163,C.Stroud,18,4,04:40,-6,HOU 46,54.0,0,CONVERSION,CLUTCH_RESPONSE
2026_03_HOU_IND,2026,REG,3,2026-09-27,IND,HOU,00-0035710,D.Jones,19,4,01:48,-1,IND 35,65.0,1,CONVERSION,CLUTCH_RESPONSE
2026_03_LAC_BUF,2026,REG,3,2026-09-27,BUF,LAC,00-0034857,J.Allen,18,4,13:25,-3,BUF 42,58.0,0,CONVERSION,CLUTCH_RESPONSE
2026_03_LA_DEN,2026,REG,3,2026-09-27,LA,DEN,00-0026498,M.Stafford,17,4,12:58,0,DEN 37,37.0,0,CONVERSION,CLUTCH_RESPONSE
2026_03_LA_DEN,2026,REG,3,2026-09-27,LA,DEN,00-0026498,M.Stafford,20,4,04:49,-4,LA 23,77.0,0,CONVERSION,CLUTCH_RESPONSE
2026_03_LA_DEN,2026,REG,3,2026-09-27,DEN,LA,00-0039732,B.Nix,21,4,03:38,-3,DEN 35,65.0,1,CONVERSION,CLUTCH_RESPONSE
2026_03_LV_NO,2026,REG,3,2026-09-27,LV,NO,00-0029604,K.Cousins,16,4,12:55,-5,LV 45,55.0,0,CONVERSION,CLUTCH_RESPONSE
2026_03_NYJ_DET,2026,REG,3,2026-09-27,NYJ,DET,00-0030565,G.Smith,15,4,08:32,-8,NYJ 46,54.0,0,CONVERSION,CLUTCH_RESPONSE
2026_03_NYJ_DET,2026,REG,3,2026-09-27,DET,NYJ,00-0033106,J.Goff,16,4,04:06,0,DET 35,65.0,1,CONVERSION,CLUTCH_RESPONSE
2026_03_SEA_WAS,2026,REG,3,2026-09-27,WAS,SEA,00-0032268,M.Mariota,23,4,11:53,0,WAS 40,60.0,0,CONVERSION,CLUTCH_RESPONSE
